partida_id,temporada,serie,rodada,clube,clube_slug,atleta,atleta_slug,num_camisa,minuto_nominal,acrescimo,minuto_continuo,periodo,tipo_de_gol
43,2022,B,0,Guarani,guarani,Bruno Jose de Souza,bruno_jose_de_souza,17,20,0,20,1T,Normal
43,2022,B,0,Náutico,nautico,Amarildo Aparecido de Souza Junior,amarildo_aparecido_de_souza_junior,19,90,4,94,2T,Normal
61,2022,B,0,Novorizontino,novorizontino,Ronaldo Henrique Silva,ronaldo_henrique_silva,19,33,0,78,2T,Penalty
146,2022,B,0,Operário,operario,Willian Estefani Machado,willian_estefani_machado,4,33,0,33,1T,Normal
146,2022,B,0,Operário,operario,Jose Brandao Goncalves Junior,jose_brandao_goncalves_junior,19,45,2,47,1T,Normal
146,2022,B,0,Chapecoense,chapecoense,Chrystian Amaral Barletta de Almeida,chrystian_amaral_barletta_de_almeida,7,16,0,61,2T,Normal
244,2022,B,0,Criciúma,criciuma,Hygor Cleber Garcia Silva,hygor_cleber_garcia_silva,11,45,1,46,1T,Normal
244,2022,B,0,Criciúma,criciuma,Jose Marcos Alves Luis,jose_marcos_alves_luis,4,42,0,87,2T,Normal
2,2022,B,1,Csa,csa,Cicero dos Santos,cicero_dos_santos,19,22,0,67,2T,Normal
2,2022,B,1,Criciúma,criciuma,Marcelo Hermes,marcelo_hermes,6,30,0,75,2T,Normal
3,2022,B,1,Sport,sport,Ray Andres Vanegas Zuniga,ray_andres_vanegas_zuniga,11,43,0,88,2T,Normal
4,2022,B,1,Brusque,brusque,Alex Sandro de Oliveira,alex_sandro_de_oliveira,9,34,0,79,2T,Normal
5,2022,B,1,Crb,crb,Fabio Augusto Luciano da Silva,fabio_augusto_luciano_da_silva,11,11,0,11,1T,Normal
5,2022,B,1,Novorizontino,novorizontino,Daniel de Oliveira Sertanejo,daniel_de_oliveira_sertanejo,10,36,0,36,1T,Normal
5,2022,B,1,Crb,crb,Iago Pereira Mendonça,iago_pereira_mendonca,4,20,0,65,2T,Gol Contra
5,2022,B,1,Novorizontino,novorizontino,Douglas Baggio de Oliveira Costa,douglas_baggio_de_oliveira_costa,20,90,1,91,2T,Normal
6,2022,B,1,Londrina,londrina,Jhonny Lucas Flora Barboza,jhonny_lucas_flora_barboza,8,34,0,34,1T,Normal
6,2022,B,1,Londrina,londrina,Gabriel dos Santos Francisco,gabriel_dos_santos_francisco,9,39,0,39,1T,Normal
7,2022,B,1,Vasco da Gama,vasco_da_gama,Raniel Santana de Vasconcelos,raniel_santana_de_vasconcelos,9,9,0,9,1T,Normal
7,2022,B,1,Vila Nova,vila_nova,Arthur Rodrigues Rezende,arthur_rodrigues_rezende,8,11,0,11,1T,Normal
8,2022,B,1,Bahia,bahia,Francisco Vitor Silva Costa,francisco_vitor_silva_costa,29,12,0,57,2T,Normal
8,2022,B,1,Bahia,bahia,Francisco Vitor Silva Costa,francisco_vitor_silva_costa,29,29,0,74,2T,Normal
9,2022,B,1,Tombense,tombense,Jociel Ferreira da Silva,jociel_ferreira_da_silva,99,12,0,57,2T,Penalty
9,2022,B,1,Operário,operario,Felipe Saraiva de Souza Silva,felipe_saraiva_de_souza_silva,17,41,0,86,2T,Normal
10,2022,B,1,Ituano,ituano,Aylon Darwin Tavella,aylon_darwin_tavella,10,31,0,76,2T,Normal
10,2022,B,1,Chapecoense,chapecoense,Derek Freitas Ribeiro,derek_freitas_ribeiro,20,44,0,89,2T,Normal
12,2022,B,2,Crb,crb,Richard Alexandre Birkheun Rodrigues,richard_alexandre_birkheun_rodrigues,7,10,0,10,1T,Normal
12,2022,B,2,Vasco da Gama,vasco_da_gama,Raniel Santana de Vasconcelos,raniel_santana_de_vasconcelos,9,39,0,39,1T,Normal
13,2022,B,2,Bahia,bahia,Douglas do Espirito Santo Torres,douglas_do_espirito_santo_torres,2,12,0,12,1T,Normal
14,2022,B,2,Criciúma,criciuma,Marcos Gabriel do Nascimento,marcos_gabriel_do_nascimento,10,15,0,15,1T,Normal
16,2022,B,2,Ponte Preta,ponte_preta,Bernardo de Paulo Silva,bernardo_de_paulo_silva,13,25,0,25,1T,Gol Contra
16,2022,B,2,Operário,operario,Thales Natanael Lira de Matos,thales_natanael_lira_de_matos,3,21,0,66,2T,Normal
17,2022,B,2,Chapecoense,chapecoense,Matheus Henrique Bianqui,matheus_henrique_bianqui,18,29,0,74,2T,Normal
18,2022,B,2,Sampaio Corrêa,sampaio_correa,Mateus da Silva Duarte,mateus_da_silva_duarte,2,17,0,17,1T,Normal
18,2022,B,2,Tombense,tombense,Everton Galdino Moreira,everton_galdino_moreira,11,38,0,38,1T,Normal
19,2022,B,2,Cruzeiro Saf,cruzeiro_saf,Eduardo Nascimento da Silva Junior,eduardo_nascimento_da_silva_junior,99,37,0,82,2T,Normal
21,2022,B,3,Ponte Preta,ponte_preta,Lucca Borges de Brito,lucca_borges_de_brito,10,23,0,23,1T,Normal
22,2022,B,3,Bahia,bahia,Luiz Otavio da Silva Santos,luiz_otavio_da_silva_santos,3,15,0,15,1T,Normal
22,2022,B,3,CSA,csa,Dalberto Luan Belo,dalberto_luan_belo,28,44,0,44,1T,Normal
23,2022,B,3,Náutico,nautico,Nilton Soares Rodrigues,nilton_soares_rodrigues,7,33,0,33,1T,Normal
23,2022,B,3,Náutico,nautico,Luis Phelipe de Souza Figueiredo,luis_phelipe_de_souza_figueiredo,17,33,0,78,2T,Normal
24,2022,B,3,Criciúma,criciuma,Marcelo Hermes,marcelo_hermes,6,13,0,13,1T,Normal
24,2022,B,3,Sport,sport,Luciano Batista da Silva Junior,luciano_batista_da_silva_junior,46,7,0,52,2T,Normal
25,2022,B,3,Ituano,ituano,Rafael Elias da Silva,rafael_elias_da_silva,9,34,0,34,1T,Penalty
25,2022,B,3,Ituano,ituano,Rafael Elias da Silva,rafael_elias_da_silva,9,42,0,42,1T,Normal
25,2022,B,3,Ituano,ituano,Aylon Darwin Tavella,aylon_darwin_tavella,10,3,0,48,2T,Normal
25,2022,B,3,Vila Nova,vila_nova,Daniel Amorim Dias da Silva,daniel_amorim_dias_da_silva,9,20,0,65,2T,Normal
26,2022,B,3,Novorizontino,novorizontino,Jhony Douglas Santiago,jhony_douglas_santiago,5,14,0,14,1T,Normal
26,2022,B,3,Londrina,londrina,Augusto de Souza Silva,augusto_de_souza_silva,20,30,0,30,1T,Normal
27,2022,B,3,Grêmio,gremio,Diego de Souza Andrade,diego_de_souza_andrade,29,1,0,1,1T,Normal
27,2022,B,3,Guarani,guarani,Matheus Pereira de Souza,matheus_pereira_de_souza,16,25,0,25,1T,Normal
27,2022,B,3,Grêmio,gremio,Diego de Souza Andrade,diego_de_souza_andrade,29,40,0,40,1T,Normal
27,2022,B,3,Grêmio,gremio,Diego de Souza Andrade,diego_de_souza_andrade,29,14,0,59,2T,Normal
28,2022,B,3,Sampaio Corrêa,sampaio_correa,Eronildo dos Santos Rocha,eronildo_dos_santos_rocha,9,16,0,16,1T,Penalty
28,2022,B,3,Sampaio Corrêa,sampaio_correa,André Luiz Guimarães Siqueira Junior,andre_luiz_guimaraes_siqueira_junior,5,11,0,56,2T,Normal
28,2022,B,3,Sampaio Corrêa,sampaio_correa,Rafael Oliveira Silva,rafael_oliveira_silva,10,27,0,72,2T,Normal
28,2022,B,3,Brusque,brusque,Fernando Jose Marques Maciel,fernando_jose_marques_maciel,11,90,1,91,2T,Normal
29,2022,B,3,Tombense,tombense,Jociel Ferreira da Silva,jociel_ferreira_da_silva,99,12,0,57,2T,Penalty
29,2022,B,3,Cruzeiro Saf,cruzeiro_saf,Eduardo Schroeder Brock,eduardo_schroeder_brock,14,43,0,88,2T,Penalty
31,2022,B,4,Guarani,guarani,Diogo Mateus de Almeida Rodrigues Maciel,diogo_mateus_de_almeida_rodrigues_maciel,13,26,0,71,2T,Normal
32,2022,B,4,Crb,crb,Richard Alexandre Birkheun Rodrigues,richard_alexandre_birkheun_rodrigues,11,12,0,57,2T,Normal
32,2022,B,4,Náutico,nautico,Pedro Vitor Ferreira da Silva,pedro_vitor_ferreira_da_silva,20,33,0,78,2T,Penalty
32,2022,B,4,Náutico,nautico,Ailton Ferreira Silva,ailton_ferreira_silva,6,43,0,88,2T,Normal
33,2022,B,4,Sport,sport,Fabricio Rodrigues da Silva Ferreira,fabricio_rodrigues_da_silva_ferreira,98,35,0,80,2T,Normal
34,2022,B,4,Brusque,brusque,Diego Jardel Koester,diego_jardel_koester,10,6,0,51,2T,Normal
34,2022,B,4,Brusque,brusque,Bruno Henrique Fortunato Aguiar,bruno_henrique_fortunato_aguiar,3,38,0,83,2T,Normal
35,2022,B,4,Chapecoense,chapecoense,Pedro Henrique Perotti,pedro_henrique_perotti,9,13,0,13,1T,Normal
35,2022,B,4,Chapecoense,chapecoense,Matheus Henrique Bianqui,matheus_henrique_bianqui,16,45,5,50,1T,Normal
35,2022,B,4,Chapecoense,chapecoense,Matheus Henrique Bianqui,matheus_henrique_bianqui,16,17,0,62,2T,Normal
36,2022,B,4,Grêmio,gremio,Elias Manoel Alves de Paula,elias_manoel_alves_de_paula,18,8,0,53,2T,Normal
37,2022,B,4,Vasco da Gama,vasco_da_gama,Raniel Santana de Vasconcelos,raniel_santana_de_vasconcelos,9,30,0,30,1T,Normal
38,2022,B,4,Bahia,bahia,Daniel Sampaio Simoes,daniel_sampaio_simoes,10,45,1,46,1T,Normal
39,2022,B,4,Cruzeiro Saf,cruzeiro_saf,Luvanor Henrique de Sousa Silva,luvanor_henrique_de_sousa_silva,90,21,0,66,2T,Normal
40,2022,B,4,Vila Nova,vila_nova,Arthur Rodrigues Rezende,arthur_rodrigues_rezende,8,13,0,13,1T,Penalty
40,2022,B,4,Tombense,tombense,Jean Lucas Figueiredo,jean_lucas_figueiredo,18,37,0,82,2T,Penalty
41,2022,B,5,Ponte Preta,ponte_preta,Norberto Pereira Marinho Neto,norberto_pereira_marinho_neto,2,15,0,15,1T,Normal
41,2022,B,5,Ponte Preta,ponte_preta,Lucca Borges de Brito,lucca_borges_de_brito,10,21,0,66,2T,Normal
42,2022,B,5,Csa,csa,Joao Paulo Ferreira Lourenco,joao_paulo_ferreira_lourenco,20,42,0,87,2T,Normal
44,2022,B,5,Criciúma,criciuma,Jose Marcos Alves Luis,jose_marcos_alves_luis,4,5,0,50,2T,Normal
44,2022,B,5,Novorizontino,novorizontino,Lucas Costa da Silva,lucas_costa_da_silva,11,29,0,74,2T,Normal
45,2022,B,5,Ituano,ituano,Bernardo Schappo,bernardo_schappo,4,24,0,24,1T,Normal
46,2022,B,5,Londrina,londrina,Gabriel dos Santos Francisco,gabriel_dos_santos_francisco,9,2,0,2,1T,Normal
46,2022,B,5,Vila Nova,vila_nova,Pablo Dyego da Silva Rosa,pablo_dyego_da_silva_rosa,9,14,0,59,2T,Normal
46,2022,B,5,Vila Nova,vila_nova,Arthur Rodrigues Rezende,arthur_rodrigues_rezende,8,24,0,69,2T,Penalty
46,2022,B,5,Londrina,londrina,Joao Paulo da Silva,joao_paulo_da_silva,5,90,3,93,2T,Normal
47,2022,B,5,Grêmio,gremio,Elias Manoel Alves de Paula,elias_manoel_alves_de_paula,18,14,0,14,1T,Normal
47,2022,B,5,Grêmio,gremio,Joao Paulo de Souza Mares,joao_paulo_de_souza_mares,39,40,0,40,1T,Normal
48,2022,B,5,Operário,operario,Paulo Sergio Luiz de Souza,paulo_sergio_luiz_de_souza,9,35,0,35,1T,Penalty
48,2022,B,5,Sampaio Corrêa,sampaio_correa,Rafael Oliveira Silva,rafael_oliveira_silva,10,10,0,55,2T,Normal
49,2022,B,5,Tombense,tombense,Igor Henrique Martins Machado,igor_henrique_martins_machado,11,5,0,5,1T,Normal
49,2022,B,5,Tombense,tombense,Roger de Carvalho,roger_de_carvalho,4,10,0,55,2T,Gol Contra
50,2022,B,5,Cruzeiro Saf,cruzeiro_saf,Geovane de Jesus Rocha,geovane_de_jesus_rocha,42,37,0,82,2T,Normal
50,2022,B,5,Cruzeiro Saf,cruzeiro_saf,Eduardo Nascimento da Silva Junior,eduardo_nascimento_da_silva_junior,99,44,0,89,2T,Normal
52,2022,B,6,Crb,crb,Anselmo Ramon Alves Herculano,anselmo_ramon_alves_herculano,9,18,0,18,1T,Normal
52,2022,B,6,Crb,crb,Fabio Augusto Luciano da Silva,fabio_augusto_luciano_da_silva,11,30,0,30,1T,Normal
52,2022,B,6,Sampaio Corrêa,sampaio_correa,Gabriel Buscariol Poveda,gabriel_buscariol_poveda,19,40,0,85,2T,Penalty
53,2022,B,6,Sport,sport,Javier Andres Parraguez Herrera,javier_andres_parraguez_herrera,9,12,0,57,2T,Normal
53,2022,B,6,Sport,sport,Luciano Batista da Silva Junior,luciano_batista_da_silva_junior,46,29,0,74,2T,Normal
55,2022,B,6,Novorizontino,novorizontino,Douglas Baggio de Oliveira Costa,douglas_baggio_de_oliveira_costa,7,16,0,16,1T,Normal
55,2022,B,6,Ituano,ituano,Lucas Santos Siqueira,lucas_santos_siqueira,8,39,0,39,1T,Normal
55,2022,B,6,Novorizontino,novorizontino,Welliton Soares Morais,welliton_soares_morais,19,19,0,64,2T,Normal
56,2022,B,6,Operário,operario,Javier Arley Reina Calvo,javier_arley_reina_calvo,10,7,0,7,1T,Normal
56,2022,B,6,Operário,operario,Paulo Sergio Luiz de Souza,paulo_sergio_luiz_de_souza,9,39,0,39,1T,Falta
57,2022,B,6,Vasco da Gama,vasco_da_gama,Gabriel Fortes Chaves,gabriel_fortes_chaves,11,28,0,73,2T,Normal
58,2022,B,6,Bahia,bahia,Rildo Goncalves de Amorim Filho,rildo_goncalves_de_amorim_filho,37,5,0,5,1T,Normal
58,2022,B,6,Bahia,bahia,Rildo Goncalves de Amorim Filho,rildo_goncalves_de_amorim_filho,37,11,0,11,1T,Normal
58,2022,B,6,Bahia,bahia,Daniel Sampaio Simoes,daniel_sampaio_simoes,10,35,0,35,1T,Normal
58,2022,B,6,Bahia,bahia,Marco Antonio Rosa Furtado Junior,marco_antonio_rosa_furtado_junior,7,15,0,60,2T,Normal
59,2022,B,6,Grêmio,gremio,Rodrigo Ferreira da Silva,rodrigo_ferreira_da_silva,15,27,0,27,1T,Gol Contra
60,2022,B,6,Vila Nova,vila_nova,Daniel Amorim Dias da Silva,daniel_amorim_dias_da_silva,9,22,0,22,1T,Normal
60,2022,B,6,Vila Nova,vila_nova,Pablo Dyego da Silva Rosa,pablo_dyego_da_silva_rosa,11,27,0,27,1T,Normal
63,2022,B,7,Cruzeiro Saf,cruzeiro_saf,Willian Osmar de Oliveira Silva,willian_osmar_de_oliveira_silva,29,38,0,38,1T,Normal
64,2022,B,7,Criciúma,criciuma,Luiz Carlos Marques Lima,luiz_carlos_marques_lima,10,19,0,19,1T,Normal
64,2022,B,7,Criciúma,criciuma,Romulo da Silva Machado,romulo_da_silva_machado,16,12,0,57,2T,Normal
64,2022,B,7,Criciúma,criciuma,Hygor Cleber Garcia Silva,hygor_cleber_garcia_silva,18,31,0,76,2T,Normal
65,2022,B,7,Grêmio,gremio,Diego de Souza Andrade,diego_de_souza_andrade,29,3,0,48,2T,Normal
65,2022,B,7,Ituano,ituano,Lucas Nathan Veloso,lucas_nathan_veloso,19,90,2,92,2T,Normal
66,2022,B,7,Londrina,londrina,Douglas Coutinho Gomes de Souza,douglas_coutinho_gomes_de_souza,17,31,0,31,1T,Normal
66,2022,B,7,Brusque,brusque,Diego Jardel Koester,diego_jardel_koester,10,22,0,67,2T,Penalty
66,2022,B,7,Londrina,londrina,Mauricio Caprini Pinto,mauricio_caprini_pinto,11,29,0,74,2T,Normal
67,2022,B,7,Vasco da Gama,vasco_da_gama,Lucas Figueiredo dos Santos,lucas_figueiredo_dos_santos,15,21,0,21,1T,Normal
68,2022,B,7,Sampaio Corrêa,sampaio_correa,Gabriel Buscariol Poveda,gabriel_buscariol_poveda,9,34,0,34,1T,Normal
68,2022,B,7,Sampaio Corrêa,sampaio_correa,Anderson Wanderllan de Moraes Rodrigues,anderson_wanderllan_de_moraes_rodrigues,11,39,0,84,2T,Normal
69,2022,B,7,Guarani,guarani,Madison Araujo Costa,madison_araujo_costa,98,1,0,1,1T,Normal
69,2022,B,7,Tombense,tombense,Paulo de Souza Junior,paulo_de_souza_junior,7,33,0,33,1T,Penalty
70,2022,B,7,Sport,sport,Luciano Batista da Silva Junior,luciano_batista_da_silva_junior,46,12,0,12,1T,Falta
72,2022,B,8,Crb,crb,Anselmo Ramon Alves Herculano,anselmo_ramon_alves_herculano,9,26,0,26,1T,Normal
73,2022,B,8,Csa,csa,Geovane Silva Santos,geovane_silva_santos,15,24,0,24,1T,Normal
73,2022,B,8,Náutico,nautico,Victor Ferraz Macedo,victor_ferraz_macedo,20,40,0,85,2T,Normal
74,2022,B,8,Brusque,brusque,Alvaro Rodrigues Vieira Junior,alvaro_rodrigues_vieira_junior,7,25,0,70,2T,Normal
76,2022,B,8,Ituano,ituano,Kaio Silva Mendes,kaio_silva_mendes,7,18,0,18,1T,Normal
76,2022,B,8,Ituano,ituano,Jorge Andres Roa Jimenez,jorge_andres_roa_jimenez,5,4,0,49,2T,Normal
76,2022,B,8,Operário,operario,Paulo Sergio Luiz de Souza,paulo_sergio_luiz_de_souza,9,35,0,80,2T,Penalty
76,2022,B,8,Operário,operario,Jose Brandao Goncalves Junior,jose_brandao_goncalves_junior,19,38,0,83,2T,Normal
76,2022,B,8,Operário,operario,Giovanni Fernando Cofreste Pavani,giovanni_fernando_cofreste_pavani,21,41,0,86,2T,Normal
78,2022,B,8,Bahia,bahia,Matheus Alvarenga de Oliveira,matheus_alvarenga_de_oliveira,88,15,0,15,1T,Normal
78,2022,B,8,Ponte Preta,ponte_preta,Jefferson Gabriel Nascimento Brito,jefferson_gabriel_nascimento_brito,20,31,0,76,2T,Normal
78,2022,B,8,Bahia,bahia,Matheus Alvarenga de Oliveira,matheus_alvarenga_de_oliveira,88,38,0,83,2T,Normal
79,2022,B,8,Cruzeiro Saf,cruzeiro_saf,Rafael da Silva,rafael_da_silva,17,2,0,47,2T,Normal
79,2022,B,8,Cruzeiro Saf,cruzeiro_saf,Eduardo Nascimento da Silva Junior,eduardo_nascimento_da_silva_junior,99,31,0,76,2T,Normal
82,2022,B,9,Csa,csa,Lucas Alexandre Marques Otaviano,lucas_alexandre_marques_otaviano,2,28,0,28,1T,Falta
82,2022,B,9,Csa,csa,Rodrigo Rodrigues Silva,rodrigo_rodrigues_silva,99,38,0,38,1T,Penalty
82,2022,B,9,Novorizontino,novorizontino,Leonardo Lima dos Santos,leonardo_lima_dos_santos,15,36,0,81,2T,Normal
83,2022,B,9,Crb,crb,Anselmo Ramon Alves Herculano,anselmo_ramon_alves_herculano,9,25,0,25,1T,Penalty
84,2022,B,9,Cruzeiro Saf,cruzeiro_saf,Jair Diego Alves de Brito,jair_diego_alves_de_brito,18,90,3,93,2T,Normal
86,2022,B,9,Londrina,londrina,Gabriel dos Santos Francisco,gabriel_dos_santos_francisco,9,45,0,45,1T,Normal
86,2022,B,9,Operário,operario,Paulo Sergio Luiz de Souza,paulo_sergio_luiz_de_souza,9,20,0,65,2T,Penalty
86,2022,B,9,Londrina,londrina,Douglas Coutinho Gomes de Souza,douglas_coutinho_gomes_de_souza,17,42,0,87,2T,Normal
87,2022,B,9,Vasco da Gama,vasco_da_gama,Anderson Luis de Carvalho,anderson_luis_de_carvalho,10,41,0,41,1T,Normal
87,2022,B,9,Vasco da Gama,vasco_da_gama,Anderson Luis de Carvalho,anderson_luis_de_carvalho,10,17,0,62,2T,Normal
88,2022,B,9,Sampaio Corrêa,sampaio_correa,Gabriel Buscariol Poveda,gabriel_buscariol_poveda,9,6,0,6,1T,Penalty
88,2022,B,9,Sampaio Corrêa,sampaio_correa,André Luiz Guimarães Siqueira Junior,andre_luiz_guimaraes_siqueira_junior,5,19,0,64,2T,Normal
88,2022,B,9,Guarani,guarani,Giovanni Augusto Oliveira Cardoso,giovanni_augusto_oliveira_cardoso,10,34,0,79,2T,Penalty
89,2022,B,9,Tombense,tombense,Renato Ribeiro Calixto Aguiar,renato_ribeiro_calixto_aguiar,11,12,0,57,2T,Normal
91,2022,B,10,Guarani,guarani,Lucas Vinicius Goncalves Silva,lucas_vinicius_goncalves_silva,9,27,0,27,1T,Normal
91,2022,B,10,Vila Nova,vila_nova,Arthur Rodrigues Rezende,arthur_rodrigues_rezende,8,90,5,95,2T,Penalty
93,2022,B,10,Ponte Preta,ponte_preta,Lucca Borges de Brito,lucca_borges_de_brito,10,12,0,12,1T,Penalty
93,2022,B,10,Sport,sport,Luciano Batista da Silva Junior,luciano_batista_da_silva_junior,46,4,0,49,2T,Falta
93,2022,B,10,Sport,sport,Ray Andres Vanegas Zuniga,ray_andres_vanegas_zuniga,11,6,0,51,2T,Normal
94,2022,B,10,Brusque,brusque,Diego Jardel Koester,diego_jardel_koester,10,37,0,37,1T,Penalty
94,2022,B,10,Brusque,brusque,Wallace Reis Silva,wallace_reis_silva,40,13,0,58,2T,Gol Contra
94,2022,B,10,Náutico,nautico,Jean Carlos Vicente,jean_carlos_vicente,10,16,0,61,2T,Normal
96,2022,B,10,Cruzeiro Saf,cruzeiro_saf,Leonardo Javier Pais Corbo,leonardo_javier_pais_corbo,7,6,0,51,2T,Normal
96,2022,B,10,Operário,operario,Silvio Jose Cardoso Reis Junior,silvio_jose_cardoso_reis_junior,11,10,0,55,2T,Normal
96,2022,B,10,Cruzeiro Saf,cruzeiro_saf,Antonio Thomaz Santos de Barros,antonio_thomaz_santos_de_barros,18,16,0,61,2T,Normal
98,2022,B,10,Criciúma,criciuma,Marcos Gabriel do Nascimento,marcos_gabriel_do_nascimento,10,36,0,36,1T,Normal
98,2022,B,10,Bahia,bahia,Matheus Alvarenga de Oliveira,matheus_alvarenga_de_oliveira,88,15,0,60,2T,Normal
98,2022,B,10,Bahia,bahia,Matheus Alvarenga de Oliveira,matheus_alvarenga_de_oliveira,88,90,4,94,2T,Normal
99,2022,B,10,Ituano,ituano,Gerson Alencar de Lima Junior,gerson_alencar_de_lima_junior,10,10,0,10,1T,Normal
99,2022,B,10,Tombense,tombense,Everton Galdino Moreira,everton_galdino_moreira,9,12,0,12,1T,Normal
99,2022,B,10,Tombense,tombense,Jociel Ferreira da Silva,jociel_ferreira_da_silva,99,28,0,73,2T,Normal
100,2022,B,10,Londrina,londrina,Luiz Carlos Paulino de Carvalho,luiz_carlos_paulino_de_carvalho,7,27,0,27,1T,Normal
100,2022,B,10,Londrina,londrina,Douglas Coutinho Gomes de Souza,douglas_coutinho_gomes_de_souza,17,11,0,56,2T,Normal
100,2022,B,10,Londrina,londrina,Joao Paulo da Silva,joao_paulo_da_silva,5,42,0,87,2T,Penalty
101,2022,B,11,Operário,operario,Silvio Jose Cardoso Reis Junior,silvio_jose_cardoso_reis_junior,11,37,0,37,1T,Normal
101,2022,B,11,Operário,operario,Tomas Almino Bastos da Silva,tomas_almino_bastos_da_silva,18,39,0,84,2T,Normal
101,2022,B,11,Operário,operario,Giovanni Fernando Cofreste Pavani,giovanni_fernando_cofreste_pavani,21,42,0,87,2T,Normal
102,2022,B,11,Csa,csa,Rodrigo Rodrigues Silva,rodrigo_rodrigues_silva,99,34,0,34,1T,Normal
102,2022,B,11,Chapecoense,chapecoense,Pablo Diogo Lopes de Lima,pablo_diogo_lopes_de_lima,17,90,3,93,2T,Normal
103,2022,B,11,Vasco da Gama,vasco_da_gama,Lucas Figueiredo dos Santos,lucas_figueiredo_dos_santos,15,27,0,27,1T,Falta
103,2022,B,11,Vasco da Gama,vasco_da_gama,Andrey Nascimento dos Santos,andrey_nascimento_dos_santos,16,44,0,44,1T,Normal
103,2022,B,11,Náutico,nautico,Thassio Marques Melo da Silva Almeida,thassio_marques_melo_da_silva_almeida,6,24,0,69,2T,Normal
103,2022,B,11,Vasco da Gama,vasco_da_gama,Anderson Luis de Carvalho,anderson_luis_de_carvalho,10,32,0,77,2T,Normal
103,2022,B,11,Náutico,nautico,Jean Carlos Vicente,jean_carlos_vicente,10,90,9,99,2T,Penalty
104,2022,B,11,Sampaio Corrêa,sampaio_correa,Lucas Hipolito Cavalcante E Silva,lucas_hipolito_cavalcante_e_silva,6,4,0,4,1T,Gol Contra
104,2022,B,11,Criciúma,criciuma,Marcelo Hermes,marcelo_hermes,6,6,0,6,1T,Normal
104,2022,B,11,Sampaio Corrêa,sampaio_correa,Gabriel Buscariol Poveda,gabriel_buscariol_poveda,9,37,0,37,1T,Normal
104,2022,B,11,Criciúma,criciuma,Caio Henrique da Silva Dantas,caio_henrique_da_silva_dantas,9,6,0,51,2T,Normal
105,2022,B,11,Ponte Preta,ponte_preta,Lucca Borges de Brito,lucca_borges_de_brito,10,10,0,10,1T,Penalty
105,2022,B,11,Ponte Preta,ponte_preta,Lucca Borges de Brito,lucca_borges_de_brito,10,24,0,24,1T,Normal
105,2022,B,11,Ituano,ituano,Aylon Darwin Tavella,aylon_darwin_tavella,10,28,0,28,1T,Normal
106,2022,B,11,Tombense,tombense,Everton Galdino Moreira,everton_galdino_moreira,11,31,0,31,1T,Normal
106,2022,B,11,Londrina,londrina,Matheus Lucas Jacintho Ferreira,matheus_lucas_jacintho_ferreira,22,90,1,91,2T,Normal
107,2022,B,11,Grêmio,gremio,Diego de Souza Andrade,diego_de_souza_andrade,29,45,8,53,1T,Penalty
107,2022,B,11,Grêmio,gremio,Janderson Santos de Souza,janderson_santos_de_souza,20,12,0,57,2T,Normal
108,2022,B,11,Bahia,bahia,Francisco Vitor Silva Costa,francisco_vitor_silva_costa,29,33,0,78,2T,Normal
109,2022,B,11,Cruzeiro Saf,cruzeiro_saf,Eduardo Nascimento da Silva Junior,eduardo_nascimento_da_silva_junior,99,30,0,30,1T,Normal
109,2022,B,11,Cruzeiro Saf,cruzeiro_saf,Rafael da Silva,rafael_da_silva,17,32,0,32,1T,Normal
110,2022,B,11,Brusque,brusque,Jose Mateus Junior,jose_mateus_junior,8,26,0,71,2T,Normal
110,2022,B,11,Vila Nova,vila_nova,Daniel Amorim Dias da Silva,daniel_amorim_dias_da_silva,9,38,0,83,2T,Gol Contra
112,2022,B,12,Crb,crb,Anselmo Ramon Alves Herculano,anselmo_ramon_alves_herculano,9,31,0,76,2T,Normal
114,2022,B,12,Ituano,ituano,Rafael Elias da Silva,rafael_elias_da_silva,9,3,0,3,1T,Normal
115,2022,B,12,Guarani,guarani,Jose Rodrigo Andrade Ramos,jose_rodrigo_andrade_ramos,32,43,0,43,1T,Normal
115,2022,B,12,Guarani,guarani,Matheus Pereira de Souza,matheus_pereira_de_souza,16,4,0,49,2T,Normal
115,2022,B,12,Novorizontino,novorizontino,Cleone Santos Silva,cleone_santos_silva,7,26,0,71,2T,Normal
116,2022,B,12,Bahia,bahia,Lucas Andres Mugni,lucas_andres_mugni,19,35,0,80,2T,Normal
117,2022,B,12,Vasco da Gama,vasco_da_gama,Getulio Wandelly Silva Timoteo,getulio_wandelly_silva_timoteo,99,24,0,24,1T,Normal
118,2022,B,12,Sampaio Corrêa,sampaio_correa,Anderson Wanderllan de Moraes Rodrigues,anderson_wanderllan_de_moraes_rodrigues,11,38,0,38,1T,Normal
118,2022,B,12,Sampaio Corrêa,sampaio_correa,Gabriel Buscariol Poveda,gabriel_buscariol_poveda,9,45,1,46,1T,Normal
119,2022,B,12,Tombense,tombense,Everton Galdino Moreira,everton_galdino_moreira,9,9,0,54,2T,Normal
119,2022,B,12,Tombense,tombense,Jociel Ferreira da Silva,jociel_ferreira_da_silva,99,21,0,66,2T,Normal
119,2022,B,12,Csa,csa,Rodrigo Rodrigues Silva,rodrigo_rodrigues_silva,99,90,4,94,2T,Penalty
120,2022,B,12,Chapecoense,chapecoense,Leonardo Renan Simoes de Lacerda,leonardo_renan_simoes_de_lacerda,3,7,0,7,1T,Normal
120,2022,B,12,Criciúma,criciuma,Rayan Poltronieri Pereira,rayan_poltronieri_pereira,4,14,0,14,1T,Gol Contra
120,2022,B,12,Criciúma,criciuma,Claudio Coelho Salvatico,claudio_coelho_salvatico,2,26,0,26,1T,Normal
120,2022,B,12,Chapecoense,chapecoense,Vagner Antonio Brandalise,vagner_antonio_brandalise,1,9,0,54,2T,Gol Contra
120,2022,B,12,Criciúma,criciuma,Marcos Gabriel do Nascimento,marcos_gabriel_do_nascimento,10,15,0,60,2T,Normal
122,2022,B,13,Ituano,ituano,Jorge Andres Roa Jimenez,jorge_andres_roa_jimenez,15,45,0,90,2T,Normal
122,2022,B,13,Crb,crb,Anselmo Ramon Alves Herculano,anselmo_ramon_alves_herculano,9,90,10,100,2T,Penalty
123,2022,B,13,Sport,sport,Kayke Moreno de Andrade Rodrigues,kayke_moreno_de_andrade_rodrigues,17,35,0,35,1T,Normal
123,2022,B,13,Náutico,nautico,Richard Dario Franco Escobar,richard_dario_franco_escobar,18,29,0,74,2T,Normal
124,2022,B,13,Brusque,brusque,Crislan Henrique da Silva de Sousa,crislan_henrique_da_silva_de_sousa,90,15,0,60,2T,Normal
125,2022,B,13,Tombense,tombense,Renato Ribeiro Calixto Aguiar,renato_ribeiro_calixto_aguiar,11,19,0,19,1T,Normal
125,2022,B,13,Novorizontino,novorizontino,Diego de Souza Quirino,diego_de_souza_quirino,9,24,0,24,1T,Normal
125,2022,B,13,Tombense,tombense,Luis Otavio Bonilha de Oliveira,luis_otavio_bonilha_de_oliveira,21,44,0,89,2T,Normal
125,2022,B,13,Tombense,tombense,Luis Otavio Bonilha de Oliveira,luis_otavio_bonilha_de_oliveira,21,90,3,93,2T,Normal
126,2022,B,13,Vasco da Gama,vasco_da_gama,Raniel Santana de Vasconcelos,raniel_santana_de_vasconcelos,9,4,0,49,2T,Normal
127,2022,B,13,Grêmio,gremio,Diego de Souza Andrade,diego_de_souza_andrade,29,35,0,35,1T,Normal
127,2022,B,13,Grêmio,gremio,Diego de Souza Andrade,diego_de_souza_andrade,29,32,0,77,2T,Penalty
128,2022,B,13,Chapecoense,chapecoense,Chrystian Amaral Barletta de Almeida,chrystian_amaral_barletta_de_almeida,7,2,0,2,1T,Normal
129,2022,B,13,Cruzeiro Saf,cruzeiro_saf,Eduardo Nascimento da Silva Junior,eduardo_nascimento_da_silva_junior,99,44,0,44,1T,Normal
129,2022,B,13,Cruzeiro Saf,cruzeiro_saf,Matheus Lima Beltrao Oliveira,matheus_lima_beltrao_oliveira,6,2,0,47,2T,Normal
132,2022,B,14,Csa,csa,Geovane Batista de Faria,geovane_batista_de_faria,5,12,0,12,1T,Normal
132,2022,B,14,Grêmio,gremio,Janderson Santos de Souza,janderson_santos_de_souza,20,1,0,46,2T,Normal
134,2022,B,14,Criciúma,criciuma,Marcos Gabriel do Nascimento,marcos_gabriel_do_nascimento,10,28,0,28,1T,Penalty
135,2022,B,14,Cruzeiro Saf,cruzeiro_saf,Luvannor Henrique de Sousa Silva,luvannor_henrique_de_sousa_silva,90,9,0,54,2T,Normal
135,2022,B,14,Ituano,ituano,Bernardo Schappo,bernardo_schappo,4,33,0,78,2T,Normal
136,2022,B,14,Londrina,londrina,Elton Divino Celio,elton_divino_celio,6,17,0,17,1T,Falta
136,2022,B,14,Guarani,guarani,Silas Araujo da Silva,silas_araujo_da_silva,96,38,0,38,1T,Normal
136,2022,B,14,Londrina,londrina,Augusto de Souza Silva,augusto_de_souza_silva,20,2,0,47,2T,Normal
136,2022,B,14,Londrina,londrina,Jhonny Lucas Flora Barboza,jhonny_lucas_flora_barboza,8,4,0,49,2T,Normal
137,2022,B,14,Vasco da Gama,vasco_da_gama,Juan Sebastian Quintero Fletcher,juan_sebastian_quintero_fletcher,2,34,0,79,2T,Normal
137,2022,B,14,Vasco da Gama,vasco_da_gama,Anderson Luis de Carvalho,anderson_luis_de_carvalho,10,44,0,89,2T,Penalty
137,2022,B,14,Vasco da Gama,vasco_da_gama,Carlosalonso Enrique Palacios Nunez,carlosalonso_enrique_palacios_nunez,19,90,5,95,2T,Falta
138,2022,B,14,Novorizontino,novorizontino,Diego Fabian Torres,diego_fabian_torres,10,43,0,88,2T,Normal
139,2022,B,14,Náutico,nautico,Amarildo Aparecido de Souza Junior,amarildo_aparecido_de_souza_junior,9,38,0,38,1T,Normal
139,2022,B,14,Tombense,tombense,Jociel Ferreira da Silva,jociel_ferreira_da_silva,99,90,7,97,2T,Penalty
140,2022,B,14,Chapecoense,chapecoense,Ederson Alves Ribeiro Silva,ederson_alves_ribeiro_silva,77,34,0,34,1T,Normal
140,2022,B,14,Crb,crb,Fabio Augusto Luciano da Silva,fabio_augusto_luciano_da_silva,7,45,0,45,1T,Normal
140,2022,B,14,Crb,crb,Fabio Augusto Luciano da Silva,fabio_augusto_luciano_da_silva,7,27,0,72,2T,Normal
141,2022,B,15,Ituano,ituano,Lucas Vinicius Goncalves Silva,lucas_vinicius_goncalves_silva,9,29,0,29,1T,Normal
141,2022,B,15,Ituano,ituano,Sosthenes Jose Santos Salles,sosthenes_jose_santos_salles,22,90,1,91,2T,Normal
143,2022,B,15,Criciúma,criciuma,Leonardo de Oliveira Costa,leonardo_de_oliveira_costa,5,31,0,31,1T,Normal
143,2022,B,15,Náutico,nautico,Bruno Bispo dos Anjos,bruno_bispo_dos_anjos,5,44,0,44,1T,Normal
144,2022,B,15,Bahia,bahia,Julio Cesar de Rezende Miranda,julio_cesar_de_rezende_miranda,5,14,0,14,1T,Normal
144,2022,B,15,Bahia,bahia,Hugo Rodallega Martinez,hugo_rodallega_martinez,9,45,2,47,1T,Normal
145,2022,B,15,Novorizontino,novorizontino,Jhony Douglas Santiago,jhony_douglas_santiago,5,31,0,31,1T,Normal
145,2022,B,15,Novorizontino,novorizontino,Douglas Baggio de Oliveira Costa,douglas_baggio_de_oliveira_costa,7,15,0,60,2T,Normal
147,2022,B,15,Grêmio,gremio,Gabriel Teixeira Aragao,gabriel_teixeira_aragao,17,14,0,14,1T,Normal
148,2022,B,15,Sampaio Corrêa,sampaio_correa,Gabriel Buscariol Poveda,gabriel_buscariol_poveda,9,1,0,46,2T,Normal
148,2022,B,15,Sampaio Corrêa,sampaio_correa,Ygor de Oliveira Ferreira,ygor_de_oliveira_ferreira,7,11,0,56,2T,Normal
149,2022,B,15,Sport,sport,Kayke Moreno de Andrade Rodrigues,kayke_moreno_de_andrade_rodrigues,17,19,0,19,1T,Normal
149,2022,B,15,Sport,sport,Jose Sabino Chagas Monteiro,jose_sabino_chagas_monteiro,35,26,0,26,1T,Gol Contra
149,2022,B,15,Cruzeiro Saf,cruzeiro_saf,Daniel de Melo Araujo Junior,daniel_de_melo_araujo_junior,48,42,0,42,1T,Normal
150,2022,B,15,Ponte Preta,ponte_preta,Lucca Borges de Brito,lucca_borges_de_brito,10,6,0,6,1T,Normal
150,2022,B,15,Vila Nova,vila_nova,Rubens da Silva Coura,rubens_da_silva_coura,9,11,0,11,1T,Penalty
152,2022,B,16,Crb,crb,Gabriel da Conceição dos Santos,gabriel_da_conceicao_dos_santos,9,41,0,41,1T,Normal
152,2022,B,16,Guarani,guarani,Leandro Vilela Sales Teixeira,leandro_vilela_sales_teixeira,31,37,0,82,2T,Normal
153,2022,B,16,Náutico,nautico,Richard Dario Franco Escobar,richard_dario_franco_escobar,18,2,0,2,1T,Normal
153,2022,B,16,Náutico,nautico,Pedro Vitor Ferreira da Silva,pedro_vitor_ferreira_da_silva,11,6,0,6,1T,Normal
153,2022,B,16,Náutico,nautico,Richard Dario Franco Escobar,richard_dario_franco_escobar,18,43,0,43,1T,Normal
153,2022,B,16,Novorizontino,novorizontino,Cleone Santos Silva,cleone_santos_silva,21,32,0,77,2T,Normal
154,2022,B,16,Brusque,brusque,Wagner Pereira Marques,wagner_pereira_marques,26,44,0,44,1T,Normal
154,2022,B,16,Brusque,brusque,Wallace Reis Silva,wallace_reis_silva,40,19,0,64,2T,Normal
155,2022,B,16,Criciúma,criciuma,Leonardo de Oliveira Costa,leonardo_de_oliveira_costa,5,6,0,51,2T,Normal
155,2022,B,16,Ituano,ituano,Lucas Vinicius Dias Costa,lucas_vinicius_dias_costa,3,40,0,85,2T,Normal
155,2022,B,16,Criciúma,criciuma,Rodrigo Fagundes de Freitas,rodrigo_fagundes_de_freitas,3,90,2,92,2T,Normal
159,2022,B,16,Cruzeiro Saf,cruzeiro_saf,Wagner Leonardo Calvelo de Souza,wagner_leonardo_calvelo_de_souza,3,9,0,9,1T,Normal
159,2022,B,16,Cruzeiro Saf,cruzeiro_saf,Luvannor Henrique de Sousa Silva,luvannor_henrique_de_sousa_silva,90,1,0,46,2T,Normal
160,2022,B,16,Sampaio Corrêa,sampaio_correa,Lucas Hipolito Cavalcante E Silva,lucas_hipolito_cavalcante_e_silva,6,1,0,46,2T,Gol Contra
160,2022,B,16,Chapecoense,chapecoense,Guilherme Natan de Lima,guilherme_natan_de_lima,32,34,0,79,2T,Normal
160,2022,B,16,Sampaio Corrêa,sampaio_correa,Ygor de Oliveira Ferreira,ygor_de_oliveira_ferreira,7,39,0,84,2T,Normal
160,2022,B,16,Chapecoense,chapecoense,Marcelo Machado dos Santos,marcelo_machado_dos_santos,29,90,4,94,2T,Normal
161,2022,B,17,Guarani,guarani,Mateus Ludke,mateus_ludke,2,12,0,12,1T,Normal
162,2022,B,17,Ponte Preta,ponte_preta,Lucca Borges de Brito,lucca_borges_de_brito,10,10,0,55,2T,Normal
163,2022,B,17,Sport,sport,Rafael Thyere de Albuquerque Marques,rafael_thyere_de_albuquerque_marques,15,8,0,8,1T,Normal
163,2022,B,17,Sport,sport,Sander Henrique Bortolotto,sander_henrique_bortolotto,56,20,0,65,2T,Normal
164,2022,B,17,Vasco da Gama,vasco_da_gama,Raniel Santana de Vasconcelos,raniel_santana_de_vasconcelos,9,8,0,8,1T,Penalty
165,2022,B,17,Novorizontino,novorizontino,Ronaldo Henrique Silva,ronaldo_henrique_silva,9,9,0,54,2T,Penalty
166,2022,B,17,Crb,crb,Emerson Ramon Bezerra Oliveira,emerson_ramon_bezerra_oliveira,11,5,0,5,1T,Normal
166,2022,B,17,Operário,operario,Tomas Almino Bastos da Silva,tomas_almino_bastos_da_silva,8,12,0,12,1T,Normal
166,2022,B,17,Operário,operario,Javier Arley Reina Calvo,javier_arley_reina_calvo,7,26,0,26,1T,Penalty
166,2022,B,17,Crb,crb,Raul Prata,raul_prata,2,30,0,30,1T,Normal
166,2022,B,17,Crb,crb,Fabio Augusto Luciano da Silva,fabio_augusto_luciano_da_silva,7,23,0,68,2T,Normal
167,2022,B,17,Grêmio,gremio,Aldemir dos Santos Ferreira,aldemir_dos_santos_ferreira,10,42,0,42,1T,Normal
167,2022,B,17,Grêmio,gremio,Bruno Fabiano Alves,bruno_fabiano_alves,34,32,0,77,2T,Normal
168,2022,B,17,Sampaio Corrêa,sampaio_correa,Gabriel Buscariol Poveda,gabriel_buscariol_poveda,9,41,0,41,1T,Normal
168,2022,B,17,Sampaio Corrêa,sampaio_correa,Gabriel Buscariol Poveda,gabriel_buscariol_poveda,9,38,0,83,2T,Normal
169,2022,B,17,Tombense,tombense,Jose Ricardo Araujo Fernandes,jose_ricardo_araujo_fernandes,8,10,0,10,1T,Normal
169,2022,B,17,Chapecoense,chapecoense,Matheus Henrique Bianqui,matheus_henrique_bianqui,38,23,0,23,1T,Normal
169,2022,B,17,Tombense,tombense,Jose Ricardo Araujo Fernandes,jose_ricardo_araujo_fernandes,8,21,0,66,2T,Normal
170,2022,B,17,Vila Nova,vila_nova,Pablo Dyego da Silva Rosa,pablo_dyego_da_silva_rosa,11,19,0,64,2T,Normal
170,2022,B,17,Bahia,bahia,Gregory Rodrigues Xavier,gregory_rodrigues_xavier,47,41,0,86,2T,Normal
171,2022,B,18,Bahia,bahia,Ignacio da Silva Oliveira,ignacio_da_silva_oliveira,4,10,0,10,1T,Normal
171,2022,B,18,Bahia,bahia,Rai Nascimento de Oliveira,rai_nascimento_de_oliveira,11,32,0,77,2T,Normal
172,2022,B,18,Brusque,brusque,Geremias Ribeiro Junior,geremias_ribeiro_junior,70,37,0,82,2T,Penalty
172,2022,B,18,Crb,crb,Anselmo Ramon Alves Herculano,anselmo_ramon_alves_herculano,9,90,1,91,2T,Normal
173,2022,B,18,Náutico,nautico,Geuvanio Santos da Silva Lima,geuvanio_santos_da_silva_lima,7,2,0,47,2T,Normal
173,2022,B,18,Chapecoense,chapecoense,Leonardo Renan Simoes de Lacerda,leonardo_renan_simoes_de_lacerda,3,29,0,74,2T,Normal
173,2022,B,18,Chapecoense,chapecoense,Alexandre Rodrigues Soares,alexandre_rodrigues_soares,4,90,1,91,2T,Normal
174,2022,B,18,Ponte Preta,ponte_preta,Lucca Borges de Brito,lucca_borges_de_brito,10,3,0,3,1T,Normal
174,2022,B,18,Criciúma,criciuma,Lohan dos Santos Freire,lohan_dos_santos_freire,19,45,0,90,2T,Normal
177,2022,B,18,Grêmio,gremio,Diego de Souza Andrade,diego_de_souza_andrade,29,13,0,13,1T,Penalty
177,2022,B,18,Grêmio,gremio,Joao Paulo de Souza Mares,joao_paulo_de_souza_mares,39,32,0,32,1T,Normal
177,2022,B,18,Grêmio,gremio,Diego de Souza Andrade,diego_de_souza_andrade,29,44,0,44,1T,Penalty
178,2022,B,18,Sampaio Corrêa,sampaio_correa,Gabriel Buscariol Poveda,gabriel_buscariol_poveda,9,19,0,19,1T,Normal
178,2022,B,18,Sampaio Corrêa,sampaio_correa,Ygor de Oliveira Ferreira,ygor_de_oliveira_ferreira,7,12,0,57,2T,Normal
178,2022,B,18,Sampaio Corrêa,sampaio_correa,Ygor de Oliveira Ferreira,ygor_de_oliveira_ferreira,7,24,0,69,2T,Normal
178,2022,B,18,Vasco da Gama,vasco_da_gama,Erick Samuel Correa Farias,erick_samuel_correa_farias,77,37,0,82,2T,Normal
179,2022,B,18,Cruzeiro Saf,cruzeiro_saf,Adriano Firmino dos Santos da Silva,adriano_firmino_dos_santos_da_silva,15,21,0,21,1T,Normal
179,2022,B,18,Novorizontino,novorizontino,Diego de Souza Quirino,diego_de_souza_quirino,19,28,0,73,2T,Normal
179,2022,B,18,Cruzeiro Saf,cruzeiro_saf,Rafael da Silva,rafael_da_silva,17,38,0,83,2T,Normal
180,2022,B,18,Csa,csa,Osvaldo Lourenco Filho,osvaldo_lourenco_filho,11,44,0,44,1T,Normal
180,2022,B,18,Csa,csa,Rodrigo Rodrigues Silva,rodrigo_rodrigues_silva,99,29,0,74,2T,Normal
180,2022,B,18,Vila Nova,vila_nova,Rubens da Silva Coura,rubens_da_silva_coura,19,32,0,77,2T,Normal
181,2022,B,19,Ponte Preta,ponte_preta,Eliel Chrystian Pereira Silva,eliel_chrystian_pereira_silva,17,39,0,84,2T,Normal
182,2022,B,19,Cruzeiro Saf,cruzeiro_saf,Luvannor Henrique de Sousa Silva,luvannor_henrique_de_sousa_silva,90,14,0,14,1T,Normal
182,2022,B,19,Csa,csa,Lucas Barcelos Damacena,lucas_barcelos_damacena,9,3,0,48,2T,Normal
184,2022,B,19,Grêmio,gremio,Joao Paulo de Souza Mares,joao_paulo_de_souza_mares,39,3,0,48,2T,Normal
184,2022,B,19,Brusque,brusque,Wallace Reis Silva,wallace_reis_silva,40,8,0,53,2T,Normal
185,2022,B,19,Novorizontino,novorizontino,Ronaldo Henrique Silva,ronaldo_henrique_silva,9,1,0,1,1T,Normal
185,2022,B,19,Novorizontino,novorizontino,Ronaldo Henrique Silva,ronaldo_henrique_silva,9,16,0,16,1T,Penalty
185,2022,B,19,Operário,operario,Paulo Victor Ferreira de Jesus,paulo_victor_ferreira_de_jesus,19,29,0,74,2T,Normal
186,2022,B,19,Londrina,londrina,Mauricio Caprini Pinto,mauricio_caprini_pinto,11,34,0,34,1T,Falta
187,2022,B,19,Ituano,ituano,Rafael Elias da Silva,rafael_elias_da_silva,9,14,0,14,1T,Normal
187,2022,B,19,Vasco da Gama,vasco_da_gama,Raniel Santana de Vasconcelos,raniel_santana_de_vasconcelos,9,32,0,77,2T,Normal
188,2022,B,19,Bahia,bahia,Lucas Andres Mugni,lucas_andres_mugni,19,39,0,39,1T,Penalty
188,2022,B,19,Crb,crb,Claudinei Junio de Souza,claudinei_junio_de_souza,17,37,0,82,2T,Normal
189,2022,B,19,Tombense,tombense,Jociel Ferreira da Silva,jociel_ferreira_da_silva,99,45,3,48,1T,Normal
191,2022,B,20,Brusque,brusque,Alvaro Rodrigues Vieira Junior,alvaro_rodrigues_vieira_junior,7,7,0,52,2T,Normal
191,2022,B,20,Guarani,guarani,Diogo Mateus de Almeida Rodrigues Maciel,diogo_mateus_de_almeida_rodrigues_maciel,13,13,0,58,2T,Penalty
192,2022,B,20,Crb,crb,Rafael Vinicius Carvalho Longuine,rafael_vinicius_carvalho_longuine,10,35,0,35,1T,Normal
192,2022,B,20,Crb,crb,Emerson Ramon Bezerra Oliveira,emerson_ramon_bezerra_oliveira,11,41,0,41,1T,Normal
192,2022,B,20,Novorizontino,novorizontino,Douglas Baggio de Oliveira Costa,douglas_baggio_de_oliveira_costa,7,23,0,68,2T,Normal
193,2022,B,20,Náutico,nautico,Welker Marcal Almeida,welker_marcal_almeida,9,32,0,32,1T,Normal
193,2022,B,20,Londrina,londrina,Douglas Coutinho Gomes de Souza,douglas_coutinho_gomes_de_souza,17,12,0,57,2T,Normal
193,2022,B,20,Londrina,londrina,Douglas Coutinho Gomes de Souza,douglas_coutinho_gomes_de_souza,17,26,0,71,2T,Normal
194,2022,B,20,Csa,csa,Rodrigo Rodrigues Silva,rodrigo_rodrigues_silva,99,5,0,5,1T,Normal
194,2022,B,20,Criciúma,criciuma,Marcos Gabriel do Nascimento,marcos_gabriel_do_nascimento,10,21,0,66,2T,Normal
194,2022,B,20,Criciúma,criciuma,Marcos Gabriel do Nascimento,marcos_gabriel_do_nascimento,10,33,0,78,2T,Normal
195,2022,B,20,Ituano,ituano,Bernardo Schappo,bernardo_schappo,4,24,0,24,1T,Normal
197,2022,B,20,Grêmio,gremio,Diego de Souza Andrade,diego_de_souza_andrade,29,9,0,9,1T,Normal
197,2022,B,20,Grêmio,gremio,Jaminton Leandro Campaz,jaminton_leandro_campaz,7,24,0,24,1T,Normal
197,2022,B,20,Ponte Preta,ponte_preta,Wallisson Luiz Alves Maximo,wallisson_luiz_alves_maximo,25,13,0,58,2T,Normal
198,2022,B,20,Sampaio Corrêa,sampaio_correa,Gabriel Buscariol Poveda,gabriel_buscariol_poveda,9,5,0,5,1T,Normal
198,2022,B,20,Sampaio Corrêa,sampaio_correa,Ygor de Oliveira Ferreira,ygor_de_oliveira_ferreira,7,36,0,36,1T,Normal
198,2022,B,20,Sport,sport,Kayke Moreno de Andrade Rodrigues,kayke_moreno_de_andrade_rodrigues,17,6,0,51,2T,Normal
198,2022,B,20,Sampaio Corrêa,sampaio_correa,Gabriel Buscariol Poveda,gabriel_buscariol_poveda,9,32,0,77,2T,Penalty
198,2022,B,20,Sampaio Corrêa,sampaio_correa,Rafael Costa dos Santos,rafael_costa_dos_santos,19,90,3,93,2T,Normal
199,2022,B,20,Cruzeiro Saf,cruzeiro_saf,Stenio Zanetti Toledo,stenio_zanetti_toledo,22,21,0,66,2T,Normal
200,2022,B,20,Vila Nova,vila_nova,Rafael Ferreira Donato,rafael_ferreira_donato,5,7,0,52,2T,Normal
201,2022,B,21,Ponte Preta,ponte_preta,Mateus Ferreira da Silva,mateus_ferreira_da_silva,4,5,0,5,1T,Normal
201,2022,B,21,Ponte Preta,ponte_preta,Elvis Vieira Araujo,elvis_vieira_araujo,62,36,0,36,1T,Penalty
201,2022,B,21,Ponte Preta,ponte_preta,Wallisson Luiz Alves Maximo,wallisson_luiz_alves_maximo,25,18,0,63,2T,Normal
202,2022,B,21,Ituano,ituano,Rafael Elias da Silva,rafael_elias_da_silva,9,24,0,24,1T,Normal
202,2022,B,21,Ituano,ituano,Mario Sergio Valerio,mario_sergio_valerio,6,39,0,39,1T,Normal
202,2022,B,21,Ituano,ituano,Rafael Elias da Silva,rafael_elias_da_silva,9,5,0,50,2T,Penalty
202,2022,B,21,Csa,csa,Yann Del Pino Rolim,yann_del_pino_rolim,8,43,0,88,2T,Normal
203,2022,B,21,Sport,sport,Denner Fernando Melz,denner_fernando_melz,88,3,0,3,1T,Normal
203,2022,B,21,Sport,sport,Ronaldo Henrique Ferreira da Silva,ronaldo_henrique_ferreira_da_silva,5,5,0,50,2T,Penalty
203,2022,B,21,Guarani,guarani,Nicolas Mores da Cruz,nicolas_mores_da_cruz,11,45,0,90,2T,Normal
205,2022,B,21,Vila Nova,vila_nova,Altemir Cordeiro Pessôa Neto,altemir_cordeiro_pessoa_neto,9,42,0,42,1T,Normal
205,2022,B,21,Novorizontino,novorizontino,Bruno da Silva Costa,bruno_da_silva_costa,14,90,5,95,2T,Normal
206,2022,B,21,Londrina,londrina,Gustavo Vilar dos Santos,gustavo_vilar_dos_santos,3,26,0,26,1T,Gol Contra
206,2022,B,21,Londrina,londrina,Denilson dos Santos de Souza,denilson_dos_santos_de_souza,2,41,0,41,1T,Normal
207,2022,B,21,Vasco da Gama,vasco_da_gama,Andrey Nascimento dos Santos,andrey_nascimento_dos_santos,8,3,0,3,1T,Normal
207,2022,B,21,Vasco da Gama,vasco_da_gama,Raniel Santana de Vasconcelos,raniel_santana_de_vasconcelos,9,30,0,30,1T,Normal
207,2022,B,21,Vasco da Gama,vasco_da_gama,Andrey Nascimento dos Santos,andrey_nascimento_dos_santos,8,7,0,52,2T,Normal
207,2022,B,21,Vasco da Gama,vasco_da_gama,Eguinaldo de Sousa Lemos,eguinaldo_de_sousa_lemos,21,90,1,91,2T,Normal
208,2022,B,21,Bahia,bahia,Ignacio da Silva Oliveira,ignacio_da_silva_oliveira,4,25,0,70,2T,Normal
208,2022,B,21,Bahia,bahia,Matheus Alvarenga de Oliveira,matheus_alvarenga_de_oliveira,88,30,0,75,2T,Normal
208,2022,B,21,Bahia,bahia,Everton Macedo Moraes,everton_macedo_moraes,22,38,0,83,2T,Normal
209,2022,B,21,Tombense,tombense,Rodrigo Vasconcelos Oliveira,rodrigo_vasconcelos_oliveira,5,3,0,48,2T,Normal
209,2022,B,21,Tombense,tombense,Jean Lucas Figueiredo,jean_lucas_figueiredo,7,11,0,56,2T,Normal
209,2022,B,21,Tombense,tombense,Jociel Ferreira da Silva,jociel_ferreira_da_silva,99,90,2,92,2T,Normal
211,2022,B,22,Grêmio,gremio,Mathias Adalberto Villasanti Rolon,mathias_adalberto_villasanti_rolon,27,19,0,19,1T,Normal
211,2022,B,22,Grêmio,gremio,Gabriel Teixeira Aragao,gabriel_teixeira_aragao,17,30,0,75,2T,Normal
211,2022,B,22,Guarani,guarani,João Victor Carroll Santana,joao_victor_carroll_santana,28,90,4,94,2T,Normal
212,2022,B,22,Crb,crb,Emerson Ramon Bezerra Oliveira,emerson_ramon_bezerra_oliveira,11,6,0,6,1T,Normal
212,2022,B,22,Ponte Preta,ponte_preta,Mateus Ferreira da Silva,mateus_ferreira_da_silva,4,13,0,13,1T,Normal
213,2022,B,22,Criciúma,criciuma,Lohan dos Santos Freire,lohan_dos_santos_freire,9,38,0,38,1T,Normal
213,2022,B,22,Sport,sport,Vagner Silva de Souza,vagner_silva_de_souza,99,40,0,85,2T,Normal
214,2022,B,22,Brusque,brusque,Alex Sandro de Oliveira,alex_sandro_de_oliveira,9,39,0,39,1T,Penalty
214,2022,B,22,Sampaio Corrêa,sampaio_correa,Ygor de Oliveira Ferreira,ygor_de_oliveira_ferreira,7,4,0,49,2T,Normal
215,2022,B,22,Londrina,londrina,Douglas Coutinho Gomes de Souza,douglas_coutinho_gomes_de_souza,17,1,0,46,2T,Normal
216,2022,B,22,Operário,operario,Leonardo Kalil Abdala,leonardo_kalil_abdala,23,45,0,90,2T,Normal
218,2022,B,22,Bahia,bahia,Igor Torres da Silva,igor_torres_da_silva,14,38,0,38,1T,Normal
219,2022,B,22,Cruzeiro Saf,cruzeiro_saf,Bruno Rafael Rodrigues do Nascimento,bruno_rafael_rodrigues_do_nascimento,9,3,0,48,2T,Normal
219,2022,B,22,Cruzeiro Saf,cruzeiro_saf,Daniel de Melo Araujo Junior,daniel_de_melo_araujo_junior,48,23,0,68,2T,Normal
220,2022,B,22,Ituano,ituano,Gabriel de Sousa Barros,gabriel_de_sousa_barros,11,12,0,57,2T,Normal
220,2022,B,22,Vila Nova,vila_nova,Altemir Cordeiro Pessôa Neto,altemir_cordeiro_pessoa_neto,9,26,0,71,2T,Normal
221,2022,B,23,Ponte Preta,ponte_preta,Leonardo Naldi de Matos,leonardo_naldi_de_matos,5,7,0,7,1T,Normal
221,2022,B,23,Vasco da Gama,vasco_da_gama,Raniel Santana de Vasconcelos,raniel_santana_de_vasconcelos,9,36,0,36,1T,Normal
221,2022,B,23,Ponte Preta,ponte_preta,Lucca Borges de Brito,lucca_borges_de_brito,10,34,0,79,2T,Normal
221,2022,B,23,Ponte Preta,ponte_preta,Jefferson Gabriel Nascimento Brito,jefferson_gabriel_nascimento_brito,20,39,0,84,2T,Normal
222,2022,B,23,Csa,csa,Rodrigo Rodrigues Silva,rodrigo_rodrigues_silva,99,35,0,80,2T,Penalty
223,2022,B,23,Náutico,nautico,Mauricio dos Santos Nascimento,mauricio_dos_santos_nascimento,4,38,0,38,1T,Normal
223,2022,B,23,Náutico,nautico,Jobson Souza Santos,jobson_souza_santos,7,41,0,41,1T,Normal
223,2022,B,23,Crb,crb,Gabriel da Conceição dos Santos,gabriel_da_conceicao_dos_santos,20,14,0,59,2T,Normal
225,2022,B,23,Ituano,ituano,Kaio Silva Mendes,kaio_silva_mendes,7,24,0,24,1T,Normal
225,2022,B,23,Sport,sport,Kayke Moreno de Andrade Rodrigues,kayke_moreno_de_andrade_rodrigues,17,29,0,29,1T,Normal
225,2022,B,23,Ituano,ituano,Rafael Elias da Silva,rafael_elias_da_silva,9,37,0,37,1T,Normal
225,2022,B,23,Ituano,ituano,Rafael Elias da Silva,rafael_elias_da_silva,9,4,0,49,2T,Normal
225,2022,B,23,Ituano,ituano,Roberto Heuchayer Santos de Araujo,roberto_heuchayer_santos_de_araujo,16,37,0,82,2T,Normal
226,2022,B,23,Londrina,londrina,Luiz Gustavo da Silva Machado Duarte,luiz_gustavo_da_silva_machado_duarte,8,22,0,67,2T,Normal
226,2022,B,23,Londrina,londrina,Saimon Pains Tormen,saimon_pains_tormen,4,40,0,85,2T,Gol Contra
226,2022,B,23,Cruzeiro Saf,cruzeiro_saf,Rodolfo Jose da Silva Bardella,rodolfo_jose_da_silva_bardella,33,90,4,94,2T,Normal
227,2022,B,23,Grêmio,gremio,Jaminton Leandro Campaz,jaminton_leandro_campaz,7,45,0,45,1T,Normal
227,2022,B,23,Grêmio,gremio,Diego de Souza Andrade,diego_de_souza_andrade,29,8,0,53,2T,Normal
227,2022,B,23,Operário,operario,Leonardo Kalil Abdala,leonardo_kalil_abdala,18,9,0,54,2T,Normal
227,2022,B,23,Grêmio,gremio,Gabriel Teixeira Aragao,gabriel_teixeira_aragao,17,18,0,63,2T,Normal
227,2022,B,23,Grêmio,gremio,Elkeson de Oliveira Cardoso,elkeson_de_oliveira_cardoso,9,45,0,90,2T,Normal
227,2022,B,23,Operário,operario,Renie Almeida da Silva,renie_almeida_da_silva,4,90,3,93,2T,Gol Contra
228,2022,B,23,Sampaio Corrêa,sampaio_correa,Gabriel Buscariol Poveda,gabriel_buscariol_poveda,9,45,0,45,1T,Penalty
228,2022,B,23,Sampaio Corrêa,sampaio_correa,André Luiz Guimarães Siqueira Junior,andre_luiz_guimaraes_siqueira_junior,5,2,0,47,2T,Normal
230,2022,B,23,Novorizontino,novorizontino,Ronaldo Henrique Silva,ronaldo_henrique_silva,9,1,0,1,1T,Normal
230,2022,B,23,Chapecoense,chapecoense,Alisson Alves Farias,alisson_alves_farias,10,27,0,27,1T,Normal
230,2022,B,23,Novorizontino,novorizontino,Diego de Souza Quirino,diego_de_souza_quirino,19,43,0,88,2T,Normal
230,2022,B,23,Chapecoense,chapecoense,Thomas Jaguaribe Bedinelli,thomas_jaguaribe_bedinelli,30,90,1,91,2T,Normal
231,2022,B,24,Guarani,guarani,Jenison de Jesus Brito E Brito,jenison_de_jesus_brito_e_brito,91,4,0,49,2T,Normal
232,2022,B,24,Crb,crb,Diogo Jose Goncalves da Silva,diogo_jose_goncalves_da_silva,12,7,0,7,1T,Penalty
232,2022,B,24,Crb,crb,Diogo Jose Goncalves da Silva,diogo_jose_goncalves_da_silva,12,35,0,35,1T,Penalty
233,2022,B,24,Sport,sport,Sander Henrique Bortolotto,sander_henrique_bortolotto,56,24,0,24,1T,Normal
233,2022,B,24,Sport,sport,Giovanni Piccolomo,giovanni_piccolomo,8,28,0,28,1T,Normal
233,2022,B,24,Sport,sport,Kayke Moreno de Andrade Rodrigues,kayke_moreno_de_andrade_rodrigues,17,45,3,48,1T,Normal
233,2022,B,24,Sport,sport,Luciano Batista da Silva Junior,luciano_batista_da_silva_junior,46,45,0,90,2T,Normal
234,2022,B,24,Brusque,brusque,Alex Sandro de Oliveira,alex_sandro_de_oliveira,9,45,0,45,1T,Normal
234,2022,B,24,Ponte Preta,ponte_preta,Elvis Vieira Araujo,elvis_vieira_araujo,62,18,0,63,2T,Normal
234,2022,B,24,Brusque,brusque,Gerson Rodolfo da Silva,gerson_rodolfo_da_silva,5,40,0,85,2T,Normal
235,2022,B,24,Novorizontino,novorizontino,Ronaldo Henrique Silva,ronaldo_henrique_silva,9,10,0,10,1T,Normal
235,2022,B,24,Criciúma,criciuma,Hygor Cleber Garcia Silva,hygor_cleber_garcia_silva,11,45,1,46,1T,Normal
235,2022,B,24,Novorizontino,novorizontino,Ronaldo Henrique Silva,ronaldo_henrique_silva,9,6,0,51,2T,Normal
235,2022,B,24,Novorizontino,novorizontino,Douglas Baggio de Oliveira Costa,douglas_baggio_de_oliveira_costa,7,13,0,58,2T,Normal
236,2022,B,24,Operário,operario,Paulo Sergio Luiz de Souza,paulo_sergio_luiz_de_souza,18,35,0,80,2T,Normal
236,2022,B,24,Sampaio Corrêa,sampaio_correa,Gabriel Buscariol Poveda,gabriel_buscariol_poveda,9,90,3,93,2T,Normal
237,2022,B,24,Vasco da Gama,vasco_da_gama,Andrey Nascimento dos Santos,andrey_nascimento_dos_santos,8,4,0,4,1T,Normal
237,2022,B,24,Vasco da Gama,vasco_da_gama,Marlon Gomes Claudino,marlon_gomes_claudino,25,39,0,39,1T,Normal
237,2022,B,24,Vasco da Gama,vasco_da_gama,Andrey Nascimento dos Santos,andrey_nascimento_dos_santos,8,27,0,72,2T,Normal
237,2022,B,24,Tombense,tombense,Matheus Henrique Frizzo,matheus_henrique_frizzo,16,40,0,85,2T,Normal
238,2022,B,24,Bahia,bahia,Matheus Alvarenga de Oliveira,matheus_alvarenga_de_oliveira,88,23,0,68,2T,Normal
238,2022,B,24,Bahia,bahia,Matheus Alvarenga de Oliveira,matheus_alvarenga_de_oliveira,88,41,0,86,2T,Normal
239,2022,B,24,Chapecoense,chapecoense,Felipe de Figueiredo Ferreira,felipe_de_figueiredo_ferreira,94,5,0,5,1T,Normal
239,2022,B,24,Cruzeiro Saf,cruzeiro_saf,Lucas da Cruz Oliveira,lucas_da_cruz_oliveira,26,3,0,48,2T,Normal
241,2022,B,25,Ponte Preta,ponte_preta,Jefferson Gabriel Nascimento Brito,jefferson_gabriel_nascimento_brito,20,35,0,80,2T,Normal
242,2022,B,25,Csa,csa,Lucas Cavalcante Silva Afonso,lucas_cavalcante_silva_afonso,33,2,0,2,1T,Normal
242,2022,B,25,Csa,csa,Lucas Barcelos Damacena,lucas_barcelos_damacena,9,24,0,24,1T,Normal
243,2022,B,25,Vila Nova,vila_nova,Rafael Ferreira Donato,rafael_ferreira_donato,5,17,0,17,1T,Gol Contra
243,2022,B,25,Vila Nova,vila_nova,Wagner Ferreira dos Santos,wagner_ferreira_dos_santos,17,33,0,78,2T,Normal
243,2022,B,25,Vila Nova,vila_nova,Rafael Ferreira Donato,rafael_ferreira_donato,5,45,0,90,2T,Normal
245,2022,B,25,Ituano,ituano,Rafael Elias da Silva,rafael_elias_da_silva,9,45,2,47,1T,Normal
246,2022,B,25,Bahia,bahia,Matheus Alvarenga de Oliveira,matheus_alvarenga_de_oliveira,88,18,0,18,1T,Normal
246,2022,B,25,Londrina,londrina,Gabriel dos Santos Francisco,gabriel_dos_santos_francisco,7,90,4,94,2T,Normal
247,2022,B,25,Cruzeiro Saf,cruzeiro_saf,Luvannor Henrique de Sousa Silva,luvannor_henrique_de_sousa_silva,90,17,0,17,1T,Normal
247,2022,B,25,Grêmio,gremio,Diego de Souza Andrade,diego_de_souza_andrade,29,40,0,40,1T,Normal
247,2022,B,25,Grêmio,gremio,Joao Paulo de Souza Mares,joao_paulo_de_souza_mares,39,1,0,46,2T,Normal
247,2022,B,25,Cruzeiro Saf,cruzeiro_saf,Rafael da Silva,rafael_da_silva,17,27,0,72,2T,Normal
248,2022,B,25,Crb,crb,Rafael Vinicius Carvalho Longuine,rafael_vinicius_carvalho_longuine,10,15,0,15,1T,Normal
248,2022,B,25,Crb,crb,Welington Pereira Rodrigues,welington_pereira_rodrigues,3,20,0,20,1T,Gol Contra
248,2022,B,25,Crb,crb,Fabio Augusto Luciano da Silva,fabio_augusto_luciano_da_silva,11,38,0,83,2T,Normal
249,2022,B,25,Tombense,tombense,Everton Galdino Moreira,everton_galdino_moreira,7,18,0,18,1T,Normal
250,2022,B,25,Chapecoense,chapecoense,Alisson Alves Farias,alisson_alves_farias,10,41,0,86,2T,Normal
251,2022,B,26,Guarani,guarani,Yuri Jonathan Vitor Coelho,yuri_jonathan_vitor_coelho,9,42,0,42,1T,Normal
251,2022,B,26,Tombense,tombense,Ednei Barbosa de Souza,ednei_barbosa_de_souza,3,7,0,52,2T,Normal
251,2022,B,26,Guarani,guarani,Edson Guilherme Mendes dos Santos,edson_guilherme_mendes_dos_santos,88,10,0,55,2T,Normal
253,2022,B,26,Sport,sport,Facundo Labandeira Castro,facundo_labandeira_castro,30,24,0,69,2T,Normal
254,2022,B,26,Londrina,londrina,Douglas Coutinho Gomes de Souza,douglas_coutinho_gomes_de_souza,17,14,0,14,1T,Normal
255,2022,B,26,Novorizontino,novorizontino,Ligger Moreira Malaquias,ligger_moreira_malaquias,4,10,0,10,1T,Normal
255,2022,B,26,Ponte Preta,ponte_preta,Lucca Borges de Brito,lucca_borges_de_brito,10,43,0,88,2T,Normal
257,2022,B,26,Ituano,ituano,Lucas Vinicius Dias Costa,lucas_vinicius_dias_costa,3,41,0,86,2T,Normal
258,2022,B,26,Bahia,bahia,Ricardo Goulart Pereira,ricardo_goulart_pereira,16,18,0,18,1T,Gol Contra
258,2022,B,26,Vasco da Gama S.a.f.,vasco_da_gama_s_a_f,Juan Sebastian Quintero Fletcher,juan_sebastian_quintero_fletcher,2,40,0,40,1T,Gol Contra
258,2022,B,26,Bahia,bahia,Ricardo Goulart Pereira,ricardo_goulart_pereira,16,45,1,46,1T,Normal
259,2022,B,26,Cruzeiro Saf,cruzeiro_saf,Eduardo Nascimento da Silva Junior,eduardo_nascimento_da_silva_junior,99,24,0,24,1T,Normal
259,2022,B,26,Cruzeiro Saf,cruzeiro_saf,Eduardo Schroeder Brock,eduardo_schroeder_brock,14,22,0,67,2T,Normal
259,2022,B,26,Cruzeiro Saf,cruzeiro_saf,Lincoln Correa dos Santos,lincoln_correa_dos_santos,12,35,0,80,2T,Penalty
259,2022,B,26,Cruzeiro Saf,cruzeiro_saf,Jair Diego Alves de Brito,jair_diego_alves_de_brito,18,41,0,86,2T,Normal
261,2022,B,27,Ponte Preta,ponte_preta,Wallisson Luiz Alves Maximo,wallisson_luiz_alves_maximo,25,43,0,43,1T,Normal
261,2022,B,27,Ponte Preta,ponte_preta,Lucca Borges de Brito,lucca_borges_de_brito,10,10,0,55,2T,Normal
262,2022,B,27,Csa,csa,Elton Rodrigues Brandao,elton_rodrigues_brandao,17,5,0,50,2T,Normal
262,2022,B,27,Csa,csa,Lucas Barcelos Damacena,lucas_barcelos_damacena,9,23,0,68,2T,Normal
263,2022,B,27,Sport,sport,Gustavo Coutinho Silva Lopes,gustavo_coutinho_silva_lopes,91,42,0,87,2T,Normal
264,2022,B,27,Criciúma,criciuma,Caio Henrique da Silva Dantas,caio_henrique_da_silva_dantas,9,12,0,12,1T,Normal
264,2022,B,27,Criciúma,criciuma,Rafael Bilu Mudesto,rafael_bilu_mudesto,19,41,0,86,2T,Penalty
266,2022,B,27,Londrina,londrina,Alan Luciano Ruschel,alan_luciano_ruschel,6,90,1,91,2T,Normal
267,2022,B,27,Vasco da Gama S.a.f.,vasco_da_gama_s_a_f,Anderson Luis de Carvalho,anderson_luis_de_carvalho,10,19,0,19,1T,Penalty
267,2022,B,27,Vasco da Gama S.a.f.,vasco_da_gama_s_a_f,Eguinaldo de Sousa Lemos,eguinaldo_de_sousa_lemos,21,1,0,46,2T,Normal
267,2022,B,27,Vasco da Gama S.a.f.,vasco_da_gama_s_a_f,Anderson Conceição Benedito,anderson_conceicao_benedito,4,6,0,51,2T,Gol Contra
268,2022,B,27,Cruzeiro Saf,cruzeiro_saf,Eduardo Nascimento da Silva Junior,eduardo_nascimento_da_silva_junior,99,1,0,1,1T,Normal
268,2022,B,27,Sampaio Corrêa,sampaio_correa,Paulo Sergio Marques Correa,paulo_sergio_marques_correa,3,45,2,47,1T,Normal
269,2022,B,27,Tombense,tombense,Jociel Ferreira da Silva,jociel_ferreira_da_silva,99,45,1,46,1T,Normal
270,2022,B,27,Vila Nova,vila_nova,Van Basty Sousa E Silva,van_basty_sousa_e_silva,15,15,0,15,1T,Gol Contra
270,2022,B,27,Vila Nova,vila_nova,Rafael Ferreira Donato,rafael_ferreira_donato,5,37,0,37,1T,Normal
270,2022,B,27,Vila Nova,vila_nova,Kaio Nunes Ferreira,kaio_nunes_ferreira,11,16,0,61,2T,Normal
271,2022,B,28,Guarani,guarani,Giovanni Augusto Oliveira Cardoso,giovanni_augusto_oliveira_cardoso,10,22,0,22,1T,Penalty
271,2022,B,28,Guarani,guarani,Yuri Jonathan Vitor Coelho,yuri_jonathan_vitor_coelho,9,6,0,51,2T,Normal
271,2022,B,28,Guarani,guarani,Bruno Jose de Souza,bruno_jose_de_souza,17,26,0,71,2T,Normal
272,2022,B,28,Crb,crb,Anselmo Ramon Alves Herculano,anselmo_ramon_alves_herculano,9,22,0,22,1T,Normal
272,2022,B,28,Crb,crb,Fabio Augusto Luciano da Silva,fabio_augusto_luciano_da_silva,20,31,0,76,2T,Normal
273,2022,B,28,Náutico,nautico,Geuvanio Santos da Silva Lima,geuvanio_santos_da_silva_lima,23,32,0,77,2T,Normal
273,2022,B,28,Náutico,nautico,Elierce Barboza de Souza,elierce_barboza_de_souza,8,41,0,86,2T,Penalty
274,2022,B,28,Brusque,brusque,Gabriel Pereira Taliari,gabriel_pereira_taliari,97,26,0,26,1T,Normal
275,2022,B,28,Csa,csa,Hector Miguel Canteros,hector_miguel_canteros,19,25,0,25,1T,Normal
275,2022,B,28,Novorizontino,novorizontino,Helio Cunha Borges,helio_cunha_borges,22,36,0,81,2T,Normal
276,2022,B,28,Operário,operario,Felipe Garcia Goncalves,felipe_garcia_goncalves,23,36,0,81,2T,Normal
277,2022,B,28,Grêmio,gremio,Gabriel Teixeira Aragao,gabriel_teixeira_aragao,17,3,0,3,1T,Normal
277,2022,B,28,Grêmio,gremio,Thaciano Mickael da Silva,thaciano_mickael_da_silva,28,17,0,62,2T,Normal
277,2022,B,28,Vila Nova,vila_nova,Matheus Cotulio Bossa,matheus_cotulio_bossa,7,32,0,77,2T,Normal
278,2022,B,28,Tombense,tombense,Everton Galdino Moreira,everton_galdino_moreira,9,24,0,24,1T,Normal
278,2022,B,28,Bahia,bahia,Lucas Andres Mugni,lucas_andres_mugni,19,9,0,54,2T,Penalty
278,2022,B,28,Bahia,bahia,Francisco Vitor Silva Costa,francisco_vitor_silva_costa,29,12,0,57,2T,Normal
278,2022,B,28,Bahia,bahia,Jonathan Copete Valencia,jonathan_copete_valencia,36,40,0,85,2T,Normal
279,2022,B,28,Criciúma,criciuma,Hygor Cleber Garcia Silva,hygor_cleber_garcia_silva,11,39,0,39,1T,Normal
279,2022,B,28,Cruzeiro Saf,cruzeiro_saf,Bruno Rafael Rodrigues do Nascimento,bruno_rafael_rodrigues_do_nascimento,9,45,0,90,2T,Normal
280,2022,B,28,Chapecoense,chapecoense,Victor Ramos Ferreira,victor_ramos_ferreira,33,6,0,6,1T,Normal
280,2022,B,28,Chapecoense,chapecoense,Chrystian Amaral Barletta de Almeida,chrystian_amaral_barletta_de_almeida,7,18,0,63,2T,Normal
280,2022,B,28,Chapecoense,chapecoense,Chrystian Amaral Barletta de Almeida,chrystian_amaral_barletta_de_almeida,7,29,0,74,2T,Normal
281,2022,B,29,Ponte Preta,ponte_preta,Lucca Borges de Brito,lucca_borges_de_brito,10,10,0,10,1T,Penalty
282,2022,B,29,Crb,crb,Rafael Vinicius Carvalho Longuine,rafael_vinicius_carvalho_longuine,10,33,0,33,1T,Normal
282,2022,B,29,Csa,csa,Lucas Barcelos Damacena,lucas_barcelos_damacena,9,35,0,80,2T,Normal
283,2022,B,29,Náutico,nautico,Geuvanio Santos da Silva Lima,geuvanio_santos_da_silva_lima,23,19,0,64,2T,Normal
285,2022,B,29,Ituano,ituano,Brenner Marlos Varanda de Oliveira,brenner_marlos_varanda_de_oliveira,9,14,0,59,2T,Normal
285,2022,B,29,Ituano,ituano,Gerson Alencar de Lima Junior,gerson_alencar_de_lima_junior,20,31,0,76,2T,Normal
285,2022,B,29,Ituano,ituano,Vinicius de Lima Ferreira,vinicius_de_lima_ferreira,21,44,0,89,2T,Normal
286,2022,B,29,Londrina,londrina,Gustavo Vilar dos Santos,gustavo_vilar_dos_santos,3,4,0,4,1T,Normal
286,2022,B,29,Chapecoense,chapecoense,Pedro Henrique Perotti,pedro_henrique_perotti,9,28,0,73,2T,Normal
286,2022,B,29,Londrina,londrina,Joao Paulo da Silva,joao_paulo_da_silva,5,38,0,83,2T,Penalty
287,2022,B,29,Vasco da Gama S.a.f.,vasco_da_gama_s_a_f,Leonardo de Matos Cruz,leonardo_de_matos_cruz,3,4,0,4,1T,Normal
287,2022,B,29,Grêmio,gremio,Joao Paulo de Souza Mares,joao_paulo_de_souza_mares,39,10,0,10,1T,Normal
287,2022,B,29,Grêmio,gremio,Thaciano Mickael da Silva,thaciano_mickael_da_silva,28,19,0,19,1T,Normal
288,2022,B,29,Novorizontino,novorizontino,Ronald Sant Anna Rodrigues,ronald_sant_anna_rodrigues,9,24,0,69,2T,Normal
288,2022,B,29,Sampaio Corrêa,sampaio_correa,Gabriel Buscariol Poveda,gabriel_buscariol_poveda,9,43,0,88,2T,Normal
288,2022,B,29,Sampaio Corrêa,sampaio_correa,Rafael Costa dos Santos,rafael_costa_dos_santos,19,90,6,96,2T,Normal
289,2022,B,29,Cruzeiro Saf,cruzeiro_saf,Eduardo Nascimento da Silva Junior,eduardo_nascimento_da_silva_junior,99,45,2,47,1T,Normal
290,2022,B,29,Guarani,guarani,Giovanni Augusto Oliveira Cardoso,giovanni_augusto_oliveira_cardoso,10,45,2,47,1T,Normal
290,2022,B,29,Vila Nova,vila_nova,Lucas Baptista Felix,lucas_baptista_felix,10,9,0,54,2T,Normal
290,2022,B,29,Vila Nova,vila_nova,Matheus Mancini,matheus_mancini,14,44,0,89,2T,Normal
291,2022,B,30,Ponte Preta,ponte_preta,Elvis Vieira Araujo,elvis_vieira_araujo,62,26,0,26,1T,Falta
291,2022,B,30,Ituano,ituano,Mario Sergio Valerio,mario_sergio_valerio,6,42,0,42,1T,Normal
292,2022,B,30,Cruzeiro Saf,cruzeiro_saf,Stenio Zanetti Toledo,stenio_zanetti_toledo,22,7,0,52,2T,Normal
292,2022,B,30,Cruzeiro Saf,cruzeiro_saf,Bruno Rafael Rodrigues do Nascimento,bruno_rafael_rodrigues_do_nascimento,9,45,0,90,2T,Normal
293,2022,B,30,Sport,sport,Gustavo Coutinho Silva Lopes,gustavo_coutinho_silva_lopes,91,20,0,65,2T,Normal
294,2022,B,30,Vila Nova,vila_nova,Wagner Ferreira dos Santos,wagner_ferreira_dos_santos,17,2,0,2,1T,Normal
295,2022,B,30,Novorizontino,novorizontino,Douglas Baggio de Oliveira Costa,douglas_baggio_de_oliveira_costa,7,23,0,23,1T,Normal
295,2022,B,30,Novorizontino,novorizontino,Gustavo Costa da Silva Machado,gustavo_costa_da_silva_machado,11,32,0,32,1T,Normal
296,2022,B,30,Guarani,guarani,Yuri Jonathan Vitor Coelho,yuri_jonathan_vitor_coelho,9,20,0,20,1T,Normal
297,2022,B,30,Vasco da Gama S.a.f.,vasco_da_gama_s_a_f,Raniel Santana de Vasconcelos,raniel_santana_de_vasconcelos,9,33,0,33,1T,Penalty
297,2022,B,30,Vasco da Gama S.a.f.,vasco_da_gama_s_a_f,Eguinaldo de Sousa Lemos,eguinaldo_de_sousa_lemos,21,38,0,38,1T,Normal
297,2022,B,30,Vasco da Gama S.a.f.,vasco_da_gama_s_a_f,Andrey Nascimento dos Santos,andrey_nascimento_dos_santos,8,2,0,47,2T,Normal
297,2022,B,30,Náutico,nautico,Everton Sidnei de Brito,everton_sidnei_de_brito,15,27,0,72,2T,Normal
297,2022,B,30,Vasco da Gama S.a.f.,vasco_da_gama_s_a_f,Lucas Figueiredo dos Santos,lucas_figueiredo_dos_santos,15,43,0,88,2T,Normal
298,2022,B,30,Sampaio Corrêa,sampaio_correa,Ygor de Oliveira Ferreira,ygor_de_oliveira_ferreira,7,36,0,36,1T,Normal
298,2022,B,30,Criciúma,criciuma,Luiz Carlos Marques Lima,luiz_carlos_marques_lima,21,38,0,83,2T,Normal
299,2022,B,30,Londrina,londrina,Danilo de Souza Lima,danilo_de_souza_lima,7,18,0,18,1T,Normal
299,2022,B,30,Tombense,tombense,Jociel Ferreira da Silva,jociel_ferreira_da_silva,99,39,0,84,2T,Normal
300,2022,B,30,Chapecoense,chapecoense,Pedro Henrique Perotti,pedro_henrique_perotti,9,90,1,91,2T,Normal
301,2022,B,31,Guarani,guarani,Isaque Elias Brito,isaque_elias_brito,21,14,0,14,1T,Normal
301,2022,B,31,Guarani,guarani,Yuri Jonathan Vitor Coelho,yuri_jonathan_vitor_coelho,9,42,0,42,1T,Normal
302,2022,B,31,Csa,csa,Elton Rodrigues Brandao,elton_rodrigues_brandao,90,35,0,35,1T,Normal
302,2022,B,31,Csa,csa,Lucas Barcelos Damacena,lucas_barcelos_damacena,9,40,0,40,1T,Normal
303,2022,B,31,Náutico,nautico,Julio Rodrigues de Albuquerque,julio_rodrigues_de_albuquerque,21,5,0,5,1T,Normal
303,2022,B,31,Sampaio Corrêa,sampaio_correa,Gabriel Buscariol Poveda,gabriel_buscariol_poveda,9,39,0,39,1T,Normal
303,2022,B,31,Sampaio Corrêa,sampaio_correa,Rafael Costa dos Santos,rafael_costa_dos_santos,19,42,0,87,2T,Normal
303,2022,B,31,Sampaio Corrêa,sampaio_correa,Nadson da Silva Mesquita,nadson_da_silva_mesquita,17,90,4,94,2T,Normal
304,2022,B,31,Criciúma,criciuma,Hygor Cleber Garcia Silva,hygor_cleber_garcia_silva,11,31,0,31,1T,Normal
304,2022,B,31,Criciúma,criciuma,Fellipe Mateus de Sena Araujo,fellipe_mateus_de_sena_araujo,7,36,0,81,2T,Penalty
305,2022,B,31,Ituano,ituano,Brenner Marlos Varanda de Oliveira,brenner_marlos_varanda_de_oliveira,9,7,0,7,1T,Normal
305,2022,B,31,Ituano,ituano,Aylon Darwin Tavella,aylon_darwin_tavella,21,41,0,86,2T,Normal
306,2022,B,31,Ponte Preta,ponte_preta,Lucca Borges de Brito,lucca_borges_de_brito,10,15,0,60,2T,Normal
306,2022,B,31,Ponte Preta,ponte_preta,Lucas Ribamar Lopes dos Santos Bibiano,lucas_ribamar_lopes_dos_santos_bibiano,14,90,4,94,2T,Normal
307,2022,B,31,Grêmio,gremio,Gabriel Teixeira Aragao,gabriel_teixeira_aragao,17,6,0,51,2T,Normal
307,2022,B,31,Grêmio,gremio,Lucas Pezzini Leiva,lucas_pezzini_leiva,15,13,0,58,2T,Normal
307,2022,B,31,Grêmio,gremio,Joao Paulo de Souza Mares,joao_paulo_de_souza_mares,39,28,0,73,2T,Normal
308,2022,B,31,Operário,operario,Javier Arley Reina Calvo,javier_arley_reina_calvo,10,20,0,20,1T,Normal
308,2022,B,31,Operário,operario,Jose Brandao Goncalves Junior,jose_brandao_goncalves_junior,9,22,0,22,1T,Normal
308,2022,B,31,Bahia,bahia,Ricardo Goulart Pereira,ricardo_goulart_pereira,16,43,0,43,1T,Normal
308,2022,B,31,Bahia,bahia,Ignacio da Silva Oliveira,ignacio_da_silva_oliveira,4,45,0,90,2T,Normal
309,2022,B,31,Cruzeiro Saf,cruzeiro_saf,Luiz Filipe da Rosa Machado,luiz_filipe_da_rosa_machado,23,24,0,24,1T,Normal
309,2022,B,31,Cruzeiro Saf,cruzeiro_saf,Eduardo Nascimento da Silva Junior,eduardo_nascimento_da_silva_junior,99,13,0,58,2T,Normal
309,2022,B,31,Cruzeiro Saf,cruzeiro_saf,Luvannor Henrique de Sousa Silva,luvannor_henrique_de_sousa_silva,90,40,0,85,2T,Normal
310,2022,B,31,Vila Nova,vila_nova,Altemir Cordeiro Pessôa Neto,altemir_cordeiro_pessoa_neto,9,3,0,48,2T,Penalty
311,2022,B,32,Ponte Preta,ponte_preta,Felipe Amaral Casarin Damasceno,felipe_amaral_casarin_damasceno,19,17,0,17,1T,Normal
311,2022,B,32,Cruzeiro Saf,cruzeiro_saf,Jose Ivaldo Almeida Silva,jose_ivaldo_almeida_silva,5,45,2,47,1T,Normal
311,2022,B,32,Cruzeiro Saf,cruzeiro_saf,Eduardo Nascimento da Silva Junior,eduardo_nascimento_da_silva_junior,99,22,0,67,2T,Normal
311,2022,B,32,Cruzeiro Saf,cruzeiro_saf,Rafael da Silva,rafael_da_silva,17,35,0,80,2T,Normal
311,2022,B,32,Cruzeiro Saf,cruzeiro_saf,Rafael da Silva,rafael_da_silva,17,43,0,88,2T,Normal
312,2022,B,32,Csa,csa,Osvaldo Lourenco Filho,osvaldo_lourenco_filho,11,17,0,17,1T,Normal
312,2022,B,32,Guarani,guarani,Isaque Elias Brito,isaque_elias_brito,21,26,0,26,1T,Normal
312,2022,B,32,Guarani,guarani,Yuri Jonathan Vitor Coelho,yuri_jonathan_vitor_coelho,9,1,0,46,2T,Normal
313,2022,B,32,Náutico,nautico,Geuvanio Santos da Silva Lima,geuvanio_santos_da_silva_lima,23,6,0,6,1T,Normal
313,2022,B,32,Sport,sport,Fabio Goncalves,fabio_goncalves,7,20,0,20,1T,Normal
313,2022,B,32,Sport,sport,Vagner Silva de Souza,vagner_silva_de_souza,99,17,0,62,2T,Normal
314,2022,B,32,Criciúma,criciuma,Hygor Cleber Garcia Silva,hygor_cleber_garcia_silva,11,15,0,60,2T,Normal
314,2022,B,32,Criciúma,criciuma,Marcelo Hermes,marcelo_hermes,16,25,0,70,2T,Normal
315,2022,B,32,Ituano,ituano,Brenner Marlos Varanda de Oliveira,brenner_marlos_varanda_de_oliveira,9,16,0,61,2T,Normal
316,2022,B,32,Operário,operario,Paulo Victor Ferreira de Jesus,paulo_victor_ferreira_de_jesus,7,18,0,18,1T,Normal
316,2022,B,32,Vila Nova,vila_nova,Felipe Garcia Goncalves,felipe_garcia_goncalves,9,41,0,41,1T,Normal
317,2022,B,32,Vasco da Gama S.a.f.,vasco_da_gama_s_a_f,Andrey Nascimento dos Santos,andrey_nascimento_dos_santos,8,12,0,12,1T,Normal
317,2022,B,32,Londrina,londrina,Mauricio Caprini Pinto,mauricio_caprini_pinto,11,39,0,39,1T,Normal
318,2022,B,32,Sampaio Corrêa,sampaio_correa,Rafael Oliveira Silva,rafael_oliveira_silva,10,15,0,15,1T,Normal
318,2022,B,32,Sampaio Corrêa,sampaio_correa,Gabriel Buscariol Poveda,gabriel_buscariol_poveda,9,11,0,56,2T,Normal
318,2022,B,32,Grêmio,gremio,Elkeson de Oliveira Cardoso,elkeson_de_oliveira_cardoso,9,36,0,81,2T,Normal
319,2022,B,32,Tombense,tombense,Marcondes de Jesus Santos Junior,marcondes_de_jesus_santos_junior,3,45,3,48,1T,Normal
319,2022,B,32,Tombense,tombense,Jean Lucas Figueiredo,jean_lucas_figueiredo,10,39,0,84,2T,Normal
320,2022,B,32,Bahia,bahia,Luiz Henrique dos Santos Junior,luiz_henrique_dos_santos_junior,6,41,0,41,1T,Normal
320,2022,B,32,Chapecoense,chapecoense,Thomas Jaguaribe Bedinelli,thomas_jaguaribe_bedinelli,30,3,0,48,2T,Normal
320,2022,B,32,Chapecoense,chapecoense,Willian Popp,willian_popp,19,24,0,69,2T,Normal
320,2022,B,32,Chapecoense,chapecoense,Mailton dos Santos de Sa,mailton_dos_santos_de_sa,12,90,2,92,2T,Normal
321,2022,B,33,Guarani,guarani,João Victor Carroll Santana,joao_victor_carroll_santana,28,26,0,71,2T,Normal
322,2022,B,33,Crb,crb,Anselmo Ramon Alves Herculano,anselmo_ramon_alves_herculano,9,14,0,14,1T,Penalty
322,2022,B,33,Crb,crb,Anselmo Ramon Alves Herculano,anselmo_ramon_alves_herculano,9,11,0,56,2T,Normal
322,2022,B,33,Chapecoense,chapecoense,Alexandre Rodrigues Soares,alexandre_rodrigues_soares,4,31,0,76,2T,Normal
323,2022,B,33,Tombense,tombense,Kleiton Pego Duarte,kleiton_pego_duarte,11,10,0,10,1T,Normal
323,2022,B,33,Náutico,nautico,Wellington da Silva Pinto,wellington_da_silva_pinto,3,16,0,16,1T,Normal
323,2022,B,33,Náutico,nautico,Victor Ferraz Macedo,victor_ferraz_macedo,4,30,0,30,1T,Normal
323,2022,B,33,Náutico,nautico,Everton Sidnei de Brito,everton_sidnei_de_brito,15,41,0,41,1T,Normal
323,2022,B,33,Tombense,tombense,Igor Henrique Martins Machado,igor_henrique_martins_machado,19,19,0,64,2T,Normal
323,2022,B,33,Tombense,tombense,Jean Lucas Figueiredo,jean_lucas_figueiredo,10,28,0,73,2T,Penalty
323,2022,B,33,Náutico,nautico,Jean Carlos Vicente,jean_carlos_vicente,10,35,0,80,2T,Normal
324,2022,B,33,Sport,sport,Wanderson Cristaldo Farias,wanderson_cristaldo_farias,77,44,0,89,2T,Normal
325,2022,B,33,Bahia,bahia,Francisco Vitor Silva Costa,francisco_vitor_silva_costa,29,20,0,20,1T,Normal
325,2022,B,33,Novorizontino,novorizontino,Ronaldo Henrique Silva,ronaldo_henrique_silva,9,42,0,42,1T,Normal
326,2022,B,33,Operário,operario,Javier Arley Reina Calvo,javier_arley_reina_calvo,10,14,0,14,1T,Normal
326,2022,B,33,Vasco da Gama S.a.f.,vasco_da_gama_s_a_f,Bruno Nunes de Barros,bruno_nunes_de_barros,27,18,0,63,2T,Normal
326,2022,B,33,Operário,operario,Paulo Victor Ferreira de Jesus,paulo_victor_ferreira_de_jesus,7,30,0,75,2T,Normal
326,2022,B,33,Vasco da Gama S.a.f.,vasco_da_gama_s_a_f,Alex Teixeira Santos,alex_teixeira_santos,7,44,0,89,2T,Normal
326,2022,B,33,Vasco da Gama S.a.f.,vasco_da_gama_s_a_f,Alex Teixeira Santos,alex_teixeira_santos,7,90,5,95,2T,Normal
327,2022,B,33,Grêmio,gremio,Lucas Pezzini Leiva,lucas_pezzini_leiva,15,13,0,13,1T,Normal
327,2022,B,33,Grêmio,gremio,Diego de Souza Andrade,diego_de_souza_andrade,29,19,0,19,1T,Normal
328,2022,B,33,Sampaio Corrêa,sampaio_correa,Gabriel Buscariol Poveda,gabriel_buscariol_poveda,9,1,0,1,1T,Normal
328,2022,B,33,Ponte Preta,ponte_preta,Luis Otavio de Oliveira,luis_otavio_de_oliveira,29,17,0,62,2T,Normal
328,2022,B,33,Sampaio Corrêa,sampaio_correa,Rafael Costa dos Santos,rafael_costa_dos_santos,19,41,0,86,2T,Normal
329,2022,B,33,Cruzeiro Saf,cruzeiro_saf,Eduardo Nascimento da Silva Junior,eduardo_nascimento_da_silva_junior,99,6,0,6,1T,Normal
329,2022,B,33,Ituano,ituano,Gabriel de Sousa Barros,gabriel_de_sousa_barros,11,9,0,9,1T,Normal
330,2022,B,33,Vila Nova,vila_nova,Arthur Rodrigues Rezende,arthur_rodrigues_rezende,8,41,0,86,2T,Penalty
331,2022,B,34,Ponte Preta,ponte_preta,Wallisson Luiz Alves Maximo,wallisson_luiz_alves_maximo,25,8,0,53,2T,Normal
331,2022,B,34,Vila Nova,vila_nova,Altemir Cordeiro Pessôa Neto,altemir_cordeiro_pessoa_neto,9,90,2,92,2T,Normal
333,2022,B,34,Sport,sport,Francisco Alves da Silva Neto,francisco_alves_da_silva_neto,44,20,0,20,1T,Normal
333,2022,B,34,Sport,sport,Vagner Silva de Souza,vagner_silva_de_souza,99,39,0,39,1T,Normal
333,2022,B,34,Cruzeiro Saf,cruzeiro_saf,Bruno Rafael Rodrigues do Nascimento,bruno_rafael_rodrigues_do_nascimento,9,10,0,55,2T,Normal
333,2022,B,34,Sport,sport,Facundo Labandeira Castro,facundo_labandeira_castro,30,32,0,77,2T,Normal
334,2022,B,34,Criciúma,criciuma,Hygor Cleber Garcia Silva,hygor_cleber_garcia_silva,11,20,0,20,1T,Normal
334,2022,B,34,Náutico,nautico,Everton Sidnei de Brito,everton_sidnei_de_brito,15,27,0,27,1T,Normal
334,2022,B,34,Criciúma,criciuma,Lohan dos Santos Freire,lohan_dos_santos_freire,19,33,0,78,2T,Normal
335,2022,B,34,Ituano,ituano,Gabriel de Sousa Barros,gabriel_de_sousa_barros,11,24,0,24,1T,Normal
335,2022,B,34,Guarani,guarani,Lucas Ramon Batista Silva,lucas_ramon_batista_silva,19,19,0,64,2T,Normal
335,2022,B,34,Ituano,ituano,Carlos Eduardo de Souza Vieira,carlos_eduardo_de_souza_vieira,13,41,0,86,2T,Normal
336,2022,B,34,Grêmio,gremio,Diego de Souza Andrade,diego_de_souza_andrade,29,42,0,42,1T,Normal
336,2022,B,34,Londrina,londrina,Joao Paulo da Silva,joao_paulo_da_silva,5,40,0,85,2T,Penalty
337,2022,B,34,Vasco da Gama S.a.f.,vasco_da_gama_s_a_f,Lucas Figueiredo dos Santos,lucas_figueiredo_dos_santos,15,45,0,45,1T,Normal
337,2022,B,34,Vasco da Gama S.a.f.,vasco_da_gama_s_a_f,Marlon Gomes Claudino,marlon_gomes_claudino,25,1,0,46,2T,Normal
337,2022,B,34,Vasco da Gama S.a.f.,vasco_da_gama_s_a_f,Leonardo de Matos Cruz,leonardo_de_matos_cruz,3,43,0,88,2T,Normal
338,2022,B,34,Bahia,bahia,Francisco Vitor Silva Costa,francisco_vitor_silva_costa,29,42,0,42,1T,Normal
339,2022,B,34,Tombense,tombense,Jociel Ferreira da Silva,jociel_ferreira_da_silva,99,13,0,58,2T,Penalty
339,2022,B,34,Crb,crb,Wellington Carvalho dos Santos,wellington_carvalho_dos_santos,15,18,0,63,2T,Normal
339,2022,B,34,Crb,crb,Emerson Ramon Bezerra Oliveira,emerson_ramon_bezerra_oliveira,11,22,0,67,2T,Normal
340,2022,B,34,Chapecoense,chapecoense,Pedro Henrique Perotti,pedro_henrique_perotti,9,41,0,41,1T,Normal
340,2022,B,34,Operário,operario,Ricardo Ribeiro de Lima,ricardo_ribeiro_de_lima,5,43,0,43,1T,Normal
341,2022,B,35,Guarani,guarani,Richard Rios Montoya,richard_rios_montoya,18,42,0,87,2T,Normal
342,2022,B,35,Csa,csa,Jonathan Francisco Lemos,jonathan_francisco_lemos,22,12,0,57,2T,Gol Contra
343,2022,B,35,Sport,sport,Facundo Labandeira Castro,facundo_labandeira_castro,30,19,0,64,2T,Normal
343,2022,B,35,Vasco da Gama S.a.f.,vasco_da_gama_s_a_f,Raniel Santana de Vasconcelos,raniel_santana_de_vasconcelos,9,90,4,94,2T,Penalty
344,2022,B,35,Criciúma,criciuma,Rodrigo Fagundes de Freitas,rodrigo_fagundes_de_freitas,3,34,0,34,1T,Normal
344,2022,B,35,Criciúma,criciuma,Romulo da Silva Machado,romulo_da_silva_machado,17,13,0,58,2T,Normal
344,2022,B,35,Criciúma,criciuma,Romulo da Silva Machado,romulo_da_silva_machado,17,19,0,64,2T,Normal
345,2022,B,35,Novorizontino,novorizontino,Douglas Baggio de Oliveira Costa,douglas_baggio_de_oliveira_costa,7,20,0,20,1T,Normal
345,2022,B,35,Novorizontino,novorizontino,Douglas Baggio de Oliveira Costa,douglas_baggio_de_oliveira_costa,7,35,0,35,1T,Normal
345,2022,B,35,Novorizontino,novorizontino,Ronald Sant Anna Rodrigues,ronald_sant_anna_rodrigues,23,8,0,53,2T,Normal
345,2022,B,35,Novorizontino,novorizontino,Diego Fabian Torres,diego_fabian_torres,10,26,0,71,2T,Normal
345,2022,B,35,Novorizontino,novorizontino,Romulo Azevedo Simao,romulo_azevedo_simao,20,32,0,77,2T,Normal
345,2022,B,35,Novorizontino,novorizontino,Helio Cunha Borges,helio_cunha_borges,22,34,0,79,2T,Normal
347,2022,B,35,Bahia,bahia,Lucas Andres Mugni,lucas_andres_mugni,19,45,3,48,1T,Normal
347,2022,B,35,Grêmio,gremio,Thiago dos Santos,thiago_dos_santos,5,38,0,83,2T,Normal
348,2022,B,35,Sampaio Corrêa,sampaio_correa,Lucas Araujo de Oliveira,lucas_araujo_de_oliveira,5,11,0,11,1T,Normal
348,2022,B,35,Chapecoense,chapecoense,Willian Popp,willian_popp,19,43,0,43,1T,Normal
348,2022,B,35,Sampaio Corrêa,sampaio_correa,Gabriel Buscariol Poveda,gabriel_buscariol_poveda,9,17,0,62,2T,Penalty
350,2022,B,35,Vila Nova,vila_nova,Matheus Cotulio Bossa,matheus_cotulio_bossa,7,28,0,73,2T,Normal
351,2022,B,36,Csa,csa,Rodrigo Rodrigues Silva,rodrigo_rodrigues_silva,99,1,0,1,1T,Normal
351,2022,B,36,Csa,csa,Rodrigo Rodrigues Silva,rodrigo_rodrigues_silva,99,43,0,43,1T,Normal
352,2022,B,36,Crb,crb,Fabio Augusto Luciano da Silva,fabio_augusto_luciano_da_silva,7,7,0,7,1T,Normal
352,2022,B,36,Operário,operario,Paulo Victor Ferreira de Jesus,paulo_victor_ferreira_de_jesus,7,20,0,20,1T,Normal
352,2022,B,36,Crb,crb,Welington Pereira Rodrigues,welington_pereira_rodrigues,3,24,0,69,2T,Normal
353,2022,B,36,Grêmio,gremio,Joao Paulo de Souza Mares,joao_paulo_de_souza_mares,39,25,0,25,1T,Normal
353,2022,B,36,Grêmio,gremio,Lucas Pezzini Leiva,lucas_pezzini_leiva,15,16,0,61,2T,Normal
353,2022,B,36,Grêmio,gremio,Joao Paulo de Souza Mares,joao_paulo_de_souza_mares,39,22,0,67,2T,Normal
354,2022,B,36,Novorizontino,novorizontino,Diego Fabian Torres,diego_fabian_torres,10,16,0,16,1T,Normal
354,2022,B,36,Brusque,brusque,Everton Paulo Strieder,everton_paulo_strieder,4,45,0,45,1T,Normal
354,2022,B,36,Brusque,brusque,Wallace Reis Silva,wallace_reis_silva,40,16,0,61,2T,Normal
354,2022,B,36,Novorizontino,novorizontino,Gustavo Costa da Silva Machado,gustavo_costa_da_silva_machado,11,31,0,76,2T,Normal
355,2022,B,36,Ituano,ituano,Vinicius dos Santos de Oliveira Paiva,vinicius_dos_santos_de_oliveira_paiva,17,41,0,86,2T,Normal
356,2022,B,36,Sport,sport,Vagner Silva de Souza,vagner_silva_de_souza,99,38,0,38,1T,Normal
356,2022,B,36,Londrina,londrina,Geirton Marques Aires,geirton_marques_aires,7,6,0,51,2T,Normal
356,2022,B,36,Londrina,londrina,Mauricio Caprini Pinto,mauricio_caprini_pinto,11,42,0,87,2T,Normal
357,2022,B,36,Criciúma,criciuma,Hygor Cleber Garcia Silva,hygor_cleber_garcia_silva,11,34,0,34,1T,Normal
357,2022,B,36,Vasco da Gama S.a.f.,vasco_da_gama_s_a_f,Anderson Luis de Carvalho,anderson_luis_de_carvalho,10,29,0,74,2T,Normal
357,2022,B,36,Vasco da Gama S.a.f.,vasco_da_gama_s_a_f,Fabio Roberto Gomes Netto,fabio_roberto_gomes_netto,97,42,0,87,2T,Normal
358,2022,B,36,Vila Nova,vila_nova,Altemir Cordeiro Pessôa Neto,altemir_cordeiro_pessoa_neto,9,1,0,46,2T,Normal
358,2022,B,36,Bahia,bahia,Matheus Alvarenga de Oliveira,matheus_alvarenga_de_oliveira,88,23,0,68,2T,Normal
359,2022,B,36,Guarani,guarani,Isaque Elias Brito,isaque_elias_brito,21,10,0,55,2T,Normal
360,2022,B,36,Chapecoense,chapecoense,Pedro Henrique Perotti,pedro_henrique_perotti,9,14,0,14,1T,Normal
360,2022,B,36,Tombense,tombense,Renato Ribeiro Calixto Aguiar,renato_ribeiro_calixto_aguiar,7,16,0,16,1T,Normal
360,2022,B,36,Tombense,tombense,Everton Galdino Moreira,everton_galdino_moreira,9,37,0,37,1T,Normal
360,2022,B,36,Chapecoense,chapecoense,Pedro Henrique Perotti,pedro_henrique_perotti,9,6,0,51,2T,Normal
360,2022,B,36,Chapecoense,chapecoense,Felipe de Figueiredo Ferreira,felipe_de_figueiredo_ferreira,94,30,0,75,2T,Normal
361,2022,B,37,Ponte Preta,ponte_preta,Lucca Borges de Brito,lucca_borges_de_brito,9,45,3,48,1T,Penalty
361,2022,B,37,Criciúma,criciuma,Hygor Cleber Garcia Silva,hygor_cleber_garcia_silva,11,45,4,49,1T,Normal
362,2022,B,37,Csa,csa,Rodrigo Rodrigues Silva,rodrigo_rodrigues_silva,99,30,0,30,1T,Penalty
363,2022,B,37,Sport,sport,Vagner Silva de Souza,vagner_silva_de_souza,99,12,0,12,1T,Normal
363,2022,B,37,Sport,sport,Vagner Silva de Souza,vagner_silva_de_souza,99,30,0,30,1T,Normal
363,2022,B,37,Sport,sport,Fabio Goncalves,fabio_goncalves,7,33,0,33,1T,Normal
363,2022,B,37,Operário,operario,Giovanni Fernando Cofreste Pavani,giovanni_fernando_cofreste_pavani,11,24,0,69,2T,Normal
363,2022,B,37,Sport,sport,Vagner Silva de Souza,vagner_silva_de_souza,99,90,1,91,2T,Normal
363,2022,B,37,Sport,sport,Fabio Goncalves,fabio_goncalves,7,90,3,93,2T,Normal
365,2022,B,37,Novorizontino,novorizontino,Daniel de Oliveira Sertanejo,daniel_de_oliveira_sertanejo,8,2,0,2,1T,Normal
365,2022,B,37,Cruzeiro Saf,cruzeiro_saf,Pedro Henrique de Castro Silva,pedro_henrique_de_castro_silva,21,17,0,17,1T,Normal
365,2022,B,37,Cruzeiro Saf,cruzeiro_saf,Willian Osmar de Oliveira Silva,willian_osmar_de_oliveira_silva,29,26,0,26,1T,Normal
365,2022,B,37,Cruzeiro Saf,cruzeiro_saf,Matheus Lima Beltrao Oliveira,matheus_lima_beltrao_oliveira,6,6,0,51,2T,Normal
365,2022,B,37,Cruzeiro Saf,cruzeiro_saf,Jair Diego Alves de Brito,jair_diego_alves_de_brito,18,18,0,63,2T,Normal
366,2022,B,37,Ituano,ituano,Aylon Darwin Tavella,aylon_darwin_tavella,9,28,0,28,1T,Normal
366,2022,B,37,Ituano,ituano,Aylon Darwin Tavella,aylon_darwin_tavella,9,8,0,53,2T,Normal
367,2022,B,37,Vasco da Gama S.a.f.,vasco_da_gama_s_a_f,Anderson Conceição Benedito,anderson_conceicao_benedito,4,4,0,4,1T,Normal
367,2022,B,37,Sampaio Corrêa,sampaio_correa,Erinaldo Santos Rabelo,erinaldo_santos_rabelo,6,17,0,17,1T,Normal
367,2022,B,37,Sampaio Corrêa,sampaio_correa,Gabriel Buscariol Poveda,gabriel_buscariol_poveda,9,21,0,66,2T,Normal
367,2022,B,37,Vasco da Gama S.a.f.,vasco_da_gama_s_a_f,Andrey Nascimento dos Santos,andrey_nascimento_dos_santos,8,90,7,97,2T,Normal
367,2022,B,37,Sampaio Corrêa,sampaio_correa,Joecio Barbosa dos Santos,joecio_barbosa_dos_santos,13,90,9,99,2T,Normal
368,2022,B,37,Bahia,bahia,Lucas Andres Mugni,lucas_andres_mugni,19,10,0,10,1T,Penalty
368,2022,B,37,Guarani,guarani,Yuri Jonathan Vitor Coelho,yuri_jonathan_vitor_coelho,9,40,0,85,2T,Penalty
369,2022,B,37,Grêmio,gremio,Elkeson de Oliveira Cardoso,elkeson_de_oliveira_cardoso,9,7,0,7,1T,Penalty
369,2022,B,37,Grêmio,gremio,Gabriel Silva Azevedo Figueredo,gabriel_silva_azevedo_figueredo,59,16,0,16,1T,Penalty
369,2022,B,37,Tombense,tombense,Jean Lucas Figueiredo,jean_lucas_figueiredo,10,28,0,28,1T,Normal
369,2022,B,37,Tombense,tombense,Renato Ribeiro Calixto Aguiar,renato_ribeiro_calixto_aguiar,20,31,0,76,2T,Normal
370,2022,B,37,Chapecoense,chapecoense,Willian Popp,willian_popp,19,27,0,27,1T,Penalty
371,2022,B,38,Guarani,guarani,Edson Guilherme Mendes dos Santos,edson_guilherme_mendes_dos_santos,88,40,0,85,2T,Normal
372,2022,B,38,Bahia,bahia,Daniel Sampaio Simoes,daniel_sampaio_simoes,10,25,0,25,1T,Normal
372,2022,B,38,Crb,crb,Emerson Ramon Bezerra Oliveira,emerson_ramon_bezerra_oliveira,24,5,0,50,2T,Normal
372,2022,B,38,Bahia,bahia,Lucas Andres Mugni,lucas_andres_mugni,19,35,0,80,2T,Penalty
373,2022,B,38,Ponte Preta,ponte_preta,Leonardo Naldi de Matos,leonardo_naldi_de_matos,5,26,0,71,2T,Penalty
374,2022,B,38,Criciúma,criciuma,Hygor Cleber Garcia Silva,hygor_cleber_garcia_silva,11,18,0,18,1T,Normal
374,2022,B,38,Criciúma,criciuma,Lohan dos Santos Freire,lohan_dos_santos_freire,9,7,0,52,2T,Normal
375,2022,B,38,Vasco da Gama S.a.f.,vasco_da_gama_s_a_f,Anderson Luis de Carvalho,anderson_luis_de_carvalho,10,5,0,5,1T,Penalty
376,2022,B,38,Novorizontino,novorizontino,Jhony Douglas Santiago,jhony_douglas_santiago,5,19,0,19,1T,Normal
376,2022,B,38,Novorizontino,novorizontino,Ronaldo Henrique Silva,ronaldo_henrique_silva,9,45,1,46,1T,Penalty
376,2022,B,38,Novorizontino,novorizontino,Paulo Cesar Elias,paulo_cesar_elias,6,20,0,65,2T,Normal
377,2022,B,38,Grêmio,gremio,Guilherme Augusto Vieira dos Santos,guilherme_augusto_vieira_dos_santos,11,18,0,18,1T,Normal
377,2022,B,38,Grêmio,gremio,Gabriel Silva Azevedo Figueredo,gabriel_silva_azevedo_figueredo,59,45,2,47,1T,Normal
377,2022,B,38,Grêmio,gremio,Gabriel Silva Azevedo Figueredo,gabriel_silva_azevedo_figueredo,59,30,0,75,2T,Normal
378,2022,B,38,Londrina,londrina,Matheus Lucas Jacintho Ferreira,matheus_lucas_jacintho_ferreira,9,43,0,43,1T,Normal
378,2022,B,38,Sampaio Corrêa,sampaio_correa,Ygor de Oliveira Ferreira,ygor_de_oliveira_ferreira,7,2,0,47,2T,Normal
378,2022,B,38,Sampaio Corrêa,sampaio_correa,Ygor de Oliveira Ferreira,ygor_de_oliveira_ferreira,7,6,0,51,2T,Normal
379,2022,B,38,Csa,csa,Joao Paulo Ferreira Lourenco,joao_paulo_ferreira_lourenco,97,22,0,22,1T,Normal
379,2022,B,38,Cruzeiro Saf,cruzeiro_saf,Geovane de Jesus Rocha,geovane_de_jesus_rocha,42,40,0,40,1T,Normal
379,2022,B,38,Csa,csa,Lucas Barcelos Damacena,lucas_barcelos_damacena,9,36,0,81,2T,Normal
379,2022,B,38,Cruzeiro Saf,cruzeiro_saf,Romulo Souza Orestes Caldeira,romulo_souza_orestes_caldeira,8,44,0,89,2T,Normal
379,2022,B,38,Cruzeiro Saf,cruzeiro_saf,Luvannor Henrique de Sousa Silva,luvannor_henrique_de_sousa_silva,90,90,1,91,2T,Normal
88,2023,B,0,Chapecoense,chapecoense,Rodrigo dos Santos de Freitas,rodrigo_dos_santos_de_freitas,32,33,0,33,1T,Gol Contra
140,2023,B,0,Abc,abc,Thonny Anderson da Silva Carvalho,thonny_anderson_da_silva_carvalho,10,35,0,80,2T,Penalty
140,2023,B,0,Atlético,atletico,David Francisco Trindade Braga,david_francisco_trindade_braga,18,90,13,103,2T,Normal
163,2023,B,0,Guarani,guarani,Bruno Roberto Pereira da Silva,bruno_roberto_pereira_da_silva,27,8,0,8,1T,Normal
163,2023,B,0,Criciúma,criciuma,Fabio Augusto Luciano da Silva,fabio_augusto_luciano_da_silva,11,12,0,57,2T,Normal
1,2023,B,1,Guarani,guarani,Matheus Barbosa Teixeira,matheus_barbosa_teixeira,5,13,0,13,1T,Normal
1,2023,B,1,Avaí,avai,Santiago Patino Pizano,santiago_patino_pizano,11,9,0,54,2T,Normal
1,2023,B,1,Guarani,guarani,Bruno Roberto Pereira da Silva,bruno_roberto_pereira_da_silva,27,31,0,76,2T,Normal
1,2023,B,1,Guarani,guarani,Derek Freitas Ribeiro,derek_freitas_ribeiro,11,38,0,83,2T,Normal
1,2023,B,1,Guarani,guarani,Regis Augusto Salmazzo,regis_augusto_salmazzo,78,90,1,91,2T,Penalty
2,2023,B,1,Vila Nova,vila_nova,Eduardo Vinicius Domachowski,eduardo_vinicius_domachowski,3,9,0,9,1T,Normal
2,2023,B,1,Vila Nova,vila_nova,Guilherme Parede Pinheiro,guilherme_parede_pinheiro,77,45,5,50,1T,Normal
2,2023,B,1,Novorizontino,novorizontino,Adriano Martins da Fonseca,adriano_martins_da_fonseca,4,90,4,94,2T,Normal
3,2023,B,1,Criciúma,criciuma,Eder Citadin Martins,eder_citadin_martins,23,1,0,1,1T,Normal
3,2023,B,1,Criciúma,criciuma,Fellipe Mateus de Sena Araujo,fellipe_mateus_de_sena_araujo,7,22,0,67,2T,Normal
4,2023,B,1,Ceará,ceara,Hygor Cleber Garcia Silva,hygor_cleber_garcia_silva,31,39,0,39,1T,Gol Contra
4,2023,B,1,Ituano,ituano,Bruno Cesar Xavier Sislo,bruno_cesar_xavier_sislo,21,90,7,97,2T,Normal
5,2023,B,1,Mirassol,mirassol,Gabriel Santana Pinto,gabriel_santana_pinto,10,17,0,62,2T,Normal
6,2023,B,1,Vitória,vitoria,Jose Carlos Cracco Neto,jose_carlos_cracco_neto,2,19,0,19,1T,Falta
6,2023,B,1,Vitória,vitoria,Osvaldo Lourenco Filho,osvaldo_lourenco_filho,11,43,0,43,1T,Normal
6,2023,B,1,Vitória,vitoria,Jose Rodrigo Andrade Ramos,jose_rodrigo_andrade_ramos,8,40,0,85,2T,Normal
7,2023,B,1,Atlético,atletico,Gustavo Coutinho Silva Lopes,gustavo_coutinho_silva_lopes,9,23,0,23,1T,Normal
7,2023,B,1,Sampaio Corrêa,sampaio_correa,Jose Gervasio dos Santos Neto,jose_gervasio_dos_santos_neto,10,42,0,42,1T,Normal
7,2023,B,1,Atlético,atletico,Luiz Fernando Moraes dos Santos,luiz_fernando_moraes_dos_santos,11,43,0,43,1T,Normal
7,2023,B,1,Atlético,atletico,Rhaldney Norberto Simião Gomes,rhaldney_norberto_simiao_gomes,8,35,0,80,2T,Normal
7,2023,B,1,Sampaio Corrêa,sampaio_correa,Vinicius Rodrigues Alves,vinicius_rodrigues_alves,19,37,0,82,2T,Normal
7,2023,B,1,Sampaio Corrêa,sampaio_correa,Joecio Barbosa dos Santos,joecio_barbosa_dos_santos,13,90,5,95,2T,Normal
8,2023,B,1,Botafogo,botafogo,Jean Victor Barros,jean_victor_barros,6,45,0,45,1T,Falta
8,2023,B,1,Juventude,juventude,Ruan Pereira Duarte,ruan_pereira_duarte,29,6,0,51,2T,Normal
8,2023,B,1,Botafogo,botafogo,Gustavo Simon Vertuoso,gustavo_simon_vertuoso,20,14,0,59,2T,Normal
9,2023,B,1,Londrina,londrina,Diego Jardel Koester,diego_jardel_koester,20,43,0,88,2T,Normal
10,2023,B,1,Crb,crb,Anselmo Ramon Alves Herculano,anselmo_ramon_alves_herculano,9,16,0,16,1T,Normal
10,2023,B,1,Sport,sport,Jordan Esteves da Costa Daniel,jordan_esteves_da_costa_daniel,76,40,0,85,2T,Gol Contra
11,2023,B,2,Criciúma,criciuma,Marcelo Hermes,marcelo_hermes,22,11,0,11,1T,Normal
11,2023,B,2,Ponte Preta,ponte_preta,Matheus Sousa de Jesus,matheus_sousa_de_jesus,20,13,0,13,1T,Normal
11,2023,B,2,Criciúma,criciuma,Fellipe Mateus de Sena Araujo,fellipe_mateus_de_sena_araujo,7,32,0,32,1T,Normal
12,2023,B,2,Atlético,atletico,Luiz Fernando Moraes dos Santos,luiz_fernando_moraes_dos_santos,11,12,0,12,1T,Normal
12,2023,B,2,Atlético,atletico,Shaylon Kallyson Cardozo,shaylon_kallyson_cardozo,7,37,0,37,1T,Normal
12,2023,B,2,Crb,crb,Anselmo Ramon Alves Herculano,anselmo_ramon_alves_herculano,9,90,1,91,2T,Normal
13,2023,B,2,Avaí,avai,Santiago Patino Pizano,santiago_patino_pizano,11,90,6,96,2T,Normal
14,2023,B,2,Botafogo,botafogo,Osman de Menezes Venancio Junior,osman_de_menezes_venancio_junior,11,11,0,11,1T,Penalty
15,2023,B,2,Novorizontino,novorizontino,Cesar Henrique Martins,cesar_henrique_martins,3,38,0,38,1T,Normal
16,2023,B,2,Sport,sport,Vagner Silva de Souza,vagner_silva_de_souza,9,24,0,24,1T,Normal
17,2023,B,2,Guarani,guarani,Isaque Elias Brito,isaque_elias_brito,29,10,0,10,1T,Normal
17,2023,B,2,Guarani,guarani,Bruno Pereira Mendes,bruno_pereira_mendes,9,24,0,24,1T,Normal
17,2023,B,2,Guarani,guarani,Derek Freitas Ribeiro,derek_freitas_ribeiro,11,90,5,95,2T,Normal
18,2023,B,2,Chapecoense,chapecoense,Cristiano da Silva Leite,cristiano_da_silva_leite,6,8,0,53,2T,Normal
18,2023,B,2,Chapecoense,chapecoense,Carlos Eduardo de Souza Vieira,carlos_eduardo_de_souza_vieira,70,13,0,58,2T,Normal
18,2023,B,2,Chapecoense,chapecoense,Felipe de Figueiredo Ferreira,felipe_de_figueiredo_ferreira,94,29,0,74,2T,Normal
19,2023,B,2,Tombense,tombense,Jose Fernando Viana de Santana,jose_fernando_viana_de_santana,9,42,0,42,1T,Penalty
19,2023,B,2,Tombense,tombense,Matheus Henrique Frizzo,matheus_henrique_frizzo,10,23,0,68,2T,Normal
19,2023,B,2,Tombense,tombense,Marcelo Jose de Lima Filho,marcelo_jose_de_lima_filho,17,35,0,80,2T,Normal
20,2023,B,2,Vitória,vitoria,Geirton Marques Aires,geirton_marques_aires,18,30,0,75,2T,Normal
20,2023,B,2,Vitória,vitoria,Leonardo Gamalho de Souza,leonardo_gamalho_de_souza,9,38,0,83,2T,Penalty
20,2023,B,2,Vitória,vitoria,Leonardo Gamalho de Souza,leonardo_gamalho_de_souza,9,90,3,93,2T,Penalty
21,2023,B,3,Guarani,guarani,Diogo Mateus de Almeida Rodrigues Maciel,diogo_mateus_de_almeida_rodrigues_maciel,13,45,5,50,1T,Penalty
22,2023,B,3,Vila Nova,vila_nova,Altemir Cordeiro Pessôa Neto,altemir_cordeiro_pessoa_neto,9,24,0,24,1T,Normal
23,2023,B,3,Criciúma,criciuma,Felipe dos Reis Pereira Vizeu do Carmo Linhares,felipe_dos_reis_pereira_vizeu_do_carmo_linhares,9,32,0,32,1T,Normal
24,2023,B,3,Botafogo,botafogo,Francisco Wellington Barbosa de Lisboa,francisco_wellington_barbosa_de_lisboa,7,22,0,22,1T,Penalty
24,2023,B,3,Botafogo,botafogo,Tarik Michel Kedes Boschetti,tarik_michel_kedes_boschetti,15,90,6,96,2T,Normal
26,2023,B,3,Vitória,vitoria,Wagner Leonardo Calvelo de Souza,wagner_leonardo_calvelo_de_souza,4,7,0,7,1T,Normal
26,2023,B,3,Vitória,vitoria,Jose Hugo Sousa dos Santos,jose_hugo_sousa_dos_santos,7,17,0,17,1T,Normal
27,2023,B,3,Mirassol,mirassol,Leandro Vilela Sales Teixeira,leandro_vilela_sales_teixeira,5,5,0,5,1T,Normal
27,2023,B,3,Sampaio Corrêa,sampaio_correa,Alyson Vinicius Almeida Neves,alyson_vinicius_almeida_neves,6,23,0,68,2T,Normal
27,2023,B,3,Mirassol,mirassol,Gabriel Santana Pinto,gabriel_santana_pinto,10,31,0,76,2T,Penalty
27,2023,B,3,Mirassol,mirassol,Gabriel Santana Pinto,gabriel_santana_pinto,10,34,0,79,2T,Penalty
28,2023,B,3,Ponte Preta,ponte_preta,Pablo Dyego da Silva Rosa,pablo_dyego_da_silva_rosa,11,32,0,32,1T,Normal
28,2023,B,3,Chapecoense,chapecoense,Rodrigo dos Santos de Freitas,rodrigo_dos_santos_de_freitas,32,90,6,96,2T,Normal
29,2023,B,3,Atlético,atletico,Gustavo Coutinho Silva Lopes,gustavo_coutinho_silva_lopes,9,16,0,16,1T,Normal
29,2023,B,3,Tombense,tombense,Egidio de Araujo Pereira Junior,egidio_de_araujo_pereira_junior,16,24,0,69,2T,Normal
30,2023,B,3,Ceará,ceara,Vitor Gabriel Claudino Rego Ferreira,vitor_gabriel_claudino_rego_ferreira,63,7,0,7,1T,Normal
30,2023,B,3,Abc,abc,Matheus Aleksander dos Anjos,matheus_aleksander_dos_anjos,7,32,0,32,1T,Penalty
30,2023,B,3,Ceará,ceara,Vitor Gabriel Claudino Rego Ferreira,vitor_gabriel_claudino_rego_ferreira,63,42,0,42,1T,Normal
31,2023,B,4,Ponte Preta,ponte_preta,Mailton dos Santos de Sa,mailton_dos_santos_de_sa,2,17,0,62,2T,Normal
31,2023,B,4,Ponte Preta,ponte_preta,Antonio Feliphe Costa Silva,antonio_feliphe_costa_silva,6,26,0,71,2T,Normal
32,2023,B,4,Atlético,atletico,Gustavo Coutinho Silva Lopes,gustavo_coutinho_silva_lopes,9,19,0,19,1T,Penalty
32,2023,B,4,Chapecoense,chapecoense,Gabriel Augusto Xavier,gabriel_augusto_xavier,44,21,0,66,2T,Normal
32,2023,B,4,Atlético,atletico,Rodrigo Alves Soares,rodrigo_alves_soares,2,43,0,88,2T,Normal
33,2023,B,4,Vila Nova,vila_nova,Altemir Cordeiro Pessôa Neto,altemir_cordeiro_pessoa_neto,9,30,0,30,1T,Normal
33,2023,B,4,Vila Nova,vila_nova,Caio Henrique da Silva Dantas,caio_henrique_da_silva_dantas,19,38,0,38,1T,Normal
33,2023,B,4,Vila Nova,vila_nova,Caio Henrique da Silva Dantas,caio_henrique_da_silva_dantas,19,9,0,54,2T,Normal
34,2023,B,4,Ituano,ituano,Bruno Cesar Xavier Sislo,bruno_cesar_xavier_sislo,7,9,0,9,1T,Normal
34,2023,B,4,Ituano,ituano,Diego de Souza Quirino,diego_de_souza_quirino,9,12,0,12,1T,Normal
34,2023,B,4,Ituano,ituano,Diego de Souza Quirino,diego_de_souza_quirino,9,16,0,61,2T,Normal
35,2023,B,4,Novorizontino,novorizontino,Geovane Batista de Faria,geovane_batista_de_faria,5,40,0,40,1T,Normal
35,2023,B,4,Novorizontino,novorizontino,Ronaldo Henrique Silva,ronaldo_henrique_silva,9,20,0,65,2T,Normal
36,2023,B,4,Sport,sport,Jorge de Moura Xavier,jorge_de_moura_xavier,10,13,0,13,1T,Normal
36,2023,B,4,Tombense,tombense,Alex Sandro de Oliveira,alex_sandro_de_oliveira,9,31,0,31,1T,Normal
36,2023,B,4,Sport,sport,Jorge de Moura Xavier,jorge_de_moura_xavier,10,34,0,34,1T,Normal
36,2023,B,4,Sport,sport,Luciano Batista da Silva Junior,luciano_batista_da_silva_junior,46,8,0,53,2T,Normal
36,2023,B,4,Tombense,tombense,Alex Sandro de Oliveira,alex_sandro_de_oliveira,9,24,0,69,2T,Normal
37,2023,B,4,Vitória,vitoria,Jose Hugo Sousa dos Santos,jose_hugo_sousa_dos_santos,7,3,0,48,2T,Normal
37,2023,B,4,Vitória,vitoria,Wagner Leonardo Calvelo de Souza,wagner_leonardo_calvelo_de_souza,4,16,0,61,2T,Normal
38,2023,B,4,Juventude,juventude,Anderson Luis de Carvalho,anderson_luis_de_carvalho,77,9,0,9,1T,Normal
39,2023,B,4,Criciúma,criciuma,Crystopher Ribeiro Oliveira,crystopher_ribeiro_oliveira,18,9,0,9,1T,Normal
39,2023,B,4,Londrina,londrina,Joao Paulo da Silva,joao_paulo_da_silva,5,28,0,28,1T,Penalty
42,2023,B,5,Atlético,atletico,Renato Alves de Mendonça,renato_alves_de_mendonca,5,14,0,14,1T,Normal
42,2023,B,5,Atlético,atletico,Rodrigo Alves Soares,rodrigo_alves_soares,2,29,0,74,2T,Normal
42,2023,B,5,Londrina,londrina,Caio Danilo Laursen Tuponi,caio_danilo_laursen_tuponi,19,33,0,78,2T,Normal
43,2023,B,5,Criciúma,criciuma,Arilson Carlos Alves Baptista,arilson_carlos_alves_baptista,8,4,0,49,2T,Normal
43,2023,B,5,Criciúma,criciuma,Eder Citadin Martins,eder_citadin_martins,23,10,0,55,2T,Normal
43,2023,B,5,Ituano,ituano,Eduardo Luiz Person,eduardo_luiz_person,10,21,0,66,2T,Normal
44,2023,B,5,Vitória,vitoria,Leonardo da Silva Gomes,leonardo_da_silva_gomes,5,34,0,34,1T,Normal
44,2023,B,5,Vitória,vitoria,Welder de Jesus Costa,welder_de_jesus_costa,9,16,0,61,2T,Normal
44,2023,B,5,Vitória,vitoria,Santiago Trellez Vivero,santiago_trellez_vivero,22,90,2,92,2T,Normal
45,2023,B,5,Vila Nova,vila_nova,Caio Henrique da Silva Dantas,caio_henrique_da_silva_dantas,19,1,0,1,1T,Normal
45,2023,B,5,Mirassol,mirassol,Lucas Ramon Batista Silva,lucas_ramon_batista_silva,2,11,0,11,1T,Normal
46,2023,B,5,Sport,sport,Rafael Thyere de Albuquerque Marques,rafael_thyere_de_albuquerque_marques,15,28,0,28,1T,Normal
46,2023,B,5,Sport,sport,Rafael Thyere de Albuquerque Marques,rafael_thyere_de_albuquerque_marques,15,43,0,43,1T,Normal
47,2023,B,5,Juventude,juventude,Rodrigo Rodrigues Silva,rodrigo_rodrigues_silva,9,45,4,49,1T,Penalty
47,2023,B,5,Sampaio Corrêa,sampaio_correa,Marcio Barbosa Vieira Junior,marcio_barbosa_vieira_junior,10,13,0,58,2T,Normal
47,2023,B,5,Sampaio Corrêa,sampaio_correa,Matheus Monteiro Martins,matheus_monteiro_martins,20,32,0,77,2T,Normal
48,2023,B,5,Novorizontino,novorizontino,Aylon Darwin Tavella,aylon_darwin_tavella,11,3,0,3,1T,Normal
48,2023,B,5,Chapecoense,chapecoense,Gianluca Piola Minozzo,gianluca_piola_minozzo,80,32,0,32,1T,Normal
49,2023,B,5,Avaí,avai,Eduardo Jacinto de Biasi,eduardo_jacinto_de_biasi,8,38,0,38,1T,Normal
50,2023,B,5,Abc,abc,Luiz Gustavo Tavares Conde,luiz_gustavo_tavares_conde,16,21,0,66,2T,Normal
50,2023,B,5,Crb,crb,Jonathan Copete Valencia,jonathan_copete_valencia,16,90,1,91,2T,Normal
51,2023,B,6,Guarani,guarani,Bruno Roberto Pereira da Silva,bruno_roberto_pereira_da_silva,27,3,0,3,1T,Normal
51,2023,B,6,Guarani,guarani,Derek Freitas Ribeiro,derek_freitas_ribeiro,11,7,0,7,1T,Normal
53,2023,B,6,Chapecoense,chapecoense,Alisson Alves Farias,alisson_alves_farias,10,7,0,7,1T,Normal
53,2023,B,6,Chapecoense,chapecoense,Rodrigo dos Santos de Freitas,rodrigo_dos_santos_de_freitas,32,11,0,56,2T,Normal
53,2023,B,6,Avaí,avai,Julio Cesar Czarneski,julio_cesar_czarneski,94,44,0,89,2T,Normal
53,2023,B,6,Chapecoense,chapecoense,Bruno dos Santos Nazario,bruno_dos_santos_nazario,88,90,4,94,2T,Normal
53,2023,B,6,Chapecoense,chapecoense,Bruno dos Santos Nazario,bruno_dos_santos_nazario,88,90,10,100,2T,Penalty
54,2023,B,6,Sport,sport,Vagner Silva de Souza,vagner_silva_de_souza,9,19,0,19,1T,Normal
54,2023,B,6,Ituano,ituano,Rafael dos Santos Carvalheira Natividade,rafael_dos_santos_carvalheira_natividade,20,31,0,31,1T,Normal
55,2023,B,6,Crb,crb,Rafael Vinicius Carvalho Longuine,rafael_vinicius_carvalho_longuine,10,17,0,62,2T,Normal
56,2023,B,6,Atlético,atletico,Luiz Fernando Moraes dos Santos,luiz_fernando_moraes_dos_santos,11,25,0,25,1T,Normal
56,2023,B,6,Atlético,atletico,Bruno Nunes de Barros,bruno_nunes_de_barros,7,28,0,28,1T,Normal
56,2023,B,6,Vitória,vitoria,Osvaldo Lourenco Filho,osvaldo_lourenco_filho,11,19,0,64,2T,Normal
56,2023,B,6,Atlético,atletico,Kelvin Giacobe Alves dos Santos,kelvin_giacobe_alves_dos_santos,18,33,0,78,2T,Normal
56,2023,B,6,Vitória,vitoria,Santiago Trellez Vivero,santiago_trellez_vivero,22,44,0,89,2T,Normal
57,2023,B,6,Ceará,ceara,Erick de Arruda Serafim,erick_de_arruda_serafim,11,19,0,19,1T,Normal
57,2023,B,6,Ceará,ceara,Nicolas Godinho Johann,nicolas_godinho_johann,9,31,0,76,2T,Normal
58,2023,B,6,Mirassol,mirassol,Francisco Hyun Sol Kim,francisco_hyun_sol_kim,8,7,0,52,2T,Normal
59,2023,B,6,Londrina,londrina,Joao Paulo da Silva,joao_paulo_da_silva,150,20,0,65,2T,Penalty
59,2023,B,6,Londrina,londrina,Matheus Lucas Jacintho Ferreira,matheus_lucas_jacintho_ferreira,23,36,0,81,2T,Normal
59,2023,B,6,Londrina,londrina,Matheus Lucas Jacintho Ferreira,matheus_lucas_jacintho_ferreira,23,90,3,93,2T,Normal
60,2023,B,6,Abc,abc,Maycon Douglas Oliveira Silva,maycon_douglas_oliveira_silva,75,9,0,9,1T,Normal
60,2023,B,6,Botafogo,botafogo,Tarik Michel Kedes Boschetti,tarik_michel_kedes_boschetti,8,20,0,20,1T,Normal
60,2023,B,6,Botafogo,botafogo,Francisco Wellington Barbosa de Lisboa,francisco_wellington_barbosa_de_lisboa,7,34,0,34,1T,Normal
61,2023,B,7,Ponte Preta,ponte_preta,Jeferson Marinho dos Santos,jeferson_marinho_dos_santos,19,45,0,90,2T,Normal
61,2023,B,7,Guarani,guarani,Bruno Pereira Mendes,bruno_pereira_mendes,9,90,5,95,2T,Normal
63,2023,B,7,Ceará,ceara,Nicolas Godinho Johann,nicolas_godinho_johann,9,2,0,2,1T,Normal
63,2023,B,7,Criciúma,criciuma,Marcos Gabriel do Nascimento,marcos_gabriel_do_nascimento,10,31,0,31,1T,Penalty
63,2023,B,7,Ceará,ceara,Erick de Arruda Serafim,erick_de_arruda_serafim,11,43,0,43,1T,Normal
64,2023,B,7,Novorizontino,novorizontino,Cesar Henrique Martins,cesar_henrique_martins,37,26,0,71,2T,Normal
64,2023,B,7,Novorizontino,novorizontino,Leonardo Santiago Barcelar,leonardo_santiago_barcelar,19,39,0,84,2T,Normal
65,2023,B,7,Mirassol,mirassol,Cristian Renato Gonçalves Riquelme,cristian_renato_goncalves_riquelme,9,45,3,48,1T,Normal
65,2023,B,7,Mirassol,mirassol,Fernando Jose Marques Maciel,fernando_jose_marques_maciel,7,4,0,49,2T,Normal
66,2023,B,7,Botafogo,botafogo,Marcio Gleyson Leite da Silva,marcio_gleyson_leite_da_silva,4,45,4,49,1T,Gol Contra
66,2023,B,7,Sport,sport,Vagner Silva de Souza,vagner_silva_de_souza,9,14,0,59,2T,Normal
66,2023,B,7,Sport,sport,Vagner Silva de Souza,vagner_silva_de_souza,9,90,2,92,2T,Normal
67,2023,B,7,Sampaio Corrêa,sampaio_correa,Marcio Barbosa Vieira Junior,marcio_barbosa_vieira_junior,10,5,0,5,1T,Normal
68,2023,B,7,Juventude,juventude,David da Hora da Conceicao,david_da_hora_da_conceicao,11,38,0,38,1T,Normal
68,2023,B,7,Juventude,juventude,Rodrigo Rodrigues Silva,rodrigo_rodrigues_silva,9,38,0,83,2T,Normal
69,2023,B,7,Londrina,londrina,Gabriel Knesowitsch,gabriel_knesowitsch,4,25,0,70,2T,Normal
69,2023,B,7,Londrina,londrina,Paulo Roberto Moccelin,paulo_roberto_moccelin,7,43,0,88,2T,Normal
70,2023,B,7,Vila Nova,vila_nova,Guilherme Parede Pinheiro,guilherme_parede_pinheiro,77,32,0,32,1T,Normal
70,2023,B,7,Vila Nova,vila_nova,Luciano Francisco Paulino,luciano_francisco_paulino,20,44,0,44,1T,Normal
70,2023,B,7,Vila Nova,vila_nova,Johnath Marlone Azevedo da Silva,johnath_marlone_azevedo_da_silva,7,41,0,86,2T,Normal
71,2023,B,8,Chapecoense,chapecoense,Lucas Ribamar Lopes dos Santos Bibiano,lucas_ribamar_lopes_dos_santos_bibiano,9,6,0,6,1T,Normal
71,2023,B,8,Guarani,guarani,Isaque Elias Brito,isaque_elias_brito,29,10,0,10,1T,Normal
71,2023,B,8,Guarani,guarani,Bruno Pereira Mendes,bruno_pereira_mendes,9,41,0,41,1T,Normal
71,2023,B,8,Guarani,guarani,Bruno Pereira Mendes,bruno_pereira_mendes,9,45,2,47,1T,Normal
71,2023,B,8,Chapecoense,chapecoense,Bruno dos Santos Nazario,bruno_dos_santos_nazario,88,16,0,61,2T,Normal
71,2023,B,8,Chapecoense,chapecoense,Gianluca Piola Minozzo,gianluca_piola_minozzo,80,90,4,94,2T,Normal
72,2023,B,8,Vila Nova,vila_nova,Guilherme Parede Pinheiro,guilherme_parede_pinheiro,77,11,0,11,1T,Normal
73,2023,B,8,Criciúma,criciuma,Romulo da Silva Machado,romulo_da_silva_machado,17,3,0,3,1T,Normal
74,2023,B,8,Botafogo,botafogo,Osman de Menezes Venancio Junior,osman_de_menezes_venancio_junior,18,44,0,89,2T,Normal
75,2023,B,8,Novorizontino,novorizontino,Marlon Adriano Prezotti,marlon_adriano_prezotti,28,12,0,57,2T,Penalty
75,2023,B,8,Novorizontino,novorizontino,Romulo Azevedo Simao,romulo_azevedo_simao,17,45,0,90,2T,Normal
76,2023,B,8,Vitória,vitoria,Wagner Leonardo Calvelo de Souza,wagner_leonardo_calvelo_de_souza,4,90,5,95,2T,Normal
78,2023,B,8,Juventude,juventude,Jadson Alves dos Santos,jadson_alves_dos_santos,16,8,0,8,1T,Normal
78,2023,B,8,Juventude,juventude,Danilo Boza Junior,danilo_boza_junior,4,34,0,34,1T,Normal
78,2023,B,8,Juventude,juventude,Luiz Gustavo da Silva Machado Duarte,luiz_gustavo_da_silva_machado_duarte,44,9,0,54,2T,Normal
79,2023,B,8,Ceará,ceara,Willian Marlon Ferreira Moraes,willian_marlon_ferreira_moraes,95,1,0,1,1T,Normal
79,2023,B,8,Ceará,ceara,Erick de Arruda Serafim,erick_de_arruda_serafim,11,16,0,16,1T,Normal
79,2023,B,8,Ceará,ceara,Jean Carlos Vicente,jean_carlos_vicente,10,36,0,36,1T,Normal
79,2023,B,8,Londrina,londrina,Arinze Clinton Udeh,arinze_clinton_udeh,19,90,3,93,2T,Normal
80,2023,B,8,Tombense,tombense,Pedro Henrique Vieira Costa,pedro_henrique_vieira_costa,2,26,0,71,2T,Gol Contra
81,2023,B,9,Ponte Preta,ponte_preta,Pablo Dyego da Silva Rosa,pablo_dyego_da_silva_rosa,11,36,0,36,1T,Penalty
82,2023,B,9,Botafogo,botafogo,Salatiel de Oliveira Gabriel Junior,salatiel_de_oliveira_gabriel_junior,9,1,0,46,2T,Normal
82,2023,B,9,Atlético,atletico,Daniel Alves de Lima,daniel_alves_de_lima,19,90,4,94,2T,Normal
83,2023,B,9,Vitória,vitoria,Wellington Silva Sanches Aguiar,wellington_silva_sanches_aguiar,11,18,0,18,1T,Normal
83,2023,B,9,Avaí,avai,Wagner da Silva Souza,wagner_da_silva_souza,13,38,0,83,2T,Normal
84,2023,B,9,Ituano,ituano,Paulo Victor Ferreira de Jesus,paulo_victor_ferreira_de_jesus,9,15,0,15,1T,Normal
84,2023,B,9,Ituano,ituano,Marthã Fernando Goncalves Pimenta,martha_fernando_goncalves_pimenta,5,18,0,18,1T,Normal
84,2023,B,9,Londrina,londrina,Higor Rodrigues Barbosa Leite,higor_rodrigues_barbosa_leite,10,45,0,45,1T,Normal
84,2023,B,9,Ituano,ituano,Paulo Victor Ferreira de Jesus,paulo_victor_ferreira_de_jesus,9,12,0,57,2T,Normal
85,2023,B,9,Mirassol,mirassol,Luis Henrique Soares Firmino,luis_henrique_soares_firmino,11,2,0,47,2T,Normal
86,2023,B,9,Sport,sport,Vagner Silva de Souza,vagner_silva_de_souza,9,33,0,33,1T,Normal
86,2023,B,9,Abc,abc,Geremias Ribeiro Junior,geremias_ribeiro_junior,27,45,2,47,1T,Normal
86,2023,B,9,Sport,sport,Vagner Silva de Souza,vagner_silva_de_souza,9,9,0,54,2T,Normal
86,2023,B,9,Sport,sport,Luciano Batista da Silva Junior,luciano_batista_da_silva_junior,46,16,0,61,2T,Normal
86,2023,B,9,Sport,sport,Fabio Matheus Ribeiro Lima,fabio_matheus_ribeiro_lima,47,34,0,79,2T,Normal
87,2023,B,9,Novorizontino,novorizontino,Aylon Darwin Tavella,aylon_darwin_tavella,11,39,0,39,1T,Normal
87,2023,B,9,Novorizontino,novorizontino,Geovane Batista de Faria,geovane_batista_de_faria,5,9,0,54,2T,Normal
87,2023,B,9,Novorizontino,novorizontino,Leonardo Santiago Barcelar,leonardo_santiago_barcelar,19,28,0,73,2T,Normal
89,2023,B,9,Guarani,guarani,Derek Freitas Ribeiro,derek_freitas_ribeiro,11,21,0,21,1T,Normal
89,2023,B,9,Tombense,tombense,Alex Sandro de Oliveira,alex_sandro_de_oliveira,11,11,0,56,2T,Normal
90,2023,B,9,Juventude,juventude,Anderson Luis de Carvalho,anderson_luis_de_carvalho,77,3,0,3,1T,Normal
90,2023,B,9,Juventude,juventude,Rodrigo Rodrigues Silva,rodrigo_rodrigues_silva,9,45,3,48,1T,Normal
90,2023,B,9,Crb,crb,Anselmo Ramon Alves Herculano,anselmo_ramon_alves_herculano,9,17,0,62,2T,Normal
91,2023,B,10,Crb,crb,Alexis Ivan Alvarino,alexis_ivan_alvarino,14,13,0,13,1T,Normal
92,2023,B,10,Vila Nova,vila_nova,Rafael Ferreira Donato,rafael_ferreira_donato,5,41,0,41,1T,Normal
92,2023,B,10,Vila Nova,vila_nova,Guilherme Parede Pinheiro,guilherme_parede_pinheiro,77,2,0,47,2T,Normal
92,2023,B,10,Vila Nova,vila_nova,Igor Henrique Martins Machado,igor_henrique_martins_machado,23,31,0,76,2T,Normal
93,2023,B,10,Criciúma,criciuma,Felipe dos Reis Pereira Vizeu do Carmo Linhares,felipe_dos_reis_pereira_vizeu_do_carmo_linhares,9,20,0,65,2T,Normal
93,2023,B,10,Criciúma,criciuma,Eder Citadin Martins,eder_citadin_martins,23,40,0,85,2T,Penalty
93,2023,B,10,Criciúma,criciuma,Fellipe Mateus de Sena Araujo,fellipe_mateus_de_sena_araujo,7,90,3,93,2T,Normal
95,2023,B,10,Mirassol,mirassol,Luis Henrique Soares Firmino,luis_henrique_soares_firmino,11,21,0,66,2T,Normal
96,2023,B,10,Vitória,vitoria,Jose Rodrigo Andrade Ramos,jose_rodrigo_andrade_ramos,8,30,0,30,1T,Normal
96,2023,B,10,Vitória,vitoria,Santiago Trellez Vivero,santiago_trellez_vivero,22,45,2,47,1T,Normal
96,2023,B,10,Vitória,vitoria,Cleidson Andrade de Souza Silva,cleidson_andrade_de_souza_silva,13,31,0,76,2T,Normal
97,2023,B,10,Ceará,ceara,Jean Carlos Vicente,jean_carlos_vicente,10,29,0,29,1T,Falta
97,2023,B,10,Ceará,ceara,Vitor Gabriel Claudino Rego Ferreira,vitor_gabriel_claudino_rego_ferreira,63,90,13,103,2T,Normal
98,2023,B,10,Juventude,juventude,Rodrigo Rodrigues Silva,rodrigo_rodrigues_silva,9,17,0,17,1T,Normal
98,2023,B,10,Avaí,avai,Gustavo de Oliveira Modesto da Silva,gustavo_de_oliveira_modesto_da_silva,17,27,0,27,1T,Normal
98,2023,B,10,Juventude,juventude,Anderson Luis de Carvalho,anderson_luis_de_carvalho,77,39,0,39,1T,Normal
98,2023,B,10,Avaí,avai,Lucas Baptista Felix,lucas_baptista_felix,7,1,0,46,2T,Normal
98,2023,B,10,Juventude,juventude,Anderson Luis de Carvalho,anderson_luis_de_carvalho,77,15,0,60,2T,Falta
99,2023,B,10,Londrina,londrina,Gabriel Knesowitsch,gabriel_knesowitsch,4,3,0,3,1T,Normal
99,2023,B,10,Sport,sport,Vagner Silva de Souza,vagner_silva_de_souza,9,21,0,66,2T,Normal
99,2023,B,10,Sport,sport,Vagner Silva de Souza,vagner_silva_de_souza,9,30,0,75,2T,Normal
100,2023,B,10,Novorizontino,novorizontino,Felipe Marques da Silva,felipe_marques_da_silva,20,20,0,65,2T,Normal
102,2023,B,11,Ceará,ceara,Vitor Gabriel Claudino Rego Ferreira,vitor_gabriel_claudino_rego_ferreira,63,14,0,14,1T,Normal
102,2023,B,11,Ceará,ceara,Erick de Arruda Serafim,erick_de_arruda_serafim,11,1,0,46,2T,Normal
102,2023,B,11,Ceará,ceara,Guilherme Castilho Carvalho,guilherme_castilho_carvalho,99,39,0,84,2T,Penalty
103,2023,B,11,Juventude,juventude,Rodrigo Rodrigues Silva,rodrigo_rodrigues_silva,9,31,0,76,2T,Normal
104,2023,B,11,Ituano,ituano,Felipe Saraiva de Souza Silva,felipe_saraiva_de_souza_silva,7,4,0,49,2T,Normal
104,2023,B,11,Ituano,ituano,Marcel Philipe Afonso Genestra Scalese,marcel_philipe_afonso_genestra_scalese,14,22,0,67,2T,Normal
105,2023,B,11,Novorizontino,novorizontino,Aylon Darwin Tavella,aylon_darwin_tavella,11,1,0,46,2T,Normal
106,2023,B,11,Sport,sport,Fabricio Daniel de Souza,fabricio_daniel_de_souza,97,2,0,2,1T,Normal
106,2023,B,11,Sport,sport,Luciano Batista da Silva Junior,luciano_batista_da_silva_junior,46,3,0,48,2T,Normal
106,2023,B,11,Avaí,avai,Wagner da Silva Souza,wagner_da_silva_souza,13,90,1,91,2T,Penalty
107,2023,B,11,Sampaio Corrêa,sampaio_correa,Ytalo Jose Oliveira dos Santos,ytalo_jose_oliveira_dos_santos,23,6,0,6,1T,Normal
107,2023,B,11,Sampaio Corrêa,sampaio_correa,Mateus Cardoso Francisco,mateus_cardoso_francisco,2,20,0,65,2T,Normal
108,2023,B,11,Vila Nova,vila_nova,Matheus Henrique de Souza de Carvalho,matheus_henrique_de_souza_de_carvalho,20,90,3,93,2T,Normal
109,2023,B,11,Vitória,vitoria,Wellington Silva Sanches Aguiar,wellington_silva_sanches_aguiar,10,22,0,22,1T,Normal
109,2023,B,11,Vitória,vitoria,Santiago Trellez Vivero,santiago_trellez_vivero,22,6,0,51,2T,Penalty
109,2023,B,11,Tombense,tombense,Marcelo Jose de Lima Filho,marcelo_jose_de_lima_filho,7,40,0,85,2T,Normal
110,2023,B,11,Crb,crb,Joao Paulo da Silva Alves,joao_paulo_da_silva_alves,18,34,0,34,1T,Normal
110,2023,B,11,Crb,crb,Romulo dos Santos de Souza,romulo_dos_santos_de_souza,77,11,0,56,2T,Normal
111,2023,B,12,Ponte Preta,ponte_preta,Pablo Dyego da Silva Rosa,pablo_dyego_da_silva_rosa,11,20,0,20,1T,Normal
111,2023,B,12,Sport,sport,Luciano Batista da Silva Junior,luciano_batista_da_silva_junior,46,45,6,51,1T,Normal
113,2023,B,12,Botafogo,botafogo,Tarik Michel Kedes Boschetti,tarik_michel_kedes_boschetti,8,10,0,10,1T,Gol Contra
113,2023,B,12,Botafogo,botafogo,Salatiel de Oliveira Gabriel Junior,salatiel_de_oliveira_gabriel_junior,9,23,0,68,2T,Normal
114,2023,B,12,Ituano,ituano,Paulo Victor Ferreira de Jesus,paulo_victor_ferreira_de_jesus,9,9,0,54,2T,Normal
114,2023,B,12,Atlético,atletico,Wellison Matheus Rodrigues Regis,wellison_matheus_rodrigues_regis,20,41,0,86,2T,Normal
115,2023,B,12,Novorizontino,novorizontino,Aylon Darwin Tavella,aylon_darwin_tavella,11,7,0,7,1T,Normal
116,2023,B,12,Criciúma,criciuma,Fabio Augusto Luciano da Silva,fabio_augusto_luciano_da_silva,11,14,0,14,1T,Normal
117,2023,B,12,Crb,crb,Jose Renato da Silva Junior,jose_renato_da_silva_junior,11,31,0,31,1T,Normal
117,2023,B,12,Ceará,ceara,Chayene Medeiros Oliveira Santos,chayene_medeiros_oliveira_santos,14,38,0,38,1T,Normal
117,2023,B,12,Crb,crb,Jose Renato da Silva Junior,jose_renato_da_silva_junior,11,13,0,58,2T,Normal
117,2023,B,12,Crb,crb,Romulo dos Santos de Souza,romulo_dos_santos_de_souza,77,90,4,94,2T,Normal
118,2023,B,12,Juventude,juventude,David da Hora da Conceicao,david_da_hora_da_conceicao,11,13,0,58,2T,Normal
118,2023,B,12,Tombense,tombense,Paulo de Souza Junior,paulo_de_souza_junior,7,21,0,66,2T,Normal
118,2023,B,12,Tombense,tombense,Alex Sandro de Oliveira,alex_sandro_de_oliveira,19,90,8,98,2T,Normal
119,2023,B,12,Londrina,londrina,Carlos Eduardo Bacila Jatobá,carlos_eduardo_bacila_jatoba,7,44,0,44,1T,Normal
119,2023,B,12,Mirassol,mirassol,Gabriel Santana Pinto,gabriel_santana_pinto,10,30,0,75,2T,Normal
119,2023,B,12,Mirassol,mirassol,Fernando Camilo Farias,fernando_camilo_farias,20,90,5,95,2T,Normal
120,2023,B,12,Abc,abc,Thonny Anderson da Silva Carvalho,thonny_anderson_da_silva_carvalho,10,13,0,58,2T,Penalty
120,2023,B,12,Chapecoense,chapecoense,Alisson Alves Farias,alisson_alves_farias,10,43,0,88,2T,Normal
121,2023,B,13,Guarani,guarani,Bruno Roberto Pereira da Silva,bruno_roberto_pereira_da_silva,27,10,0,10,1T,Normal
121,2023,B,13,Guarani,guarani,Derek Freitas Ribeiro,derek_freitas_ribeiro,11,9,0,54,2T,Normal
122,2023,B,13,Atlético,atletico,Kelvin Giacobe Alves dos Santos,kelvin_giacobe_alves_dos_santos,7,3,0,3,1T,Normal
124,2023,B,13,Vila Nova,vila_nova,Altemir Cordeiro Pessôa Neto,altemir_cordeiro_pessoa_neto,9,22,0,22,1T,Normal
124,2023,B,13,Vila Nova,vila_nova,Caio Henrique da Silva Dantas,caio_henrique_da_silva_dantas,19,33,0,33,1T,Normal
124,2023,B,13,Vila Nova,vila_nova,Caio Henrique da Silva Dantas,caio_henrique_da_silva_dantas,19,9,0,54,2T,Normal
125,2023,B,13,Abc,abc,Felipe Garcia Goncalves,felipe_garcia_goncalves,9,33,0,33,1T,Normal
125,2023,B,13,Mirassol,mirassol,Reinaldo Kauan Bento dos Santos,reinaldo_kauan_bento_dos_santos,9,45,2,47,1T,Normal
125,2023,B,13,Mirassol,mirassol,Francisco Hyun Sol Kim,francisco_hyun_sol_kim,10,2,0,47,2T,Normal
125,2023,B,13,Mirassol,mirassol,Daniel de Oliveira Sertanejo,daniel_de_oliveira_sertanejo,8,15,0,60,2T,Falta
125,2023,B,13,Abc,abc,Felipe Garcia Goncalves,felipe_garcia_goncalves,9,36,0,81,2T,Normal
126,2023,B,13,Sport,sport,Luciano Batista da Silva Junior,luciano_batista_da_silva_junior,46,10,0,10,1T,Normal
126,2023,B,13,Sport,sport,Vagner Silva de Souza,vagner_silva_de_souza,9,31,0,31,1T,Normal
126,2023,B,13,Sport,sport,Andre Felipe de Almeida Santos,andre_felipe_de_almeida_santos,6,18,0,63,2T,Normal
127,2023,B,13,Sampaio Corrêa,sampaio_correa,Ytalo Jose Oliveira dos Santos,ytalo_jose_oliveira_dos_santos,23,15,0,15,1T,Normal
127,2023,B,13,Ceará,ceara,Erick de Arruda Serafim,erick_de_arruda_serafim,11,39,0,39,1T,Normal
128,2023,B,13,Criciúma,criciuma,Tiago Marques Rezende,tiago_marques_rezende,99,31,0,31,1T,Normal
128,2023,B,13,Chapecoense,chapecoense,Antonio Fialho de Carvalho Neto,antonio_fialho_de_carvalho_neto,13,14,0,59,2T,Normal
129,2023,B,13,Tombense,tombense,Daniel Amorim Dias da Silva,daniel_amorim_dias_da_silva,17,2,0,47,2T,Normal
129,2023,B,13,Novorizontino,novorizontino,Cesar Henrique Martins,cesar_henrique_martins,37,8,0,53,2T,Normal
129,2023,B,13,Novorizontino,novorizontino,Douglas Baggio de Oliveira Costa,douglas_baggio_de_oliveira_costa,7,23,0,68,2T,Normal
130,2023,B,13,Ituano,ituano,Paulo Victor Ferreira de Jesus,paulo_victor_ferreira_de_jesus,9,14,0,14,1T,Normal
130,2023,B,13,Crb,crb,Jose Renato da Silva Junior,jose_renato_da_silva_junior,11,34,0,34,1T,Normal
130,2023,B,13,Crb,crb,Joao Paulo da Silva Alves,joao_paulo_da_silva_alves,18,37,0,37,1T,Normal
130,2023,B,13,Ituano,ituano,Diego de Souza Quirino,diego_de_souza_quirino,19,21,0,66,2T,Normal
131,2023,B,14,Guarani,guarani,Bruno Jose de Souza,bruno_jose_de_souza,17,25,0,25,1T,Normal
131,2023,B,14,Mirassol,mirassol,Thalisson Kelven da Silva,thalisson_kelven_da_silva,3,5,0,50,2T,Normal
131,2023,B,14,Guarani,guarani,Bruno Pereira Mendes,bruno_pereira_mendes,9,39,0,84,2T,Normal
132,2023,B,14,Vila Nova,vila_nova,Guilherme Parede Pinheiro,guilherme_parede_pinheiro,77,90,1,91,2T,Normal
133,2023,B,14,Criciúma,criciuma,Felipe dos Reis Pereira Vizeu do Carmo Linhares,felipe_dos_reis_pereira_vizeu_do_carmo_linhares,9,11,0,11,1T,Normal
133,2023,B,14,Criciúma,criciuma,Fabio Augusto Luciano da Silva,fabio_augusto_luciano_da_silva,11,33,0,33,1T,Normal
133,2023,B,14,Crb,crb,Anselmo Ramon Alves Herculano,anselmo_ramon_alves_herculano,9,43,0,88,2T,Normal
134,2023,B,14,Ponte Preta,ponte_preta,Paulo Henrique Silva Ribeiro,paulo_henrique_silva_ribeiro,16,34,0,79,2T,Normal
135,2023,B,14,Botafogo,botafogo,Guilherme Miranda Madruga Gomes,guilherme_miranda_madruga_gomes,5,36,0,36,1T,Normal
136,2023,B,14,Sampaio Corrêa,sampaio_correa,Ytalo Jose Oliveira dos Santos,ytalo_jose_oliveira_dos_santos,23,4,0,4,1T,Normal
136,2023,B,14,Vitória,vitoria,Wagner Leonardo Calvelo de Souza,wagner_leonardo_calvelo_de_souza,4,14,0,59,2T,Normal
136,2023,B,14,Vitória,vitoria,Welder de Jesus Costa,welder_de_jesus_costa,9,17,0,62,2T,Normal
138,2023,B,14,Sport,sport,Fabio Matheus Ribeiro Lima,fabio_matheus_ribeiro_lima,47,39,0,39,1T,Normal
138,2023,B,14,Chapecoense,chapecoense,Bruno dos Santos Nazario,bruno_dos_santos_nazario,88,44,0,89,2T,Normal
139,2023,B,14,Londrina,londrina,Joao Paulo da Silva,joao_paulo_da_silva,5,33,0,33,1T,Normal
139,2023,B,14,Juventude,juventude,Daniel dos Santos da Cruz,daniel_dos_santos_da_cruz,39,21,0,66,2T,Normal
139,2023,B,14,Juventude,juventude,Vinicius Romualdo dos Santos,vinicius_romualdo_dos_santos,36,23,0,68,2T,Normal
141,2023,B,15,Ponte Preta,ponte_preta,Paulo Henrique Silva Ribeiro,paulo_henrique_silva_ribeiro,16,37,0,82,2T,Normal
142,2023,B,15,Atlético,atletico,Lucas Xavier Gazal,lucas_xavier_gazal,3,43,0,88,2T,Normal
142,2023,B,15,Vila Nova,vila_nova,Johnath Marlone Azevedo da Silva,johnath_marlone_azevedo_da_silva,7,90,5,95,2T,Normal
143,2023,B,15,Abc,abc,Geremias Ribeiro Junior,geremias_ribeiro_junior,27,37,0,37,1T,Normal
143,2023,B,15,Abc,abc,Fabio de Lima Costa,fabio_de_lima_costa,96,24,0,69,2T,Normal
144,2023,B,15,Botafogo,botafogo,Salatiel de Oliveira Gabriel Junior,salatiel_de_oliveira_gabriel_junior,9,22,0,67,2T,Normal
145,2023,B,15,Ituano,ituano,Felipe Saraiva de Souza Silva,felipe_saraiva_de_souza_silva,7,90,6,96,2T,Normal
146,2023,B,15,Sport,sport,Ronaldo Henrique Ferreira da Silva,ronaldo_henrique_ferreira_da_silva,5,29,0,29,1T,Penalty
146,2023,B,15,Sport,sport,Luciano Batista da Silva Junior,luciano_batista_da_silva_junior,46,45,4,49,1T,Normal
147,2023,B,15,Criciúma,criciuma,Felipe dos Reis Pereira Vizeu do Carmo Linhares,felipe_dos_reis_pereira_vizeu_do_carmo_linhares,9,22,0,22,1T,Normal
147,2023,B,15,Criciúma,criciuma,Tiago Marques Rezende,tiago_marques_rezende,99,40,0,85,2T,Normal
148,2023,B,15,Juventude,juventude,Anderson Luis de Carvalho,anderson_luis_de_carvalho,77,16,0,61,2T,Normal
149,2023,B,15,Tombense,tombense,Jose Fernando Viana de Santana,jose_fernando_viana_de_santana,9,34,0,34,1T,Normal
149,2023,B,15,Chapecoense,chapecoense,Bruno dos Santos Nazario,bruno_dos_santos_nazario,88,8,0,53,2T,Normal
149,2023,B,15,Tombense,tombense,Jose Fernando Viana de Santana,jose_fernando_viana_de_santana,9,21,0,66,2T,Normal
149,2023,B,15,Tombense,tombense,Daniel Amorim Dias da Silva,daniel_amorim_dias_da_silva,17,41,0,86,2T,Normal
149,2023,B,15,Chapecoense,chapecoense,Alisson Alves Farias,alisson_alves_farias,10,45,0,90,2T,Penalty
149,2023,B,15,Tombense,tombense,Matheus Henrique Frizzo,matheus_henrique_frizzo,10,90,4,94,2T,Normal
150,2023,B,15,Crb,crb,Jose Renato da Silva Junior,jose_renato_da_silva_junior,11,33,0,33,1T,Normal
150,2023,B,15,Crb,crb,Guilherme Kennedy Romao,guilherme_kennedy_romao,6,45,4,49,1T,Normal
150,2023,B,15,Londrina,londrina,Iago Angelo Dias,iago_angelo_dias,11,12,0,57,2T,Normal
151,2023,B,16,Guarani,guarani,Derek Freitas Ribeiro,derek_freitas_ribeiro,11,23,0,23,1T,Normal
151,2023,B,16,Londrina,londrina,Arinze Clinton Udeh,arinze_clinton_udeh,9,42,0,42,1T,Normal
151,2023,B,16,Guarani,guarani,Bruno Pereira Mendes,bruno_pereira_mendes,9,90,4,94,2T,Penalty
152,2023,B,16,Vila Nova,vila_nova,Joao Paulo Ferreira Lourenco,joao_paulo_ferreira_lourenco,10,30,0,75,2T,Normal
153,2023,B,16,Ponte Preta,ponte_preta,Felipe Amaral Casarin Damasceno,felipe_amaral_casarin_damasceno,8,41,0,41,1T,Normal
154,2023,B,16,Juventude,juventude,David da Hora da Conceicao,david_da_hora_da_conceicao,11,7,0,52,2T,Normal
154,2023,B,16,Ituano,ituano,Diego de Souza Quirino,diego_de_souza_quirino,19,90,3,93,2T,Normal
155,2023,B,16,Novorizontino,novorizontino,Douglas Baggio de Oliveira Costa,douglas_baggio_de_oliveira_costa,7,45,2,47,1T,Normal
155,2023,B,16,Novorizontino,novorizontino,Douglas Baggio de Oliveira Costa,douglas_baggio_de_oliveira_costa,7,30,0,75,2T,Normal
155,2023,B,16,Atlético,atletico,Bruno Nunes de Barros,bruno_nunes_de_barros,8,44,0,89,2T,Normal
155,2023,B,16,Atlético,atletico,David Francisco Trindade Braga,david_francisco_trindade_braga,18,90,5,95,2T,Normal
157,2023,B,16,Ceará,ceara,Nicolas Godinho Johann,nicolas_godinho_johann,9,31,0,31,1T,Normal
157,2023,B,16,Ceará,ceara,Leonardo Rodrigues dos Santos,leonardo_rodrigues_dos_santos,98,34,0,79,2T,Normal
157,2023,B,16,Ceará,ceara,David Ricardo Loiola da Silva,david_ricardo_loiola_da_silva,4,90,2,92,2T,Normal
158,2023,B,16,Chapecoense,chapecoense,Bruno dos Santos Nazario,bruno_dos_santos_nazario,88,6,0,51,2T,Normal
158,2023,B,16,Chapecoense,chapecoense,Emaxwell Souza de Lima,emaxwell_souza_de_lima,11,11,0,56,2T,Normal
158,2023,B,16,Crb,crb,Hyuri Henrique de Oliveira Costa,hyuri_henrique_de_oliveira_costa,19,35,0,80,2T,Normal
159,2023,B,16,Sampaio Corrêa,sampaio_correa,Ytalo Jose Oliveira dos Santos,ytalo_jose_oliveira_dos_santos,23,21,0,66,2T,Normal
160,2023,B,16,Criciúma,criciuma,Fellipe Mateus de Sena Araujo,fellipe_mateus_de_sena_araujo,100,31,0,31,1T,Penalty
161,2023,B,17,Tombense,tombense,Joao Pedro Mendes Santos,joao_pedro_mendes_santos,8,39,0,84,2T,Normal
162,2023,B,17,Atlético,atletico,Gustavo Coutinho Silva Lopes,gustavo_coutinho_silva_lopes,9,2,0,2,1T,Normal
162,2023,B,17,Sport,sport,Francisco Edson Moreira da Silva,francisco_edson_moreira_da_silva,11,9,0,9,1T,Normal
162,2023,B,17,Atlético,atletico,Gustavo Coutinho Silva Lopes,gustavo_coutinho_silva_lopes,9,15,0,15,1T,Penalty
162,2023,B,17,Atlético,atletico,Shaylon Kallyson Cardozo,shaylon_kallyson_cardozo,10,41,0,41,1T,Normal
164,2023,B,17,Chapecoense,chapecoense,Kayke Moreno de Andrade Rodrigues,kayke_moreno_de_andrade_rodrigues,17,4,0,4,1T,Normal
164,2023,B,17,Chapecoense,chapecoense,Kayke Moreno de Andrade Rodrigues,kayke_moreno_de_andrade_rodrigues,17,45,9,54,1T,Penalty
164,2023,B,17,Botafogo,botafogo,Osman de Menezes Venancio Junior,osman_de_menezes_venancio_junior,10,11,0,56,2T,Normal
165,2023,B,17,Ceará,ceara,Erick de Arruda Serafim,erick_de_arruda_serafim,11,43,0,43,1T,Penalty
165,2023,B,17,Mirassol,mirassol,Francisco Hyun Sol Kim,francisco_hyun_sol_kim,7,45,6,51,1T,Normal
166,2023,B,17,Vitória,vitoria,Osvaldo Lourenco Filho,osvaldo_lourenco_filho,11,32,0,32,1T,Normal
166,2023,B,17,Vitória,vitoria,Cleidson Andrade de Souza Silva,cleidson_andrade_de_souza_silva,13,41,0,41,1T,Normal
166,2023,B,17,Novorizontino,novorizontino,Geovane Batista de Faria,geovane_batista_de_faria,5,24,0,69,2T,Normal
168,2023,B,17,Abc,abc,Fabio de Lima Costa,fabio_de_lima_costa,26,31,0,31,1T,Normal
168,2023,B,17,Juventude,juventude,Anderson Luis de Carvalho,anderson_luis_de_carvalho,77,28,0,73,2T,Penalty
169,2023,B,17,Londrina,londrina,Iago Angelo Dias,iago_angelo_dias,11,1,0,1,1T,Normal
170,2023,B,17,Crb,crb,Jose Renato da Silva Junior,jose_renato_da_silva_junior,11,45,1,46,1T,Normal
170,2023,B,17,Avaí,avai,Gabriel Buscariol Poveda,gabriel_buscariol_poveda,11,20,0,65,2T,Normal
172,2023,B,18,Mirassol,mirassol,Gabriel Santana Pinto,gabriel_santana_pinto,10,8,0,8,1T,Normal
172,2023,B,18,Atlético,atletico,Rhaldney Norberto Simião Gomes,rhaldney_norberto_simiao_gomes,8,6,0,51,2T,Normal
172,2023,B,18,Mirassol,mirassol,Luis Henrique Soares Firmino,luis_henrique_soares_firmino,11,16,0,61,2T,Normal
172,2023,B,18,Atlético,atletico,Shaylon Kallyson Cardozo,shaylon_kallyson_cardozo,10,90,8,98,2T,Normal
173,2023,B,18,Avaí,avai,Denilson Pereira Junior,denilson_pereira_junior,9,13,0,13,1T,Normal
173,2023,B,18,Avaí,avai,Felipe Jose Almeida da Rocha,felipe_jose_almeida_da_rocha,38,2,0,47,2T,Normal
174,2023,B,18,Botafogo,botafogo,Osman de Menezes Venancio Junior,osman_de_menezes_venancio_junior,10,30,0,75,2T,Normal
175,2023,B,18,Novorizontino,novorizontino,Ronaldo Henrique Silva,ronaldo_henrique_silva,9,7,0,7,1T,Normal
175,2023,B,18,Novorizontino,novorizontino,Geovane Batista de Faria,geovane_batista_de_faria,5,37,0,37,1T,Normal
175,2023,B,18,Novorizontino,novorizontino,Reverson Valuarth Paiva Silva,reverson_valuarth_paiva_silva,16,45,0,45,1T,Normal
176,2023,B,18,Sport,sport,Rafael Thyere de Albuquerque Marques,rafael_thyere_de_albuquerque_marques,15,45,1,46,1T,Gol Contra
176,2023,B,18,Vitória,vitoria,Cleidson Andrade de Souza Silva,cleidson_andrade_de_souza_silva,13,5,0,50,2T,Gol Contra
176,2023,B,18,Vitória,vitoria,Jose Hugo Sousa dos Santos,jose_hugo_sousa_dos_santos,17,20,0,65,2T,Normal
177,2023,B,18,Ceará,ceara,Luiz Otavio Anacleto Leandro,luiz_otavio_anacleto_leandro,13,90,1,91,2T,Normal
178,2023,B,18,Chapecoense,chapecoense,Gustavo Cazonatti,gustavo_cazonatti,55,18,0,63,2T,Normal
179,2023,B,18,Crb,crb,Anselmo Ramon Alves Herculano,anselmo_ramon_alves_herculano,9,12,0,57,2T,Normal
179,2023,B,18,Tombense,tombense,Jose Vitor Lima Cardoso,jose_vitor_lima_cardoso,4,24,0,69,2T,Normal
179,2023,B,18,Tombense,tombense,Jose Vitor Lima Cardoso,jose_vitor_lima_cardoso,4,44,0,89,2T,Normal
180,2023,B,18,Guarani,guarani,Derek Freitas Ribeiro,derek_freitas_ribeiro,11,7,0,52,2T,Normal
181,2023,B,19,Guarani,guarani,Derek Freitas Ribeiro,derek_freitas_ribeiro,11,32,0,32,1T,Normal
182,2023,B,19,Abc,abc,Paulo Sergio Luiz de Souza,paulo_sergio_luiz_de_souza,9,35,0,80,2T,Normal
182,2023,B,19,Vila Nova,vila_nova,Henrique Almeida Caixeta Nascentes,henrique_almeida_caixeta_nascentes,91,90,6,96,2T,Normal
183,2023,B,19,Criciúma,criciuma,Cristovam Roberto Ribeiro da Silva,cristovam_roberto_ribeiro_da_silva,2,40,0,85,2T,Gol Contra
184,2023,B,19,Avaí,avai,Denilson Pereira Junior,denilson_pereira_junior,9,36,0,36,1T,Normal
185,2023,B,19,Mirassol,mirassol,Francisco Hyun Sol Kim,francisco_hyun_sol_kim,7,34,0,34,1T,Normal
185,2023,B,19,Mirassol,mirassol,Jose Roberto Assunçao de Araujo Filho,jose_roberto_assuncao_de_araujo_filho,9,45,10,55,1T,Penalty
186,2023,B,19,Vitória,vitoria,Leonardo Gamalho de Souza,leonardo_gamalho_de_souza,9,43,0,88,2T,Normal
187,2023,B,19,Sport,sport,Andre Felipe de Almeida Santos,andre_felipe_de_almeida_santos,6,11,0,11,1T,Normal
187,2023,B,19,Sampaio Corrêa,sampaio_correa,Ytalo Jose Oliveira dos Santos,ytalo_jose_oliveira_dos_santos,23,24,0,24,1T,Normal
187,2023,B,19,Sport,sport,Vagner Silva de Souza,vagner_silva_de_souza,9,9,0,54,2T,Normal
188,2023,B,19,Juventude,juventude,Rodrigo Rodrigues Silva,rodrigo_rodrigues_silva,9,90,4,94,2T,Penalty
189,2023,B,19,Londrina,londrina,Paulo Roberto Moccelin,paulo_roberto_moccelin,7,21,0,21,1T,Normal
189,2023,B,19,Botafogo,botafogo,Salatiel de Oliveira Gabriel Junior,salatiel_de_oliveira_gabriel_junior,9,45,5,50,1T,Normal
189,2023,B,19,Botafogo,botafogo,Edson Guilherme Mendes dos Santos,edson_guilherme_mendes_dos_santos,21,90,8,98,2T,Normal
190,2023,B,19,Crb,crb,Jose Renato da Silva Junior,jose_renato_da_silva_junior,11,33,0,33,1T,Normal
191,2023,B,20,Ponte Preta,ponte_preta,Leonardo Naldi de Matos,leonardo_naldi_de_matos,5,8,0,8,1T,Normal
191,2023,B,20,Ponte Preta,ponte_preta,Andre Felipe Ribeiro de Souza,andre_felipe_ribeiro_de_souza,90,12,0,12,1T,Normal
191,2023,B,20,Vitória,vitoria,Leonardo Gamalho de Souza,leonardo_gamalho_de_souza,9,15,0,60,2T,Penalty
191,2023,B,20,Vitória,vitoria,Iury Lirio Freitas de Castilho,iury_lirio_freitas_de_castilho,19,41,0,86,2T,Normal
192,2023,B,20,Sampaio Corrêa,sampaio_correa,Ytalo Jose Oliveira dos Santos,ytalo_jose_oliveira_dos_santos,23,29,0,29,1T,Normal
192,2023,B,20,Sampaio Corrêa,sampaio_correa,Fabio Aguiar da Silva,fabio_aguiar_da_silva,4,45,3,48,1T,Normal
192,2023,B,20,Atlético,atletico,Gustavo Coutinho Silva Lopes,gustavo_coutinho_silva_lopes,9,25,0,70,2T,Normal
192,2023,B,20,Atlético,atletico,Gustavo Coutinho Silva Lopes,gustavo_coutinho_silva_lopes,9,90,9,99,2T,Normal
193,2023,B,20,Avaí,avai,Denilson Pereira Junior,denilson_pereira_junior,9,4,0,4,1T,Normal
193,2023,B,20,Guarani,guarani,Bruno Jose de Souza,bruno_jose_de_souza,17,3,0,48,2T,Normal
193,2023,B,20,Guarani,guarani,João Victor Lima Ferreira,joao_victor_lima_ferreira,19,45,5,50,1T,Normal
195,2023,B,20,Novorizontino,novorizontino,Ronaldo Henrique Silva,ronaldo_henrique_silva,9,37,0,37,1T,Normal
195,2023,B,20,Novorizontino,novorizontino,Ronaldo Henrique Silva,ronaldo_henrique_silva,9,45,5,50,1T,Penalty
195,2023,B,20,Novorizontino,novorizontino,Romulo Azevedo Simao,romulo_azevedo_simao,17,34,0,79,2T,Normal
195,2023,B,20,Vila Nova,vila_nova,Guilherme Parede Pinheiro,guilherme_parede_pinheiro,77,40,0,85,2T,Normal
196,2023,B,20,Sport,sport,Jose Sabino Chagas Monteiro,jose_sabino_chagas_monteiro,35,5,0,50,2T,Normal
196,2023,B,20,Sport,sport,Ronaldo Henrique Ferreira da Silva,ronaldo_henrique_ferreira_da_silva,5,17,0,62,2T,Penalty
197,2023,B,20,Ceará,ceara,Erick de Arruda Serafim,erick_de_arruda_serafim,11,45,1,46,1T,Normal
197,2023,B,20,Ituano,ituano,Wesley da Conceicao Duarte Moreira,wesley_da_conceicao_duarte_moreira,17,35,0,80,2T,Normal
198,2023,B,20,Mirassol,mirassol,Thalisson Kelven da Silva,thalisson_kelven_da_silva,3,45,0,90,2T,Normal
199,2023,B,20,Criciúma,criciuma,Fabio Augusto Luciano da Silva,fabio_augusto_luciano_da_silva,11,5,0,5,1T,Normal
199,2023,B,20,Tombense,tombense,Alex Sandro de Oliveira,alex_sandro_de_oliveira,19,19,0,64,2T,Normal
199,2023,B,20,Criciúma,criciuma,Arilson Carlos Alves Baptista,arilson_carlos_alves_baptista,8,44,0,89,2T,Normal
199,2023,B,20,Tombense,tombense,Pedro Henrique Vieira Costa,pedro_henrique_vieira_costa,22,90,5,95,2T,Normal
202,2023,B,21,Sport,sport,Luciano Batista da Silva Junior,luciano_batista_da_silva_junior,46,24,0,69,2T,Normal
203,2023,B,21,Ponte Preta,ponte_preta,Eliel Chrystian Pereira Silva,eliel_chrystian_pereira_silva,9,4,0,4,1T,Normal
203,2023,B,21,Criciúma,criciuma,Romulo da Silva Machado,romulo_da_silva_machado,17,18,0,18,1T,Normal
203,2023,B,21,Criciúma,criciuma,Claudio Coelho Salvatico,claudio_coelho_salvatico,27,31,0,31,1T,Normal
204,2023,B,21,Ituano,ituano,Rafael dos Santos Carvalheira Natividade,rafael_dos_santos_carvalheira_natividade,8,9,0,9,1T,Falta
205,2023,B,21,Avaí,avai,Eduardo Jacinto de Biasi,eduardo_jacinto_de_biasi,8,15,0,60,2T,Normal
205,2023,B,21,Mirassol,mirassol,Cristian Renato Gonçalves Riquelme,cristian_renato_goncalves_riquelme,19,28,0,73,2T,Normal
205,2023,B,21,Avaí,avai,Douglas Silva Bacelar,douglas_silva_bacelar,44,90,1,91,2T,Normal
205,2023,B,21,Mirassol,mirassol,Guilherme da Trindade Dubas,guilherme_da_trindade_dubas,6,90,4,94,2T,Falta
206,2023,B,21,Vitória,vitoria,Jose Hugo Sousa dos Santos,jose_hugo_sousa_dos_santos,17,44,0,89,2T,Normal
206,2023,B,21,Vitória,vitoria,Giovanni Augusto Oliveira Cardoso,giovanni_augusto_oliveira_cardoso,20,90,9,99,2T,Normal
208,2023,B,21,Novorizontino,novorizontino,Geovane Batista de Faria,geovane_batista_de_faria,5,45,9,54,1T,Gol Contra
209,2023,B,21,Londrina,londrina,Joao Paulo da Silva,joao_paulo_da_silva,5,9,0,9,1T,Penalty
209,2023,B,21,Chapecoense,chapecoense,Bruno dos Santos Nazario,bruno_dos_santos_nazario,88,8,0,53,2T,Penalty
210,2023,B,21,Crb,crb,Anselmo Ramon Alves Herculano,anselmo_ramon_alves_herculano,9,45,3,48,1T,Normal
210,2023,B,21,Crb,crb,Joao Paulo da Silva Alves,joao_paulo_da_silva_alves,18,28,0,73,2T,Normal
210,2023,B,21,Atlético,atletico,Gustavo Coutinho Silva Lopes,gustavo_coutinho_silva_lopes,9,90,10,100,2T,Normal
211,2023,B,22,Ponte Preta,ponte_preta,Lucas Nathan Veloso,lucas_nathan_veloso,20,38,0,83,2T,Normal
212,2023,B,22,Tombense,tombense,Alexandre de Jesus Jeruzalem Junior,alexandre_de_jesus_jeruzalem_junior,7,11,0,11,1T,Normal
212,2023,B,22,Atlético,atletico,Heron Crespo da Silva,heron_crespo_da_silva,4,45,5,50,1T,Gol Contra
212,2023,B,22,Atlético,atletico,Gustavo Coutinho Silva Lopes,gustavo_coutinho_silva_lopes,9,9,0,54,2T,Normal
212,2023,B,22,Atlético,atletico,Gustavo Coutinho Silva Lopes,gustavo_coutinho_silva_lopes,9,21,0,66,2T,Penalty
212,2023,B,22,Atlético,atletico,Gustavo Coutinho Silva Lopes,gustavo_coutinho_silva_lopes,9,39,0,84,2T,Penalty
213,2023,B,22,Criciúma,criciuma,Walisson Moreira Farias Maia,walisson_moreira_farias_maia,33,42,0,42,1T,Gol Contra
214,2023,B,22,Guarani,guarani,Bruno Jose de Souza,bruno_jose_de_souza,17,36,0,36,1T,Normal
214,2023,B,22,Ituano,ituano,Wesley da Conceicao Duarte Moreira,wesley_da_conceicao_duarte_moreira,7,12,0,57,2T,Normal
216,2023,B,22,Sport,sport,Andre Felipe de Almeida Santos,andre_felipe_de_almeida_santos,6,24,0,69,2T,Normal
217,2023,B,22,Ceará,ceara,Saulo Rodrigues da Silva,saulo_rodrigues_da_silva,73,4,0,4,1T,Normal
218,2023,B,22,Vila Nova,vila_nova,Igor Henrique Martins Machado,igor_henrique_martins_machado,23,6,0,51,2T,Normal
218,2023,B,22,Juventude,juventude,Danilo Boza Junior,danilo_boza_junior,4,16,0,61,2T,Gol Contra
219,2023,B,22,Londrina,londrina,Gabriel Knesowitsch,gabriel_knesowitsch,4,15,0,60,2T,Normal
219,2023,B,22,Londrina,londrina,Joao Paulo da Silva,joao_paulo_da_silva,5,36,0,81,2T,Falta
221,2023,B,23,Juventude,juventude,Erick Samuel Correa Farias,erick_samuel_correa_farias,9,26,0,71,2T,Normal
222,2023,B,23,Avaí,avai,Denilson Pereira Junior,denilson_pereira_junior,9,23,0,23,1T,Normal
222,2023,B,23,Vila Nova,vila_nova,Caio Henrique da Silva Dantas,caio_henrique_da_silva_dantas,19,33,0,78,2T,Normal
223,2023,B,23,Criciúma,criciuma,Fabio Augusto Luciano da Silva,fabio_augusto_luciano_da_silva,11,7,0,7,1T,Normal
223,2023,B,23,Criciúma,criciuma,Arilson Carlos Alves Baptista,arilson_carlos_alves_baptista,8,2,0,47,2T,Normal
225,2023,B,23,Mirassol,mirassol,Jose Roberto Assunçao de Araujo Filho,jose_roberto_assuncao_de_araujo_filho,9,1,0,1,1T,Normal
225,2023,B,23,Novorizontino,novorizontino,Douglas Baggio de Oliveira Costa,douglas_baggio_de_oliveira_costa,7,17,0,17,1T,Normal
225,2023,B,23,Novorizontino,novorizontino,Rodolfo Jose da Silva Bardella,rodolfo_jose_da_silva_bardella,77,37,0,82,2T,Normal
226,2023,B,23,Vitória,vitoria,Leonardo Gamalho de Souza,leonardo_gamalho_de_souza,9,12,0,12,1T,Penalty
227,2023,B,23,Crb,crb,Anselmo Ramon Alves Herculano,anselmo_ramon_alves_herculano,9,3,0,48,2T,Normal
227,2023,B,23,Sampaio Corrêa,sampaio_correa,Eloir Silva Moreira,eloir_silva_moreira,15,90,2,92,2T,Penalty
228,2023,B,23,Atlético,atletico,Matheus Vieira Campos Peixoto,matheus_vieira_campos_peixoto,18,90,5,95,2T,Normal
230,2023,B,23,Ituano,ituano,Yann Del Pino Rolim,yann_del_pino_rolim,10,8,0,53,2T,Normal
230,2023,B,23,Abc,abc,Paulo Sergio Luiz de Souza,paulo_sergio_luiz_de_souza,9,15,0,60,2T,Normal
231,2023,B,24,Guarani,guarani,Bruno Pereira Mendes,bruno_pereira_mendes,9,5,0,5,1T,Normal
231,2023,B,24,Guarani,guarani,Bruno Roberto Pereira da Silva,bruno_roberto_pereira_da_silva,27,9,0,9,1T,Normal
231,2023,B,24,Sport,sport,Ronaldo Henrique Ferreira da Silva,ronaldo_henrique_ferreira_da_silva,5,26,0,26,1T,Penalty
231,2023,B,24,Guarani,guarani,Matheus Barbosa Teixeira,matheus_barbosa_teixeira,5,34,0,34,1T,Normal
232,2023,B,24,Vila Nova,vila_nova,Rafael Ferreira Donato,rafael_ferreira_donato,5,7,0,7,1T,Normal
232,2023,B,24,Vila Nova,vila_nova,Joao Paulo Ferreira Lourenco,joao_paulo_ferreira_lourenco,10,42,0,42,1T,Normal
233,2023,B,24,Tombense,tombense,Luis Felipe Hungria Martins,luis_felipe_hungria_martins,3,10,0,10,1T,Normal
233,2023,B,24,Avaí,avai,William de Oliveira Pottker,william_de_oliveira_pottker,10,41,0,41,1T,Penalty
233,2023,B,24,Avaí,avai,Natanael Batista Pimenta,natanael_batista_pimenta,25,8,0,53,2T,Normal
233,2023,B,24,Tombense,tombense,Daniel Amorim Dias da Silva,daniel_amorim_dias_da_silva,17,25,0,70,2T,Penalty
233,2023,B,24,Avaí,avai,William de Oliveira Pottker,william_de_oliveira_pottker,10,35,0,80,2T,Penalty
233,2023,B,24,Avaí,avai,Felipe Jose Almeida da Rocha,felipe_jose_almeida_da_rocha,38,90,8,98,2T,Normal
234,2023,B,24,Ituano,ituano,Yann Del Pino Rolim,yann_del_pino_rolim,10,22,0,22,1T,Normal
234,2023,B,24,Ituano,ituano,Matheus Alfredo Cadorini da Silva,matheus_alfredo_cadorini_da_silva,9,36,0,36,1T,Penalty
234,2023,B,24,Ituano,ituano,Yann Del Pino Rolim,yann_del_pino_rolim,10,29,0,74,2T,Normal
235,2023,B,24,Novorizontino,novorizontino,Ronaldo Henrique Silva,ronaldo_henrique_silva,9,11,0,11,1T,Normal
235,2023,B,24,Chapecoense,chapecoense,Alisson Alves Farias,alisson_alves_farias,10,1,0,46,2T,Normal
235,2023,B,24,Chapecoense,chapecoense,Marcio Antonio de Sousa Junior,marcio_antonio_de_sousa_junior,29,10,0,55,2T,Normal
236,2023,B,24,Vitória,vitoria,Leonardo Gamalho de Souza,leonardo_gamalho_de_souza,9,17,0,62,2T,Normal
236,2023,B,24,Vitória,vitoria,Iury Lirio Freitas de Castilho,iury_lirio_freitas_de_castilho,11,26,0,71,2T,Normal
237,2023,B,24,Ceará,ceara,Chrystian Amaral Barletta de Almeida,chrystian_amaral_barletta_de_almeida,30,1,0,46,2T,Normal
237,2023,B,24,Ponte Preta,ponte_preta,Eliel Chrystian Pereira Silva,eliel_chrystian_pereira_silva,9,24,0,69,2T,Normal
239,2023,B,24,Atlético,atletico,Gabriel Baralhas dos Santos,gabriel_baralhas_dos_santos,8,12,0,57,2T,Normal
239,2023,B,24,Atlético,atletico,Luiz Fernando Moraes dos Santos,luiz_fernando_moraes_dos_santos,19,90,3,93,2T,Normal
240,2023,B,24,Crb,crb,Jose Renato da Silva Junior,jose_renato_da_silva_junior,11,16,0,16,1T,Normal
240,2023,B,24,Crb,crb,Paulo Roberto Valoura Junior,paulo_roberto_valoura_junior,8,41,0,86,2T,Falta
240,2023,B,24,Abc,abc,Maycon Douglas Oliveira Silva,maycon_douglas_oliveira_silva,75,90,1,91,2T,Normal
241,2023,B,25,Ponte Preta,ponte_preta,Eliel Chrystian Pereira Silva,eliel_chrystian_pereira_silva,9,3,0,3,1T,Normal
243,2023,B,25,Criciúma,criciuma,Felipe dos Reis Pereira Vizeu do Carmo Linhares,felipe_dos_reis_pereira_vizeu_do_carmo_linhares,9,22,0,22,1T,Normal
245,2023,B,25,Juventude,juventude,Anderson Luis de Carvalho,anderson_luis_de_carvalho,10,2,0,47,2T,Normal
246,2023,B,25,Ituano,ituano,Matheus Alfredo Cadorini da Silva,matheus_alfredo_cadorini_da_silva,9,1,0,1,1T,Normal
246,2023,B,25,Sport,sport,Ewerthon Diogenes da Silva,ewerthon_diogenes_da_silva,2,6,0,6,1T,Gol Contra
246,2023,B,25,Sport,sport,Ronaldo Henrique Ferreira da Silva,ronaldo_henrique_ferreira_da_silva,5,19,0,64,2T,Normal
247,2023,B,25,Guarani,guarani,Matheus Barbosa Teixeira,matheus_barbosa_teixeira,5,8,0,8,1T,Normal
247,2023,B,25,Sampaio Corrêa,sampaio_correa,Anderson Wanderllan de Moraes Rodrigues,anderson_wanderllan_de_moraes_rodrigues,11,31,0,76,2T,Normal
249,2023,B,25,Ceará,ceara,Erick de Arruda Serafim,erick_de_arruda_serafim,11,2,0,2,1T,Normal
249,2023,B,25,Ceará,ceara,Chrystian Amaral Barletta de Almeida,chrystian_amaral_barletta_de_almeida,30,9,0,9,1T,Normal
249,2023,B,25,Tombense,tombense,Kleiton Pego Duarte,kleiton_pego_duarte,11,38,0,83,2T,Normal
249,2023,B,25,Tombense,tombense,Marcelo Jose de Lima Filho,marcelo_jose_de_lima_filho,9,90,5,95,2T,Normal
250,2023,B,25,Crb,crb,Anselmo Ramon Alves Herculano,anselmo_ramon_alves_herculano,9,37,0,37,1T,Normal
251,2023,B,26,Guarani,guarani,Bruno Jose de Souza,bruno_jose_de_souza,17,35,0,35,1T,Normal
252,2023,B,26,Crb,crb,Bruno da Silva Costa,bruno_da_silva_costa,29,90,2,92,2T,Normal
253,2023,B,26,Atlético,atletico,Luiz Fernando Moraes dos Santos,luiz_fernando_moraes_dos_santos,11,38,0,38,1T,Normal
253,2023,B,26,Atlético,atletico,Matheus Vieira Campos Peixoto,matheus_vieira_campos_peixoto,18,90,10,100,2T,Penalty
254,2023,B,26,Botafogo,botafogo,Thassio Marques Melo da Silva Almeida,thassio_marques_melo_da_silva_almeida,7,17,0,17,1T,Normal
254,2023,B,26,Sport,sport,Jorge de Moura Xavier,jorge_de_moura_xavier,10,25,0,25,1T,Normal
255,2023,B,26,Novorizontino,novorizontino,Leonardo Santiago Barcelar,leonardo_santiago_barcelar,19,17,0,17,1T,Normal
255,2023,B,26,Novorizontino,novorizontino,Ronaldo Henrique Silva,ronaldo_henrique_silva,9,37,0,82,2T,Normal
257,2023,B,26,Ceará,ceara,Chrystian Amaral Barletta de Almeida,chrystian_amaral_barletta_de_almeida,30,5,0,5,1T,Normal
259,2023,B,26,Tombense,tombense,Jose Fernando Viana de Santana,jose_fernando_viana_de_santana,9,45,3,48,1T,Normal
259,2023,B,26,Londrina,londrina,Paulo Roberto Moccelin,paulo_roberto_moccelin,7,39,0,84,2T,Normal
260,2023,B,26,Sampaio Corrêa,sampaio_correa,Robson Ferreira de Azevedo,robson_ferreira_de_azevedo,7,6,0,6,1T,Normal
260,2023,B,26,Abc,abc,Matheus Aleksander dos Anjos,matheus_aleksander_dos_anjos,7,90,1,91,2T,Normal
262,2023,B,27,Atlético,atletico,Gustavo Coutinho Silva Lopes,gustavo_coutinho_silva_lopes,9,37,0,37,1T,Normal
262,2023,B,27,Atlético,atletico,Luiz Fernando Moraes dos Santos,luiz_fernando_moraes_dos_santos,11,27,0,72,2T,Normal
262,2023,B,27,Atlético,atletico,Gabriel Baralhas dos Santos,gabriel_baralhas_dos_santos,19,40,0,85,2T,Normal
263,2023,B,27,Novorizontino,novorizontino,Paulo Eduardo Ferreira Godinho,paulo_eduardo_ferreira_godinho,14,32,0,77,2T,Gol Contra
264,2023,B,27,Vila Nova,vila_nova,Igor Henrique Martins Machado,igor_henrique_martins_machado,23,5,0,5,1T,Normal
264,2023,B,27,Vila Nova,vila_nova,Caio Henrique da Silva Dantas,caio_henrique_da_silva_dantas,19,9,0,9,1T,Normal
264,2023,B,27,Ituano,ituano,Diego de Souza Quirino,diego_de_souza_quirino,19,40,0,85,2T,Normal
265,2023,B,27,Mirassol,mirassol,Julimar Silva Oliveira Junior,julimar_silva_oliveira_junior,18,33,0,78,2T,Normal
266,2023,B,27,Sport,sport,Joao Gabriel Martins Peglow,joao_gabriel_martins_peglow,77,16,0,16,1T,Normal
266,2023,B,27,Criciúma,criciuma,Eder Citadin Martins,eder_citadin_martins,23,30,0,30,1T,Penalty
266,2023,B,27,Sport,sport,Jorge de Moura Xavier,jorge_de_moura_xavier,10,33,0,33,1T,Normal
266,2023,B,27,Criciúma,criciuma,Hygor Cleber Garcia Silva,hygor_cleber_garcia_silva,31,23,0,68,2T,Normal
266,2023,B,27,Sport,sport,Fabio Goncalves,fabio_goncalves,7,24,0,69,2T,Normal
266,2023,B,27,Criciúma,criciuma,Eder Citadin Martins,eder_citadin_martins,23,90,6,96,2T,Penalty
267,2023,B,27,Ceará,ceara,Erick de Arruda Serafim,erick_de_arruda_serafim,11,5,0,5,1T,Normal
267,2023,B,27,Londrina,londrina,Joao Paulo da Silva,joao_paulo_da_silva,5,23,0,23,1T,Penalty
267,2023,B,27,Ceará,ceara,Tiago Pagnussat,tiago_pagnussat,3,29,0,29,1T,Normal
267,2023,B,27,Ceará,ceara,Leonardo Rodrigues dos Santos,leonardo_rodrigues_dos_santos,98,39,0,39,1T,Normal
268,2023,B,27,Guarani,guarani,João Victor Lima Ferreira,joao_victor_lima_ferreira,19,35,0,35,1T,Normal
269,2023,B,27,Tombense,tombense,Jose Fernando Viana de Santana,jose_fernando_viana_de_santana,9,20,0,20,1T,Normal
269,2023,B,27,Tombense,tombense,Matheus Henrique Frizzo,matheus_henrique_frizzo,10,21,0,66,2T,Normal
269,2023,B,27,Tombense,tombense,Alex Sandro de Oliveira,alex_sandro_de_oliveira,19,45,0,90,2T,Normal
270,2023,B,27,Crb,crb,Lucas Eduardo Lima da Silva,lucas_eduardo_lima_da_silva,33,23,0,23,1T,Normal
270,2023,B,27,Crb,crb,Fabio Augusto Schirmann,fabio_augusto_schirmann,4,45,3,48,1T,Normal
270,2023,B,27,Crb,crb,Leonardo Augusto dos Santos Pereira,leonardo_augusto_dos_santos_pereira,38,45,6,51,1T,Normal
270,2023,B,27,Crb,crb,Bruno da Silva Costa,bruno_da_silva_costa,29,32,0,77,2T,Normal
270,2023,B,27,Crb,crb,Joao Paulo da Silva Alves,joao_paulo_da_silva_alves,18,34,0,79,2T,Normal
270,2023,B,27,Crb,crb,Bruno da Silva Costa,bruno_da_silva_costa,29,38,0,83,2T,Normal
271,2023,B,28,Guarani,guarani,Matheus Bueno Batista,matheus_bueno_batista,18,20,0,20,1T,Normal
271,2023,B,28,Guarani,guarani,Bruno Roberto Pereira da Silva,bruno_roberto_pereira_da_silva,27,30,0,30,1T,Normal
271,2023,B,28,Guarani,guarani,Bruno Roberto Pereira da Silva,bruno_roberto_pereira_da_silva,27,11,0,56,2T,Normal
272,2023,B,28,Vila Nova,vila_nova,Juan Christian Pereira Coelho,juan_christian_pereira_coelho,11,32,0,32,1T,Normal
272,2023,B,28,Ponte Preta,ponte_preta,Eliel Chrystian Pereira Silva,eliel_chrystian_pereira_silva,9,35,0,35,1T,Normal
273,2023,B,28,Mirassol,mirassol,Lucas Ramon Batista Silva,lucas_ramon_batista_silva,2,22,0,22,1T,Normal
273,2023,B,28,Mirassol,mirassol,Luiz Otavio da Silva Santos,luiz_otavio_da_silva_santos,4,26,0,26,1T,Gol Contra
273,2023,B,28,Criciúma,criciuma,Hygor Cleber Garcia Silva,hygor_cleber_garcia_silva,31,90,6,96,2T,Normal
274,2023,B,28,Botafogo,botafogo,Jean Victor Barros,jean_victor_barros,6,27,0,27,1T,Normal
275,2023,B,28,Novorizontino,novorizontino,Cesar Henrique Martins,cesar_henrique_martins,37,8,0,8,1T,Normal
275,2023,B,28,Novorizontino,novorizontino,Aylon Darwin Tavella,aylon_darwin_tavella,11,40,0,40,1T,Normal
275,2023,B,28,Novorizontino,novorizontino,Geovane Batista de Faria,geovane_batista_de_faria,5,45,2,47,1T,Normal
275,2023,B,28,Ceará,ceara,Tiago Pagnussat,tiago_pagnussat,3,33,0,78,2T,Gol Contra
275,2023,B,28,Ceará,ceara,Erick de Arruda Serafim,erick_de_arruda_serafim,11,45,0,90,2T,Normal
276,2023,B,28,Vitória,vitoria,Leonardo Gamalho de Souza,leonardo_gamalho_de_souza,9,39,0,39,1T,Normal
276,2023,B,28,Vitória,vitoria,Leonardo Gamalho de Souza,leonardo_gamalho_de_souza,9,18,0,63,2T,Normal
276,2023,B,28,Vitória,vitoria,Geirton Marques Aires,geirton_marques_aires,18,44,0,89,2T,Normal
277,2023,B,28,Sampaio Corrêa,sampaio_correa,Ytalo Jose Oliveira dos Santos,ytalo_jose_oliveira_dos_santos,23,8,0,8,1T,Normal
277,2023,B,28,Sampaio Corrêa,sampaio_correa,Jose Gervasio dos Santos Neto,jose_gervasio_dos_santos_neto,21,19,0,19,1T,Normal
278,2023,B,28,Juventude,juventude,Gabriel Pereira Taliari,gabriel_pereira_taliari,19,19,0,64,2T,Penalty
278,2023,B,28,Juventude,juventude,David da Hora da Conceicao,david_da_hora_da_conceicao,11,30,0,75,2T,Normal
278,2023,B,28,Juventude,juventude,Jean Carlos de Souza Irmer,jean_carlos_de_souza_irmer,5,45,0,90,2T,Normal
278,2023,B,28,Crb,crb,Lucas de Oliveira Teodoro Falcao,lucas_de_oliveira_teodoro_falcao,98,90,8,98,2T,Normal
279,2023,B,28,Ituano,ituano,Matheus Alfredo Cadorini da Silva,matheus_alfredo_cadorini_da_silva,9,3,0,3,1T,Normal
279,2023,B,28,Ituano,ituano,Matheus Alfredo Cadorini da Silva,matheus_alfredo_cadorini_da_silva,9,28,0,28,1T,Normal
279,2023,B,28,Londrina,londrina,Joao Paulo da Silva,joao_paulo_da_silva,5,35,0,35,1T,Penalty
279,2023,B,28,Londrina,londrina,Paulo Roberto Moccelin,paulo_roberto_moccelin,7,40,0,40,1T,Normal
280,2023,B,28,Sport,sport,Diego de Souza Andrade,diego_de_souza_andrade,87,45,0,90,2T,Normal
281,2023,B,29,Mirassol,mirassol,Jose Roberto Assunçao de Araujo Filho,jose_roberto_assuncao_de_araujo_filho,9,22,0,22,1T,Penalty
281,2023,B,29,Mirassol,mirassol,Jose Roberto Assunçao de Araujo Filho,jose_roberto_assuncao_de_araujo_filho,9,25,0,70,2T,Penalty
281,2023,B,29,Mirassol,mirassol,Fernando Camilo Farias,fernando_camilo_farias,20,90,4,94,2T,Normal
282,2023,B,29,Atlético,atletico,Gabriel Baralhas dos Santos,gabriel_baralhas_dos_santos,8,5,0,50,2T,Normal
282,2023,B,29,Criciúma,criciuma,Eder Citadin Martins,eder_citadin_martins,23,17,0,62,2T,Falta
282,2023,B,29,Atlético,atletico,Luiz Fernando Moraes dos Santos,luiz_fernando_moraes_dos_santos,11,21,0,66,2T,Normal
282,2023,B,29,Atlético,atletico,Shaylon Kallyson Cardozo,shaylon_kallyson_cardozo,7,26,0,71,2T,Normal
283,2023,B,29,Juventude,juventude,Alan Luciano Ruschel,alan_luciano_ruschel,28,23,0,23,1T,Falta
283,2023,B,29,Juventude,juventude,Gabriel Pereira Taliari,gabriel_pereira_taliari,19,29,0,29,1T,Normal
284,2023,B,29,Vitória,vitoria,Matheus Trindade Gonçalves,matheus_trindade_goncalves,5,6,0,6,1T,Normal
284,2023,B,29,Vitória,vitoria,Iury Lirio Freitas de Castilho,iury_lirio_freitas_de_castilho,22,90,1,91,2T,Normal
286,2023,B,29,Sport,sport,Jorge de Moura Xavier,jorge_de_moura_xavier,10,30,0,30,1T,Normal
286,2023,B,29,Sport,sport,Facundo Labandeira Castro,facundo_labandeira_castro,30,4,0,49,2T,Normal
286,2023,B,29,Sport,sport,Michel Barbosa de Lima,michel_barbosa_de_lima,23,28,0,73,2T,Normal
286,2023,B,29,Sport,sport,Fabio Matheus Ribeiro Lima,fabio_matheus_ribeiro_lima,47,40,0,85,2T,Normal
287,2023,B,29,Vila Nova,vila_nova,Igor Henrique Martins Machado,igor_henrique_martins_machado,23,12,0,12,1T,Normal
287,2023,B,29,Sampaio Corrêa,sampaio_correa,Ytalo Jose Oliveira dos Santos,ytalo_jose_oliveira_dos_santos,23,38,0,38,1T,Normal
287,2023,B,29,Sampaio Corrêa,sampaio_correa,Jose Gervasio dos Santos Neto,jose_gervasio_dos_santos_neto,21,23,0,68,2T,Normal
288,2023,B,29,Chapecoense,chapecoense,Giovanni Fernando Cofreste Pavani,giovanni_fernando_cofreste_pavani,7,36,0,36,1T,Normal
288,2023,B,29,Chapecoense,chapecoense,Rodrigo dos Santos de Freitas,rodrigo_dos_santos_de_freitas,32,90,8,98,2T,Gol Contra
290,2023,B,29,Crb,crb,Lucas Eduardo Lima da Silva,lucas_eduardo_lima_da_silva,33,5,0,50,2T,Normal
291,2023,B,30,Novorizontino,novorizontino,Cesar Henrique Martins,cesar_henrique_martins,37,8,0,8,1T,Normal
291,2023,B,30,Guarani,guarani,Derek Freitas Ribeiro,derek_freitas_ribeiro,11,33,0,33,1T,Normal
291,2023,B,30,Guarani,guarani,João Victor Lima Ferreira,joao_victor_lima_ferreira,19,37,0,82,2T,Normal
293,2023,B,30,Avaí,avai,Giovanni Piccolomo,giovanni_piccolomo,77,1,0,1,1T,Normal
293,2023,B,30,Sport,sport,Joao Gabriel Martins Peglow,joao_gabriel_martins_peglow,77,4,0,4,1T,Normal
293,2023,B,30,Sport,sport,Rafael Thyere de Albuquerque Marques,rafael_thyere_de_albuquerque_marques,15,37,0,37,1T,Gol Contra
293,2023,B,30,Sport,sport,Fabricio Daniel de Souza,fabricio_daniel_de_souza,97,90,6,96,2T,Normal
294,2023,B,30,Ituano,ituano,Mario Sergio Valerio,mario_sergio_valerio,6,18,0,18,1T,Normal
294,2023,B,30,Botafogo,botafogo,Jose Edson Barros da Silva,jose_edson_barros_da_silva,9,37,0,37,1T,Normal
295,2023,B,30,Mirassol,mirassol,Guilherme da Trindade Dubas,guilherme_da_trindade_dubas,6,35,0,80,2T,Normal
296,2023,B,30,Vitória,vitoria,Matheus Martins Fogaca de Paulo,matheus_martins_fogaca_de_paulo,10,10,0,55,2T,Normal
297,2023,B,30,Atlético,atletico,Luiz Fernando Moraes dos Santos,luiz_fernando_moraes_dos_santos,11,22,0,67,2T,Normal
298,2023,B,30,Juventude,juventude,Alan Luciano Ruschel,alan_luciano_ruschel,28,8,0,53,2T,Normal
299,2023,B,30,Londrina,londrina,Paulo Roberto Moccelin,paulo_roberto_moccelin,7,19,0,19,1T,Normal
300,2023,B,30,Abc,abc,Ramon Vinicius dos Santos,ramon_vinicius_dos_santos,20,27,0,72,2T,Normal
300,2023,B,30,Abc,abc,Paulo Sergio Luiz de Souza,paulo_sergio_luiz_de_souza,9,90,1,91,2T,Normal
302,2023,B,31,Atlético,atletico,Gabriel Baralhas dos Santos,gabriel_baralhas_dos_santos,8,45,6,51,1T,Normal
303,2023,B,31,Criciúma,criciuma,Eder Citadin Martins,eder_citadin_martins,23,22,0,22,1T,Normal
304,2023,B,31,Avaí,avai,Gabriel Buscariol Poveda,gabriel_buscariol_poveda,9,10,0,55,2T,Normal
305,2023,B,31,Mirassol,mirassol,Jose Roberto Assunçao de Araujo Filho,jose_roberto_assuncao_de_araujo_filho,9,10,0,10,1T,Normal
305,2023,B,31,Mirassol,mirassol,Jose Roberto Assunçao de Araujo Filho,jose_roberto_assuncao_de_araujo_filho,9,20,0,20,1T,Penalty
306,2023,B,31,Ponte Preta,ponte_preta,Jeferson Marinho dos Santos,jeferson_marinho_dos_santos,19,26,0,26,1T,Normal
306,2023,B,31,Ponte Preta,ponte_preta,Mailton dos Santos de Sa,mailton_dos_santos_de_sa,7,29,0,29,1T,Normal
306,2023,B,31,Ponte Preta,ponte_preta,Mailton dos Santos de Sa,mailton_dos_santos_de_sa,7,37,0,37,1T,Penalty
306,2023,B,31,Sport,sport,Vagner Silva de Souza,vagner_silva_de_souza,9,45,6,51,1T,Normal
306,2023,B,31,Sport,sport,Fabricio Daniel de Souza,fabricio_daniel_de_souza,97,24,0,69,2T,Penalty
306,2023,B,31,Sport,sport,Jorge de Moura Xavier,jorge_de_moura_xavier,10,34,0,79,2T,Normal
307,2023,B,31,Sampaio Corrêa,sampaio_correa,Robson Ferreira de Azevedo,robson_ferreira_de_azevedo,10,2,0,47,2T,Normal
307,2023,B,31,Novorizontino,novorizontino,Douglas Baggio de Oliveira Costa,douglas_baggio_de_oliveira_costa,7,44,0,89,2T,Normal
309,2023,B,31,Tombense,tombense,Jose Fernando Viana de Santana,jose_fernando_viana_de_santana,9,43,0,43,1T,Normal
309,2023,B,31,Juventude,juventude,Matheus de Vargas,matheus_de_vargas,8,43,0,88,2T,Normal
310,2023,B,31,Crb,crb,Anderson Leite Morais,anderson_leite_morais,22,32,0,32,1T,Normal
310,2023,B,31,Crb,crb,Leonardo Augusto dos Santos Pereira,leonardo_augusto_dos_santos_pereira,38,4,0,49,2T,Normal
311,2023,B,32,Atlético,atletico,Alix Vinicius de Souza Sampaio,alix_vinicius_de_souza_sampaio,4,16,0,16,1T,Normal
311,2023,B,32,Atlético,atletico,Matheus Vieira Campos Peixoto,matheus_vieira_campos_peixoto,18,90,5,95,2T,Normal
312,2023,B,32,Vila Nova,vila_nova,Eduardo Vinicius Domachowski,eduardo_vinicius_domachowski,3,14,0,14,1T,Normal
312,2023,B,32,Vila Nova,vila_nova,Caio Henrique da Silva Dantas,caio_henrique_da_silva_dantas,19,40,0,40,1T,Normal
312,2023,B,32,Vila Nova,vila_nova,Igor Henrique Martins Machado,igor_henrique_martins_machado,23,11,0,56,2T,Penalty
312,2023,B,32,Botafogo,botafogo,Diogo da Costa Silva,diogo_da_costa_silva,3,28,0,73,2T,Normal
313,2023,B,32,Chapecoense,chapecoense,Gustavo Cazonatti,gustavo_cazonatti,55,25,0,25,1T,Normal
313,2023,B,32,Chapecoense,chapecoense,Gustavo Cazonatti,gustavo_cazonatti,55,15,0,60,2T,Normal
313,2023,B,32,Criciúma,criciuma,Hygor Cleber Garcia Silva,hygor_cleber_garcia_silva,31,90,7,97,2T,Normal
316,2023,B,32,Vitória,vitoria,Leonardo Gamalho de Souza,leonardo_gamalho_de_souza,9,19,0,19,1T,Normal
316,2023,B,32,Vitória,vitoria,Wagner Leonardo Calvelo de Souza,wagner_leonardo_calvelo_de_souza,4,4,0,49,2T,Normal
318,2023,B,32,Juventude,juventude,Danilo Boza Junior,danilo_boza_junior,4,14,0,14,1T,Normal
318,2023,B,32,Sport,sport,Alan Nahuel Ruiz,alan_nahuel_ruiz,8,40,0,40,1T,Normal
318,2023,B,32,Juventude,juventude,Gabriel Pereira Taliari,gabriel_pereira_taliari,19,16,0,61,2T,Normal
318,2023,B,32,Sport,sport,Francisco Edson Moreira da Silva,francisco_edson_moreira_da_silva,11,90,3,93,2T,Normal
319,2023,B,32,Londrina,londrina,Iago Angelo Dias,iago_angelo_dias,11,11,0,11,1T,Normal
319,2023,B,32,Avaí,avai,Fellipe Ramos Ignez Bastos,fellipe_ramos_ignez_bastos,90,20,0,65,2T,Normal
320,2023,B,32,Mirassol,mirassol,Jose Roberto Assunçao de Araujo Filho,jose_roberto_assuncao_de_araujo_filho,9,9,0,9,1T,Normal
320,2023,B,32,Mirassol,mirassol,Luis Henrique Soares Firmino,luis_henrique_soares_firmino,11,20,0,20,1T,Normal
320,2023,B,32,Abc,abc,Thonny Anderson da Silva Carvalho,thonny_anderson_da_silva_carvalho,10,29,0,74,2T,Normal
322,2023,B,33,Atlético,atletico,Kelvin Giacobe Alves dos Santos,kelvin_giacobe_alves_dos_santos,7,4,0,4,1T,Normal
322,2023,B,33,Atlético,atletico,Gustavo Coutinho Silva Lopes,gustavo_coutinho_silva_lopes,9,6,0,51,2T,Normal
322,2023,B,33,Abc,abc,Paulo Sergio Luiz de Souza,paulo_sergio_luiz_de_souza,9,36,0,81,2T,Normal
322,2023,B,33,Atlético,atletico,Gabriel Baralhas dos Santos,gabriel_baralhas_dos_santos,8,39,0,84,2T,Normal
323,2023,B,33,Avaí,avai,Wagner da Silva Souza,wagner_da_silva_souza,13,1,0,46,2T,Normal
324,2023,B,33,Botafogo,botafogo,Osman de Menezes Venancio Junior,osman_de_menezes_venancio_junior,10,45,0,45,1T,Normal
324,2023,B,33,Botafogo,botafogo,Guilherme Miranda Madruga Gomes,guilherme_miranda_madruga_gomes,8,15,0,60,2T,Normal
326,2023,B,33,Chapecoense,chapecoense,Giovanni Fernando Cofreste Pavani,giovanni_fernando_cofreste_pavani,7,33,0,33,1T,Normal
326,2023,B,33,Chapecoense,chapecoense,Gustavo Cazonatti,gustavo_cazonatti,55,4,0,49,2T,Gol Contra
326,2023,B,33,Sport,sport,Alan Nahuel Ruiz,alan_nahuel_ruiz,8,16,0,61,2T,Normal
327,2023,B,33,Vitória,vitoria,Osvaldo Lourenco Filho,osvaldo_lourenco_filho,11,38,0,38,1T,Normal
328,2023,B,33,Londrina,londrina,Ariel Felipe Gomes da Rosa,ariel_felipe_gomes_da_rosa,10,10,0,10,1T,Normal
328,2023,B,33,Juventude,juventude,Jean Carlos de Souza Irmer,jean_carlos_de_souza_irmer,5,30,0,30,1T,Normal
328,2023,B,33,Londrina,londrina,Iago Angelo Dias,iago_angelo_dias,11,36,0,36,1T,Normal
328,2023,B,33,Juventude,juventude,Gabriel Pereira Taliari,gabriel_pereira_taliari,19,31,0,76,2T,Penalty
329,2023,B,33,Vila Nova,vila_nova,Joao Paulo Ferreira Lourenco,joao_paulo_ferreira_lourenco,10,18,0,18,1T,Normal
329,2023,B,33,Tombense,tombense,Jose Fernando Viana de Santana,jose_fernando_viana_de_santana,9,41,0,86,2T,Normal
329,2023,B,33,Tombense,tombense,Jose Fernando Viana de Santana,jose_fernando_viana_de_santana,9,90,5,95,2T,Normal
330,2023,B,33,Criciúma,criciuma,Claudio Coelho Salvatico,claudio_coelho_salvatico,27,5,0,50,2T,Normal
331,2023,B,34,Botafogo,botafogo,Jonas Gabriel da Silva Nunes,jonas_gabriel_da_silva_nunes,11,45,0,90,2T,Normal
332,2023,B,34,Atlético,atletico,Luiz Felipe do Nascimento dos Santos,luiz_felipe_do_nascimento_dos_santos,3,3,0,48,2T,Normal
332,2023,B,34,Vila Nova,vila_nova,Rodrigo Silva Nascimento,rodrigo_silva_nascimento,6,35,0,80,2T,Normal
332,2023,B,34,Vila Nova,vila_nova,Rafael Ferreira Donato,rafael_ferreira_donato,5,90,4,94,2T,Normal
333,2023,B,34,Criciúma,criciuma,Hygor Cleber Garcia Silva,hygor_cleber_garcia_silva,31,15,0,15,1T,Normal
333,2023,B,34,Criciúma,criciuma,Arilson Carlos Alves Baptista,arilson_carlos_alves_baptista,8,34,0,34,1T,Normal
333,2023,B,34,Criciúma,criciuma,Claudio Coelho Salvatico,claudio_coelho_salvatico,27,45,3,48,1T,Normal
335,2023,B,34,Novorizontino,novorizontino,Felipe Marques da Silva,felipe_marques_da_silva,20,9,0,54,2T,Normal
335,2023,B,34,Novorizontino,novorizontino,Romulo Azevedo Simao,romulo_azevedo_simao,17,28,0,73,2T,Falta
337,2023,B,34,Ceará,ceara,Chayene Medeiros Oliveira Santos,chayene_medeiros_oliveira_santos,14,11,0,11,1T,Normal
337,2023,B,34,Sport,sport,Jorge de Moura Xavier,jorge_de_moura_xavier,10,16,0,16,1T,Normal
337,2023,B,34,Ceará,ceara,Jean Carlos Vicente,jean_carlos_vicente,10,22,0,67,2T,Normal
338,2023,B,34,Chapecoense,chapecoense,Marco Antonio Rosa Furtado Junior,marco_antonio_rosa_furtado_junior,97,2,0,47,2T,Normal
338,2023,B,34,Tombense,tombense,Jose Fernando Viana de Santana,jose_fernando_viana_de_santana,9,45,7,52,1T,Penalty
338,2023,B,34,Tombense,tombense,Matheus Henrique Frizzo,matheus_henrique_frizzo,10,90,3,93,2T,Normal
339,2023,B,34,Londrina,londrina,Gabriel Knesowitsch,gabriel_knesowitsch,4,4,0,49,2T,Normal
339,2023,B,34,Crb,crb,Mike dos Santos Nenatarvicius,mike_dos_santos_nenatarvicius,7,40,0,85,2T,Normal
340,2023,B,34,Avaí,avai,Wagner da Silva Souza,wagner_da_silva_souza,13,34,0,34,1T,Normal
340,2023,B,34,Abc,abc,Welliton Silva de Azevedo Matheus,welliton_silva_de_azevedo_matheus,31,40,0,85,2T,Normal
341,2023,B,35,Avaí,avai,Jean Lucas Figueiredo,jean_lucas_figueiredo,29,19,0,64,2T,Normal
342,2023,B,35,Novorizontino,novorizontino,Romulo Azevedo Simao,romulo_azevedo_simao,17,16,0,16,1T,Normal
342,2023,B,35,Atlético,atletico,Luiz Fernando Moraes dos Santos,luiz_fernando_moraes_dos_santos,11,24,0,24,1T,Normal
342,2023,B,35,Novorizontino,novorizontino,Romulo Azevedo Simao,romulo_azevedo_simao,17,42,0,42,1T,Normal
342,2023,B,35,Atlético,atletico,Alix Vinicius de Souza Sampaio,alix_vinicius_de_souza_sampaio,4,2,0,47,2T,Normal
343,2023,B,35,Criciúma,criciuma,Eder Citadin Martins,eder_citadin_martins,23,24,0,24,1T,Normal
344,2023,B,35,Botafogo,botafogo,Carlos Manuel de Resende Teodoro,carlos_manuel_de_resende_teodoro,5,8,0,8,1T,Normal
344,2023,B,35,Ceará,ceara,Guilherme Bissoli Campos,guilherme_bissoli_campos,79,43,0,43,1T,Normal
344,2023,B,35,Ceará,ceara,Janderson Santos de Souza,janderson_santos_de_souza,77,23,0,68,2T,Normal
344,2023,B,35,Botafogo,botafogo,Diogo da Costa Silva,diogo_da_costa_silva,3,32,0,77,2T,Normal
345,2023,B,35,Mirassol,mirassol,Francisco Hyun Sol Kim,francisco_hyun_sol_kim,7,1,0,46,2T,Normal
345,2023,B,35,Mirassol,mirassol,Guilherme da Trindade Dubas,guilherme_da_trindade_dubas,6,45,2,47,1T,Gol Contra
345,2023,B,35,Mirassol,mirassol,Gabriel Santana Pinto,gabriel_santana_pinto,10,45,5,50,1T,Normal
346,2023,B,35,Vila Nova,vila_nova,Caio Henrique da Silva Dantas,caio_henrique_da_silva_dantas,19,4,0,4,1T,Normal
346,2023,B,35,Vitória,vitoria,Matheus Martins Fogaca de Paulo,matheus_martins_fogaca_de_paulo,7,37,0,82,2T,Normal
347,2023,B,35,Sampaio Corrêa,sampaio_correa,Ytalo Jose Oliveira dos Santos,ytalo_jose_oliveira_dos_santos,23,25,0,25,1T,Normal
347,2023,B,35,Tombense,tombense,Matheus Henrique Frizzo,matheus_henrique_frizzo,10,42,0,42,1T,Normal
347,2023,B,35,Tombense,tombense,Marcelo Jose de Lima Filho,marcelo_jose_de_lima_filho,11,90,4,94,2T,Normal
348,2023,B,35,Juventude,juventude,Gabriel Pereira Taliari,gabriel_pereira_taliari,19,17,0,17,1T,Normal
348,2023,B,35,Ituano,ituano,Wesley da Conceicao Duarte Moreira,wesley_da_conceicao_duarte_moreira,23,27,0,72,2T,Normal
348,2023,B,35,Juventude,juventude,Gabriel Pereira Taliari,gabriel_pereira_taliari,19,90,10,100,2T,Penalty
350,2023,B,35,Crb,crb,Hyuri Henrique de Oliveira Costa,hyuri_henrique_de_oliveira_costa,19,11,0,11,1T,Normal
350,2023,B,35,Chapecoense,chapecoense,Bruno Leonardo dos Santos Covas,bruno_leonardo_dos_santos_covas,13,16,0,16,1T,Normal
350,2023,B,35,Crb,crb,Joao Paulo da Silva Alves,joao_paulo_da_silva_alves,18,45,4,49,1T,Normal
350,2023,B,35,Crb,crb,Leonardo Augusto dos Santos Pereira,leonardo_augusto_dos_santos_pereira,38,25,0,70,2T,Normal
350,2023,B,35,Chapecoense,chapecoense,Marco Antonio Rosa Furtado Junior,marco_antonio_rosa_furtado_junior,97,28,0,73,2T,Normal
351,2023,B,36,Criciúma,criciuma,Arilson Carlos Alves Baptista,arilson_carlos_alves_baptista,8,14,0,14,1T,Normal
351,2023,B,36,Guarani,guarani,Derek Freitas Ribeiro,derek_freitas_ribeiro,11,30,0,75,2T,Normal
352,2023,B,36,Vila Nova,vila_nova,Rafael Ferreira Donato,rafael_ferreira_donato,5,9,0,9,1T,Normal
352,2023,B,36,Vila Nova,vila_nova,Igor Henrique Martins Machado,igor_henrique_martins_machado,23,30,0,30,1T,Normal
352,2023,B,36,Vila Nova,vila_nova,Ronald Sant Anna Rodrigues,ronald_sant_anna_rodrigues,17,13,0,58,2T,Normal
352,2023,B,36,Vila Nova,vila_nova,Igor Henrique Martins Machado,igor_henrique_martins_machado,23,18,0,63,2T,Normal
352,2023,B,36,Londrina,londrina,Gabriel Antonio Augusto Ferreira,gabriel_antonio_augusto_ferreira,13,23,0,68,2T,Normal
353,2023,B,36,Avaí,avai,Gabriel Buscariol Poveda,gabriel_buscariol_poveda,9,33,0,33,1T,Penalty
353,2023,B,36,Crb,crb,Leonardo Augusto dos Santos Pereira,leonardo_augusto_dos_santos_pereira,38,15,0,60,2T,Normal
354,2023,B,36,Ituano,ituano,Mario Sergio Valerio,mario_sergio_valerio,6,17,0,17,1T,Normal
354,2023,B,36,Ituano,ituano,Eduardo Luiz Person,eduardo_luiz_person,10,42,0,42,1T,Normal
354,2023,B,36,Sampaio Corrêa,sampaio_correa,Ytalo Jose Oliveira dos Santos,ytalo_jose_oliveira_dos_santos,23,3,0,48,2T,Normal
355,2023,B,36,Novorizontino,novorizontino,Romulo Azevedo Simao,romulo_azevedo_simao,17,19,0,19,1T,Normal
355,2023,B,36,Vitória,vitoria,Leonardo Gamalho de Souza,leonardo_gamalho_de_souza,9,45,4,49,1T,Normal
355,2023,B,36,Vitória,vitoria,Welder de Jesus Costa,welder_de_jesus_costa,19,90,9,99,2T,Penalty
357,2023,B,36,Ceará,ceara,Erick da Costa Farias,erick_da_costa_farias,16,16,0,61,2T,Normal
357,2023,B,36,Ceará,ceara,Guilherme Bissoli Campos,guilherme_bissoli_campos,79,24,0,69,2T,Penalty
358,2023,B,36,Chapecoense,chapecoense,Marcio Antonio de Sousa Junior,marcio_antonio_de_sousa_junior,29,1,0,46,2T,Normal
358,2023,B,36,Chapecoense,chapecoense,Bruno Leonardo dos Santos Covas,bruno_leonardo_dos_santos_covas,13,34,0,79,2T,Normal
359,2023,B,36,Ponte Preta,ponte_preta,Elvis Vieira Araujo,elvis_vieira_araujo,10,21,0,66,2T,Falta
361,2023,B,37,Abc,abc,Maycon Douglas Oliveira Silva,maycon_douglas_oliveira_silva,97,1,0,1,1T,Normal
361,2023,B,37,Guarani,guarani,Iago Teles da Silva,iago_teles_da_silva,37,32,0,32,1T,Normal
361,2023,B,37,Abc,abc,Welliton Silva de Azevedo Matheus,welliton_silva_de_azevedo_matheus,31,6,0,51,2T,Normal
361,2023,B,37,Abc,abc,Alex da Silva,alex_da_silva,22,26,0,71,2T,Gol Contra
361,2023,B,37,Abc,abc,Anderson Cordeiro Costa,anderson_cordeiro_costa,26,90,3,93,2T,Normal
362,2023,B,37,Vila Nova,vila_nova,Igor Henrique Martins Machado,igor_henrique_martins_machado,23,3,0,3,1T,Normal
362,2023,B,37,Ceará,ceara,Guilherme Bissoli Campos,guilherme_bissoli_campos,79,40,0,40,1T,Penalty
362,2023,B,37,Vila Nova,vila_nova,Juan Christian Pereira Coelho,juan_christian_pereira_coelho,11,9,0,54,2T,Normal
362,2023,B,37,Vila Nova,vila_nova,Caio Henrique da Silva Dantas,caio_henrique_da_silva_dantas,19,11,0,56,2T,Normal
363,2023,B,37,Criciúma,criciuma,Eder Citadin Martins,eder_citadin_martins,23,35,0,35,1T,Normal
363,2023,B,37,Criciúma,criciuma,Fellipe Mateus de Sena Araujo,fellipe_mateus_de_sena_araujo,7,36,0,81,2T,Falta
363,2023,B,37,Criciúma,criciuma,Felipe dos Reis Pereira Vizeu do Carmo Linhares,felipe_dos_reis_pereira_vizeu_do_carmo_linhares,9,90,3,93,2T,Normal
365,2023,B,37,Mirassol,mirassol,Francisco Hyun Sol Kim,francisco_hyun_sol_kim,10,3,0,3,1T,Normal
365,2023,B,37,Mirassol,mirassol,Thalisson Kelven da Silva,thalisson_kelven_da_silva,3,45,2,47,1T,Normal
365,2023,B,37,Mirassol,mirassol,Jose Roberto Assunçao de Araujo Filho,jose_roberto_assuncao_de_araujo_filho,9,4,0,49,2T,Normal
365,2023,B,37,Atlético,atletico,Raphael Guimaraes de Paula,raphael_guimaraes_de_paula,19,20,0,65,2T,Normal
365,2023,B,37,Mirassol,mirassol,Cristian Renato Gonçalves Riquelme,cristian_renato_goncalves_riquelme,19,35,0,80,2T,Normal
366,2023,B,37,Vitória,vitoria,Osvaldo Lourenco Filho,osvaldo_lourenco_filho,11,19,0,64,2T,Normal
367,2023,B,37,Sampaio Corrêa,sampaio_correa,Ytalo Jose Oliveira dos Santos,ytalo_jose_oliveira_dos_santos,23,21,0,21,1T,Normal
367,2023,B,37,Sampaio Corrêa,sampaio_correa,Jose Gervasio dos Santos Neto,jose_gervasio_dos_santos_neto,21,31,0,31,1T,Normal
367,2023,B,37,Sampaio Corrêa,sampaio_correa,Ytalo Jose Oliveira dos Santos,ytalo_jose_oliveira_dos_santos,23,45,5,50,1T,Normal
367,2023,B,37,Sampaio Corrêa,sampaio_correa,Patrick Allan da Silva Mol Gonçalves,patrick_allan_da_silva_mol_goncalves,16,26,0,71,2T,Normal
369,2023,B,37,Novorizontino,novorizontino,Aylon Darwin Tavella,aylon_darwin_tavella,11,24,0,69,2T,Normal
370,2023,B,37,Crb,crb,Anselmo Ramon Alves Herculano,anselmo_ramon_alves_herculano,9,14,0,59,2T,Normal
370,2023,B,37,Crb,crb,Bruno da Silva Costa,bruno_da_silva_costa,29,29,0,74,2T,Normal
371,2023,B,38,Ponte Preta,ponte_preta,Pablo Dyego da Silva Rosa,pablo_dyego_da_silva_rosa,11,20,0,20,1T,Normal
371,2023,B,38,Ponte Preta,ponte_preta,Pablo Dyego da Silva Rosa,pablo_dyego_da_silva_rosa,11,1,0,46,2T,Normal
371,2023,B,38,Ponte Preta,ponte_preta,Paul Breitner Villero Arevalo,paul_breitner_villero_arevalo,22,38,0,83,2T,Normal
372,2023,B,38,Atlético,atletico,Raphael Guimaraes de Paula,raphael_guimaraes_de_paula,20,5,0,50,2T,Normal
372,2023,B,38,Atlético,atletico,Gustavo Coutinho Silva Lopes,gustavo_coutinho_silva_lopes,9,8,0,53,2T,Normal
372,2023,B,38,Atlético,atletico,Matheus Vieira Campos Peixoto,matheus_vieira_campos_peixoto,18,90,2,92,2T,Normal
374,2023,B,38,Londrina,londrina,Wiliam Silva Gomes Barbio,wiliam_silva_gomes_barbio,7,14,0,59,2T,Falta
375,2023,B,38,Novorizontino,novorizontino,Marlon Adriano Prezotti,marlon_adriano_prezotti,28,2,0,2,1T,Normal
375,2023,B,38,Novorizontino,novorizontino,Romulo Azevedo Simao,romulo_azevedo_simao,17,28,0,73,2T,Normal
376,2023,B,38,Sport,sport,Wanderson Cristaldo Farias,wanderson_cristaldo_farias,88,26,0,26,1T,Normal
376,2023,B,38,Sampaio Corrêa,sampaio_correa,Gustavo Henrique Santos,gustavo_henrique_santos,4,42,0,42,1T,Gol Contra
376,2023,B,38,Sport,sport,Fabio Goncalves,fabio_goncalves,7,3,0,48,2T,Normal
376,2023,B,38,Sport,sport,Fabricio Daniel de Souza,fabricio_daniel_de_souza,97,45,4,49,1T,Normal
376,2023,B,38,Sampaio Corrêa,sampaio_correa,Ytalo Jose Oliveira dos Santos,ytalo_jose_oliveira_dos_santos,23,21,0,66,2T,Penalty
377,2023,B,38,Ceará,ceara,Janderson Santos de Souza,janderson_santos_de_souza,77,16,0,16,1T,Normal
377,2023,B,38,Juventude,juventude,Erick Samuel Correa Farias,erick_samuel_correa_farias,9,41,0,41,1T,Normal
377,2023,B,38,Juventude,juventude,Jadson Alves dos Santos,jadson_alves_dos_santos,16,33,0,78,2T,Normal
377,2023,B,38,Juventude,juventude,Ruan Pereira Duarte,ruan_pereira_duarte,29,38,0,83,2T,Normal
378,2023,B,38,Vitória,vitoria,Welder de Jesus Costa,welder_de_jesus_costa,19,26,0,26,1T,Normal
378,2023,B,38,Chapecoense,chapecoense,Marcio Antonio de Sousa Junior,marcio_antonio_de_sousa_junior,29,34,0,34,1T,Normal
378,2023,B,38,Chapecoense,chapecoense,Kayke Moreno de Andrade Rodrigues,kayke_moreno_de_andrade_rodrigues,17,14,0,59,2T,Normal
378,2023,B,38,Chapecoense,chapecoense,Bruno dos Santos Nazario,bruno_dos_santos_nazario,88,21,0,66,2T,Normal
379,2023,B,38,Mirassol,mirassol,Luiz Otavio da Silva Santos,luiz_otavio_da_silva_santos,4,43,0,88,2T,Normal
380,2023,B,38,Vila Nova,vila_nova,Rafael Ferreira Donato,rafael_ferreira_donato,5,13,0,13,1T,Gol Contra
380,2023,B,38,Abc,abc,Thonny Anderson da Silva Carvalho,thonny_anderson_da_silva_carvalho,5,41,0,41,1T,Normal
380,2023,B,38,Vila Nova,vila_nova,Rafael Ferreira Donato,rafael_ferreira_donato,5,33,0,78,2T,Normal
380,2023,B,38,Abc,abc,Thonny Anderson da Silva Carvalho,thonny_anderson_da_silva_carvalho,5,90,4,94,2T,Penalty
380,2023,B,38,Vila Nova,vila_nova,Rafael Ferreira Donato,rafael_ferreira_donato,5,90,10,100,2T,Normal
1,2024,B,1,Vila Nova,vila_nova,Luciano Francisco Paulino,luciano_francisco_paulino,10,31,0,31,1T,Normal
1,2024,B,1,Vila Nova,vila_nova,Geremias Ribeiro Junior,geremias_ribeiro_junior,7,10,0,55,2T,Normal
2,2024,B,1,Ponte Preta,ponte_preta,Joilson de Jesus Demetrio Cardoso,joilson_de_jesus_demetrio_cardoso,13,13,0,13,1T,Normal
2,2024,B,1,Ponte Preta,ponte_preta,Joilson de Jesus Demetrio Cardoso,joilson_de_jesus_demetrio_cardoso,13,14,0,59,2T,Gol Contra
3,2024,B,1,America Saf,america_saf,Renato Marques de Oliveira Junior,renato_marques_de_oliveira_junior,78,16,0,61,2T,Normal
3,2024,B,1,Botafogo,botafogo,Bernardo Schappo,bernardo_schappo,4,45,0,90,2T,Normal
4,2024,B,1,Crb,crb,Geirton Marques Aires,geirton_marques_aires,8,13,0,13,1T,Normal
4,2024,B,1,Gremio Novorizontino - Saf,gremio_novorizontino_saf,Cesar Henrique Martins,cesar_henrique_martins,37,29,0,74,2T,Normal
4,2024,B,1,Gremio Novorizontino - Saf,gremio_novorizontino_saf,Lucca Borges de Brito,lucca_borges_de_brito,11,90,4,94,2T,Normal
5,2024,B,1,Santos,santos,Pedro Gabriel Pereira Lopes,pedro_gabriel_pereira_lopes,7,23,0,68,2T,Normal
5,2024,B,1,Santos,santos,Guilherme Augusto Vieira dos Santos,guilherme_augusto_vieira_dos_santos,11,44,0,89,2T,Normal
167,2026,B,0,Avaí,avai,Douglas da Silva Teixeira,douglas_da_silva_teixeira,36,6,0,6,1T,Normal
167,2026,B,0,Avaí,avai,Daniel dos Santos Penha,daniel_dos_santos_penha,14,90,6,96,2T,Normal
214,2026,B,0,Operário,operario,Vinicius Alessandro Mingotti,vinicius_alessandro_mingotti,9,45,0,90,2T,Normal
214,2026,B,0,Avaí,avai,Jefferson Maciel Bento,jefferson_maciel_bento,38,90,6,96,2T,Normal
214,2026,B,0,Avaí,avai,Wallison Nunes Silva,wallison_nunes_silva,2,90,8,98,2T,Normal
1,2026,B,1,Botafogo,botafogo,Hygor Cleber Garcia Silva,hygor_cleber_garcia_silva,9,33,0,33,1T,Normal
1,2026,B,1,Botafogo,botafogo,Everton Morelli Casimiro,everton_morelli_casimiro,8,38,0,38,1T,Normal
1,2026,B,1,Botafogo,botafogo,Gustavo Vilar dos Santos,gustavo_vilar_dos_santos,4,45,4,49,1T,Normal
1,2026,B,1,Botafogo,botafogo,Everton Morelli Casimiro,everton_morelli_casimiro,8,7,0,52,2T,Normal
2,2026,B,1,Londrina SAF,londrina_saf,Bruno Santos de Oliveira,bruno_santos_de_oliveira,9,3,0,48,2T,Normal
2,2026,B,1,Londrina SAF,londrina_saf,Lucas Marques de Oliveira,lucas_marques_de_oliveira,8,12,0,57,2T,Normal
2,2026,B,1,Londrina SAF,londrina_saf,André Luiz Guimarães Siqueira Junior,andre_luiz_guimaraes_siqueira_junior,5,43,0,88,2T,Normal
2,2026,B,1,Gremio Novorizontino - Saf,gremio_novorizontino_saf,Carlos Henrique de Moura Brito,carlos_henrique_de_moura_brito,9,90,5,95,2T,Normal
3,2026,B,1,Athletic Club,athletic_club,Ian Luccas Baroni Boetto,ian_luccas_baroni_boetto,5,27,0,27,1T,Normal
3,2026,B,1,Ponte Preta,ponte_preta,Bryan Borges Mascarenhas,bryan_borges_mascarenhas,31,44,0,44,1T,Normal
3,2026,B,1,Athletic Club,athletic_club,João Victor Broad Moreira Guimaraes,joao_victor_broad_moreira_guimaraes,15,45,1,46,1T,Normal
4,2026,B,1,Operário,operario,Pablo Felipe Teixeira,pablo_felipe_teixeira,92,23,0,23,1T,Normal
5,2026,B,1,Ceará,ceara,Vinicius Nelson de Souza Zanocelo,vinicius_nelson_de_souza_zanocelo,25,6,0,6,1T,Penalty
5,2026,B,1,Sao Bernardo,sao_bernardo,Anderson Ferreira da Silva,anderson_ferreira_da_silva,6,9,0,54,2T,Normal
6,2026,B,1,Goiás,goias,Anselmo Ramon Alves Herculano,anselmo_ramon_alves_herculano,9,8,0,8,1T,Penalty
6,2026,B,1,Goiás,goias,Tadeu Antonio Ferreira,tadeu_antonio_ferreira,23,30,0,30,1T,Penalty
6,2026,B,1,Goiás,goias,Geirton Marques Aires,geirton_marques_aires,28,41,0,86,2T,Normal
6,2026,B,1,América,america,Gonzalo Mathias Mastriani Borges,gonzalo_mathias_mastriani_borges,17,90,1,91,2T,Normal
7,2026,B,1,Avaí,avai,Felipe Nicolas Avenatti Dobilavichus,felipe_nicolas_avenatti_dobilavichus,9,36,0,36,1T,Normal
7,2026,B,1,Avaí,avai,Walace dos Santos França,walace_dos_santos_franca,57,30,0,75,2T,Normal
8,2026,B,1,Criciúma,criciuma,Wagner da Silva Souza,wagner_da_silva_souza,13,6,0,6,1T,Normal
10,2026,B,1,Crb,crb,Mikael Filipe Viana de Sousa,mikael_filipe_viana_de_sousa,28,19,0,19,1T,Normal
10,2026,B,1,Vila Nova,vila_nova,Guilherme Augusto Alves Dellatorre,guilherme_augusto_alves_dellatorre,49,2,0,47,2T,Normal
10,2026,B,1,Vila Nova,vila_nova,Eduardo dos Santos,eduardo_dos_santos,15,16,0,61,2T,Normal
10,2026,B,1,Crb,crb,João Batista da Cruz Santos Neto,joao_batista_da_cruz_santos_neto,9,90,9,99,2T,Normal
11,2026,B,2,Ponte Preta,ponte_preta,Luis Phelipe de Souza Figueiredo,luis_phelipe_de_souza_figueiredo,11,8,0,53,2T,Normal
11,2026,B,2,Ceará,ceara,Sanchez Jose Vale Costa,sanchez_jose_vale_costa,12,36,0,81,2T,Normal
12,2026,B,2,Sao Bernardo,sao_bernardo,Romisson Lino dos Santos,romisson_lino_dos_santos,17,2,0,2,1T,Normal
12,2026,B,2,Operário,operario,Pablo Felipe Teixeira,pablo_felipe_teixeira,92,40,0,40,1T,Normal
12,2026,B,2,Operário,operario,Gabriel Boschilia,gabriel_boschilia,10,39,0,84,2T,Normal
13,2026,B,2,América,america,Gonzalo Mathias Mastriani Borges,gonzalo_mathias_mastriani_borges,17,7,0,7,1T,Normal
13,2026,B,2,Botafogo,botafogo,Everton Morelli Casimiro,everton_morelli_casimiro,8,32,0,32,1T,Normal
13,2026,B,2,Botafogo,botafogo,Jose Hugo Sousa dos Santos,jose_hugo_sousa_dos_santos,30,13,0,58,2T,Normal
14,2026,B,2,Londrina SAF,londrina_saf,Bruno Santos de Oliveira,bruno_santos_de_oliveira,9,33,0,33,1T,Normal
14,2026,B,2,Goiás,goias,Anselmo Ramon Alves Herculano,anselmo_ramon_alves_herculano,9,37,0,37,1T,Normal
14,2026,B,2,Londrina SAF,londrina_saf,Iago Teles da Silva,iago_teles_da_silva,11,13,0,58,2T,Normal
14,2026,B,2,Goiás,goias,Esli Samuel Garcia Cordero,esli_samuel_garcia_cordero,15,90,4,94,2T,Normal
16,2026,B,2,Atlético Goianiense Saf,atletico_goianiense_saf,Leonardo Gomes da Silva Jaco,leonardo_gomes_da_silva_jaco,9,40,0,40,1T,Normal
16,2026,B,2,Náutico,nautico,Vinicius Santos Silva,vinicius_santos_silva,7,32,0,77,2T,Normal
16,2026,B,2,Náutico,nautico,Igor Fernandes da Silva Araujo,igor_fernandes_da_silva_araujo,23,36,0,81,2T,Normal
17,2026,B,2,Athletic Club,athletic_club,Ronaldo Rodrigues Tavares,ronaldo_rodrigues_tavares,9,1,0,1,1T,Normal
17,2026,B,2,Criciúma,criciuma,Jhonata Robert Alves da Silva,jhonata_robert_alves_da_silva,10,15,0,60,2T,Penalty
18,2026,B,2,Vila Nova,vila_nova,Janderson Santos de Souza,janderson_santos_de_souza,99,13,0,58,2T,Normal
18,2026,B,2,Sport Recife,sport_recife,Pedro Henrique Perotti,pedro_henrique_perotti,9,33,0,78,2T,Normal
19,2026,B,2,Avaí,avai,Walace dos Santos França,walace_dos_santos_franca,57,39,0,84,2T,Normal
21,2026,B,3,Botafogo,botafogo,Hygor Cleber Garcia Silva,hygor_cleber_garcia_silva,9,3,0,3,1T,Normal
21,2026,B,3,Sao Bernardo,sao_bernardo,Rodrigo Ferreira da Silva,rodrigo_ferreira_da_silva,2,3,0,48,2T,Normal
21,2026,B,3,Sao Bernardo,sao_bernardo,Daniel Amorim Dias da Silva,daniel_amorim_dias_da_silva,89,90,3,93,2T,Normal
22,2026,B,3,Gremio Novorizontino - Saf,gremio_novorizontino_saf,Carlos Henrique de Moura Brito,carlos_henrique_de_moura_brito,9,28,0,73,2T,Normal
22,2026,B,3,Crb,crb,Adailson Freire Pereira da Silva,adailson_freire_pereira_da_silva,97,90,3,93,2T,Normal
23,2026,B,3,Athletic Club,athletic_club,Ronaldo Rodrigues Tavares,ronaldo_rodrigues_tavares,9,37,0,37,1T,Normal
23,2026,B,3,América,america,Gonzalo Mathias Mastriani Borges,gonzalo_mathias_mastriani_borges,17,38,0,83,2T,Normal
24,2026,B,3,Londrina SAF,londrina_saf,Bruno Santos de Oliveira,bruno_santos_de_oliveira,9,21,0,21,1T,Normal
24,2026,B,3,Sport Recife,sport_recife,Chrystian Amaral Barletta de Almeida,chrystian_amaral_barletta_de_almeida,30,21,0,66,2T,Penalty
24,2026,B,3,Sport Recife,sport_recife,Pedro Henrique Perotti,pedro_henrique_perotti,9,41,0,86,2T,Normal
25,2026,B,3,Fortaleza SAF,fortaleza_saf,Mailton dos Santos de Sa,mailton_dos_santos_de_sa,22,17,0,17,1T,Penalty
25,2026,B,3,Juventude,juventude,Luan Martins Goncalves,luan_martins_goncalves,5,45,1,46,1T,Gol Contra
25,2026,B,3,Juventude,juventude,Alan Kardec de Souza Pereira Junior,alan_kardec_de_souza_pereira_junior,9,4,0,49,2T,Normal
26,2026,B,3,Goiás,goias,Carlos Eduardo Amaral Pereira de Castro,carlos_eduardo_amaral_pereira_de_castro,18,12,0,57,2T,Normal
28,2026,B,3,Náutico,nautico,Vinicius Santos Silva,vinicius_santos_silva,7,32,0,77,2T,Penalty
29,2026,B,3,Ceará,ceara,Juan Matheus Alano Nascimento,juan_matheus_alano_nascimento,10,25,0,70,2T,Normal
29,2026,B,3,Ceará,ceara,Juan Matheus Alano Nascimento,juan_matheus_alano_nascimento,10,34,0,79,2T,Normal
30,2026,B,3,Atlético Goianiense Saf,atletico_goianiense_saf,Marrony da Silva Liberato Silveira,marrony_da_silva_liberato_silveira,10,22,0,22,1T,Normal
30,2026,B,3,Vila Nova,vila_nova,Marcos Gabriel do Nascimento,marcos_gabriel_do_nascimento,10,18,0,63,2T,Penalty
30,2026,B,3,Vila Nova,vila_nova,Gustavo Puskas Pinheiro Lemos,gustavo_puskas_pinheiro_lemos,19,43,0,88,2T,Normal
31,2026,B,4,Vila Nova,vila_nova,Ryan Aparecido Lima Cassiano,ryan_aparecido_lima_cassiano,11,37,0,37,1T,Normal
32,2026,B,4,Fortaleza SAF,fortaleza_saf,Juan Bautista Miritello,juan_bautista_miritello,9,41,0,86,2T,Normal
33,2026,B,4,Gremio Novorizontino - Saf,gremio_novorizontino_saf,Diego Henrique Galo da Silva,diego_henrique_galo_da_silva,19,26,0,71,2T,Normal
33,2026,B,4,Gremio Novorizontino - Saf,gremio_novorizontino_saf,Sander Henrique Bortolotto,sander_henrique_bortolotto,5,28,0,73,2T,Normal
33,2026,B,4,Gremio Novorizontino - Saf,gremio_novorizontino_saf,Luiz Otavio Maria,luiz_otavio_maria,15,90,3,93,2T,Normal
35,2026,B,4,Ceará,ceara,Fernando Jose Marques Maciel,fernando_jose_marques_maciel,11,2,0,47,2T,Normal
36,2026,B,4,Atlético Goianiense Saf,atletico_goianiense_saf,Guilherme Lopes de Almeida,guilherme_lopes_de_almeida,6,20,0,20,1T,Normal
36,2026,B,4,Atlético Goianiense Saf,atletico_goianiense_saf,Leonardo Gomes da Silva Jaco,leonardo_gomes_da_silva_jaco,21,40,0,85,2T,Normal
36,2026,B,4,Londrina SAF,londrina_saf,Emiliano Rodriguez Rosales,emiliano_rodriguez_rosales,19,44,0,89,2T,Normal
37,2026,B,4,Criciúma,criciuma,Romulo Otero Vasquez,romulo_otero_vasquez,91,90,6,96,2T,Falta
38,2026,B,4,Avaí,avai,Luiz Henrique Araujo Silva,luiz_henrique_araujo_silva,8,19,0,19,1T,Penalty
38,2026,B,4,Sport Recife,sport_recife,Chrystian Amaral Barletta de Almeida,chrystian_amaral_barletta_de_almeida,30,45,9,54,1T,Penalty
38,2026,B,4,Sport Recife,sport_recife,Carlos Maria de Pena Bonino,carlos_maria_de_pena_bonino,10,44,0,89,2T,Normal
38,2026,B,4,Avaí,avai,Joao Victor Oliveira dos Santos,joao_victor_oliveira_dos_santos,11,90,5,95,2T,Normal
39,2026,B,4,Crb,crb,Pedro Henrique de Castro Silva,pedro_henrique_de_castro_silva,21,20,0,20,1T,Normal
39,2026,B,4,Athletic Club,athletic_club,Ronaldo Rodrigues Tavares,ronaldo_rodrigues_tavares,9,3,0,48,2T,Normal
39,2026,B,4,Crb,crb,Douglas Baggio de Oliveira Costa,douglas_baggio_de_oliveira_costa,7,45,5,50,1T,Penalty
39,2026,B,4,Athletic Club,athletic_club,Ronaldo Rodrigues Tavares,ronaldo_rodrigues_tavares,9,33,0,78,2T,Normal
39,2026,B,4,Athletic Club,athletic_club,Ronaldo Rodrigues Tavares,ronaldo_rodrigues_tavares,9,90,10,100,2T,Penalty
40,2026,B,4,Goiás,goias,Luiz Felipe do Nascimento dos Santos,luiz_felipe_do_nascimento_dos_santos,3,38,0,38,1T,Gol Contra
40,2026,B,4,Juventude,juventude,Alan Kardec de Souza Pereira Junior,alan_kardec_de_souza_pereira_junior,9,15,0,60,2T,Normal
41,2026,B,5,Botafogo,botafogo,Everton Morelli Casimiro,everton_morelli_casimiro,8,3,0,3,1T,Normal
41,2026,B,5,Atlético Goianiense Saf,atletico_goianiense_saf,Gustavo Coutinho Silva Lopes,gustavo_coutinho_silva_lopes,9,23,0,23,1T,Penalty
42,2026,B,5,Gremio Novorizontino - Saf,gremio_novorizontino_saf,Luiz Otavio Maria,luiz_otavio_maria,15,9,0,9,1T,Normal
42,2026,B,5,Athletic Club,athletic_club,Lucas Belezi Barbosa,lucas_belezi_barbosa,4,21,0,21,1T,Normal
42,2026,B,5,Gremio Novorizontino - Saf,gremio_novorizontino_saf,Robson dos Santos Fernandes,robson_dos_santos_fernandes,11,18,0,63,2T,Normal
46,2026,B,5,Cuiabá Saf,cuiaba_saf,Hernandes Rodrigues da Silva,hernandes_rodrigues_da_silva,10,29,0,74,2T,Normal
46,2026,B,5,Cuiabá Saf,cuiaba_saf,Hernandes Rodrigues da Silva,hernandes_rodrigues_da_silva,10,36,0,81,2T,Normal
47,2026,B,5,Avaí,avai,Jean Lucas Figueiredo,jean_lucas_figueiredo,10,38,0,38,1T,Normal
47,2026,B,5,Ponte Preta,ponte_preta,William de Oliveira Pottker,william_de_oliveira_pottker,9,45,1,46,1T,Penalty
47,2026,B,5,Ponte Preta,ponte_preta,Diego Barbosa de Oliveira Tavares,diego_barbosa_de_oliveira_tavares,7,14,0,59,2T,Normal
48,2026,B,5,Sao Bernardo,sao_bernardo,Pedro Vitor Ferreira da Silva,pedro_vitor_ferreira_da_silva,11,22,0,67,2T,Normal
48,2026,B,5,Sao Bernardo,sao_bernardo,Guilherme Seefeldt Krolow,guilherme_seefeldt_krolow,8,37,0,82,2T,Normal
48,2026,B,5,Sao Bernardo,sao_bernardo,Luis Otavio de Oliveira,luis_otavio_de_oliveira,27,43,0,88,2T,Normal
49,2026,B,5,Juventude,juventude,Allan Victor Oliveira Mota,allan_victor_oliveira_mota,20,39,0,39,1T,Normal
50,2026,B,5,Vila Nova,vila_nova,Rafael da Silva,rafael_da_silva,9,18,0,18,1T,Normal
50,2026,B,5,Operário,operario,Vinicius Diniz Dall Antonia,vinicius_diniz_dall_antonia,20,43,0,43,1T,Normal
50,2026,B,5,Vila Nova,vila_nova,Ryan Aparecido Lima Cassiano,ryan_aparecido_lima_cassiano,11,4,0,49,2T,Normal
51,2026,B,6,Ponte Preta,ponte_preta,William de Oliveira Pottker,william_de_oliveira_pottker,9,44,0,44,1T,Normal
52,2026,B,6,Sao Bernardo,sao_bernardo,Felipe Garcia Goncalves,felipe_garcia_goncalves,9,90,2,92,2T,Normal
53,2026,B,6,Náutico,nautico,Victor Andrade Santos,victor_andrade_santos,11,36,0,81,2T,Normal
55,2026,B,6,Vila Nova,vila_nova,Rafael da Silva,rafael_da_silva,9,12,0,12,1T,Normal
55,2026,B,6,Ceará,ceara,Lucas Eduardo Lima da Silva,lucas_eduardo_lima_da_silva,31,14,0,14,1T,Normal
55,2026,B,6,Ceará,ceara,Matheus de Araujo Andrade,matheus_de_araujo_andrade,8,43,0,43,1T,Normal
55,2026,B,6,Ceará,ceara,Matheus de Araujo Andrade,matheus_de_araujo_andrade,8,45,2,47,1T,Normal
55,2026,B,6,Vila Nova,vila_nova,Joao Pedro Vieira,joao_pedro_vieira,5,17,0,62,2T,Penalty
55,2026,B,6,Vila Nova,vila_nova,Rafael da Silva,rafael_da_silva,9,22,0,67,2T,Normal
56,2026,B,6,Atlético Goianiense Saf,atletico_goianiense_saf,Gustavo Coutinho Silva Lopes,gustavo_coutinho_silva_lopes,9,21,0,21,1T,Penalty
56,2026,B,6,Avaí,avai,Walace dos Santos França,walace_dos_santos_franca,57,23,0,68,2T,Normal
56,2026,B,6,Atlético Goianiense Saf,atletico_goianiense_saf,Guilherme Costa Marques,guilherme_costa_marques,17,28,0,73,2T,Normal
57,2026,B,6,Criciúma,criciuma,Bruno Fabiano Alves,bruno_fabiano_alves,34,8,0,8,1T,Normal
57,2026,B,6,Criciúma,criciuma,Nicolas Godinho Johann,nicolas_godinho_johann,9,36,0,36,1T,Normal
57,2026,B,6,Crb,crb,Mikael Filipe Viana de Sousa,mikael_filipe_viana_de_sousa,28,4,0,49,2T,Normal
57,2026,B,6,Criciúma,criciuma,Wagner da Silva Souza,wagner_da_silva_souza,13,29,0,74,2T,Normal
58,2026,B,6,Sport Recife,sport_recife,Pedro Henrique Perotti,pedro_henrique_perotti,9,6,0,51,2T,Normal
59,2026,B,6,Cuiabá Saf,cuiaba_saf,Eric Almeida de Melo,eric_almeida_de_melo,14,18,0,63,2T,Normal
59,2026,B,6,Botafogo,botafogo,Luiz Guilherme Vieira da Silva,luiz_guilherme_vieira_da_silva,21,32,0,77,2T,Penalty
60,2026,B,6,Juventude,juventude,Marcos Paulo Costa do Nascimento,marcos_paulo_costa_do_nascimento,10,45,0,45,1T,Normal
61,2026,B,7,Botafogo,botafogo,Everton Morelli Casimiro,everton_morelli_casimiro,8,41,0,41,1T,Normal
61,2026,B,7,Náutico,nautico,Victor Andrade Santos,victor_andrade_santos,11,11,0,56,2T,Normal
62,2026,B,7,Sao Bernardo,sao_bernardo,Guilherme Seefeldt Krolow,guilherme_seefeldt_krolow,8,13,0,13,1T,Normal
62,2026,B,7,Sao Bernardo,sao_bernardo,Anderson Ferreira da Silva,anderson_ferreira_da_silva,6,7,0,52,2T,Normal
62,2026,B,7,Sao Bernardo,sao_bernardo,Fabricio Daniel de Souza,fabricio_daniel_de_souza,10,33,0,78,2T,Penalty
63,2026,B,7,América,america,Emerson Raymundo Santos,emerson_raymundo_santos,2,9,0,9,1T,Normal
63,2026,B,7,Crb,crb,Adailson Freire Pereira da Silva,adailson_freire_pereira_da_silva,97,40,0,40,1T,Normal
63,2026,B,7,Crb,crb,Guilherme Nunes Rodrigues,guilherme_nunes_rodrigues,11,38,0,83,2T,Normal
64,2026,B,7,Operário,operario,Gabriel Boschilia,gabriel_boschilia,10,4,0,4,1T,Normal
64,2026,B,7,Operário,operario,Aylon Darwin Tavella,aylon_darwin_tavella,11,28,0,28,1T,Normal
64,2026,B,7,Operário,operario,Gabriel Boschilia,gabriel_boschilia,10,14,0,59,2T,Normal
65,2026,B,7,Goiás,goias,Geirton Marques Aires,geirton_marques_aires,28,23,0,23,1T,Falta
65,2026,B,7,Fortaleza SAF,fortaleza_saf,Vitor Samuel Ferreira Arantes,vitor_samuel_ferreira_arantes,11,9,0,54,2T,Normal
65,2026,B,7,Fortaleza SAF,fortaleza_saf,Vitor Samuel Ferreira Arantes,vitor_samuel_ferreira_arantes,11,15,0,60,2T,Normal
65,2026,B,7,Fortaleza SAF,fortaleza_saf,Juan Bautista Miritello,juan_bautista_miritello,9,33,0,78,2T,Normal
65,2026,B,7,Fortaleza SAF,fortaleza_saf,Juan Bautista Miritello,juan_bautista_miritello,9,45,0,90,2T,Normal
67,2026,B,7,Avaí,avai,Luiz Henrique Araujo Silva,luiz_henrique_araujo_silva,8,23,0,23,1T,Normal
67,2026,B,7,Gremio Novorizontino - Saf,gremio_novorizontino_saf,Robson dos Santos Fernandes,robson_dos_santos_fernandes,11,2,0,47,2T,Normal
67,2026,B,7,Gremio Novorizontino - Saf,gremio_novorizontino_saf,Romulo Azevedo Simao,romulo_azevedo_simao,10,29,0,74,2T,Normal
67,2026,B,7,Avaí,avai,Rafael Bilu Mudesto,rafael_bilu_mudesto,7,90,2,92,2T,Normal
67,2026,B,7,Gremio Novorizontino - Saf,gremio_novorizontino_saf,Leonardo Naldi de Matos,leonardo_naldi_de_matos,18,90,11,101,2T,Penalty
67,2026,B,7,Avaí,avai,Paulo Vitor Monteiro,paulo_vitor_monteiro,25,90,14,104,2T,Normal
68,2026,B,7,Sport Recife,sport_recife,Chrystian Amaral Barletta de Almeida,chrystian_amaral_barletta_de_almeida,30,7,0,52,2T,Penalty
68,2026,B,7,Sport Recife,sport_recife,Madson Ferreira dos Santos,madson_ferreira_dos_santos,13,25,0,70,2T,Normal
72,2026,B,8,Gremio Novorizontino - Saf,gremio_novorizontino_saf,Robson dos Santos Fernandes,robson_dos_santos_fernandes,11,11,0,56,2T,Normal
75,2026,B,8,Atlético Goianiense Saf,atletico_goianiense_saf,Gustavo Coutinho Silva Lopes,gustavo_coutinho_silva_lopes,9,29,0,29,1T,Penalty
76,2026,B,8,Goiás,goias,Anselmo Ramon Alves Herculano,anselmo_ramon_alves_herculano,9,34,0,79,2T,Normal
83,2026,B,9,Athletic SAF,athletic_saf,Dixon Jair Vera Rodriguez,dixon_jair_vera_rodriguez,21,28,0,28,1T,Normal
83,2026,B,9,Juventude,juventude,Rai da Silva Pessanha,rai_da_silva_pessanha,75,90,3,93,2T,Normal
86,2026,B,9,Goiás,goias,Carlos Eduardo de Sousa Leopoldino,carlos_eduardo_de_sousa_leopoldino,40,27,0,72,2T,Normal
87,2026,B,9,Criciúma,criciuma,Nicolas Godinho Johann,nicolas_godinho_johann,9,13,0,58,2T,Normal
87,2026,B,9,Atlético Goianiense Saf,atletico_goianiense_saf,Ewerthon Diogenes da Silva,ewerthon_diogenes_da_silva,7,15,0,60,2T,Normal
88,2026,B,9,Crb,crb,Mikael Filipe Viana de Sousa,mikael_filipe_viana_de_sousa,28,39,0,39,1T,Normal
88,2026,B,9,Crb,crb,Daniel Sampaio Simoes,daniel_sampaio_simoes,10,13,0,58,2T,Normal
88,2026,B,9,Sport Recife,sport_recife,Pedro Henrique Perotti,pedro_henrique_perotti,9,32,0,77,2T,Normal
90,2026,B,9,Vila Nova,vila_nova,Bruno Cesar Xavier Sislo,bruno_cesar_xavier_sislo,33,32,0,32,1T,Normal
90,2026,B,9,Vila Nova,vila_nova,Eduardo dos Santos,eduardo_dos_santos,15,45,1,46,1T,Normal
91,2026,B,10,Athletic SAF,athletic_saf,Maswel Ananias Silva,maswel_ananias_silva,11,36,0,36,1T,Normal
91,2026,B,10,Botafogo,botafogo,Everton Morelli Casimiro,everton_morelli_casimiro,8,3,0,48,2T,Normal
91,2026,B,10,Athletic SAF,athletic_saf,Diogo Batista de Souza,diogo_batista_de_souza,22,23,0,68,2T,Normal
92,2026,B,10,Gremio Novorizontino - Saf,gremio_novorizontino_saf,Matheus Henrique Bianqui,matheus_henrique_bianqui,17,6,0,6,1T,Normal
92,2026,B,10,Ceará,ceara,Melquisedeque Costa de Oliveira,melquisedeque_costa_de_oliveira,40,43,0,43,1T,Normal
92,2026,B,10,Gremio Novorizontino - Saf,gremio_novorizontino_saf,Alexandre de Almeida Silva Junior,alexandre_de_almeida_silva_junior,50,41,0,86,2T,Normal
93,2026,B,10,América,america,Nathan Raphael Pelae Cardoso,nathan_raphael_pelae_cardoso,3,22,0,22,1T,Normal
93,2026,B,10,Vila Nova,vila_nova,Ryan Aparecido Lima Cassiano,ryan_aparecido_lima_cassiano,11,22,0,67,2T,Normal
93,2026,B,10,Vila Nova,vila_nova,Janderson Santos de Souza,janderson_santos_de_souza,99,31,0,76,2T,Normal
94,2026,B,10,Criciúma,criciuma,Marcelo Hermes,marcelo_hermes,22,30,0,75,2T,Normal
94,2026,B,10,Operário,operario,Matheus Trindade Gonçalves,matheus_trindade_goncalves,39,42,0,87,2T,Normal
95,2026,B,10,Fortaleza SAF,fortaleza_saf,Vitor Samuel Ferreira Arantes,vitor_samuel_ferreira_arantes,11,35,0,35,1T,Normal
95,2026,B,10,Fortaleza SAF,fortaleza_saf,Luiz Fernando Moraes dos Santos,luiz_fernando_moraes_dos_santos,32,7,0,52,2T,Penalty
95,2026,B,10,Fortaleza SAF,fortaleza_saf,Lucca Prior Pimenta,lucca_prior_pimenta,38,90,9,99,2T,Normal
96,2026,B,10,Sao Bernardo,sao_bernardo,Pablo Dyego da Silva Rosa,pablo_dyego_da_silva_rosa,22,38,0,83,2T,Normal
97,2026,B,10,Goiás,goias,Bruno Savio da Silva,bruno_savio_da_silva,11,25,0,70,2T,Normal
97,2026,B,10,Goiás,goias,Anselmo Ramon Alves Herculano,anselmo_ramon_alves_herculano,9,32,0,77,2T,Normal
98,2026,B,10,Náutico,nautico,Geremias Ribeiro Junior,geremias_ribeiro_junior,29,25,0,70,2T,Normal
99,2026,B,10,Ponte Preta,ponte_preta,David da Hora da Conceicao,david_da_hora_da_conceicao,18,27,0,27,1T,Normal
99,2026,B,10,Ponte Preta,ponte_preta,Elvis Vieira Araujo,elvis_vieira_araujo,10,33,0,33,1T,Normal
99,2026,B,10,Crb,crb,Mikael Filipe Viana de Sousa,mikael_filipe_viana_de_sousa,28,45,2,47,1T,Normal
99,2026,B,10,Crb,crb,Mikael Filipe Viana de Sousa,mikael_filipe_viana_de_sousa,28,12,0,57,2T,Normal
99,2026,B,10,Crb,crb,Luiz Phellype Luciano Silva,luiz_phellype_luciano_silva,19,35,0,80,2T,Normal
99,2026,B,10,Crb,crb,Luiz Phellype Luciano Silva,luiz_phellype_luciano_silva,19,90,4,94,2T,Normal
100,2026,B,10,Sport Recife,sport_recife,Iury Lirio Freitas de Castilho,iury_lirio_freitas_de_castilho,95,36,0,81,2T,Normal
102,2026,B,11,Gremio Novorizontino - Saf,gremio_novorizontino_saf,Romulo Azevedo Simao,romulo_azevedo_simao,10,5,0,5,1T,Penalty
102,2026,B,11,Sao Bernardo,sao_bernardo,Pedro Vitor Ferreira da Silva,pedro_vitor_ferreira_da_silva,11,16,0,16,1T,Normal
103,2026,B,11,Athletic SAF,athletic_saf,Ian Luccas Baroni Boetto,ian_luccas_baroni_boetto,5,10,0,55,2T,Normal
104,2026,B,11,Vila Nova,vila_nova,Andre Luis da Costa Alfredo,andre_luis_da_costa_alfredo,7,19,0,64,2T,Normal
105,2026,B,11,Ceará,ceara,Melquisedeque Costa de Oliveira,melquisedeque_costa_de_oliveira,40,39,0,39,1T,Normal
105,2026,B,11,Operário,operario,Gabriel Boschilia,gabriel_boschilia,10,9,0,54,2T,Falta
105,2026,B,11,Operário,operario,Gabriel Feliciano da Silva,gabriel_feliciano_da_silva,27,14,0,59,2T,Normal
106,2026,B,11,Goiás,goias,Anselmo Ramon Alves Herculano,anselmo_ramon_alves_herculano,9,1,0,46,2T,Normal
106,2026,B,11,Atlético Goianiense Saf,atletico_goianiense_saf,Guilherme Costa Marques,guilherme_costa_marques,18,26,0,71,2T,Penalty
107,2026,B,11,Criciúma,criciuma,Romulo Otero Vasquez,romulo_otero_vasquez,91,38,0,38,1T,Falta
107,2026,B,11,Criciúma,criciuma,Fellipe Mateus de Sena Araujo,fellipe_mateus_de_sena_araujo,7,1,0,46,2T,Normal
107,2026,B,11,Avaí,avai,Paulo Vitor Monteiro,paulo_vitor_monteiro,25,3,0,48,2T,Normal
108,2026,B,11,Sport Recife,sport_recife,Chrystian Amaral Barletta de Almeida,chrystian_amaral_barletta_de_almeida,30,28,0,28,1T,Penalty
108,2026,B,11,Sport Recife,sport_recife,Chrystian Amaral Barletta de Almeida,chrystian_amaral_barletta_de_almeida,30,38,0,83,2T,Normal
109,2026,B,11,Cuiabá,cuiaba,Vinicius Peixoto Trindade da Silva,vinicius_peixoto_trindade_da_silva,29,31,0,31,1T,Normal
109,2026,B,11,Cuiabá,cuiaba,Joao Pedro Vilardi Pinto,joao_pedro_vilardi_pinto,8,38,0,38,1T,Normal
110,2026,B,11,Juventude,juventude,Rai da Silva Pessanha,rai_da_silva_pessanha,75,7,0,7,1T,Normal
110,2026,B,11,Juventude,juventude,Alisson Pelegrini Safira,alisson_pelegrini_safira,25,21,0,66,2T,Normal
110,2026,B,11,Juventude,juventude,Wadson Victor Nunes Damasceno,wadson_victor_nunes_damasceno,6,90,1,91,2T,Normal
111,2026,B,12,Cuiabá,cuiaba,Joao Othavio Basso,joao_othavio_basso,13,36,0,36,1T,Normal
111,2026,B,12,Ponte Preta,ponte_preta,Tarik Michel Kedes Boschetti,tarik_michel_kedes_boschetti,38,45,2,47,1T,Normal
111,2026,B,12,Cuiabá,cuiaba,Kauan Cristtyan Cabral do Carmo,kauan_cristtyan_cabral_do_carmo,41,19,0,64,2T,Normal
112,2026,B,12,Sport Recife,sport_recife,Augusto Pucci de Freitas,augusto_pucci_de_freitas,68,15,0,60,2T,Normal
112,2026,B,12,Athletic SAF,athletic_saf,Ian Luccas Baroni Boetto,ian_luccas_baroni_boetto,5,20,0,65,2T,Normal
113,2026,B,12,América,america,Felipe Amaral Casarin Damasceno,felipe_amaral_casarin_damasceno,8,30,0,30,1T,Normal
113,2026,B,12,Atlético Goianiense Saf,atletico_goianiense_saf,Marrony da Silva Liberato Silveira,marrony_da_silva_liberato_silveira,7,32,0,32,1T,Normal
113,2026,B,12,Atlético Goianiense Saf,atletico_goianiense_saf,Gustavo Coutinho Silva Lopes,gustavo_coutinho_silva_lopes,9,27,0,72,2T,Normal
114,2026,B,12,Operário,operario,Pablo Felipe Teixeira,pablo_felipe_teixeira,92,41,0,41,1T,Normal
114,2026,B,12,Juventude,juventude,Rai da Silva Pessanha,rai_da_silva_pessanha,75,5,0,50,2T,Normal
114,2026,B,12,Operário,operario,Gabriel Boschilia,gabriel_boschilia,10,90,4,94,2T,Penalty
116,2026,B,12,Gremio Novorizontino - Saf,gremio_novorizontino_saf,Robson dos Santos Fernandes,robson_dos_santos_fernandes,11,31,0,31,1T,Normal
116,2026,B,12,Gremio Novorizontino - Saf,gremio_novorizontino_saf,Robson dos Santos Fernandes,robson_dos_santos_fernandes,11,11,0,56,2T,Normal
116,2026,B,12,Gremio Novorizontino - Saf,gremio_novorizontino_saf,Romulo Azevedo Simao,romulo_azevedo_simao,10,24,0,69,2T,Penalty
116,2026,B,12,Gremio Novorizontino - Saf,gremio_novorizontino_saf,Vinicius dos Santos de Oliveira Paiva,vinicius_dos_santos_de_oliveira_paiva,16,30,0,75,2T,Normal
117,2026,B,12,Criciúma,criciuma,Willean Bernardo Willemen,willean_bernardo_willemen,97,4,0,4,1T,Normal
118,2026,B,12,Náutico,nautico,Mateus Ferreira da Silva,mateus_ferreira_da_silva,25,43,0,43,1T,Gol Contra
119,2026,B,12,Sao Bernardo,sao_bernardo,Felipe Garcia Goncalves,felipe_garcia_goncalves,9,26,0,26,1T,Normal
119,2026,B,12,Crb,crb,Adailson Freire Pereira da Silva,adailson_freire_pereira_da_silva,97,30,0,30,1T,Normal
119,2026,B,12,Sao Bernardo,sao_bernardo,Mario Sergio Valerio,mario_sergio_valerio,33,3,0,48,2T,Normal
119,2026,B,12,Crb,crb,Mikael Filipe Viana de Sousa,mikael_filipe_viana_de_sousa,28,10,0,55,2T,Normal
119,2026,B,12,Sao Bernardo,sao_bernardo,Rodrigo Ferreira da Silva,rodrigo_ferreira_da_silva,2,29,0,74,2T,Normal
120,2026,B,12,Vila Nova,vila_nova,Andre Luis da Costa Alfredo,andre_luis_da_costa_alfredo,7,20,0,20,1T,Normal
121,2026,B,13,Operário,operario,Gabriel Boschilia,gabriel_boschilia,10,45,5,50,1T,Penalty
121,2026,B,13,Botafogo,botafogo,Hygor Cleber Garcia Silva,hygor_cleber_garcia_silva,9,19,0,64,2T,Normal
121,2026,B,13,Botafogo,botafogo,Hygor Cleber Garcia Silva,hygor_cleber_garcia_silva,9,36,0,81,2T,Normal
123,2026,B,13,Goiás,goias,Esli Samuel Garcia Cordero,esli_samuel_garcia_cordero,15,45,2,47,1T,Normal
123,2026,B,13,Athletic SAF,athletic_saf,Kauan Rodrigues da Silva,kauan_rodrigues_da_silva,17,22,0,67,2T,Normal
124,2026,B,13,Londrina SAF,londrina_saf,André Luiz Guimarães Siqueira Junior,andre_luiz_guimaraes_siqueira_junior,5,31,0,31,1T,Normal
124,2026,B,13,Avaí,avai,Luiz Henrique Araujo Silva,luiz_henrique_araujo_silva,8,1,0,46,2T,Gol Contra
124,2026,B,13,Avaí,avai,Thayllon Roberth dos Santos Rebelo,thayllon_roberth_dos_santos_rebelo,43,45,3,48,1T,Normal
124,2026,B,13,Avaí,avai,Thayllon Roberth dos Santos Rebelo,thayllon_roberth_dos_santos_rebelo,43,18,0,63,2T,Normal
124,2026,B,13,Londrina SAF,londrina_saf,Bruno Santos de Oliveira,bruno_santos_de_oliveira,9,40,0,85,2T,Normal
125,2026,B,13,América,america,Matias Emanuel Segovia Torales,matias_emanuel_segovia_torales,77,29,0,29,1T,Normal
125,2026,B,13,América,america,Gabriel de Sousa Barros,gabriel_de_sousa_barros,7,44,0,44,1T,Normal
125,2026,B,13,América,america,Willian Gomes de Siqueira,willian_gomes_de_siqueira,9,90,9,99,2T,Penalty
126,2026,B,13,Crb,crb,Mikael Filipe Viana de Sousa,mikael_filipe_viana_de_sousa,28,1,0,1,1T,Normal
126,2026,B,13,Crb,crb,Thiago Fernandes Rodrigues,thiago_fernandes_rodrigues,17,7,0,7,1T,Normal
126,2026,B,13,Crb,crb,Mikael Filipe Viana de Sousa,mikael_filipe_viana_de_sousa,28,30,0,30,1T,Normal
126,2026,B,13,Atlético Goianiense Saf,atletico_goianiense_saf,Gustavo Coutinho Silva Lopes,gustavo_coutinho_silva_lopes,9,8,0,53,2T,Normal
126,2026,B,13,Atlético Goianiense Saf,atletico_goianiense_saf,Gustavo Coutinho Silva Lopes,gustavo_coutinho_silva_lopes,9,16,0,61,2T,Penalty
126,2026,B,13,Atlético Goianiense Saf,atletico_goianiense_saf,Leonardo Gomes da Silva Jaco,leonardo_gomes_da_silva_jaco,20,41,0,86,2T,Normal
127,2026,B,13,Criciúma,criciuma,Fellipe Mateus de Sena Araujo,fellipe_mateus_de_sena_araujo,7,24,0,24,1T,Normal
127,2026,B,13,Ceará,ceara,Joao Gabriel Santos Batista,joao_gabriel_santos_batista,81,34,0,79,2T,Normal
128,2026,B,13,Náutico,nautico,Vinicius Rodrigues Adelino dos Santos,vinicius_rodrigues_adelino_dos_santos,10,30,0,30,1T,Falta
128,2026,B,13,Gremio Novorizontino - Saf,gremio_novorizontino_saf,Alexandre de Almeida Silva Junior,alexandre_de_almeida_silva_junior,50,21,0,66,2T,Normal
128,2026,B,13,Náutico,nautico,Vinicius Rodrigues Adelino dos Santos,vinicius_rodrigues_adelino_dos_santos,10,30,0,75,2T,Penalty
128,2026,B,13,Gremio Novorizontino - Saf,gremio_novorizontino_saf,Robson dos Santos Fernandes,robson_dos_santos_fernandes,11,33,0,78,2T,Normal
129,2026,B,13,Cuiabá,cuiaba,Calebe Oliveira Costa,calebe_oliveira_costa,5,90,1,91,2T,Normal
130,2026,B,13,Juventude,juventude,Marcos Paulo Costa do Nascimento,marcos_paulo_costa_do_nascimento,10,13,0,13,1T,Normal
130,2026,B,13,Juventude,juventude,Marcos Paulo Costa do Nascimento,marcos_paulo_costa_do_nascimento,10,29,0,29,1T,Normal
130,2026,B,13,Juventude,juventude,Fabio de Lima Costa,fabio_de_lima_costa,11,7,0,52,2T,Normal
131,2026,B,14,Gremio Novorizontino - Saf,gremio_novorizontino_saf,Robson dos Santos Fernandes,robson_dos_santos_fernandes,11,31,0,31,1T,Normal
131,2026,B,14,Gremio Novorizontino - Saf,gremio_novorizontino_saf,Robson dos Santos Fernandes,robson_dos_santos_fernandes,11,13,0,58,2T,Normal
132,2026,B,14,Juventude,juventude,Alisson Pelegrini Safira,alisson_pelegrini_safira,25,20,0,65,2T,Normal
133,2026,B,14,Criciúma,criciuma,Cesar Henrique Martins,cesar_henrique_martins,37,31,0,31,1T,Normal
134,2026,B,14,Londrina SAF,londrina_saf,Bruno Santos de Oliveira,bruno_santos_de_oliveira,9,21,0,66,2T,Normal
134,2026,B,14,Londrina SAF,londrina_saf,Bruno Santos de Oliveira,bruno_santos_de_oliveira,9,90,5,95,2T,Penalty
135,2026,B,14,Botafogo,botafogo,Rafael Gustavo Meneghel Gava,rafael_gustavo_meneghel_gava,10,32,0,77,2T,Falta
136,2026,B,14,Operário,operario,Hildeberto Jose Morgado Pereira,hildeberto_jose_morgado_pereira,14,6,0,6,1T,Normal
136,2026,B,14,Operário,operario,Vinicius Diniz Dall Antonia,vinicius_diniz_dall_antonia,20,41,0,41,1T,Normal
136,2026,B,14,Operário,operario,Hildeberto Jose Morgado Pereira,hildeberto_jose_morgado_pereira,14,45,2,47,1T,Normal
137,2026,B,14,Avaí,avai,Jean Lucas Figueiredo,jean_lucas_figueiredo,10,30,0,30,1T,Normal
138,2026,B,14,Sport Recife,sport_recife,Pedro Henrique Perotti,pedro_henrique_perotti,9,25,0,25,1T,Normal
138,2026,B,14,Atlético Goianiense Saf,atletico_goianiense_saf,Leonardo Gomes da Silva Jaco,leonardo_gomes_da_silva_jaco,20,90,5,95,2T,Normal
139,2026,B,14,Crb,crb,Mikael Filipe Viana de Sousa,mikael_filipe_viana_de_sousa,28,6,0,6,1T,Normal
139,2026,B,14,Fortaleza SAF,fortaleza_saf,Juan Bautista Miritello,juan_bautista_miritello,9,35,0,80,2T,Normal
140,2026,B,14,Vila Nova,vila_nova,Janderson Santos de Souza,janderson_santos_de_souza,99,2,0,2,1T,Normal
140,2026,B,14,Vila Nova,vila_nova,Andre Luis da Costa Alfredo,andre_luis_da_costa_alfredo,7,7,0,7,1T,Normal
140,2026,B,14,Vila Nova,vila_nova,Janderson Santos de Souza,janderson_santos_de_souza,99,17,0,17,1T,Normal
140,2026,B,14,Náutico,nautico,Vinicius Rodrigues Adelino dos Santos,vinicius_rodrigues_adelino_dos_santos,10,36,0,36,1T,Normal
140,2026,B,14,Vila Nova,vila_nova,Ryan Aparecido Lima Cassiano,ryan_aparecido_lima_cassiano,11,43,0,43,1T,Normal
140,2026,B,14,Náutico,nautico,Vinicius Santos Silva,vinicius_santos_silva,7,19,0,64,2T,Normal
140,2026,B,14,Náutico,nautico,Luiz Claudio Bezerra Alves,luiz_claudio_bezerra_alves,16,90,1,91,2T,Normal
141,2026,B,15,Crb,crb,Adailson Freire Pereira da Silva,adailson_freire_pereira_da_silva,97,16,0,16,1T,Normal
142,2026,B,15,Gremio Novorizontino - Saf,gremio_novorizontino_saf,Luis Felipe Oyama,luis_felipe_oyama,6,5,0,5,1T,Normal
142,2026,B,15,Vila Nova,vila_nova,Nathan Camargo dos Santos,nathan_camargo_dos_santos,20,40,0,40,1T,Normal
142,2026,B,15,Gremio Novorizontino - Saf,gremio_novorizontino_saf,Alexandre de Almeida Silva Junior,alexandre_de_almeida_silva_junior,50,90,3,93,2T,Normal
143,2026,B,15,Athletic SAF,athletic_saf,Dixon Jair Vera Rodriguez,dixon_jair_vera_rodriguez,21,44,0,89,2T,Normal
144,2026,B,15,Operário,operario,Onitlasi Junior de Moraes Rodrigues,onitlasi_junior_de_moraes_rodrigues,6,19,0,64,2T,Normal
145,2026,B,15,Fortaleza SAF,fortaleza_saf,Rodrigo Oliveira dos Santos,rodrigo_oliveira_dos_santos,29,28,0,28,1T,Normal
145,2026,B,15,Sport Recife,sport_recife,Pedro Henrique Perotti,pedro_henrique_perotti,9,24,0,69,2T,Normal
145,2026,B,15,Fortaleza SAF,fortaleza_saf,Welliton Silva de Azevedo Matheus,welliton_silva_de_azevedo_matheus,31,90,5,95,2T,Normal
146,2026,B,15,Atlético Goianiense Saf,atletico_goianiense_saf,Gustavo Coutinho Silva Lopes,gustavo_coutinho_silva_lopes,9,17,0,17,1T,Penalty
146,2026,B,15,Atlético Goianiense Saf,atletico_goianiense_saf,Gustavo Coutinho Silva Lopes,gustavo_coutinho_silva_lopes,9,18,0,18,1T,Normal
147,2026,B,15,Criciúma,criciuma,Romulo Otero Vasquez,romulo_otero_vasquez,91,25,0,25,1T,Penalty
148,2026,B,15,Goiás,goias,Djalma Antonio da Silva Filho,djalma_antonio_da_silva_filho,54,26,0,26,1T,Normal
149,2026,B,15,Londrina SAF,londrina_saf,Bruno Santos de Oliveira,bruno_santos_de_oliveira,9,2,0,2,1T,Penalty
149,2026,B,15,Londrina SAF,londrina_saf,Bruno Santos de Oliveira,bruno_santos_de_oliveira,9,45,6,51,1T,Normal
149,2026,B,15,Cuiabá,cuiaba,Vinicius Peixoto Trindade da Silva,vinicius_peixoto_trindade_da_silva,29,17,0,62,2T,Normal
149,2026,B,15,Cuiabá,cuiaba,Vinicius Peixoto Trindade da Silva,vinicius_peixoto_trindade_da_silva,29,32,0,77,2T,Normal
150,2026,B,15,Juventude,juventude,Alisson Pelegrini Safira,alisson_pelegrini_safira,25,25,0,25,1T,Normal
150,2026,B,15,Juventude,juventude,Gabriel Barbosa Pinheiro,gabriel_barbosa_pinheiro,97,33,0,33,1T,Normal
151,2026,B,16,Botafogo,botafogo,Everton Morelli Casimiro,everton_morelli_casimiro,8,27,0,27,1T,Normal
151,2026,B,16,Botafogo,botafogo,Hygor Cleber Garcia Silva,hygor_cleber_garcia_silva,9,9,0,54,2T,Normal
151,2026,B,16,Avaí,avai,Wallison Nunes Silva,wallison_nunes_silva,2,12,0,57,2T,Normal
151,2026,B,16,Botafogo,botafogo,Patrick de Carvalho Brey,patrick_de_carvalho_brey,6,34,0,79,2T,Falta
152,2026,B,16,Gremio Novorizontino - Saf,gremio_novorizontino_saf,Luis Felipe Oyama,luis_felipe_oyama,6,33,0,33,1T,Normal
152,2026,B,16,Gremio Novorizontino - Saf,gremio_novorizontino_saf,Robson dos Santos Fernandes,robson_dos_santos_fernandes,11,21,0,66,2T,Normal
152,2026,B,16,Gremio Novorizontino - Saf,gremio_novorizontino_saf,Romulo Azevedo Simao,romulo_azevedo_simao,10,35,0,80,2T,Normal
153,2026,B,16,Athletic SAF,athletic_saf,Gian Franco Cabezas Rodriguez,gian_franco_cabezas_rodriguez,8,8,0,53,2T,Gol Contra
154,2026,B,16,Londrina SAF,londrina_saf,Bruno Santos de Oliveira,bruno_santos_de_oliveira,9,18,0,18,1T,Penalty
154,2026,B,16,Crb,crb,Mikael Filipe Viana de Sousa,mikael_filipe_viana_de_sousa,28,31,0,31,1T,Gol Contra
154,2026,B,16,Londrina SAF,londrina_saf,Lucas Marques de Oliveira,lucas_marques_de_oliveira,8,2,0,47,2T,Normal
154,2026,B,16,Londrina SAF,londrina_saf,Bruno Santos de Oliveira,bruno_santos_de_oliveira,9,31,0,76,2T,Normal
154,2026,B,16,Londrina SAF,londrina_saf,Gilberto Oliveira Souza Junior,gilberto_oliveira_souza_junior,10,38,0,83,2T,Normal
155,2026,B,16,Fortaleza SAF,fortaleza_saf,Juan Bautista Miritello,juan_bautista_miritello,9,14,0,59,2T,Normal
155,2026,B,16,Fortaleza SAF,fortaleza_saf,Mailton dos Santos de Sa,mailton_dos_santos_de_sa,22,38,0,83,2T,Normal
156,2026,B,16,Goiás,goias,Carlos Eduardo de Sousa Leopoldino,carlos_eduardo_de_sousa_leopoldino,40,10,0,10,1T,Normal
156,2026,B,16,Goiás,goias,Adilson dos Anjos Oliveira,adilson_dos_anjos_oliveira,8,35,0,80,2T,Normal
157,2026,B,16,Criciúma,criciuma,Wagner da Silva Souza,wagner_da_silva_souza,13,28,0,28,1T,Normal
159,2026,B,16,Cuiabá,cuiaba,Aiyran Vieira de Lima,aiyran_vieira_de_lima,57,45,0,90,2T,Normal
160,2026,B,16,Vila Nova,vila_nova,Marcos Gabriel do Nascimento,marcos_gabriel_do_nascimento,10,23,0,23,1T,Normal
160,2026,B,16,São Bernardo SAF,sao_bernardo_saf,Hyoran Kaue Dalmoro,hyoran_kaue_dalmoro,42,6,0,51,2T,Normal
160,2026,B,16,Vila Nova,vila_nova,Janderson Santos de Souza,janderson_santos_de_souza,99,90,1,91,2T,Normal
161,2026,B,17,Criciúma,criciuma,Marcelo Hermes,marcelo_hermes,22,12,0,12,1T,Normal
161,2026,B,17,Ponte Preta,ponte_preta,Daniel Goncalves Batista,daniel_goncalves_batista,26,16,0,61,2T,Normal
161,2026,B,17,Criciúma,criciuma,Marcelo Hermes,marcelo_hermes,22,90,3,93,2T,Normal
162,2026,B,17,São Bernardo SAF,sao_bernardo_saf,Lucas Rian Santos Oliveira,lucas_rian_santos_oliveira,7,6,0,6,1T,Normal
162,2026,B,17,Cuiabá,cuiaba,Marlon Matheus Lopes do Nascimento,marlon_matheus_lopes_do_nascimento,6,11,0,11,1T,Normal
162,2026,B,17,São Bernardo SAF,sao_bernardo_saf,Alex Alves de Lima,alex_alves_de_lima,1,28,0,28,1T,Gol Contra
162,2026,B,17,São Bernardo SAF,sao_bernardo_saf,Rodrigo Ferreira da Silva,rodrigo_ferreira_da_silva,2,45,0,45,1T,Normal
163,2026,B,17,América,america,Matias Emanuel Segovia Torales,matias_emanuel_segovia_torales,77,45,1,46,1T,Normal
163,2026,B,17,Londrina SAF,londrina_saf,Yago Lincoln Rocha Santos,yago_lincoln_rocha_santos,3,11,0,56,2T,Normal
164,2026,B,17,Operário,operario,Gabriel Boschilia,gabriel_boschilia,10,22,0,22,1T,Falta
164,2026,B,17,Gremio Novorizontino - Saf,gremio_novorizontino_saf,Robson dos Santos Fernandes,robson_dos_santos_fernandes,11,34,0,34,1T,Normal
164,2026,B,17,Operário,operario,Gabriel Boschilia,gabriel_boschilia,10,15,0,60,2T,Normal
166,2026,B,17,Atlético Goianiense Saf,atletico_goianiense_saf,Klebert de Oliveira Pereira,klebert_de_oliveira_pereira,8,41,0,41,1T,Falta
168,2026,B,17,Botafogo,botafogo,Jose Hugo Sousa dos Santos,jose_hugo_sousa_dos_santos,30,24,0,24,1T,Normal
168,2026,B,17,Botafogo,botafogo,Rafael Gustavo Meneghel Gava,rafael_gustavo_meneghel_gava,10,41,0,41,1T,Penalty
168,2026,B,17,Sport Recife,sport_recife,Chrystian Amaral Barletta de Almeida,chrystian_amaral_barletta_de_almeida,30,2,0,47,2T,Normal
168,2026,B,17,Sport Recife,sport_recife,Marcelo da Conceiçao Benevenuto Malaquias,marcelo_da_conceicao_benevenuto_malaquias,5,19,0,64,2T,Normal
168,2026,B,17,Botafogo,botafogo,Patrick de Carvalho Brey,patrick_de_carvalho_brey,6,30,0,75,2T,Normal
168,2026,B,17,Sport Recife,sport_recife,Chrystian Amaral Barletta de Almeida,chrystian_amaral_barletta_de_almeida,30,90,5,95,2T,Penalty
170,2026,B,17,Juventude,juventude,Messias Rodrigues da Silva Junior,messias_rodrigues_da_silva_junior,4,44,0,44,1T,Normal
171,2026,B,18,Goiás,goias,Carlos Eduardo de Sousa Leopoldino,carlos_eduardo_de_sousa_leopoldino,40,6,0,6,1T,Normal
171,2026,B,18,Ponte Preta,ponte_preta,Elvis Vieira Araujo,elvis_vieira_araujo,10,45,1,46,1T,Penalty
171,2026,B,18,Goiás,goias,Carlos Eduardo de Sousa Leopoldino,carlos_eduardo_de_sousa_leopoldino,40,45,3,48,1T,Normal
172,2026,B,18,São Bernardo SAF,sao_bernardo_saf,Jemerson de Jesus Nascimento,jemerson_de_jesus_nascimento,35,35,0,35,1T,Normal
172,2026,B,18,Avaí,avai,Daniel dos Santos Penha,daniel_dos_santos_penha,14,16,0,61,2T,Normal
173,2026,B,18,América,america,Matias Emanuel Segovia Torales,matias_emanuel_segovia_torales,77,21,0,66,2T,Normal
173,2026,B,18,Ceará,ceara,Vinicius Goes Barbosa de Souza,vinicius_goes_barbosa_de_souza,29,43,0,88,2T,Normal
175,2026,B,18,Fortaleza SAF,fortaleza_saf,Vitor Samuel Ferreira Arantes,vitor_samuel_ferreira_arantes,11,2,0,2,1T,Normal
177,2026,B,18,Criciúma,criciuma,Fellipe Mateus de Sena Araujo,fellipe_mateus_de_sena_araujo,7,8,0,8,1T,Normal
177,2026,B,18,Criciúma,criciuma,Marcelo Hermes,marcelo_hermes,22,39,0,84,2T,Normal
178,2026,B,18,Operário,operario,Aylon Darwin Tavella,aylon_darwin_tavella,11,5,0,5,1T,Normal
178,2026,B,18,Sport Recife,sport_recife,Luiz Gabriel de Oliveira Fonseca,luiz_gabriel_de_oliveira_fonseca,6,16,0,16,1T,Normal
178,2026,B,18,Sport Recife,sport_recife,Fabio Matheus Ribeiro Lima,fabio_matheus_ribeiro_lima,47,3,0,48,2T,Normal
178,2026,B,18,Operário,operario,Vinicius Diniz Dall Antonia,vinicius_diniz_dall_antonia,20,40,0,85,2T,Normal
179,2026,B,18,Crb,crb,Mikael Filipe Viana de Sousa,mikael_filipe_viana_de_sousa,28,33,0,33,1T,Penalty
179,2026,B,18,Náutico,nautico,Kaua Almeida da Costa,kaua_almeida_da_costa,19,35,0,80,2T,Normal
179,2026,B,18,Crb,crb,Crystopher Ribeiro Oliveira,crystopher_ribeiro_oliveira,8,37,0,82,2T,Normal
180,2026,B,18,Juventude,juventude,Alisson Pelegrini Safira,alisson_pelegrini_safira,25,32,0,32,1T,Normal
180,2026,B,18,Juventude,juventude,Rai da Silva Pessanha,rai_da_silva_pessanha,75,26,0,71,2T,Normal
181,2026,B,19,Botafogo,botafogo,Gustavo Vilar dos Santos,gustavo_vilar_dos_santos,4,16,0,16,1T,Normal
181,2026,B,19,Botafogo,botafogo,Wesley Pinheiro Santos,wesley_pinheiro_santos,23,32,0,32,1T,Falta
181,2026,B,19,Botafogo,botafogo,Arthur Caike do Nascimento Cruz,arthur_caike_do_nascimento_cruz,18,4,0,49,2T,Normal
181,2026,B,19,Juventude,juventude,Patryck Lanza dos Reis,patryck_lanza_dos_reis,30,9,0,54,2T,Normal
181,2026,B,19,Botafogo,botafogo,Wesley Pinheiro Santos,wesley_pinheiro_santos,23,12,0,57,2T,Normal
181,2026,B,19,Juventude,juventude,Pablo Roberto dos Santos Barbosa,pablo_roberto_dos_santos_barbosa,7,24,0,69,2T,Normal
182,2026,B,19,Criciúma,criciuma,Diego Goncalves,diego_goncalves,77,37,0,82,2T,Normal
183,2026,B,19,Athletic SAF,athletic_saf,Maswel Ananias Silva,maswel_ananias_silva,11,2,0,2,1T,Normal
183,2026,B,19,São Bernardo SAF,sao_bernardo_saf,Lucas Rian Santos Oliveira,lucas_rian_santos_oliveira,7,26,0,26,1T,Normal
183,2026,B,19,Athletic SAF,athletic_saf,Felipe Negrucci Berdague,felipe_negrucci_berdague,6,17,0,62,2T,Normal
184,2026,B,19,Ponte Preta,ponte_preta,Guilherme Brandao Azevedo,guilherme_brandao_azevedo,21,6,0,6,1T,Normal
184,2026,B,19,Operário,operario,Pablo Felipe Teixeira,pablo_felipe_teixeira,92,36,0,36,1T,Normal
184,2026,B,19,Ponte Preta,ponte_preta,Guilherme Brandao Azevedo,guilherme_brandao_azevedo,21,3,0,48,2T,Normal
184,2026,B,19,Operário,operario,Hildeberto Jose Morgado Pereira,hildeberto_jose_morgado_pereira,14,7,0,52,2T,Normal
184,2026,B,19,Operário,operario,Caio Henrique da Silva Dantas,caio_henrique_da_silva_dantas,99,45,0,90,2T,Normal
185,2026,B,19,Crb,crb,Mikael Filipe Viana de Sousa,mikael_filipe_viana_de_sousa,28,45,2,47,1T,Penalty
186,2026,B,19,Sport Recife,sport_recife,Pedro Henrique Perotti,pedro_henrique_perotti,9,21,0,21,1T,Normal
186,2026,B,19,Goiás,goias,Djalma Antonio da Silva Filho,djalma_antonio_da_silva_filho,54,43,0,88,2T,Normal
187,2026,B,19,América,america,Paulo Victor Ferreira de Jesus,paulo_victor_ferreira_de_jesus,20,39,0,39,1T,Normal
187,2026,B,19,Avaí,avai,Daniel dos Santos Penha,daniel_dos_santos_penha,14,41,0,86,2T,Penalty
187,2026,B,19,Avaí,avai,Thayllon Roberth dos Santos Rebelo,thayllon_roberth_dos_santos_rebelo,43,43,0,88,2T,Normal
188,2026,B,19,Náutico,nautico,Kaua Almeida da Costa,kaua_almeida_da_costa,19,35,0,35,1T,Normal
188,2026,B,19,Náutico,nautico,Jean Carlos Vicente,jean_carlos_vicente,20,28,0,73,2T,Penalty
188,2026,B,19,Londrina SAF,londrina_saf,Joao Vitor de Souza Martins,joao_vitor_de_souza_martins,20,36,0,81,2T,Falta
189,2026,B,19,Atlético Goianiense Saf,atletico_goianiense_saf,Bruno Jose de Souza,bruno_jose_de_souza,18,15,0,60,2T,Normal
190,2026,B,19,Vila Nova,vila_nova,Douglas Mendes Moreira,douglas_mendes_moreira,4,14,0,14,1T,Normal
190,2026,B,19,Vila Nova,vila_nova,Joao Pedro Vieira,joao_pedro_vieira,5,32,0,32,1T,Normal
190,2026,B,19,Fortaleza SAF,fortaleza_saf,Pedro Henrique Konzen Medina da Silva,pedro_henrique_konzen_medina_da_silva,16,33,0,78,2T,Normal
191,2026,B,20,Ponte Preta,ponte_preta,Leonardo da Silva Gomes,leonardo_da_silva_gomes,16,20,0,20,1T,Normal
191,2026,B,20,Athletic SAF,athletic_saf,Ian Luccas Baroni Boetto,ian_luccas_baroni_boetto,5,21,0,66,2T,Penalty
192,2026,B,20,São Bernardo SAF,sao_bernardo_saf,Helder Gomes Maciel,helder_gomes_maciel,3,22,0,22,1T,Normal
192,2026,B,20,Ceará,ceara,Michael Nicolas Ferreira Berrondo,michael_nicolas_ferreira_berrondo,20,2,0,47,2T,Normal
192,2026,B,20,São Bernardo SAF,sao_bernardo_saf,Hugo Sanches Nogueira Ribeiro Magalhaes,hugo_sanches_nogueira_ribeiro_magalhaes,21,14,0,59,2T,Normal
192,2026,B,20,Ceará,ceara,Vinicius Goes Barbosa de Souza,vinicius_goes_barbosa_de_souza,29,18,0,63,2T,Normal
192,2026,B,20,Ceará,ceara,Joao Gabriel Santos Batista,joao_gabriel_santos_batista,81,28,0,73,2T,Normal
192,2026,B,20,São Bernardo SAF,sao_bernardo_saf,Pedro Gabriel Pereira Lopes,pedro_gabriel_pereira_lopes,29,35,0,80,2T,Normal
192,2026,B,20,Ceará,ceara,Enzo Valentim Lodovico,enzo_valentim_lodovico,60,45,0,90,2T,Normal
193,2026,B,20,América,america,Paulo Victor Ferreira de Jesus,paulo_victor_ferreira_de_jesus,20,15,0,60,2T,Normal
194,2026,B,20,Londrina SAF,londrina_saf,Paulo Roberto Moccelin,paulo_roberto_moccelin,18,15,0,15,1T,Normal
194,2026,B,20,Gremio Novorizontino - Saf,gremio_novorizontino_saf,Romulo Azevedo Simao,romulo_azevedo_simao,10,20,0,20,1T,Normal
194,2026,B,20,Gremio Novorizontino - Saf,gremio_novorizontino_saf,Robson dos Santos Fernandes,robson_dos_santos_fernandes,11,40,0,40,1T,Normal
194,2026,B,20,Gremio Novorizontino - Saf,gremio_novorizontino_saf,Francisco Reidiney Duarte Gomes,francisco_reidiney_duarte_gomes,41,45,4,49,1T,Normal
194,2026,B,20,Gremio Novorizontino - Saf,gremio_novorizontino_saf,Carlos Henrique de Moura Brito,carlos_henrique_de_moura_brito,9,34,0,79,2T,Normal
195,2026,B,20,Fortaleza SAF,fortaleza_saf,Ronald Cardoso Falkoski,ronald_cardoso_falkoski,8,14,0,59,2T,Normal
196,2026,B,20,Atlético Goianiense Saf,atletico_goianiense_saf,Gustavo Coutinho Silva Lopes,gustavo_coutinho_silva_lopes,9,2,0,2,1T,Normal
196,2026,B,20,Atlético Goianiense Saf,atletico_goianiense_saf,Geovany dos Santos Soares,geovany_dos_santos_soares,11,30,0,30,1T,Normal
196,2026,B,20,Operário,operario,Gabriel Boschilia,gabriel_boschilia,10,45,3,48,1T,Penalty
196,2026,B,20,Atlético Goianiense Saf,atletico_goianiense_saf,Marrony da Silva Liberato Silveira,marrony_da_silva_liberato_silveira,10,37,0,82,2T,Normal
198,2026,B,20,Sport Recife,sport_recife,Pedro Henrique Perotti,pedro_henrique_perotti,9,7,0,52,2T,Normal
198,2026,B,20,Cuiabá,cuiaba,Fabio Roberto Gomes Netto,fabio_roberto_gomes_netto,90,29,0,74,2T,Normal
199,2026,B,20,Crb,crb,Matheus Simonete Bressanelli,matheus_simonete_bressanelli,22,12,0,12,1T,Normal
199,2026,B,20,Crb,crb,Mikael Filipe Viana de Sousa,mikael_filipe_viana_de_sousa,28,18,0,18,1T,Normal
200,2026,B,20,Juventude,juventude,Lucas Alves,lucas_alves,72,90,2,92,2T,Normal
201,2026,B,21,América,america,Fernando Gaston Elizari Sedano,fernando_gaston_elizari_sedano,5,10,0,55,2T,Normal
201,2026,B,21,Botafogo,botafogo,Hebert William Badaró Oliveira,hebert_william_badaro_oliveira,34,16,0,61,2T,Normal
201,2026,B,21,América,america,Filipe Pereira Dahora,filipe_pereira_dahora,32,25,0,70,2T,Gol Contra
202,2026,B,21,Juventude,juventude,Rai da Silva Pessanha,rai_da_silva_pessanha,75,9,0,54,2T,Normal
203,2026,B,21,Athletic SAF,athletic_saf,Pedro Henrique de Oliveira,pedro_henrique_de_oliveira,18,5,0,5,1T,Normal
203,2026,B,21,Athletic SAF,athletic_saf,WILINTON APONZA CARABALI,wilinton_aponza_carabali,20,11,0,56,2T,Normal
204,2026,B,21,São Bernardo SAF,sao_bernardo_saf,Pedro Gabriel Pereira Lopes,pedro_gabriel_pereira_lopes,29,30,0,30,1T,Normal
204,2026,B,21,Operário,operario,Vinicius Diniz Dall Antonia,vinicius_diniz_dall_antonia,20,21,0,66,2T,Normal
204,2026,B,21,São Bernardo SAF,sao_bernardo_saf,Lucas Eduardo Lima da Silva,lucas_eduardo_lima_da_silva,14,41,0,86,2T,Normal
204,2026,B,21,São Bernardo SAF,sao_bernardo_saf,Pedro Vitor Ferreira da Silva,pedro_vitor_ferreira_da_silva,11,90,4,94,2T,Normal
205,2026,B,21,Ceará,ceara,Lucca Holanda Sampaio Tavares,lucca_holanda_sampaio_tavares,99,28,0,28,1T,Normal
205,2026,B,21,Ceará,ceara,Giulio Gabriel da Silva,giulio_gabriel_da_silva,35,32,0,77,2T,Normal
206,2026,B,21,Goiás,goias,Carlos Eduardo de Sousa Leopoldino,carlos_eduardo_de_sousa_leopoldino,40,18,0,18,1T,Normal
207,2026,B,21,CRB,crb,Matheus Simonete Bressanelli,matheus_simonete_bressanelli,22,33,0,33,1T,Normal
208,2026,B,21,Náutico,nautico,Kaua Almeida da Costa,kaua_almeida_da_costa,19,6,0,6,1T,Normal
208,2026,B,21,Atlético Goianiense Saf,atletico_goianiense_saf,Geovany dos Santos Soares,geovany_dos_santos_soares,11,11,0,56,2T,Normal
209,2026,B,21,Cuiabá,cuiaba,Jean Dias da Costa,jean_dias_da_costa,77,9,0,9,1T,Normal
209,2026,B,21,Fortaleza SAF,fortaleza_saf,Mailton dos Santos de Sa,mailton_dos_santos_de_sa,22,8,0,53,2T,Penalty
210,2026,B,21,Sport Recife,sport_recife,Chrystian Amaral Barletta de Almeida,chrystian_amaral_barletta_de_almeida,30,5,0,5,1T,Normal
211,2026,B,22,Ponte Preta,ponte_preta,Guilherme Brandao Azevedo,guilherme_brandao_azevedo,21,40,0,40,1T,Normal
211,2026,B,22,Náutico,nautico,Benjamin Manuel Borasi,benjamin_manuel_borasi,24,19,0,64,2T,Normal
212,2026,B,22,Botafogo,botafogo,Patrick de Carvalho Brey,patrick_de_carvalho_brey,6,26,0,71,2T,Normal
213,2026,B,22,Athletic SAF,athletic_saf,Kauan Rodrigues da Silva,kauan_rodrigues_da_silva,17,44,0,44,1T,Normal
213,2026,B,22,América,america,Luca Alexander Sosa,luca_alexander_sosa,3,6,0,51,2T,Gol Contra
213,2026,B,22,Athletic SAF,athletic_saf,Carlos Moises de Lima,carlos_moises_de_lima,9,21,0,66,2T,Normal
213,2026,B,22,América,america,Gonzalo Mathias Mastriani Borges,gonzalo_mathias_mastriani_borges,17,40,0,85,2T,Normal
215,2026,B,22,Cuiabá,cuiaba,Jean Dias da Costa,jean_dias_da_costa,77,42,0,42,1T,Normal
215,2026,B,22,Cuiabá,cuiaba,Calebe Oliveira Costa,calebe_oliveira_costa,5,9,0,54,2T,Normal
215,2026,B,22,Ceará,ceara,Enzo Valentim Lodovico,enzo_valentim_lodovico,60,24,0,69,2T,Normal
215,2026,B,22,Cuiabá,cuiaba,Kauan Cristtyan Cabral do Carmo,kauan_cristtyan_cabral_do_carmo,41,90,6,96,2T,Normal
216,2026,B,22,Vila Nova,vila_nova,Joao Pedro Vieira,joao_pedro_vieira,5,45,3,48,1T,Normal
216,2026,B,22,Vila Nova,vila_nova,Eduardo dos Santos,eduardo_dos_santos,15,27,0,72,2T,Falta
217,2026,B,22,Criciúma,criciuma,Rodrigo Fagundes de Freitas,rodrigo_fagundes_de_freitas,3,4,0,4,1T,Normal
218,2026,B,22,Sport Recife,sport_recife,Diego Manuel Hernandez Gonzalez,diego_manuel_hernandez_gonzalez,20,10,0,10,1T,Normal
218,2026,B,22,Londrina SAF,londrina_saf,Joao Vitor de Souza Martins,joao_vitor_de_souza_martins,22,30,0,30,1T,Normal
218,2026,B,22,Sport Recife,sport_recife,Diego Manuel Hernandez Gonzalez,diego_manuel_hernandez_gonzalez,20,43,0,43,1T,Normal
221,2026,B,23,Criciúma,criciuma,Wagner da Silva Souza,wagner_da_silva_souza,13,25,0,70,2T,Normal
221,2026,B,23,Botafogo,botafogo,Gustavo Vilar dos Santos,gustavo_vilar_dos_santos,4,90,5,95,2T,Normal
222,2026,B,23,Gremio Novorizontino - Saf,gremio_novorizontino_saf,Patrick Marcos de Sousa Freitas,patrick_marcos_de_sousa_freitas,4,22,0,22,1T,Normal
222,2026,B,23,Gremio Novorizontino - Saf,gremio_novorizontino_saf,Robson dos Santos Fernandes,robson_dos_santos_fernandes,11,35,0,80,2T,Normal
222,2026,B,23,Gremio Novorizontino - Saf,gremio_novorizontino_saf,Carlos Henrique de Moura Brito,carlos_henrique_de_moura_brito,9,90,1,91,2T,Normal
223,2026,B,23,CRB,crb,Adailson Freire Pereira da Silva,adailson_freire_pereira_da_silva,97,32,0,32,1T,Normal
223,2026,B,23,CRB,crb,Mikael Filipe Viana de Sousa,mikael_filipe_viana_de_sousa,28,11,0,56,2T,Normal
225,2026,B,23,Fortaleza SAF,fortaleza_saf,Lucas Pacheco Affini,lucas_pacheco_affini,88,32,0,32,1T,Normal
225,2026,B,23,São Bernardo SAF,sao_bernardo_saf,Pedro Gabriel Pereira Lopes,pedro_gabriel_pereira_lopes,29,42,0,42,1T,Normal
226,2026,B,23,Juventude,juventude,Fabio de Lima Costa,fabio_de_lima_costa,11,43,0,88,2T,Normal
227,2026,B,23,Sport Recife,sport_recife,Diego Manuel Hernandez Gonzalez,diego_manuel_hernandez_gonzalez,20,20,0,65,2T,Normal
227,2026,B,23,Avaí,avai,Romildo Del Piage de Souza,romildo_del_piage_de_souza,5,27,0,72,2T,Normal
227,2026,B,23,Avaí,avai,Leonardo Gamalho de Souza,leonardo_gamalho_de_souza,9,45,0,90,2T,Normal
228,2026,B,23,Náutico,nautico,Leonardo de Oliveira Silva,leonardo_de_oliveira_silva,15,45,9,54,1T,Normal
229,2026,B,23,Cuiabá,cuiaba,Wesley Dias Claudino,wesley_dias_claudino,70,28,0,73,2T,Normal
230,2026,B,23,Vila Nova,vila_nova,Janderson Santos de Souza,janderson_santos_de_souza,99,9,0,9,1T,Normal
230,2026,B,23,Vila Nova,vila_nova,Andre Luis da Costa Alfredo,andre_luis_da_costa_alfredo,7,13,0,13,1T,Normal
230,2026,B,23,Vila Nova,vila_nova,Marcos Gabriel do Nascimento,marcos_gabriel_do_nascimento,10,39,0,39,1T,Normal
230,2026,B,23,Vila Nova,vila_nova,Eduardo dos Santos,eduardo_dos_santos,15,18,0,63,2T,Normal
230,2026,B,23,Vila Nova,vila_nova,Everton Galdino Moreira,everton_galdino_moreira,17,20,0,65,2T,Normal
230,2026,B,23,Vila Nova,vila_nova,Willian Prado Camargo,willian_prado_camargo,13,35,0,80,2T,Normal
231,2026,B,24,Avaí,avai,Jean Lucas Figueiredo,jean_lucas_figueiredo,10,1,0,46,2T,Normal
231,2026,B,24,Avaí,avai,Wenderson Oliveira do Nascimento,wenderson_oliveira_do_nascimento,95,44,0,89,2T,Normal
232,2026,B,24,São Bernardo SAF,sao_bernardo_saf,Lucas Eduardo Lima da Silva,lucas_eduardo_lima_da_silva,14,8,0,53,2T,Normal
232,2026,B,24,Náutico,nautico,Derek Freitas Ribeiro,derek_freitas_ribeiro,72,41,0,86,2T,Normal
233,2026,B,24,Gremio Novorizontino - Saf,gremio_novorizontino_saf,Nicolas Mores da Cruz,nicolas_mores_da_cruz,30,18,0,18,1T,Normal
233,2026,B,24,Gremio Novorizontino - Saf,gremio_novorizontino_saf,Robson dos Santos Fernandes,robson_dos_santos_fernandes,11,14,0,59,2T,Normal
233,2026,B,24,Gremio Novorizontino - Saf,gremio_novorizontino_saf,Matheus Henrique Bianqui,matheus_henrique_bianqui,17,31,0,76,2T,Normal
233,2026,B,24,Athletic SAF,athletic_saf,WILINTON APONZA CARABALI,wilinton_aponza_carabali,20,35,0,80,2T,Normal
233,2026,B,24,Gremio Novorizontino - Saf,gremio_novorizontino_saf,Luis Felipe Oyama,luis_felipe_oyama,6,90,4,94,2T,Normal
235,2026,B,24,Londrina SAF,londrina_saf,Joao Vitor de Souza Martins,joao_vitor_de_souza_martins,20,3,0,3,1T,Penalty
235,2026,B,24,Ceará,ceara,Gabriel Silva Rocha,gabriel_silva_rocha,71,40,0,40,1T,Normal
235,2026,B,24,Ceará,ceara,Luiz Otavio da Silva Santos,luiz_otavio_da_silva_santos,4,16,0,61,2T,Normal
236,2026,B,24,Atlético Goianiense Saf,atletico_goianiense_saf,Marrony da Silva Liberato Silveira,marrony_da_silva_liberato_silveira,10,3,0,3,1T,Normal
236,2026,B,24,Atlético Goianiense Saf,atletico_goianiense_saf,João Pedro Sousa Silva,joao_pedro_sousa_silva,18,24,0,24,1T,Normal
236,2026,B,24,Atlético Goianiense Saf,atletico_goianiense_saf,Adriano Martins da Fonseca,adriano_martins_da_fonseca,4,32,0,77,2T,Normal
237,2026,B,24,Fortaleza SAF,fortaleza_saf,Pedro Henrique Konzen Medina da Silva,pedro_henrique_konzen_medina_da_silva,16,42,0,42,1T,Normal
237,2026,B,24,Fortaleza SAF,fortaleza_saf,Paulo Henrique Silva Ribeiro,paulo_henrique_silva_ribeiro,77,41,0,86,2T,Normal
238,2026,B,24,Sport Recife,sport_recife,Claudio Coelho Salvatico,claudio_coelho_salvatico,27,12,0,12,1T,Normal
238,2026,B,24,Sport Recife,sport_recife,Clayson Henrique da Silva Vieira,clayson_henrique_da_silva_vieira,25,45,1,46,1T,Normal
238,2026,B,24,Sport Recife,sport_recife,Pedro Henrique Perotti,pedro_henrique_perotti,9,90,6,96,2T,Penalty
239,2026,B,24,Goiás,goias,Jean Carlos Alves Ferreira,jean_carlos_alves_ferreira,21,27,0,27,1T,Normal
239,2026,B,24,Cuiabá,cuiaba,Vinicius Peixoto Trindade da Silva,vinicius_peixoto_trindade_da_silva,29,27,0,72,2T,Normal
240,2026,B,24,CRB,crb,Thiago Fernandes Rodrigues,thiago_fernandes_rodrigues,17,45,0,45,1T,Normal
240,2026,B,24,Juventude,juventude,Alisson Pelegrini Safira,alisson_pelegrini_safira,25,21,0,66,2T,Penalty
240,2026,B,24,Juventude,juventude,Alan Kardec de Souza Pereira Junior,alan_kardec_de_souza_pereira_junior,9,34,0,79,2T,Normal
241,2026,B,25,Cuiabá,cuiaba,Vitor Mendes Alves,vitor_mendes_alves,4,16,0,16,1T,Normal
241,2026,B,25,Botafogo,botafogo,Everton Morelli Casimiro,everton_morelli_casimiro,8,34,0,79,2T,Normal
241,2026,B,25,Cuiabá,cuiaba,Kauan Cristtyan Cabral do Carmo,kauan_cristtyan_cabral_do_carmo,41,41,0,86,2T,Normal
242,2026,B,25,Gremio Novorizontino - Saf,gremio_novorizontino_saf,Romulo Azevedo Simao,romulo_azevedo_simao,10,40,0,40,1T,Normal
242,2026,B,25,Gremio Novorizontino - Saf,gremio_novorizontino_saf,Matheus Henrique Bianqui,matheus_henrique_bianqui,17,31,0,76,2T,Normal
242,2026,B,25,Sport Recife,sport_recife,Pedro Henrique Perotti,pedro_henrique_perotti,9,45,0,90,2T,Normal
243,2026,B,25,América,america,Willian Gomes de Siqueira,willian_gomes_de_siqueira,9,1,0,46,2T,Normal
243,2026,B,25,América,america,Rodrigo Andres Pineiro Silva,rodrigo_andres_pineiro_silva,14,14,0,59,2T,Normal
245,2026,B,25,Fortaleza SAF,fortaleza_saf,Mailton dos Santos de Sa,mailton_dos_santos_de_sa,22,29,0,29,1T,Normal
245,2026,B,25,Operário,operario,Angel Yesid Torres Quinones,angel_yesid_torres_quinones,7,32,0,32,1T,Normal
246,2026,B,25,Goiás,goias,Lucas Rodrigues Moreira Costa,lucas_rodrigues_moreira_costa,35,13,0,13,1T,Normal
246,2026,B,25,São Bernardo SAF,sao_bernardo_saf,Pedro Gabriel Pereira Lopes,pedro_gabriel_pereira_lopes,29,13,0,58,2T,Normal
246,2026,B,25,Goiás,goias,Carlos Eduardo de Sousa Leopoldino,carlos_eduardo_de_sousa_leopoldino,40,21,0,66,2T,Normal
247,2026,B,25,Atlético Goianiense Saf,atletico_goianiense_saf,Bruno Jose de Souza,bruno_jose_de_souza,19,90,3,93,2T,Normal
248,2026,B,25,Athletic SAF,athletic_saf,Dixon Jair Vera Rodriguez,dixon_jair_vera_rodriguez,21,5,0,5,1T,Normal
248,2026,B,25,Náutico,nautico,Derek Freitas Ribeiro,derek_freitas_ribeiro,72,25,0,70,2T,Normal
248,2026,B,25,Náutico,nautico,Luiz Claudio Bezerra Alves,luiz_claudio_bezerra_alves,16,90,1,91,2T,Normal
249,2026,B,25,CRB,crb,Crystopher Ribeiro Oliveira,crystopher_ribeiro_oliveira,8,42,0,42,1T,Normal
249,2026,B,25,Criciúma,criciuma,Diego Goncalves,diego_goncalves,77,45,0,45,1T,Normal
249,2026,B,25,CRB,crb,Daniel Sampaio Simoes,daniel_sampaio_simoes,10,12,0,57,2T,Normal
250,2026,B,25,Vila Nova,vila_nova,Breno Augusto de Azevedo Bora,breno_augusto_de_azevedo_bora,23,16,0,16,1T,Normal
250,2026,B,25,Vila Nova,vila_nova,Andre Luis da Costa Alfredo,andre_luis_da_costa_alfredo,7,30,0,75,2T,Normal
251,2026,B,26,São Bernardo SAF,sao_bernardo_saf,Rodrigo Ferreira da Silva,rodrigo_ferreira_da_silva,2,45,0,45,1T,Normal
251,2026,B,26,São Bernardo SAF,sao_bernardo_saf,Mario Sergio Valerio,mario_sergio_valerio,33,33,0,78,2T,Normal
252,2026,B,26,Gremio Novorizontino - Saf,gremio_novorizontino_saf,Madson Ferreira dos Santos,madson_ferreira_dos_santos,2,8,0,8,1T,Normal
252,2026,B,26,Avaí,avai,Allyson Aires dos Santos,allyson_aires_dos_santos,3,24,0,24,1T,Normal
252,2026,B,26,Gremio Novorizontino - Saf,gremio_novorizontino_saf,Robson dos Santos Fernandes,robson_dos_santos_fernandes,11,38,0,38,1T,Normal
252,2026,B,26,Gremio Novorizontino - Saf,gremio_novorizontino_saf,Romulo Azevedo Simao,romulo_azevedo_simao,10,45,6,51,1T,Normal
253,2026,B,26,Athletic SAF,athletic_saf,Yago Santos de Andrade,yago_santos_de_andrade,14,19,0,19,1T,Normal
253,2026,B,26,Athletic SAF,athletic_saf,Carlos Moises de Lima,carlos_moises_de_lima,9,39,0,39,1T,Normal
253,2026,B,26,Athletic SAF,athletic_saf,Dixon Jair Vera Rodriguez,dixon_jair_vera_rodriguez,21,45,0,45,1T,Normal
253,2026,B,26,Athletic SAF,athletic_saf,WILINTON APONZA CARABALI,wilinton_aponza_carabali,20,28,0,73,2T,Penalty
253,2026,B,26,Athletic SAF,athletic_saf,Otavio Bruno dos Santos,otavio_bruno_dos_santos,7,45,0,90,2T,Normal
254,2026,B,26,Operário,operario,Hildeberto Jose Morgado Pereira,hildeberto_jose_morgado_pereira,14,4,0,4,1T,Normal
254,2026,B,26,Londrina SAF,londrina_saf,Gilberto Oliveira Souza Junior,gilberto_oliveira_souza_junior,9,33,0,78,2T,Penalty
254,2026,B,26,Operário,operario,Gabriel Boschilia,gabriel_boschilia,10,90,1,91,2T,Normal
255,2026,B,26,Ceará,ceara,Luiz Otavio da Silva Santos,luiz_otavio_da_silva_santos,4,28,0,73,2T,Normal
255,2026,B,26,Ceará,ceara,Melquisedeque Costa de Oliveira,melquisedeque_costa_de_oliveira,40,43,0,88,2T,Normal
255,2026,B,26,Sport Recife,sport_recife,Marlon Douglas de Sales Silva,marlon_douglas_de_sales_silva,31,90,5,95,2T,Normal
256,2026,B,26,Fortaleza SAF,fortaleza_saf,Vitor Samuel Ferreira Arantes,vitor_samuel_ferreira_arantes,11,44,0,44,1T,Normal
257,2026,B,26,Criciúma,criciuma,Willean Bernardo Willemen,willean_bernardo_willemen,97,18,0,18,1T,Normal
257,2026,B,26,Cuiabá,cuiaba,Joao Othavio Basso,joao_othavio_basso,13,8,0,53,2T,Gol Contra
258,2026,B,26,Náutico,nautico,Luiz Claudio Bezerra Alves,luiz_claudio_bezerra_alves,16,31,0,76,2T,Normal
259,2026,B,26,CRB,crb,Crystopher Ribeiro Oliveira,crystopher_ribeiro_oliveira,8,17,0,17,1T,Normal
259,2026,B,26,CRB,crb,Mikael Filipe Viana de Sousa,mikael_filipe_viana_de_sousa,28,7,0,52,2T,Normal
259,2026,B,26,CRB,crb,Kevin Peterson dos Santos Silva,kevin_peterson_dos_santos_silva,2,23,0,68,2T,Normal
259,2026,B,26,América,america,Willian Gomes de Siqueira,willian_gomes_de_siqueira,9,35,0,80,2T,Normal
260,2026,B,26,Atlético Goianiense Saf,atletico_goianiense_saf,Gustavo Coutinho Silva Lopes,gustavo_coutinho_silva_lopes,9,17,0,17,1T,Normal
260,2026,B,26,Juventude,juventude,Alisson Pelegrini Safira,alisson_pelegrini_safira,25,35,0,35,1T,Normal
260,2026,B,26,Juventude,juventude,Luiz Gustavo da Silva Machado Duarte,luiz_gustavo_da_silva_machado_duarte,44,44,0,44,1T,Normal
260,2026,B,26,Atlético Goianiense Saf,atletico_goianiense_saf,João Pedro Sousa Silva,joao_pedro_sousa_silva,18,42,0,87,2T,Normal
261,2026,B,27,Gremio Novorizontino - Saf,gremio_novorizontino_saf,Romulo Azevedo Simao,romulo_azevedo_simao,10,20,0,20,1T,Penalty
261,2026,B,27,Botafogo,botafogo,Felipe Vieira Augusto,felipe_vieira_augusto,26,30,0,30,1T,Normal
261,2026,B,27,Gremio Novorizontino - Saf,gremio_novorizontino_saf,Robson dos Santos Fernandes,robson_dos_santos_fernandes,11,10,0,55,2T,Normal
261,2026,B,27,Gremio Novorizontino - Saf,gremio_novorizontino_saf,Matheus Henrique Bianqui,matheus_henrique_bianqui,17,27,0,72,2T,Normal
262,2026,B,27,Londrina SAF,londrina_saf,Caio Cesar Rodrigues Souza,caio_cesar_rodrigues_souza,44,9,0,9,1T,Normal
262,2026,B,27,São Bernardo SAF,sao_bernardo_saf,Guilherme Seefeldt Krolow,guilherme_seefeldt_krolow,8,42,0,42,1T,Normal
262,2026,B,27,Londrina SAF,londrina_saf,Tarik Michel Kedes Boschetti,tarik_michel_kedes_boschetti,5,30,0,75,2T,Normal
263,2026,B,27,América,america,Willian Gomes de Siqueira,willian_gomes_de_siqueira,9,15,0,15,1T,Normal
263,2026,B,27,América,america,Tobias Ostchega,tobias_ostchega,25,25,0,25,1T,Normal
263,2026,B,27,Náutico,nautico,Geremias Ribeiro Junior,geremias_ribeiro_junior,29,43,0,88,2T,Normal
264,2026,B,27,Operário,operario,Onitlasi Junior de Moraes Rodrigues,onitlasi_junior_de_moraes_rodrigues,6,39,0,39,1T,Normal
264,2026,B,27,Operário,operario,Vinicius Diniz Dall Antonia,vinicius_diniz_dall_antonia,20,45,9,54,1T,Normal
264,2026,B,27,Operário,operario,Caio Henrique da Silva Dantas,caio_henrique_da_silva_dantas,99,18,0,63,2T,Normal
265,2026,B,27,Fortaleza SAF,fortaleza_saf,Mailton dos Santos de Sa,mailton_dos_santos_de_sa,22,21,0,66,2T,Normal
266,2026,B,27,Atlético Goianiense Saf,atletico_goianiense_saf,Guilherme Costa Marques,guilherme_costa_marques,20,6,0,6,1T,Normal
266,2026,B,27,Atlético Goianiense Saf,atletico_goianiense_saf,Geovany dos Santos Soares,geovany_dos_santos_soares,7,12,0,12,1T,Normal
266,2026,B,27,Ceará,ceara,Melquisedeque Costa de Oliveira,melquisedeque_costa_de_oliveira,40,38,0,38,1T,Normal
267,2026,B,27,Juventude,juventude,Alan Kardec de Souza Pereira Junior,alan_kardec_de_souza_pereira_junior,9,19,0,64,2T,Normal
267,2026,B,27,Juventude,juventude,Marcos Paulo Lima Batista Silva,marcos_paulo_lima_batista_silva,47,31,0,76,2T,Normal
268,2026,B,27,Ponte Preta,ponte_preta,Diego Monteiro Leao,diego_monteiro_leao,4,25,0,25,1T,Gol Contra
268,2026,B,27,Sport Recife,sport_recife,Chrystian Amaral Barletta de Almeida,chrystian_amaral_barletta_de_almeida,30,35,0,35,1T,Penalty
269,2026,B,27,Cuiabá,cuiaba,Fabio Roberto Gomes Netto,fabio_roberto_gomes_netto,90,36,0,36,1T,Normal
269,2026,B,27,Cuiabá,cuiaba,Lorenzo Silva Martins,lorenzo_silva_martins,36,17,0,62,2T,Normal
269,2026,B,27,Cuiabá,cuiaba,Jean Dias da Costa,jean_dias_da_costa,77,23,0,68,2T,Normal
270,2026,B,27,Vila Nova,vila_nova,Hayner William Monjardim Cordeiro,hayner_william_monjardim_cordeiro,22,23,0,68,2T,Normal
270,2026,B,27,Vila Nova,vila_nova,Andre Luis da Costa Alfredo,andre_luis_da_costa_alfredo,7,31,0,76,2T,Normal
271,2026,B,28,Botafogo,botafogo,Hygor Cleber Garcia Silva,hygor_cleber_garcia_silva,9,17,0,17,1T,Normal
271,2026,B,28,Goiás,goias,Jean Carlos Alves Ferreira,jean_carlos_alves_ferreira,21,27,0,27,1T,Normal
271,2026,B,28,Goiás,goias,Tadeu Antonio Ferreira,tadeu_antonio_ferreira,23,5,0,50,2T,Penalty
271,2026,B,28,Goiás,goias,Carlos Eduardo de Sousa Leopoldino,carlos_eduardo_de_sousa_leopoldino,40,10,0,55,2T,Normal
272,2026,B,28,Cuiabá,cuiaba,Vitor Mendes Alves,vitor_mendes_alves,4,19,0,19,1T,Normal
272,2026,B,28,Gremio Novorizontino - Saf,gremio_novorizontino_saf,Romulo Azevedo Simao,romulo_azevedo_simao,10,36,0,36,1T,Penalty
273,2026,B,28,São Bernardo SAF,sao_bernardo_saf,Fabricio Daniel de Souza,fabricio_daniel_de_souza,10,34,0,79,2T,Normal
273,2026,B,28,São Bernardo SAF,sao_bernardo_saf,Pedro Vitor Ferreira da Silva,pedro_vitor_ferreira_da_silva,11,42,0,87,2T,Normal
274,2026,B,28,Londrina SAF,londrina_saf,Herbert Mateus Almeida de Oliveira,herbert_mateus_almeida_de_oliveira,28,23,0,23,1T,Normal
274,2026,B,28,Londrina SAF,londrina_saf,Guilherme Maciel Dantas,guilherme_maciel_dantas,77,42,0,42,1T,Normal
274,2026,B,28,Londrina SAF,londrina_saf,Igor Ruan Sousa dos Santos,igor_ruan_sousa_dos_santos,99,44,0,44,1T,Normal
274,2026,B,28,Londrina SAF,londrina_saf,Herbert Mateus Almeida de Oliveira,herbert_mateus_almeida_de_oliveira,28,13,0,58,2T,Normal
274,2026,B,28,Londrina SAF,londrina_saf,Victor Hugo de Faria Mota,victor_hugo_de_faria_mota,7,35,0,80,2T,Normal
274,2026,B,28,Londrina SAF,londrina_saf,Joao Vitor de Souza Martins,joao_vitor_de_souza_martins,20,39,0,84,2T,Normal
275,2026,B,28,Fortaleza SAF,fortaleza_saf,Vitor Samuel Ferreira Arantes,vitor_samuel_ferreira_arantes,11,30,0,30,1T,Normal
275,2026,B,28,Ceará,ceara,Melquisedeque Costa de Oliveira,melquisedeque_costa_de_oliveira,40,42,0,87,2T,Normal
276,2026,B,28,Atlético Goianiense Saf,atletico_goianiense_saf,Gustavo Coutinho Silva Lopes,gustavo_coutinho_silva_lopes,9,40,0,40,1T,Normal
276,2026,B,28,Atlético Goianiense Saf,atletico_goianiense_saf,Gustavo Coutinho Silva Lopes,gustavo_coutinho_silva_lopes,9,45,6,51,1T,Normal
276,2026,B,28,Atlético Goianiense Saf,atletico_goianiense_saf,Gustavo Maia da Silva,gustavo_maia_da_silva,11,11,0,56,2T,Normal
276,2026,B,28,Atlético Goianiense Saf,atletico_goianiense_saf,Gustavo Coutinho Silva Lopes,gustavo_coutinho_silva_lopes,9,16,0,61,2T,Normal
277,2026,B,28,Vila Nova,vila_nova,Andre Luis da Costa Alfredo,andre_luis_da_costa_alfredo,7,29,0,29,1T,Normal
277,2026,B,28,Avaí,avai,Daniel dos Santos Penha,daniel_dos_santos_penha,14,38,0,38,1T,Normal
278,2026,B,28,Náutico,nautico,Vinicius Santos Silva,vinicius_santos_silva,7,1,0,1,1T,Normal
278,2026,B,28,Operário,operario,Vinicius Diniz Dall Antonia,vinicius_diniz_dall_antonia,20,45,1,46,1T,Normal
278,2026,B,28,Náutico,nautico,Jean Carlos Vicente,jean_carlos_vicente,10,37,0,82,2T,Penalty
278,2026,B,28,Náutico,nautico,Daniel Ferreira dos Santos Filho,daniel_ferreira_dos_santos_filho,78,42,0,87,2T,Normal
278,2026,B,28,Operário,operario,Gabriel Boschilia,gabriel_boschilia,10,90,3,93,2T,Falta
278,2026,B,28,Operário,operario,Jose Abad Cuenu Rodriguez,jose_abad_cuenu_rodriguez,22,90,4,94,2T,Normal
279,2026,B,28,CRB,crb,Crystopher Ribeiro Oliveira,crystopher_ribeiro_oliveira,8,15,0,15,1T,Normal
279,2026,B,28,CRB,crb,Diogo Hereda da Silva,diogo_hereda_da_silva,32,43,0,88,2T,Normal
279,2026,B,28,Sport Recife,sport_recife,Patrick de Paula Carreiro,patrick_de_paula_carreiro,7,90,1,91,2T,Normal
280,2026,B,28,Athletic SAF,athletic_saf,WILINTON APONZA CARABALI,wilinton_aponza_carabali,20,24,0,69,2T,Penalty
280,2026,B,28,Athletic SAF,athletic_saf,Kauan Gabriel Cordeiro Lindes,kauan_gabriel_cordeiro_lindes,10,90,7,97,2T,Normal
