temporada,serie,clube_slug,registro_cbf,apelido,atleta_slug,num_camisa,partidas_relacionado,partidas_jogadas,partidas_como_titular,minutos_em_campo,media_minutos_por_jogo
2022,B,cruzeiro_saf,292253,Rafael Cabral,rafael_cabral_barbosa,1,37,37,37,3330,90.0
2022,B,sport,437531,Sabino,sabino,35,37,37,37,3314,89.6
2022,B,crb,165094,Diogo Silva,diogo_silva,12,36,36,36,3240,90.0
2022,B,criciuma,321622,Gustavo,gustavo,1,36,36,36,3240,90.0
2022,B,tombense,172028,Felipe,felipe,12,38,36,36,3240,90.0
2022,B,sport,554138,Luciano,luciano,46,37,37,37,3172,85.7
2022,B,csa,351849,Lucas,lucas,13,37,35,35,3150,90.0
2022,B,londrina,371231,Caprini,mauricio_caprini_pinto,11,37,37,37,3122,84.4
2022,B,bahia,530656,Ignacio,ignacio_da_silva_oliveira,4,36,35,35,3105,88.7
2022,B,chapecoense,528447,Fernando,fernando,6,35,35,35,3093,88.4
2022,B,cruzeiro_saf,349619,Lucas Oliv ...,lucas_da_cruz_oliveira,26,35,35,34,3064,87.5
2022,B,criciuma,177531,Rodrigo,rodrigo,3,34,34,34,3060,90.0
2022,B,csa,177948,Marcelo,marcelo,31,34,34,34,3060,90.0
2022,B,londrina,174223,João Paulo,joao_paulo_da_silva,5,34,34,34,3060,90.0
2022,B,ponte_preta,313131,Caique,caique_franca_godoy,12,34,34,34,3060,90.0
2022,B,vila_nova,190431,Rafael Donato,rafael_ferreira_donato,5,36,35,34,3023,86.4
2022,B,guarani,296645,Mauricio K ...,mauricio_kozlinski,30,33,33,33,2970,90.0
2022,B,gremio,165322,Geromel,pedro_tonon_geromel,3,34,34,34,2960,87.1
2022,B,gremio,312015,Bruno Alves,bruno_fabiano_alves,34,35,34,33,2935,86.3
2022,B,sampaio_correa,433799,Mateus Mal ...,mateus_da_silva_duarte,2,34,34,34,2932,86.2
2022,B,tombense,448273,Manoel,manoel_ferreira_lima_neto,6,37,36,33,2929,81.4
2022,B,sampaio_correa,423695,André,andre,5,35,35,35,2908,83.1
2022,B,sampaio_correa,338185,Poveda,gabriel_buscariol_poveda,9,38,37,33,2907,78.6
2022,B,operario,304325,Fabiano,fabiano_da_silva_souza,6,33,33,33,2900,87.9
2022,B,londrina,682166,Gustavo,gustavo_vilar_dos_santos,3,32,32,32,2867,89.6
2022,B,londrina,188643,Saimon,saimon_pains_tormen,4,33,32,32,2838,88.7
2022,B,brusque,183707,Rodolfo,gerson_rodolfo_da_silva,5,33,32,32,2794,87.3
2022,B,cruzeiro_saf,291997,E. Brock,eduardo_schroeder_brock,14,36,33,31,2764,83.8
2022,B,crb,182466,Anselmo Ramon,anselmo_ramon,9,32,32,32,2763,86.3
2022,B,ponte_preta,465048,Leo,leonardo_naldi_de_matos,5,32,32,32,2755,86.1
2022,B,operario,177770,Vanderlei,vanderlei_farias_da_silva,1,31,31,31,2751,88.7
2022,B,operario,181824,Renie,renie_almeida_da_silva,4,33,31,30,2729,88.0
2022,B,gremio,727270,Villasanti,villasanti,27,32,32,32,2717,84.9
2022,B,ituano,188170,Lucas Siqu ...,lucas_santos_siqueira,8,35,33,30,2702,81.9
2022,B,gremio,540533,Bitello,joao_paulo_de_souza_mares,39,36,36,32,2692,74.8
2022,B,guarani,527047,Carroll,carroll,28,33,30,30,2682,89.4
2022,B,csa,184273,Diego Renan,diego_renan,26,34,30,30,2656,88.5
2022,B,brusque,166649,Wallace Reis,wallace_reis_silva,40,31,30,30,2642,88.1
2022,B,bahia,447205,Patrick de ...,patrick_de,45,32,32,31,2641,82.5
2022,B,bahia,308495,Daniel,daniel_sampaio_simoes,10,33,33,32,2634,79.8
2022,B,sampaio_correa,306691,Allan Godoy,allan_godoi_santos,3,29,29,29,2610,90.0
2022,B,vila_nova,351454,Tonny,tonny,25,32,29,29,2610,90.0
2022,B,ponte_preta,186135,Fabio Sanches,fabio_pizarro_sanches,27,30,30,30,2605,86.8
2022,B,gremio,161625,Diego Souza,diego_de_souza_andrade,29,32,32,32,2595,81.1
2022,B,ponte_preta,377697,Artur,artur,15,32,32,32,2591,81.0
2022,B,tombense,415027,Everton,everton_galdino_moreira,11,35,34,32,2586,76.1
2022,B,criciuma,379541,Arilson,arilson,8,32,32,31,2577,80.5
2022,B,criciuma,321780,Fellipe,fellipe,11,35,34,31,2574,75.7
2022,B,vila_nova,391300,Willian,willian_prado_camargo,13,33,32,32,2574,80.4
2022,B,tombense,448024,Zé Ricardo,ze_ricardo,8,36,34,33,2572,75.6
2022,B,csa,335611,Gabriel,gabriel_santana_pinto,27,31,31,30,2568,82.8
2022,B,londrina,177903,Matheus,matheus_nogueira_da_silva,12,32,29,29,2564,88.4
2022,B,csa,175223,Geovane,geovane_batista_de_faria,5,33,33,31,2560,77.6
2022,B,sport,346046,Sander,sander,56,30,30,30,2542,84.7
2022,B,sport,175065,Fabinho,fabio_goncalves,7,32,29,29,2514,86.7
2022,B,operario,322785,Arnaldo,arnaldo_manoel_de_almeida,2,34,33,31,2510,76.1
2022,B,sampaio_correa,537477,Ygor,ygor_de_oliveira_ferreira,7,33,33,31,2489,75.4
2022,B,chapecoense,177152,Victor Ramos,victor_ramos_ferreira,4,28,28,28,2481,88.6
2022,B,gremio,526885,Biel,gabriel_teixeira_aragao,17,33,33,31,2476,75.0
2022,B,cruzeiro_saf,409873,Ze Ivaldo,jose_ivaldo_almeida_silva,5,31,30,30,2463,82.1
2022,B,londrina,310627,Gêge,geirton_marques_aires,7,30,30,30,2452,81.7
2022,B,bahia,335012,Luiz Otavio,luiz_otavio,3,28,28,28,2439,87.1
2022,B,vila_nova,305393,Arthur Rez ...,arthur_rodrigues_rezende,8,32,32,29,2432,76.0
2022,B,ituano,500953,Bernardo,bernardo_schappo,4,30,29,27,2426,83.7
2022,B,londrina,303545,Douglas,douglas,17,34,34,31,2404,70.7
2022,B,vila_nova,345933,Alex Silva,alex_da_silva,2,30,29,29,2391,82.4
2022,B,ituano,170563,Rafael,rafael_pereira_dos_santos,5,34,33,33,2382,72.2
2022,B,nautico,292976,Jean Carlos,jean_carlos_vicente,10,29,28,27,2381,85.0
2022,B,novorizontino,363149,Douglas Ba ...,douglas_ba,20,34,33,29,2381,72.2
2022,B,ponte_preta,292592,Lucca,lucca_borges_de_brito,10,28,28,27,2369,84.6
2022,B,tombense,404381,David,david,2,35,33,29,2367,71.7
2022,B,crb,167958,Gum,gum,3,29,28,28,2340,83.6
2022,B,tombense,308283,Jean Lucas,jean_lucas_figueiredo,18,34,33,27,2328,70.5
2022,B,cruzeiro_saf,383527,Neto,neto,25,28,28,28,2290,81.8
2022,B,sampaio_correa,368089,Rafael,rafael_oliveira_silva,21,33,32,30,2290,71.6
2022,B,novorizontino,291797,Ligger,ligger_moreira_malaquias,4,30,27,26,2287,84.7
2022,B,crb,181172,Raul,raul_prata,20,32,31,28,2284,73.7
2022,B,novorizontino,308427,Gustavo Bo ...,gustavo_bo,8,31,30,28,2272,75.7
2022,B,brusque,186040,Airton,airton_santos_de_oliveira,6,28,27,27,2270,84.1
2022,B,brusque,391214,JORDAN,jordan,12,33,25,25,2250,90.0
2022,B,operario,179100,Ricardo,ricardo_ribeiro_de_lima,18,30,30,26,2227,74.2
2022,B,sampaio_correa,183546,Pimentinha,pimentinha,11,28,28,26,2224,79.4
2022,B,guarani,420539,Bruno Jose,bruno_jose_de_souza,17,34,34,28,2221,65.3
2022,B,criciuma,363926,Marcelo He ...,marcelo_hermes,6,31,30,26,2217,73.9
2022,B,sampaio_correa,180494,Ferreira,leandro_ferreira_pessoa,8,32,32,27,2195,68.6
2022,B,sport,313474,R. Thyere,r_thyere,15,26,25,25,2171,86.8
2022,B,chapecoense,174360,Leo,leo,3,30,25,24,2162,86.5
2022,B,bahia,165830,Danilo Fer ...,danilo_fernandes_batista,1,25,24,24,2160,90.0
2022,B,gremio,433923,Brenno,brenno,1,25,24,24,2160,90.0
2022,B,ituano,359493,Kaio,kaio_silva_mendes,7,35,33,26,2130,64.5
2022,B,guarani,292205,Giovanni A ...,giovanni_a,10,27,27,26,2128,78.8
2022,B,ponte_preta,600810,Felipe Amaral,felipe_amaral,19,32,31,30,2128,68.6
2022,B,tombense,184174,Roger,roger_de_carvalho,4,26,24,24,2121,88.4
2022,B,chapecoense,443894,Ronei,ronei_gebing,8,32,29,22,2119,73.1
2022,B,ituano,502736,Caique,caique_de_jesus_goncalves,16,29,27,25,2115,78.3
2022,B,crb,419442,Guilherme,guilherme_kennedy_romao,6,26,26,26,2109,81.1
2022,B,nautico,170272,Victor Ferraz,victor_ferraz_macedo,15,32,29,23,2095,72.2
2022,B,cruzeiro_saf,307405,Edu,edu,99,35,33,25,2093,63.4
2022,B,cruzeiro_saf,502230,Matheus Bidu,matheus_bidu,6,29,28,24,2080,74.3
2022,B,sampaio_correa,351142,Luiz,luiz,1,23,23,23,2070,90.0
2022,B,vasco_da_gama,178365,Thiago Rod ...,thiago_rod,1,23,23,23,2070,90.0
2022,B,chapecoense,318694,Marcelo,marcelo_de_freitas_costa,5,28,28,26,2053,73.3
2022,B,brusque,302881,Everton,everton_paulo_strieder,3,34,23,23,2051,89.2
2022,B,novorizontino,335362,Daniel,daniel,10,30,29,24,2049,70.7
2022,B,cruzeiro_saf,334881,Willian Ol ...,willian_ol,29,31,27,22,2044,75.7
2022,B,vasco_da_gama,646848,Juan Quintero,juan_quintero,2,23,23,23,2035,88.5
2022,B,vasco_da_gama,170178,Anderson C ...,anderson_c,4,23,23,23,2025,88.0
2022,B,crb,336900,Fabinho,fabinho,11,33,31,25,2021,65.2
2022,B,ituano,427213,Lucas,lucas_vinicius_dias_costa,14,33,25,20,2013,80.5
2022,B,brusque,451258,Fernandinho,fernandinho,11,27,27,23,2010,74.4
2022,B,tombense,293385,Ednei,ednei_barbosa_de_souza,23,27,23,23,2004,87.1
2022,B,bahia,435809,Matheus Davó,matheus_davo,88,36,35,21,2002,57.2
2022,B,bahia,459744,Lucas,lucas_andres_mugni,19,29,28,25,2002,71.5
2022,B,vasco_da_gama,163254,Edimar,edimar_curitiba_fraga,6,24,24,22,1999,83.3
2022,B,csa,177411,Osvaldo,osvaldo_lourenco_filho,11,34,33,24,1977,59.9
2022,B,gremio,406246,Nicolas,nicolas,30,29,26,22,1951,75.0
2022,B,guarani,315023,Leandro,leandro,31,29,28,26,1951,69.7
2022,B,tombense,154961,Ciel 99,jociel_ferreira_da_silva,99,29,29,24,1945,67.1
2022,B,cruzeiro_saf,383537,Filipe Mac ...,filipe_mac,23,26,25,21,1944,77.8
2022,B,csa,533963,Lourenço,lourenco,20,33,33,24,1940,58.8
2022,B,novorizontino,374851,Jhony Douglas,jhony_douglas_santiago,5,32,28,24,1937,69.2
2022,B,novorizontino,305959,Romario,romario,6,32,26,22,1923,74.0
2022,B,nautico,367372,Bruno,bruno_bispo_dos_anjos,3,23,22,21,1918,87.2
2022,B,guarani,310802,Derlan,derlan_de_oliveira_bento,34,28,24,22,1913,79.7
2022,B,crb,315979,Yago Henri ...,yago_henri,8,35,27,24,1892,70.1
2022,B,nautico,337017,Lucas Perri,lucas_estella_perri,1,21,21,21,1890,90.0
2022,B,vila_nova,315834,Pablo Dyego,pablo_dyego_da_silva_rosa,9,24,24,23,1871,78.0
2022,B,tombense,302774,Rodrigo,rodrigo,5,30,27,22,1864,69.0
2022,B,ituano,355362,Aylon,aylon_darwin_tavella,10,35,31,25,1862,60.1
2022,B,brusque,401299,Alex Sandro,alex_sandro_de_oliveira,9,31,27,21,1861,68.9
2022,B,chapecoense,419436,Pedro,pedro_henrique_perotti,9,25,25,20,1858,74.3
2022,B,bahia,567698,Jacare,jacare,29,38,35,18,1856,53.0
2022,B,tombense,382807,Joseph Mau ...,joseph_mau,5,35,23,21,1852,80.5
2022,B,tombense,412193,Keké,paulo_de_souza_junior,7,28,28,24,1845,65.9
2022,B,vasco_da_gama,401167,Yuri,yuri_lima_lara,5,23,22,22,1841,83.7
2022,B,novorizontino,447189,Willean Lepo,willean_bernardo_willemen,7,33,28,20,1832,65.4
2022,B,ponte_preta,538843,Fessin,fessin,20,29,27,22,1828,67.7
2022,B,crb,183844,Rafael Lon ...,rafael_lon,10,35,26,21,1813,69.7
2022,B,bahia,315696,Rezende,rezende,5,30,28,20,1807,64.5
2022,B,chapecoense,169020,Saulo,saulo,12,35,20,20,1800,90.0
2022,B,crb,610886,Emerson,emerson,21,31,28,21,1780,63.6
2022,B,ponte_preta,532986,Wallisson,wallisson,25,31,29,20,1780,61.4
2022,B,vila_nova,320951,Alisson Ca ...,alisson_ca,4,34,22,19,1777,80.8
2022,B,londrina,187597,Alan Ruschel,alan_luciano_ruschel,18,31,26,21,1764,67.8
2022,B,vila_nova,344517,Matheus Bossa,matheus_cotulio_bossa,7,36,31,20,1764,56.9
2022,B,nautico,672682,Richard,richard,18,31,28,24,1746,62.4
2022,B,chapecoense,581520,Matheus,matheus_henrique_bianqui,18,32,30,16,1741,58.0
2022,B,ituano,413041,Rafael Pap ...,rafael_elias_da_silva,9,22,22,22,1736,78.9
2022,B,novorizontino,386746,Walber,walber,13,34,21,21,1723,82.0
2022,B,nautico,303237,Joao Lucas,joao_lucas_cardoso,13,22,21,20,1720,81.9
2022,B,ponte_preta,460331,Igor Marqu ...,igor_marqu,22,33,30,18,1719,57.3
2022,B,ituano,188110,Roberto,roberto,16,32,24,20,1718,71.6
2022,B,brusque,565195,Wagner,wagner_pereira_marques,16,33,29,20,1711,59.0
2022,B,sampaio_correa,307569,Nilson Junior,nilson_junior,4,20,19,19,1710,90.0
2022,B,sport,460562,Mailson,mailson,1,19,19,19,1710,90.0
2022,B,guarani,429655,Rodrigo An ...,rodrigo_an,32,24,24,20,1707,71.1
2022,B,criciuma,188472,Cristovam,cristovam,14,32,32,18,1698,53.1
2022,B,nautico,408983,Pedro Vitor,pedro_vitor,20,35,32,14,1698,53.1
2022,B,crb,353336,Reginaldo,reginaldo_lopes_de_jesus,2,37,32,15,1694,52.9
2022,B,londrina,539820,Luiz,luiz,15,34,30,18,1692,56.4
2022,B,chapecoense,546794,Chrystian,chrystian,22,31,29,20,1681,58.0
2022,B,ituano,335286,Mario Sergio,mario_sergio_valerio,6,33,25,18,1681,67.2
2022,B,vasco_da_gama,523349,Gabriel Pec,gabriel_fortes_chaves,11,24,22,21,1681,76.4
2022,B,novorizontino,356106,Rodolfo Fi ...,rodolfo_fi,3,31,20,19,1680,84.0
2022,B,crb,307674,Wellington ...,wellington,15,33,23,19,1678,73.0
2022,B,gremio,406738,Rodrigo,rodrigo_ferreira_da_silva,15,30,23,18,1667,72.5
2022,B,cruzeiro_saf,336850,Luvanor,luvanor,90,33,29,21,1666,57.4
2022,B,vila_nova,325581,Daniel Amorim,daniel_amorim,19,37,31,17,1658,53.5
2022,B,brusque,370091,Alex Ruan,alex_ruan,16,30,27,20,1655,61.3
2022,B,csa,442637,Lucas Barc ...,lucas_barcelos_damacena,9,28,26,20,1645,63.3
2022,B,sampaio_correa,345443,Lucas,lucas,16,37,25,17,1637,65.5
2022,B,vasco_da_gama,150986,Nene,anderson_luis_de_carvalho,10,21,21,21,1636,77.9
2022,B,brusque,165065,Para,para,2,25,24,23,1632,68.0
2022,B,brusque,317054,Ze Mateus,jose_mateus_junior,8,25,23,20,1627,70.7
2022,B,ituano,293383,Pegorari,pegorari,1,18,18,18,1620,90.0
2022,B,novorizontino,292237,Lucas Frigeri,lucas_henrique_frigeri,12,30,18,18,1620,90.0
2022,B,operario,298884,Reina,javier_arley_reina_calvo,10,30,26,23,1612,62.0
2022,B,vila_nova,168387,Ralf,ralf_de_souza_teles,18,35,27,19,1609,59.6
2022,B,operario,321820,Fernando Neto,fernando_neto,8,23,22,19,1604,72.9
2022,B,vasco_da_gama,611858,Andrey Santos,andrey_santos,16,23,19,19,1601,84.3
2022,B,novorizontino,633725,Diego Torres,diego_fabian_torres,20,28,26,20,1581,60.8
2022,B,criciuma,190389,Marquinhos ...,marquinhos,10,19,19,19,1578,83.1
2022,B,londrina,292280,Samuel Santos,samuel_santos,2,30,24,18,1574,65.6
2022,B,vasco_da_gama,447783,Raniel,raniel,9,24,24,19,1574,65.6
2022,B,operario,376246,Giovanni,giovanni,21,32,27,18,1573,58.3
2022,B,criciuma,184819,Rayan,rayan_poltronieri_pereira,13,28,20,17,1564,78.2
2022,B,guarani,528144,Jamerson,jamerson_santos_de_jesus,83,19,19,18,1559,82.1
2022,B,ituano,331532,Rai,rai_dos_reis_ramos,13,20,18,17,1557,86.5
2022,B,guarani,315945,Diogo,diogo,13,24,23,18,1556,67.7
2022,B,bahia,422344,Luiz Henrique,luiz_henrique,6,32,24,18,1542,64.2
2022,B,chapecoense,191609,Vagner,vagner_antonio_brandalise,1,31,17,17,1530,90.0
2022,B,sport,500506,Ewerthon,ewerthon,2,23,20,17,1530,76.5
2022,B,sampaio_correa,170254,Pará,erinaldo_santos_rabelo,6,25,21,18,1527,72.7
2022,B,criciuma,311146,Hygor,hygor_cleber_garcia_silva,18,31,27,15,1522,56.4
2022,B,csa,356563,Rodrigo Ro ...,rodrigo_rodrigues_silva,99,32,28,18,1520,54.3
2022,B,novorizontino,298282,Ronaldo,ronaldo_henrique_silva,9,21,21,19,1507,71.8
2022,B,vasco_da_gama,559670,Figueiredo,figueiredo,15,23,22,18,1501,68.2
2022,B,nautico,393400,João Paulo,joao_paulo,14,26,18,17,1497,83.2
2022,B,gremio,339876,Diogo,diogo_barbosa_mendanha,6,33,20,16,1490,74.5
2022,B,londrina,465944,Negueba,negueba,9,31,28,19,1485,53.0
2022,B,csa,172411,Werley,werley_ananias_da_silva,3,20,18,16,1480,82.2
2022,B,csa,422561,Giva Santos,geovane_silva_santos,15,30,24,16,1480,61.7
2022,B,cruzeiro_saf,460818,Geovane Jesus,geovane_de_jesus_rocha,42,32,27,16,1473,54.6
2022,B,csa,382612,Igor Inoce ...,igor_inoce,29,30,23,14,1463,63.6
2022,B,operario,341715,Thales,thales,3,21,17,17,1454,85.5
2022,B,criciuma,298523,Thiago Ala ...,luiz_carlos_marques_lima,10,35,30,17,1448,48.3
2022,B,criciuma,377082,Leonardo,leonardo,5,28,23,16,1445,62.8
2022,B,vila_nova,154127,Wagner,wagner,10,28,25,18,1440,57.6
2022,B,vila_nova,335513,Renato,renato_palm_da_silveira,3,16,16,16,1440,90.0
2022,B,ponte_preta,544530,Thiago Lopes,thiago_oliveira_lopes,3,26,17,16,1421,83.6
2022,B,cruzeiro_saf,551333,Daniel JR,daniel_jr,48,33,25,15,1416,56.6
2022,B,gremio,729333,Campaz,jaminton_leandro_campaz,7,30,29,19,1407,48.5
2022,B,cruzeiro_saf,404399,Bruno Rodr ...,bruno_rodr,9,18,18,16,1398,77.7
2022,B,criciuma,379397,Romulo,romulo_da_silva_machado,16,31,25,14,1390,55.6
2022,B,operario,178294,Paulo Sergio,paulo_sergio,9,23,20,16,1363,68.2
2022,B,criciuma,355387,Cerato,marcos_vinicius_cerato,17,35,25,14,1356,54.2
2022,B,sport,153924,Vagner Love,vagner_silva_de_souza,99,17,17,16,1355,79.7
2022,B,sport,338491,Ronaldo,ronaldo,5,32,21,15,1355,64.5
2022,B,sport,318493,Giovanni,giovanni_piccolomo,77,31,27,18,1344,49.8
2022,B,sport,177071,Kayke,kayke,17,25,24,19,1337,55.7
2022,B,ituano,392864,Léo Santos,leonardo_luiz_dos_santos,3,36,18,14,1333,74.1
2022,B,novorizontino,326727,Joilson,joilson,3,32,16,14,1327,82.9
2022,B,criciuma,369639,Caio,caio,19,29,24,17,1316,54.8
2022,B,csa,355730,Ton,ton,13,15,15,15,1312,87.5
2022,B,novorizontino,311813,Quirino,diego_de_souza_quirino,9,30,27,13,1308,48.4
2022,B,crb,306822,Claudinei,claudinei_junio_de_souza,5,27,21,16,1304,62.1
2022,B,nautico,182944,Souza,elierce_barboza_de_souza,8,17,17,15,1303,76.6
2022,B,operario,545775,Paulo Victor,paulo_victor,19,17,17,16,1302,76.6
2022,B,ponte_preta,378323,Mateus Silva,mateus_ferreira_da_silva,4,16,15,15,1295,86.3
2022,B,brusque,315074,Alvaro,alvaro,7,24,22,15,1289,58.6
2022,B,ponte_preta,183975,Elvis,elvis_vieira_araujo,62,15,15,15,1288,85.9
2022,B,sampaio_correa,174017,Joecio,joecio_barbosa_dos_santos,13,31,15,14,1262,84.1
2022,B,bahia,350716,Mateus Claus,mateus_eduardo_claus,77,24,14,14,1260,90.0
2022,B,guarani,508468,Matheus Pe ...,matheus_pereira_de_souza,16,14,14,14,1260,90.0
2022,B,ituano,335765,Je,je,12,14,14,14,1260,90.0
2022,B,sport,345455,Saulo,saulo_ferreira_silva,95,22,14,14,1260,90.0
2022,B,guarani,354923,Isaque,isaque_elias_brito,21,19,18,18,1252,69.6
2022,B,csa,529861,Lucas Alex ...,lucas_alex,2,26,21,13,1251,59.6
2022,B,crb,459195,Richard,richard,7,36,25,14,1249,50.0
2022,B,londrina,337508,Jeferson,jeferson,22,17,16,15,1249,78.1
2022,B,londrina,522890,Jhonny,jhonny,8,16,15,15,1239,82.6
2022,B,ituano,147495,Gerson,gerson,17,35,27,12,1228,45.5
2022,B,guarani,424347,Madison,madison_araujo_costa,98,36,24,12,1216,50.7
2022,B,cruzeiro_saf,544734,Jajá,jair_diego_alves_de_brito,18,20,19,13,1215,63.9
2022,B,bahia,609797,André Dho ...,andre_dho,13,26,20,13,1214,60.7
2022,B,ituano,539977,Gabriel Ba ...,gabriel_de_sousa_barros,20,31,25,16,1200,48.0
2022,B,criciuma,387443,Bilu,rafael_bilu_mudesto,7,19,19,13,1196,62.9
2022,B,brusque,308421,Matheus,matheus,7,37,24,13,1186,49.4
2022,B,criciuma,185482,Helder,helder_silva_santos,16,25,18,12,1182,65.7
2022,B,criciuma,532649,Claudinho,claudio_coelho_salvatico,2,22,20,15,1181,59.0
2022,B,novorizontino,171807,Paulinho,paulo_cesar_elias,16,24,15,15,1179,78.6
2022,B,crb,295845,Diego Ivo,diego_ivo_pires,14,24,17,10,1178,69.3
2022,B,gremio,443904,Chapecó,gabriel_hamester_grando,12,38,13,13,1170,90.0
2022,B,vasco_da_gama_s_a_f,178365,Thiago Rod ...,thiago_rod,1,13,13,13,1170,90.0
2022,B,vasco_da_gama_s_a_f,611858,Andrey,andrey,8,13,13,13,1170,90.0
2022,B,novorizontino,383244,Ronald,ronald,21,27,23,15,1167,50.7
2022,B,sport,452427,Bruno,bruno_matias_dos_santos,31,29,18,15,1166,64.8
2022,B,bahia,724385,Rodallega,hugo_rodallega_martinez,9,29,22,14,1164,52.9
2022,B,vasco_da_gama_s_a_f,170178,Anderson C ...,anderson_c,4,13,13,13,1156,88.9
2022,B,guarani,376828,Lucas Ramon,lucas_ramon_batista_silva,19,31,19,12,1143,60.2
2022,B,vila_nova,388303,Sousa,van_basty_sousa_e_silva,15,16,14,13,1142,81.6
2022,B,nautico,452314,Ralph Mach ...,ralph_machado_dias,15,28,21,14,1137,54.1
2022,B,operario,174541,Dirceu,dirceu,3,13,13,13,1131,87.0
2022,B,operario,311487,Garcia,felipe_garcia_goncalves,7,29,24,11,1129,47.0
2022,B,ituano,310646,Pacheco,guilherme_augusto_pacheco,2,13,13,13,1125,86.5
2022,B,sport,170077,Eduardo,eduardo,26,16,15,13,1124,74.9
2022,B,bahia,431101,Matheus Bahia,matheus_bahia_santos,79,25,14,13,1117,79.8
2022,B,nautico,529172,Jobson Souza,jobson_souza_santos,7,17,17,12,1116,65.6
2022,B,nautico,299676,Wellington ...,wellington_da_silva_pinto,13,19,15,13,1113,74.2
2022,B,gremio,410547,Guilherme  ...,guilherme,11,18,18,12,1111,61.7
2022,B,chapecoense,381926,Frazan,wesley_frazan_bernardo,13,24,15,13,1106,73.7
2022,B,guarani,413841,Yago,yago_cesar_da_silva,97,35,29,10,1103,38.0
2022,B,bahia,565047,Douglas Borel,douglas_borel,2,20,14,13,1093,78.1
2022,B,londrina,533292,Felipe,felipe_vieira_augusto,6,28,16,12,1093,68.3
2022,B,chapecoense,532045,Mailton do ...,mailton_dos_santos_de_sa,12,15,14,14,1091,77.9
2022,B,guarani,174941,Ronaldo,ronaldo_luiz_alves,22,26,13,12,1090,83.8
2022,B,guarani,360465,Julio,julio_cesar_czarneski,7,21,21,14,1086,51.7
2022,B,crb,188660,Gilvan,gilvan_souza_correa,4,16,14,14,1077,76.9
2022,B,sampaio_correa,434877,Lucas Araujo,lucas_araujo_de_oliveira,5,35,29,9,1072,37.0
2022,B,chapecoense,345876,Alisson Fa ...,alisson_alves_farias,10,19,19,13,1067,56.2
2022,B,operario,309584,Tomas Bastos,tomas_bastos,22,33,24,12,1066,44.4
2022,B,tombense,509540,Kleiton,kleiton_pego_duarte,19,31,27,7,1064,39.4
2022,B,sport,378811,Fabio Alemão,fabio_augusto_schirmann,3,36,14,11,1061,75.8
2022,B,ponte_preta,186564,Norberto,norberto,2,21,18,14,1059,58.8
2022,B,vila_nova,383352,Neto,neto,9,14,14,14,1057,75.5
2022,B,tombense,178155,Renatinho,renatinho,21,27,25,13,1048,41.9
2022,B,nautico,185126,Kieza,welker_marcal_almeida,9,19,19,13,1047,55.1
2022,B,nautico,358911,Djavan,djavan,5,23,17,11,1046,61.5
2022,B,guarani,304035,Lucão do  ...,lucao_do,11,18,16,11,1045,65.3
2022,B,tombense,311339,Marcondes,marcondes,15,29,14,9,1044,74.6
2022,B,guarani,424790,Yuri,yuri,9,17,17,11,1037,61.0
2022,B,chapecoense,369403,Pablo,pablo,18,23,14,12,1033,73.8
2022,B,operario,185301,Silvinho,silvinho,22,14,14,12,1026,73.3
2022,B,operario,441065,Junior Bra ...,junior_bra,19,30,27,12,1026,38.0
2022,B,brusque,165939,Bruno Aguiar,bruno_aguiar,4,29,13,10,1023,78.7
2022,B,brusque,299231,Toty,toty,2,23,21,8,1022,48.7
2022,B,brusque,337219,Crislan,crislan,90,23,21,10,1020,48.6
2022,B,criciuma,430440,Lohan,lohan_dos_santos_freire,19,18,16,11,1012,63.2
2022,B,chapecoense,418809,Lima,guilherme_natan_de_lima,10,26,19,11,999,52.6
2022,B,ponte_preta,463502,Echaporã,luis_otavio_de_oliveira,29,33,21,10,990,47.1
2022,B,crb,179395,Juninho,juninho,16,13,12,11,984,82.0
2022,B,vasco_da_gama,317697,Gabriel Dias,gabriel_dias_de_oliveira,13,16,14,14,984,70.3
2022,B,criciuma,406610,Ze Marcos,jose_marcos_alves_luis,4,18,14,11,983,70.2
2022,B,gremio,164040,Lucas,lucas_pezzini_leiva,15,18,18,14,983,54.6
2022,B,chapecoense,321453,Betinho,betinho,17,23,20,14,978,48.9
2022,B,bahia,315637,Marcinho,marcinho,15,16,13,11,977,75.2
2022,B,brusque,340936,Jailson,jailson,14,36,27,7,972,36.0
2022,B,csa,291429,Yann Rolim,yann_del_pino_rolim,8,33,23,12,971,42.2
2022,B,operario,189041,Lucas Mendes,lucas_pereira_mendes,13,34,21,7,968,46.1
2022,B,crb,180789,Uillian Co ...,uillian_correia_granemann,18,30,21,9,963,45.9
2022,B,sampaio_correa,184656,Eloir,eloir_silva_moreira,15,27,24,9,955,39.8
2022,B,londrina,171945,Eltinho,elton_divino_celio,10,35,20,11,953,47.6
2022,B,operario,177920,Rafael Cho ...,rafael_batista,20,29,23,10,953,41.4
2022,B,crb,651034,Gabriel Co ...,gabriel_co,19,38,25,7,940,37.6
2022,B,bahia,547837,Gabriel Xa ...,gabriel_lheman_xavier,44,33,14,9,938,67.0
2022,B,bahia,191616,Ricardo Go ...,ricardo_goulart_pereira,16,16,16,12,937,58.6
2022,B,crb,339273,Marthã,martha,5,23,17,11,936,55.1
2022,B,nautico,543706,Thassio Melo,thassio_melo,2,17,13,10,935,71.9
2022,B,ituano,540826,Léo Ceará,leo_ceara,17,16,16,11,928,58.0
2022,B,vasco_da_gama_s_a_f,401167,Yuri,yuri_lima_lara,5,12,12,11,927,77.2
2022,B,ponte_preta,337157,Fraga,wesley_fraga,32,28,20,9,924,46.2
2022,B,brusque,291540,Luiz Antonio,luiz_antonio,88,28,20,10,910,45.5
2022,B,bahia,296302,Emerson,emerson,17,30,22,8,907,41.2
2022,B,novorizontino,175445,Giovanni,giovanni,1,10,10,10,900,90.0
2022,B,chapecoense,332817,Willian Popp,willian_popp,19,13,13,11,899,69.2
2022,B,gremio,161745,Edilson,edilson_mendes_guimaraes,33,17,14,12,899,64.2
2022,B,ituano,436143,Joao Victor,joao_victor,11,28,22,9,898,40.8
2022,B,ponte_preta,586672,Nicolas,nicolas_miguel_morsch,18,28,21,8,898,42.8
2022,B,sport,430883,Willian,willian,16,33,17,10,893,52.5
2022,B,bahia,432199,Rildo,rildo,37,16,15,10,889,59.3
2022,B,chapecoense,307432,Thomas,thomas,30,17,15,10,885,59.0
2022,B,vasco_da_gama_s_a_f,163254,Edimar,edimar_curitiba_fraga,6,12,12,9,879,73.2
2022,B,brusque,401315,Todinho,geremias_ribeiro_junior,30,18,18,9,874,48.6
2022,B,brusque,296863,Diego,diego_jardel_koester,10,18,17,11,871,51.2
2022,B,ponte_preta,432201,Danilo Mag ...,danilo_gomes_magalhaes,9,15,13,11,869,66.8
2022,B,novorizontino,455446,Felipe,felipe,2,27,16,10,867,54.2
2022,B,novorizontino,509608,Bruno,bruno_da_silva_costa,21,17,15,10,865,57.7
2022,B,tombense,318082,Diego,diego_ferreira_matheus,16,34,21,9,863,41.1
2022,B,guarani,465413,Eduardo Pe ...,eduardo_luiz_person,8,26,18,9,860,47.8
2022,B,gremio,293712,Thiago Santos,thiago_dos_santos,5,33,19,7,859,45.2
2022,B,nautico,384984,Junior,junior,6,25,20,7,857,42.8
2022,B,gremio,523883,Janderson,janderson_santos_de_souza,20,29,25,7,852,34.1
2022,B,vila_nova,331248,Diego,diego_barbosa_tavares,22,28,22,6,849,38.6
2022,B,csa,162905,Elton,elton_rodrigues_brandao,17,16,14,11,847,60.5
2022,B,vila_nova,463027,Dentinho,lucas_baptista_felix,21,13,13,10,845,65.0
2022,B,sport,436949,Gustavo,gustavo,91,16,16,8,844,52.8
2022,B,nautico,311336,Geuvanio,geuvanio,20,16,14,10,843,60.2
2022,B,ituano,380640,Dudu Vieira,dudu_vieira,16,32,20,8,836,41.8
2022,B,ituano,622068,Jorge Joa,jorge_andres_roa_jimenez,15,34,22,7,835,38.0
2022,B,sport,749768,HERRERA,herrera,9,27,19,8,825,43.4
2022,B,operario,502791,Saraiva,saraiva,17,28,22,5,823,37.4
2022,B,sampaio_correa,460385,Mauricio,mauricio_silva_dos_santos,7,31,23,8,821,35.7
2022,B,ponte_preta,414520,Bernardo,bernardo_de_paulo_silva,13,34,20,6,819,41.0
2022,B,bahia,385655,Rai,rai,11,26,19,11,813,42.8
2022,B,nautico,531933,Anilson,anilson_dourado_santiago,2,16,10,9,813,81.3
2022,B,bahia,518590,Marco Antonio,marco_antonio,7,23,15,10,812,54.1
2022,B,vasco_da_gama_s_a_f,150986,Nene,anderson_luis_de_carvalho,10,12,12,11,812,67.7
2022,B,brusque,342430,Jeferson,jeferson_silva_dos_santos,13,14,9,9,810,90.0
2022,B,sampaio_correa,439475,Batista,gabriel_batista_de_souza,12,24,9,9,810,90.0
2022,B,vasco_da_gama_s_a_f,456006,Danilo Boza,danilo_boza_junior,26,13,10,9,809,80.9
2022,B,nautico,351498,Everton,everton_sidnei_de_brito,15,12,12,10,806,67.2
2022,B,sport,375729,Thiago Lopes,thiago_ferreira_lopes,19,31,21,9,806,38.4
2022,B,cruzeiro_saf,757699,Leonardo Pais,leonardo_pais,7,23,17,8,802,47.2
2022,B,sport,336907,Pedrinho,pedrinho,6,24,16,9,801,50.1
2022,B,vasco_da_gama_s_a_f,716623,Eguinaldo,eguinaldo_de_sousa_lemos,21,12,11,10,794,72.2
2022,B,gremio,320111,Lucas Silva,lucas_silva_borges,16,36,22,9,793,36.0
2022,B,sport,779885,FACUNDO,facundo_labandeira_castro,30,14,14,7,793,56.6
2022,B,vila_nova,530995,Rafinha Silva,rafinha_silva,15,18,13,10,791,60.8
2022,B,vasco_da_gama_s_a_f,611036,MARLON GOMES,marlon_gomes_claudino,25,13,13,10,790,60.8
2022,B,ponte_preta,588048,Jean Carlos,jean_carlos_dos_santos,26,31,18,7,788,43.8
2022,B,operario,524492,Andre Lima,andre_da_silva_lima,5,18,14,8,782,55.9
2022,B,tombense,454527,Guilherme  ...,guilherme_ribeiro_rend,18,17,14,9,780,55.7
2022,B,londrina,339225,Augusto,augusto_de_souza_silva,20,24,12,8,774,64.5
2022,B,chapecoense,333824,Xandao,xandao,14,33,10,8,771,77.1
2022,B,novorizontino,430405,Lucas Toca ...,lucas_costa_da_silva,11,18,14,10,768,54.9
2022,B,tombense,292740,Luis Otavio,luis_otavio,22,18,16,7,768,48.0
2022,B,nautico,604967,Carlão,carlao,3,16,10,7,766,76.6
2022,B,gremio,177087,Elkeson,elkeson,9,24,23,4,758,33.0
2022,B,guarani,415367,Nicolas Ca ...,nicolas_mores_da_cruz,21,14,14,8,758,54.1
2022,B,vasco_da_gama_s_a_f,165709,Leo Matos,leonardo_de_matos_cruz,3,11,10,10,750,75.0
2022,B,novorizontino,464026,Romulo,romulo_azevedo_simao,21,28,19,6,748,39.4
2022,B,crb,360467,Paulo,paulo_roberto_moccelin,21,14,13,9,746,57.4
2022,B,vasco_da_gama_s_a_f,559670,Figueiredo,figueiredo,15,13,13,6,745,57.3
2022,B,vila_nova,441092,Kaio Nunes,kaio_nunes_ferreira,17,14,13,11,743,57.2
2022,B,chapecoense,313029,Felipe,felipe,94,17,16,8,733,45.8
2022,B,chapecoense,749433,Orejuela,orejuela,13,14,13,9,732,56.3
2022,B,nautico,343441,Jean,jean_de_melo_pereira,1,8,8,8,720,90.0
2022,B,vila_nova,351526,Georgemy,georgemy_goncalves,1,29,8,8,720,90.0
2022,B,novorizontino,387511,Cleo Silva,cleone_santos_silva,17,31,21,3,718,34.2
2022,B,vila_nova,177354,Moacir,moacir_costa_da_silva,21,18,10,7,718,71.8
2022,B,cruzeiro_saf,444618,Rafael Santos,rafael_santos,36,20,13,8,715,55.0
2022,B,crb,463995,Iago Mendo ...,iago_pereira_mendonca,4,27,11,7,712,64.7
2022,B,operario,431740,Willian Ma ...,willian_estefani_machado,14,22,9,8,710,78.9
2022,B,gremio,554626,Kannemann,walter_kannemann,4,8,8,8,704,88.0
2022,B,chapecoense,324181,Luizinho,luizinho,7,27,17,7,694,40.8
2022,B,londrina,588999,Luiz,luiz,23,27,20,5,693,34.6
2022,B,vila_nova,568345,Pablo,pablo,20,17,14,7,688,49.1
2022,B,sport,670174,Lucas Hern ...,lucas_hern,29,33,9,8,684,76.0
2022,B,bahia,189027,Didi,vinicius_jose_ignacio,53,33,9,7,678,75.3
2022,B,londrina,514089,Matheus Lucas,matheus_lucas,9,27,25,4,670,26.8
2022,B,vila_nova,454982,Jean,jean,6,17,13,8,666,51.2
2022,B,ponte_preta,652912,Mendes,douglas_mendes_moreira,39,14,8,8,661,82.6
2022,B,chapecoense,176512,Tiago Real,tiago_real_do_prado,10,9,9,8,656,72.9
2022,B,ponte_preta,355149,Ramon Carv ...,ramon_rodrigo_de_carvalho,40,10,10,9,656,65.6
2022,B,tombense,305811,Igor,igor,10,20,15,7,647,43.1
2022,B,gremio,542309,Elias,elias,18,21,18,6,643,35.7
2022,B,novorizontino,330362,Léo Baiano,leonardo_lima_dos_santos,14,23,17,6,641,37.7
2022,B,brusque,568353,Paulo Baya,paulo_baya,62,19,18,6,640,35.6
2022,B,csa,169000,Bruno Mezenga,bruno_mezenga,25,25,13,6,633,48.7
2022,B,brusque,295153,Ruan,ruan,21,18,7,7,630,90.0
2022,B,cruzeiro_saf,307508,F. Canesin,fernando_canesin_matos,55,18,11,7,629,57.2
2022,B,sport,302436,Ezequiel,ezequiel_jacinto_de_biasi,22,32,11,7,629,57.2
2022,B,londrina,383830,Mossoro,mossoro,7,21,16,7,626,39.1
2022,B,chapecoense,313072,Derek,derek_freitas_ribeiro,20,27,21,4,623,29.7
2022,B,gremio,505058,Ferreira,ferreira,10,9,9,8,616,68.4
2022,B,crb,525941,Wallace,wallace_madeira_almeida,18,17,13,6,614,47.2
2022,B,guarani,348203,Silas,silas_araujo_da_silva,96,22,13,7,614,47.2
2022,B,criciuma,541170,Henriquez,henriquez,4,15,9,6,613,68.1
2022,B,nautico,551375,Rhaldney,rhaldney,8,9,9,8,608,67.6
2022,B,guarani,672172,RICHARD,richard_rios_montoya,18,13,9,5,606,67.3
2022,B,sampaio_correa,466733,Gabriel Fu ...,gabriel_fu,17,24,8,6,605,75.6
2022,B,guarani,164170,Castan,leandro_castan_da_silva,5,9,8,6,603,75.4
2022,B,nautico,450056,Arthur Hen ...,arthur_hen,13,14,9,7,601,66.8
2022,B,csa,368444,Guilherme,guilherme_mendes_da_silva,13,12,7,6,597,85.3
2022,B,sampaio_correa,301503,Renatinho,renato_vieira_rodrigues,10,31,18,6,592,32.9
2022,B,chapecoense,556127,Claudinho,claudinho,19,24,18,6,590,32.8
2022,B,nautico,621112,Julio,julio,19,19,15,6,587,39.1
2022,B,londrina,310382,Matheus Al ...,matheus_albino_carneiro,22,36,7,6,586,83.7
2022,B,nautico,388312,Cleidson,cleidson,4,7,7,7,585,83.6
2022,B,csa,323819,Felipe Aug ...,felipe_aug,7,28,13,6,584,44.9
2022,B,ituano,347998,Brenner,brenner,19,9,9,7,576,64.0
2022,B,bahia,553190,Copete,jonathan_copete_valencia,36,19,13,5,573,44.1
2022,B,londrina,344194,Denilson,denilson,14,31,15,5,571,38.1
2022,B,cruzeiro_saf,174364,Romulo C.,romulo_c,8,27,11,4,568,51.6
2022,B,sampaio_correa,465956,Nadson,nadson_da_silva_mesquita,20,19,14,4,568,40.6
2022,B,vila_nova,316763,Victor And ...,victor_andrade_santos,11,9,8,6,567,70.9
2022,B,vasco_da_gama,714251,Palacios,palacios,19,18,17,4,566,33.3
2022,B,cruzeiro_saf,318679,Rafael,rafael_da_silva,17,19,16,6,563,35.2
2022,B,nautico,415072,Amarildo,amarildo,17,21,15,6,559,37.3
2022,B,nautico,526621,Thomaz Costa,thomaz_carvalho_costa,14,18,12,7,552,46.0
2022,B,csa,347212,Douglas,douglas,30,27,8,7,548,68.5
2022,B,csa,317454,Rickson,rickson,21,11,7,6,546,78.0
2022,B,sampaio_correa,531144,Leonardo,leonardo,18,15,13,4,546,42.0
2022,B,brusque,177605,Beliato,aparecido_beliato_junior,12,24,6,6,540,90.0
2022,B,ponte_preta,183874,Fabricio,fabricio_silva_dornellas,4,11,7,5,536,76.6
2022,B,londrina,409664,Leandro,leandro,9,8,8,7,527,65.9
2022,B,chapecoense,401045,Jonathan,jonathan,23,28,20,4,524,26.2
2022,B,cruzeiro_saf,459574,Adriano,adriano,15,20,15,4,522,34.8
2022,B,gremio,434738,Rodrigues,rodrigues,26,18,7,6,519,74.1
2022,B,brusque,529687,Franklin,franklin,29,10,9,6,517,57.4
2022,B,brusque,309437,Patrick Ca ...,patrick_ca,17,15,10,5,515,51.5
2022,B,criciuma,335249,Italo,italo_melo_oliveira,10,12,10,6,515,51.5
2022,B,guarani,178875,Ernando,ernando_rodrigues_lopes,14,21,8,6,514,64.2
2022,B,sport,502079,Denner,denner_fernando_melz,88,18,17,7,513,30.2
2022,B,vasco_da_gama,165709,Leo Matos,leonardo_de_matos_cruz,3,13,8,5,512,64.0
2022,B,crb,542286,Guilherme,guilherme,13,19,8,5,511,63.9
2022,B,sport,749414,RAY VANEGAS,ray_andres_vanegas_zuniga,11,26,19,2,510,26.8
2022,B,tombense,337271,Matheus Fr ...,matheus_henrique_frizzo,19,17,12,5,503,41.9
2022,B,brusque,407221,BILL,gabriel_pereira_taliari,99,18,16,4,502,31.4
2022,B,criciuma,366782,Lucas,lucas_da_silva_xavier,20,26,14,5,501,35.8
2022,B,csa,385005,Marco,marco,21,12,10,5,501,50.1
2022,B,londrina,443362,Marcinho,marcio_rodrigues_velasco,18,18,10,4,496,49.6
2022,B,nautico,336999,Leo,leonardo_da_silva_passos,11,9,9,6,496,55.1
2022,B,criciuma,328561,Kadu,kadu_ribeiro_durval,14,13,6,6,495,82.5
2022,B,guarani,305521,Jenison,jenison,91,12,10,5,493,49.3
2022,B,vasco_da_gama_s_a_f,177753,Alex,alex_teixeira_santos,7,12,10,5,488,48.8
2022,B,vasco_da_gama,350899,Getulio,getulio,99,16,14,6,487,34.8
2022,B,chapecoense,303766,Maranhão,maranhao,11,16,11,7,486,44.2
2022,B,novorizontino,671013,Ramon Mart ...,ramon_martinez_lopez,5,12,11,5,486,44.2
2022,B,cruzeiro_saf,423003,Rodolfo,rodolfo,33,27,18,3,480,26.7
2022,B,guarani,778423,Alexis Ivan,alexis_ivan_alvarino,5,9,6,6,478,79.7
2022,B,gremio,590905,Gabriel Silva,gabriel_silva,59,34,15,3,475,31.7
2022,B,cruzeiro_saf,297781,Pedro Castro,pedro_castro,21,29,13,5,474,36.5
2022,B,sampaio_correa,178927,Paulo Sergio,paulo_sergio,3,10,7,6,470,67.1
2022,B,crb,527028,Bruno,bruno,17,17,14,4,469,33.5
2022,B,brusque,402841,Edilson,edilson,13,23,11,4,466,42.4
2022,B,vasco_da_gama,537549,Weverton,weverton,17,17,11,4,466,42.4
2022,B,gremio,391953,Thaciano,thaciano_mickael_da_silva,28,14,13,4,463,35.6
2022,B,ituano,338847,Filipe,filipe_alexandre_da_costa,12,24,6,6,460,76.7
2022,B,chapecoense,422352,Darlan,darlan_pereira_mendes,37,16,13,4,458,35.2
2022,B,crb,526644,Brayan,bryan_grabriel_fernandes,16,22,11,4,456,41.5
2022,B,csa,630830,EDSON,edson_lucas_pereira,16,22,11,4,453,41.2
2022,B,operario,341345,Marcelo,marcelo_oliveira_pinto,18,7,7,6,453,64.7
2022,B,tombense,296811,Bruno,bruno_da_mota_miranda,21,17,16,3,453,28.3
2022,B,novorizontino,605436,HELIO,helio_cunha_borges,23,25,17,2,452,26.6
2022,B,vila_nova,523119,Railan,railan_reis_ferreira,2,17,14,2,452,32.3
2022,B,crb,562362,Jalysson,jalysson,13,23,10,4,450,45.0
2022,B,novorizontino,387277,Joao,joao_pedro_de_giuli,15,22,10,3,450,45.0
2022,B,novorizontino,461649,Vini,vini,1,23,5,5,450,90.0
2022,B,sampaio_correa,324710,Matheus,matheus_francisco_inacio,1,14,5,5,448,89.6
2022,B,sport,381047,Everton Fe ...,everton_fe,10,10,8,5,447,55.9
2022,B,sport,749422,BLAS CACERES,blas_caceres,21,24,12,5,446,37.2
2022,B,vasco_da_gama,372403,Zé Gabriel,ze_gabriel,23,24,8,5,446,55.8
2022,B,vasco_da_gama,456006,Danilo Boza,danilo_boza_junior,26,23,7,4,437,62.4
2022,B,ituano,158972,Carlão,carlao,14,13,8,5,435,54.4
2022,B,londrina,614207,Peu,danilo_de_souza_lima,20,17,14,3,435,31.1
2022,B,bahia,404367,Djalma,djalma,54,18,9,4,422,46.9
2022,B,nautico,177458,Mauricio,mauricio,4,6,6,6,420,70.0
2022,B,sport,513348,Jaderson,jaderson_flores_dos_reis,20,18,9,5,412,45.8
2022,B,sport,168092,Wanderson,wanderson,77,16,15,0,407,27.1
2022,B,vasco_da_gama,349759,Erick,erick,77,13,9,4,407,45.2
2022,B,bahia,442105,Caio,caio_vidal_rocha,20,8,8,5,405,50.6
2022,B,tombense,415008,Anderson,anderson,3,20,5,5,403,80.6
2022,B,tombense,410715,Emerson,emerson,16,14,6,5,400,66.7
2022,B,ituano,581594,Chrigor,chrigor_flores_moraes,19,21,17,1,399,23.5
2022,B,guarani,443810,Edson Carioca,edson_carioca,88,14,12,3,395,32.9
2022,B,sampaio_correa,431106,Eronildo,eronildo_dos_santos_rocha,18,16,10,5,391,39.1
2022,B,vasco_da_gama_s_a_f,447783,Raniel,raniel,9,8,6,6,388,64.7
2022,B,criciuma,441692,Gustavo,gustavo_cazonatti,5,11,6,6,387,64.5
2022,B,vila_nova,310961,Rubens,rubens_da_silva_coura,19,19,13,3,384,29.5
2022,B,nautico,456741,Nascimento,mateus_nascimento_soares,14,17,8,5,382,47.8
2022,B,vila_nova,189739,HUGO CABRAL,hugo_da_silva_cabral,22,12,11,2,380,34.5
2022,B,tombense,544426,Mingotti,mingotti,19,11,6,4,378,63.0
2022,B,ituano,291855,Neto Berola,neto_berola,20,8,8,5,376,47.0
2022,B,vasco_da_gama_s_a_f,646848,Juan Quintero,juan_quintero,2,12,5,4,376,75.2
2022,B,brusque,311522,Ianson,ianson_acosta_soares,30,12,5,5,373,74.6
2022,B,ituano,543481,Vinicius,vinicius,17,10,10,1,371,37.1
2022,B,csa,507566,Hector,hector_miguel_canteros,19,14,8,5,366,45.8
2022,B,operario,344838,Leonardo,leonardo_kalil_abdala,23,14,10,3,364,36.4
2022,B,vila_nova,548842,Matheus,matheus,23,10,8,4,364,45.5
2022,B,cruzeiro_saf,540186,Lincoln,lincoln_correa_dos_santos,12,14,9,4,363,40.3
2022,B,nautico,597155,BRUNO,bruno,12,7,4,4,360,90.0
2022,B,novorizontino,433789,Lucas Pereira,lucas_pereira,1,11,4,4,360,90.0
2022,B,sport,309585,Carlos,carlos,92,34,4,4,360,90.0
2022,B,nautico,462610,Luis Phelipe,luis_phelipe,17,13,10,4,356,35.6
2022,B,tombense,441692,Gustavo,gustavo_cazonatti,5,7,6,3,353,58.8
2022,B,nautico,393463,Ailton,ailton_ferreira_silva,14,6,4,4,352,88.0
2022,B,gremio,303436,Leonardo,leonardo,2,7,7,3,350,50.0
2022,B,sport,439695,Fabricio,fabricio,98,11,9,4,349,38.8
2022,B,chapecoense,439721,Kevin,kevin_kesley_de_souza,15,29,10,2,347,34.7
2022,B,ponte_preta,374267,Guilherme,guilherme,39,12,6,3,346,57.7
2022,B,nautico,329055,Niltinho,nilton_soares_rodrigues,23,13,9,3,344,38.2
2022,B,csa,184798,Didira,cicero_dos_santos,19,18,9,3,339,37.7
2022,B,sampaio_correa,609605,PEDRO,pedro,14,31,5,4,335,67.0
2022,B,londrina,517492,Emerson Souza,emerson_santos_de_souza,18,14,7,3,334,47.7
2022,B,vila_nova,512544,Marcos Vin ...,marcos_vin,14,12,7,4,334,47.7
2022,B,ituano,693191,ELÁCIO,elacio,13,20,5,4,333,66.6
2022,B,ituano,337472,Lucas Nathan,lucas_nathan_veloso,18,30,13,2,332,25.5
2022,B,csa,291780,Rogerio,rogerio,10,11,11,1,328,29.8
2022,B,gremio,582447,Nata,nata,36,38,5,4,328,65.6
2022,B,sport,518992,Chico,chico,44,38,10,3,328,32.8
2022,B,operario,298995,Alemao,fagner_ironi_daponte,14,11,4,4,325,81.2
2022,B,crb,166603,Maicon,maicon,10,5,5,4,320,64.0
2022,B,cruzeiro_saf,299778,Chay,chay,77,8,6,4,320,53.3
2022,B,csa,187601,Everton Silva,everton_silva,14,6,5,4,314,62.8
2022,B,csa,389256,Dalberto,dalberto_luan_belo,28,8,6,4,313,52.2
2022,B,vila_nova,177998,Bruno Coll ...,bruno_bairros_collaco,6,12,5,3,313,62.6
2022,B,chapecoense,312907,Pablo,pablo_diogo_lopes_de_lima,2,8,4,4,310,77.5
2022,B,csa,340169,Jonathan,jonathan_francisco_lemos,22,10,6,4,310,51.7
2022,B,vasco_da_gama,540274,Juninho,juninho,50,16,11,1,310,28.2
2022,B,criciuma,337272,Renan,renan_carvalho_areias,15,30,8,3,309,38.6
2022,B,nautico,440225,Julio Vitor,julio_vitor,20,16,8,4,305,38.1
2022,B,operario,410396,Gustavo,gustavo_alcino,4,10,5,4,304,60.8
2022,B,ponte_preta,337245,Matheus,matheus,55,10,6,4,304,50.7
2022,B,cruzeiro_saf,466167,Wesley,wesley,2,11,9,3,302,33.6
2022,B,novorizontino,303018,Vinicius L ...,vinicius_leite_silva,20,13,8,2,301,37.6
2022,B,bahia,652687,Igor,igor_torres_da_silva,14,13,8,3,298,37.2
2022,B,ituano,321991,Vinicius Jaú,vinicius_de_lima_ferreira,18,14,11,1,296,26.9
2022,B,chapecoense,355752,Marcelo,marcelo,29,8,5,3,295,59.0
2022,B,guarani,427774,Emaxwell,emaxwell_souza_de_lima,71,15,11,2,295,26.8
2022,B,ponte_preta,413248,Lucas Ribamar,lucas_ribamar,14,9,9,3,293,32.6
2022,B,guarani,338081,Bruno,bruno,23,23,9,2,292,32.4
2022,B,csa,177802,Ernandes,ernandes_dias_luz,6,9,6,2,291,48.5
2022,B,operario,170011,Antonio,antonio,11,10,6,5,291,48.5
2022,B,operario,456808,Raphael,raphael_lourenco_santos,16,26,6,3,289,48.2
2022,B,vasco_da_gama_s_a_f,523349,Gabriel Pec,gabriel_fortes_chaves,11,13,10,1,288,28.8
2022,B,guarani,457493,Ludke,mateus_ludke,2,13,5,2,281,56.2
2022,B,nautico,320016,Thiago Ennes,thiago_ennes_moreira,2,15,4,3,281,70.2
2022,B,sampaio_correa,180284,Rafael Costa,rafael_costa_dos_santos,18,30,25,0,281,11.2
2022,B,ponte_preta,320834,Cassinho,cassinho,23,18,9,2,279,31.0
2022,B,nautico,543705,Luiz Felipe,luiz_felipe,14,23,8,2,278,34.8
2022,B,cruzeiro_saf,435161,Marquinhos ...,marcos_robson_cipriano,39,13,7,4,273,39.0
2022,B,vila_nova,307366,Marlone,marlone,17,18,12,2,273,22.8
2022,B,csa,567530,Jean,jean_carlos_batista,1,26,3,3,270,90.0
2022,B,londrina,299833,Victor Souza,victor_souza,1,3,3,3,270,90.0
2022,B,nautico,325261,Bruno,bruno,12,32,3,3,270,90.0
2022,B,nautico,428683,Diogo,diogo_hereda_da_silva,2,3,3,3,270,90.0
2022,B,nautico,456114,Robinho,robinho,16,17,10,1,270,27.0
2022,B,vila_nova,328820,Mancini,matheus_mancini,3,11,4,3,267,66.8
2022,B,novorizontino,352632,Felipe Neg ...,felipe_neg,22,9,8,3,261,32.6
2022,B,guarani,558580,Mayk,mayk,56,16,7,2,259,37.0
2022,B,brusque,292320,Felipe Manoel,felipe_manoel_goncalves,15,30,9,3,258,28.7
2022,B,nautico,344841,Ewandro,ewandro,7,12,5,4,257,51.4
2022,B,vasco_da_gama,177753,Alex,alex_teixeira_santos,7,4,4,3,257,64.2
2022,B,vasco_da_gama,344228,Matheus Ba ...,matheus_barbosa_teixeira,18,23,10,2,256,25.6
2022,B,brusque,435972,Angelo Chaves,angelo_samuel_chaves,99,16,5,2,255,51.0
2022,B,cruzeiro_saf,541008,Kaiki,kaiki_bruno_da_silva,46,10,6,2,253,42.2
2022,B,sampaio_correa,454277,Joao Victor,joao_victor,16,9,3,3,253,84.3
2022,B,operario,299686,Getterson,getterson,9,11,8,2,249,31.1
2022,B,vasco_da_gama,558560,Riquelme,riquelme,45,19,6,3,249,41.5
2022,B,vila_nova,647107,Jefferson,jefferson,6,22,8,1,248,31.0
2022,B,cruzeiro_saf,408944,Wagner,wagner,3,17,5,2,247,49.4
2022,B,novorizontino,169940,Welliton,welliton_soares_morais,19,23,12,0,247,20.6
2022,B,ponte_preta,647148,Leandro Ba ...,leandro_barcia_montero,11,10,7,3,247,35.3
2022,B,vasco_da_gama_s_a_f,591665,Paulo Victor,paulo_victor,66,10,5,4,247,49.4
2022,B,vila_nova,296193,Jean Silva,jean_goncalves_silva,17,11,8,1,247,30.9
2022,B,sport,439881,Alan,alan_de_souza_guimaraes,18,16,9,1,245,27.2
2022,B,csa,352216,Matheus,matheus_ferreira_de_sousa,16,17,8,2,244,30.5
2022,B,ponte_preta,429853,Léo Santos,leo_santos,3,10,5,3,239,47.8
2022,B,csa,700961,John Mercado,john_mercado,22,13,9,0,238,26.4
2022,B,gremio,558959,Sarara,mateus_ferreira,48,21,10,1,238,23.8
2022,B,tombense,542913,Gabriel,gabriel,23,17,9,1,233,25.9
2022,B,chapecoense,176522,Ederson,ederson,22,6,6,3,232,38.7
2022,B,cruzeiro_saf,531705,Luis Hungria,luis_hungria,44,9,3,3,232,77.3
2022,B,cruzeiro_saf,587060,Breno,breno,60,12,6,2,231,38.5
2022,B,vasco_da_gama,324513,Matheus Ri ...,matheus_antunes_ribeiro,20,3,3,2,225,75.0
2022,B,ponte_preta,328812,Moises,moises_ribeiro_santos,7,21,10,1,223,22.3
2022,B,cruzeiro_saf,568151,Stenio,stenio_zanetti_toledo,22,7,5,3,221,44.2
2022,B,ituano,310101,Bruno,bruno_henrique_lopes,17,11,8,1,221,27.6
2022,B,tombense,607258,Italo Henr ...,italo_henr,22,19,12,0,220,18.3
2022,B,vasco_da_gama_s_a_f,432298,Fabio Gomes,fabio_roberto_gomes_netto,97,10,7,1,220,31.4
2022,B,chapecoense,367869,Jose,jose,23,11,3,2,219,73.0
2022,B,operario,153971,Thiago Braga,thiago_braga_de_souza,12,16,3,2,219,73.0
2022,B,ponte_preta,373518,Da Silva,da_silva,18,14,6,1,217,36.2
2022,B,vasco_da_gama,314287,Bruno Nazario,bruno_dos_santos_nazario,7,15,6,3,217,36.2
2022,B,sampaio_correa,376463,Wesley,wesley_pionteck_souza,20,12,7,2,215,30.7
2022,B,vasco_da_gama_s_a_f,308190,Bruno Tuba ...,bruno_nunes_de_barros,27,11,7,1,213,30.4
2022,B,operario,425437,Lucas,lucas_do_carmo_souza,14,10,5,2,212,42.4
2022,B,crb,511457,Matheus,matheus,15,8,4,2,206,51.5
2022,B,criciuma,317361,Gedeilson,gedeilson,7,12,3,2,206,68.7
2022,B,nautico,177363,Jonathas,jonathas,19,8,6,1,205,34.2
2022,B,crb,384617,Vico,vinicius_duarte,18,19,7,1,204,29.1
2022,B,novorizontino,405127,Reverson,reverson,16,24,7,0,203,29.0
2022,B,vila_nova,415008,Anderson,anderson,23,13,3,2,200,66.7
2022,B,bahia,340169,Jonathan,jonathan_francisco_lemos,25,13,5,1,194,38.8
2022,B,cruzeiro_saf,300229,Waguininho,wagner_da_silva_souza,11,13,6,3,191,31.8
2022,B,cruzeiro_saf,577555,Miticov,diego_miticov_rocha,52,8,4,2,187,46.8
2022,B,ponte_preta,360598,Bruno Alves,bruno_alves_de_souza,70,11,6,0,182,30.3
2022,B,gremio,544138,J. Varela,jhonata_varela_da_silva,43,18,5,1,181,36.2
2022,B,guarani,630598,Ronald,ronald_pereira_martins,99,12,8,1,181,22.6
2022,B,crb,442225,Vitor,vitor_caetano_ferreira,1,36,2,2,180,90.0
2022,B,guarani,188241,R. Martins,r_martins,1,13,2,2,180,90.0
2022,B,londrina,619739,GABRIEL,gabriel_knesowitsch,13,3,2,2,180,90.0
2022,B,operario,317624,Simao,simao_verza_bertelli,12,24,2,2,180,90.0
2022,B,ponte_preta,337241,Luan,luan_fernandes_ribeiro,30,21,2,2,180,90.0
2022,B,tombense,177436,Rafael Santos,rafael_de_carvalho_santos,1,35,2,2,180,90.0
2022,B,vila_nova,456246,Edu Doma,edu_doma,14,13,2,2,180,90.0
2022,B,csa,410340,Henrique,henrique,18,16,8,0,179,22.4
2022,B,guarani,328350,Lucas Henr ...,lucas_henr,77,18,10,0,179,17.9
2022,B,vila_nova,545936,Riquelme,riquelme_sousa_silva,17,10,4,1,176,44.0
2022,B,criciuma,185304,Fernando V ...,fernando_v,21,12,9,1,175,19.4
2022,B,guarani,441035,Marcinho,marcinho,20,17,10,1,175,17.5
2022,B,criciuma,184899,Tiago Marques,tiago_marques_rezende,19,3,3,2,173,57.7
2022,B,cruzeiro_saf,586226,Vitor Leque,vitor_leque,19,12,6,2,173,28.8
2022,B,guarani,465098,Eliel,eliel_da_silva,36,11,3,2,173,57.7
2022,B,operario,463237,Lucas,lucas_vital_da_silva,16,21,4,2,173,43.2
2022,B,criciuma,307277,Negueba,guilherme_ferreira_pinto,9,6,6,2,172,28.7
2022,B,operario,394762,Jean,jean,21,14,8,0,167,20.9
2022,B,nautico,417861,Leandro,leandro_carvalho_da_silva,17,4,3,1,161,53.7
2022,B,vila_nova,298432,Pedro Bambu,pedro_gonzaga,23,17,6,2,160,26.7
2022,B,crb,606086,BRALL,david_medeiros_dos_santos,14,21,7,1,159,22.7
2022,B,vasco_da_gama_s_a_f,324513,Matheus Ri ...,matheus_antunes_ribeiro,20,5,2,2,156,78.0
2022,B,gremio,651576,Emerson,emerson_rodrigues_brito,46,15,7,1,154,22.0
2022,B,operario,307735,Leandro,leandro_alves_de_carvalho,18,8,5,0,154,30.8
2022,B,sampaio_correa,320016,Thiago Ennes,thiago_ennes_moreira,19,9,5,1,154,30.8
2022,B,londrina,523607,Luan,luan,13,12,6,1,153,25.5
2022,B,nautico,424585,Bryan,bryan_borges_mascarenhas,15,3,2,2,153,76.5
2022,B,vasco_da_gama,716623,Eguinaldo,eguinaldo_de_sousa_lemos,21,8,7,0,152,21.7
2022,B,csa,445329,Lucas Lour ...,lucas_lourenco_andrade,18,7,4,2,151,37.8
2022,B,crb,319981,Maycon,maycon,18,16,6,1,147,24.5
2022,B,criciuma,291269,Lucas Poletto,lucas_poletto_costa,20,13,6,0,147,24.5
2022,B,cruzeiro_saf,716645,PABLO SILES,pablo_siles,20,14,5,2,147,29.4
2022,B,vila_nova,307070,Pedro,pedro,25,14,2,1,147,73.5
2022,B,tombense,535947,Genilson,genilson,22,10,4,0,143,35.8
2022,B,gremio,520881,Pedro Lucas,pedro_lucas,14,21,9,0,141,15.7
2022,B,csa,453522,Paulo Ricardo,paulo_ricardo,12,13,2,1,140,70.0
2022,B,operario,312907,Pablo,pablo_diogo_lopes_de_lima,22,9,4,1,138,34.5
2022,B,ponte_preta,170540,Wesley,wesley_lopes_beltrame,8,6,4,2,138,34.5
2022,B,vasco_da_gama_s_a_f,714251,Palacios,palacios,19,9,6,1,135,22.5
2022,B,ponte_preta,178361,Everton,everton_cardoso_da_silva,7,3,3,2,132,44.0
2022,B,ponte_preta,184833,Rithely,rithely,21,12,5,0,132,26.4
2022,B,nautico,658643,Mateus Tuc ...,mateus_tuc,17,8,5,0,130,26.0
2022,B,londrina,369011,Watson,watson,17,10,5,1,124,24.8
2022,B,nautico,435568,Renan,renan_batista_pereira,12,8,2,1,124,62.0
2022,B,bahia,542628,Miqueias,miqueias_cabral_evaristo,42,20,7,1,123,17.6
2022,B,bahia,598567,Everton,everton_macedo_moraes,22,14,6,0,122,20.3
2022,B,operario,545854,Giovani,giovani,20,7,4,0,122,30.5
2022,B,nautico,350148,Eduardo,eduardo,19,7,4,1,121,30.2
2022,B,bahia,398807,Falcão,falcao,75,15,7,0,117,16.7
2022,B,ponte_preta,577475,Eliel,eliel,17,7,3,1,117,39.0
2022,B,londrina,432192,Pedro,pedro,13,9,3,2,115,38.3
2022,B,chapecoense,567402,Rodrigo Va ...,rodrigo_santos_varanda,23,7,3,1,113,37.7
2022,B,nautico,535110,Lucas,lucas,16,3,2,2,112,56.0
2022,B,gremio,463839,Ricardo,ricardo_viana_filho,99,15,7,0,110,15.7
2022,B,ituano,314842,Calyson,calyson,18,12,7,0,109,15.6
2022,B,londrina,599302,Gustavo,gustavo_vieira_lopes,14,9,3,0,105,35.0
2022,B,chapecoense,703363,RYAN,ryan,16,6,2,1,103,51.5
2022,B,sampaio_correa,532101,Warley,warley,21,10,3,0,102,34.0
2022,B,guarani,409125,Vitinho,vitinho,6,12,3,1,101,33.7
2022,B,tombense,456887,Marcelo,marcelo,21,9,3,1,99,33.0
2022,B,ponte_preta,509192,Luiz Felip ...,luiz_felip,34,13,3,0,97,32.3
2022,B,brusque,441092,Kaio Nunes,kaio_nunes_ferreira,7,5,4,1,96,24.0
2022,B,csa,437380,Cedric,cedric,14,3,2,2,96,48.0
2022,B,londrina,337491,Salatiel Jr,salatiel_jr,19,16,5,0,93,18.6
2022,B,sampaio_correa,321434,Matheus,matheus,31,14,2,1,92,46.0
2022,B,vasco_da_gama,611036,Marlon Gomes,marlon_gomes_claudino,25,7,4,2,91,22.8
2022,B,bahia,532101,Warley,warley,99,5,2,2,90,45.0
2022,B,brusque,172036,Sandro,sandro_silva_de_souza,33,6,1,1,90,90.0
2022,B,brusque,372717,Lucas,lucas_barboza_rodrigues,86,22,1,1,90,90.0
2022,B,criciuma,355827,Alisson,alisson,12,29,1,1,90,90.0
2022,B,cruzeiro_saf,394441,Gabriel Me ...,gabriel_me,27,34,1,1,90,90.0
2022,B,csa,166258,Anderson,anderson_vieira_martins,4,12,2,2,90,45.0
2022,B,gremio,558228,Adriel,adriel_vasconcelos_ramos,31,16,1,1,90,90.0
2022,B,guarani,394765,Joao Lopes,joao_vitor_lopes_da_silva,58,14,1,1,90,90.0
2022,B,guarani,410667,Arthur Gazze,arthur_gazze_de_souza,12,14,1,1,90,90.0
2022,B,operario,666724,Guilherme  ...,guilherme,12,2,1,1,90,90.0
2022,B,ponte_preta,559363,Pedro,pedro,12,3,1,1,90,90.0
2022,B,sport,172292,Denis,denis_cesar_de_matos,1,2,1,1,90,90.0
2022,B,vasco_da_gama,444827,Alexander  ...,alexander_silva_de_lucena,22,10,1,1,90,90.0
2022,B,vasco_da_gama,461723,Halls,halls,24,20,1,1,90,90.0
2022,B,vasco_da_gama_s_a_f,462355,Miranda,miranda,35,6,1,1,90,90.0
2022,B,vila_nova,463527,Joao,joao,16,12,8,0,90,11.2
2022,B,crb,446185,Gustavo Apis,gustavo_apis,17,10,3,1,89,29.7
2022,B,londrina,351605,Jean Henrique,jean_henrique_dos_santos,16,14,3,1,89,29.7
2022,B,operario,419566,Ronald,ronald,15,9,2,1,89,44.5
2022,B,sport,398368,Rodrigao,rodrigo_gomes_dos_santos,90,3,2,0,89,44.5
2022,B,londrina,293188,Nadson,nadson_da_silva_almeida,20,12,7,0,88,12.6
2022,B,ponte_preta,404134,Luiz Fernando,luiz_fernando,34,5,4,0,87,21.8
2022,B,bahia,506044,Gregory,gregory_rodrigues_xavier,47,15,7,0,85,12.1
2022,B,cruzeiro_saf,551796,Juan Chris ...,juan_chris,70,7,4,1,85,21.2
2022,B,gremio,695297,Martin Ben ...,martin_nicolas_benitez,8,10,4,1,85,21.2
2022,B,tombense,615123,Allan,allan,21,8,3,0,85,28.3
2022,B,chapecoense,454527,Guilherme  ...,guilherme_ribeiro_rend,18,9,4,0,84,21.0
2022,B,criciuma,174071,Renan,renan_bardini_bressan,20,13,6,0,84,14.0
2022,B,novorizontino,317037,Luiz Henrique,luiz_henrique,18,15,5,0,83,16.6
2022,B,csa,337172,Sassa,luiz_ricardo_alves,17,9,5,0,82,16.4
2022,B,ituano,324829,Glauco,glauco,12,20,1,0,80,80.0
2022,B,ponte_preta,166075,Pedro Jr,pedro_jr,11,4,2,1,79,39.5
2022,B,sampaio_correa,512166,Soares,anmerson_da_silva_soares,17,14,5,0,76,15.2
2022,B,sport,657534,Paulo Cesar,paulo_cesar,53,5,2,0,75,37.5
2022,B,vasco_da_gama_s_a_f,372403,Zé Gabriel,ze_gabriel,23,12,2,1,75,37.5
2022,B,bahia,584561,Ronaldo,ronaldo,57,7,4,0,72,18.0
2022,B,guarani,779228,Bruno Miranda,bruno_miranda_villagomez,99,10,4,0,70,17.5
2022,B,tombense,401916,Matheus Lima,matheus_lima,17,12,5,0,69,13.8
2022,B,vasco_da_gama_s_a_f,381191,Luiz Henrique,luiz_henrique,88,6,2,1,69,34.5
2022,B,bahia,169945,Ytalo,ytalo,35,7,4,0,68,17.0
2022,B,criciuma,633359,Tim,tim,13,3,1,0,68,68.0
2022,B,brusque,187915,Lucas Silva,lucas_espindola_da_silva,9,2,2,1,67,33.5
2022,B,londrina,164974,Thiago Rib ...,thiago_ribeiro_cardoso,21,7,2,1,67,33.5
2022,B,cruzeiro_saf,660227,Xavier,xavier,88,4,3,0,66,22.0
2022,B,cruzeiro_saf,371170,João Paulo,joao_paulo_da_silva_alves,28,1,1,1,65,65.0
2022,B,vasco_da_gama,530438,Zé Vitor  ...,ze_vitor,98,3,3,0,65,21.7
2022,B,cruzeiro_saf,534970,Marcelinho,marcelinho,47,4,2,1,64,32.0
2022,B,vasco_da_gama,308190,Bruno Tuba ...,bruno_nunes_de_barros,27,3,3,0,64,21.3
2022,B,tombense,641030,CAIQUE,caique,22,7,2,0,63,31.5
2022,B,crb,521903,Wesley Pomba,wesley_pomba,22,9,3,0,60,20.0
2022,B,vasco_da_gama,543481,Vinicius,vinicius,49,4,3,0,60,20.0
2022,B,chapecoense,521915,Rodriguinho,rodriguinho,21,5,3,0,59,19.7
2022,B,criciuma,612605,JAJA,jaja,13,1,1,0,59,59.0
2022,B,londrina,584425,Eduardo,eduardo_kempf_schwade,23,9,4,0,59,14.8
2022,B,ponte_preta,611583,Vitor Hugo,vitor_hugo,34,3,2,0,57,28.5
2022,B,vasco_da_gama,381191,Luiz Henrique,luiz_henrique,88,17,3,0,52,17.3
2022,B,tombense,565008,Reginaldo,reginaldo,16,22,4,0,51,12.8
2022,B,ponte_preta,545145,Reginaldo  ...,reginaldo,16,10,4,0,50,12.5
2022,B,vasco_da_gama_s_a_f,349759,Erick,erick,77,7,3,0,50,16.7
2022,B,ponte_preta,545389,Gabriel,gabriel,23,10,2,0,47,23.5
2022,B,criciuma,591190,Edu,eduardo_de_queiroz_melo,19,13,5,0,46,9.2
2022,B,londrina,508210,Marcelo,marcelo,19,1,1,0,45,45.0
2022,B,londrina,605891,José Cirilo,jose_cirilo,20,3,1,0,45,45.0
2022,B,londrina,756482,SAMUEL,samuel_chukwuemeka_oti,3,15,1,1,45,45.0
2022,B,operario,298485,Michel,michel,16,2,1,0,45,45.0
2022,B,operario,602309,MATHEUS,matheus,21,1,1,0,45,45.0
2022,B,bahia,563780,Marcelo,marcelo,49,10,4,0,44,11.0
2022,B,crb,335342,Willie,willie_hortencio_barbosa,21,5,2,0,44,22.0
2022,B,csa,296811,Bruno,bruno_da_mota_miranda,22,6,4,0,44,11.0
2022,B,vasco_da_gama_s_a_f,553871,Zé Vitor,ze_vitor,44,8,2,0,44,22.0
2022,B,brusque,298313,Juliano,juliano_alexandre_borges,18,7,3,0,43,14.3
2022,B,csa,373849,Gabriel To ...,gabriel_andre_tonini,25,5,3,0,40,13.3
2022,B,ituano,442914,Iago,iago_teles_da_silva,19,6,4,0,40,10.0
2022,B,sampaio_correa,522973,Andrey,andrey_nunes_dos_santos,17,14,6,0,40,6.7
2022,B,cruzeiro_saf,628314,Jhosefer,jhosefer_raphael_januario,57,4,1,0,38,38.0
2022,B,vasco_da_gama,642064,Lucas Oliv ...,lucas_oliveira_parente,14,4,2,0,37,18.5
2022,B,cruzeiro_saf,631735,Vitor Roque,vitor_hugo_roque_ferreira,39,1,1,0,36,36.0
2022,B,sport,612415,Flavio,flavio,59,5,1,0,35,35.0
2022,B,tombense,356019,Danilo,danilo_jose_belao,21,4,1,0,35,35.0
2022,B,nautico,501347,Juninho Ca ...,juninho_ca,21,5,2,0,34,17.0
2022,B,ponte_preta,614561,Dodô,douglas_martins_da_silva,8,5,2,0,34,17.0
2022,B,vasco_da_gama,622081,Matheus MT,matheus_mt,32,7,2,0,34,17.0
2022,B,vasco_da_gama,413031,Vitinho,vitinho,8,6,1,0,33,33.0
2022,B,operario,563901,Arthur,arthur_neves_ferreira,15,7,1,0,32,32.0
2022,B,operario,308392,Rafael Oller,rafael_oller_pereira,16,8,2,0,31,15.5
2022,B,novorizontino,531144,Leonardo,leonardo,17,4,2,0,30,15.0
2022,B,londrina,511720,Victor Daniel,victor_daniel,23,10,1,0,29,29.0
2022,B,londrina,687142,Victor Hugo,victor_hugo,23,4,1,0,29,29.0
2022,B,novorizontino,183724,Bruno,bruno_da_silva_barbosa,5,1,1,1,27,27.0
2022,B,tombense,350930,Moises Eva ...,moises_eva,13,4,2,0,27,13.5
2022,B,gremio,528449,Jhonata Ro ...,jhonata_ro,25,2,2,0,24,12.0
2022,B,guarani,728441,Rafael,rafael_da_silva_freitas,84,1,1,0,24,24.0
2022,B,sampaio_correa,322930,Wesley,wesley_dias_claudino,15,14,2,0,24,12.0
2022,B,brusque,338498,Fernando,fernando,25,1,1,0,23,23.0
2022,B,criciuma,408954,Alexandre,alexandre_gomes_felipe,20,4,2,0,23,11.5
2022,B,criciuma,176981,Tony,antonio_de_moura_carvalho,15,4,1,0,22,22.0
2022,B,ponte_preta,361798,Victor,victor,28,4,1,0,21,21.0
2022,B,tombense,440391,Lucas Santos,lucas_santos_da_silva,20,10,2,0,21,10.5
2022,B,tombense,539022,Gabriel Lima,gabriel_farias_de_lima,23,3,1,0,21,21.0
2022,B,vila_nova,317892,Diogo,diogo,2,4,1,0,21,21.0
2022,B,bahia,642381,Patrick Ve ...,patrick_ve,23,7,3,0,20,6.7
2022,B,csa,164121,William,william_fernando_da_silva,16,7,3,0,20,6.7
2022,B,vasco_da_gama,354923,Isaque,isaque_elias_brito,46,6,2,0,19,9.5
2022,B,brusque,670276,Hilton,hilton,70,2,2,0,18,9.0
2022,B,cruzeiro_saf,542287,Ageu,ageu,45,4,1,0,18,18.0
2022,B,cruzeiro_saf,612652,Ruan Matheus,ruan_matheus,43,4,1,0,18,18.0
2022,B,vasco_da_gama,432298,Fabio Gomes,fabio_roberto_gomes_netto,97,3,1,0,18,18.0
2022,B,londrina,448286,Gabriel Ho ...,gabriel_honorio_ramos,19,2,1,0,16,16.0
2022,B,tombense,466231,Alison,alison_jose_da_silva,15,3,1,0,16,16.0
2022,B,chapecoense,313031,Caio Rangel,caio_rangel_da_silva,11,2,1,0,15,15.0
2022,B,operario,614000,RUAN,ruan_casagrande_carvalho,13,2,2,0,15,7.5
2022,B,vasco_da_gama_s_a_f,540274,Juninho,juninho,50,1,1,0,15,15.0
2022,B,vasco_da_gama_s_a_f,632758,Sarrafiore,martin_nicolas_sarrafiore,33,8,1,0,14,14.0
2022,B,csa,510745,Leonardo,leonardo,28,4,1,0,13,13.0
2022,B,gremio,550098,Fernando,fernando,42,6,1,0,12,12.0
2022,B,gremio,706152,Kevin,kevin,38,2,1,0,12,12.0
2022,B,operario,606961,Marcos Vin ...,marcos_vin,17,2,1,0,11,11.0
2022,B,vasco_da_gama,553871,Zé Vitor,ze_vitor,44,15,1,0,11,11.0
2022,B,csa,537899,Gebson,gebson_gomes_dos_santos,35,9,1,0,10,10.0
2022,B,nautico,702299,DIEGO,diego,15,11,1,0,10,10.0
2022,B,vasco_da_gama,732950,J Sanchez,j_sanchez,51,2,1,0,10,10.0
2022,B,sampaio_correa,504270,William,william,23,4,1,0,9,9.0
2022,B,vila_nova,655562,Ebere,osinachi_christian_ebere,18,4,1,0,9,9.0
2022,B,brusque,295260,Nuno,nuno,20,1,1,0,8,8.0
2022,B,crb,595214,RIQUELME,riquelme_dos_santos_silva,24,4,1,0,8,8.0
2022,B,cruzeiro_saf,619019,Pedro,pedro,53,5,1,0,7,7.0
2022,B,ituano,322380,Cleberson,cleberson,13,4,1,0,7,7.0
2022,B,vasco_da_gama,591665,Paulo Victor,paulo_victor,66,3,1,0,7,7.0
2022,B,brusque,538097,Bruno Bahia,bruno_santos_de_oliveira,17,2,1,0,6,6.0
2022,B,criciuma,521902,Guilherme  ...,guilherme,22,7,1,0,6,6.0
2022,B,chapecoense,604978,Vitor,vitor,16,11,1,0,5,5.0
2022,B,chapecoense,613826,CALEBE,calebe_oliveira_costa,14,4,1,0,5,5.0
2022,B,brusque,645742,Pedoca,pedoca,25,3,1,0,3,3.0
2022,B,operario,700250,Pio,pedro_henrique_pio,18,2,1,0,3,3.0
2022,B,bahia,307296,Cesar,cesar_bernardo_dutra,12,18,0,0,0,
2022,B,bahia,451683,Denis,denis,26,14,0,0,0,
2022,B,bahia,591677,Gabriel Noga,gabriel_rodrigues_noga,41,2,0,0,0,
2022,B,bahia,610200,Vitor,jose_vitor_lima_cardoso,38,4,0,0,0,
2022,B,bahia,637690,Gabriel,gabriel,12,2,0,0,0,
2022,B,brusque,505770,Allan,allan_roden,12,2,0,0,0,
2022,B,brusque,670729,Dionatan,dionatan_augusto_barbosa,4,1,0,0,0,
2022,B,chapecoense,440379,Guedes,guedes,80,10,0,0,0,
2022,B,chapecoense,532185,Marco Júnior,marco_junior,28,1,0,0,0,
2022,B,chapecoense,540237,Joao Paulo,joao_paulo,12,11,0,0,0,
2022,B,chapecoense,576987,Thiaguinho,thiaguinho,26,3,0,0,0,
2022,B,chapecoense,586784,Rafael,rafael_iserhard_holstein,19,1,0,0,0,
2022,B,crb,419243,Arthur,arthur,1,6,0,0,0,
2022,B,crb,550599,Lucas Bonete,lucas_da_costa_bonete,19,1,0,0,0,
2022,B,crb,697504,EDUARDO,eduardo,17,2,0,0,0,
2022,B,criciuma,336415,Vinicius,vinicius_tsumita_silva,15,2,0,0,0,
2022,B,criciuma,385958,Raul,raul_jonas_steffens,12,17,0,0,0,
2022,B,criciuma,439083,Alan,alan,14,5,0,0,0,
2022,B,criciuma,558410,Rodrigo,rodrigo_souza_nascimento,22,2,0,0,0,
2022,B,criciuma,584123,Eli Pereira,eli_pereira,13,1,0,0,0,
2022,B,criciuma,586658,Eliel,eliel_felisbino_costa,23,1,0,0,0,
2022,B,criciuma,619677,Kauã,kaua_inacio_moroso,24,1,0,0,0,
2022,B,criciuma,677672,Gui,guilherme_silva,16,1,0,0,0,
2022,B,criciuma,690741,Adriano,adriano,21,4,0,0,0,
2022,B,cruzeiro_saf,540036,Denivys,denivys,31,9,0,0,0,
2022,B,csa,348953,Gabriel Bu ...,gabriel_bubniack,12,5,0,0,0,
2022,B,csa,380308,Marcel,marcel,4,2,0,0,0,
2022,B,csa,464872,Pedro,pedro,55,2,0,0,0,
2022,B,csa,607374,Luan,luan,14,1,0,0,0,
2022,B,gremio,298485,Michel,michel,55,2,0,0,0,
2022,B,gremio,337271,Matheus Fr ...,matheus_henrique_frizzo,45,1,0,0,0,
2022,B,gremio,503087,Felipe,felipe_mateus_scheibig,41,1,0,0,0,
2022,B,gremio,520878,Thiago Rosa,thiago_rosa_da_conceicao,56,15,0,0,0,
2022,B,gremio,565761,Heitor,heitor_marinho_dos_santos,44,3,0,0,0,
2022,B,gremio,623588,G. Martins,g_martins,53,10,0,0,0,
2022,B,guarani,464903,Lucas,lucas_rodrigues_cardoso,25,3,0,0,0,
2022,B,guarani,703301,Bruno Bian ...,bruno_bian,84,1,0,0,0,
2022,B,ituano,500955,Cezar,cezar,14,2,0,0,0,
2022,B,ituano,554692,Madison,madison,13,1,0,0,0,
2022,B,ituano,608091,DENZEL,denzel_nogueira_damasceno,21,2,0,0,0,
2022,B,ituano,620084,Emmanuel F ...,emmanuel_f,14,1,0,0,0,
2022,B,londrina,419537,Moraes,moraes,23,2,0,0,0,
2022,B,londrina,565518,Jorge,jorge_luiz_ramos_pereira,1,1,0,0,0,
2022,B,londrina,612208,Leonardo,leonardo_de_assunpcao,14,2,0,0,0,
2022,B,londrina,632071,Joao Goes,joao_vitor_goes_monteiro,22,1,0,0,0,
2022,B,londrina,668124,Helio,helio_miguel_junior,1,5,0,0,0,
2022,B,nautico,605646,LUAN,luan_freire_veras,14,2,0,0,0,
2022,B,nautico,697211,Índio,gabriel_severino_de_sousa,13,4,0,0,0,
2022,B,novorizontino,305809,Lucas Mendes,lucas_mendes,14,1,0,0,0,
2022,B,novorizontino,452276,Adriano,adriano,5,2,0,0,0,
2022,B,novorizontino,516172,Nando,luiz_fernando_venancio,19,6,0,0,0,
2022,B,novorizontino,567582,Romario,romario,15,1,0,0,0,
2022,B,novorizontino,600323,MATOS,guilherme_de_jesus_matos,13,3,0,0,0,
2022,B,operario,550398,Rafa,rafael_dias_lopes_urzedo,17,3,0,0,0,
2022,B,operario,577016,Amorim,amorim,14,1,0,0,0,
2022,B,operario,614013,Gustavo,gustavo,18,1,0,0,0,
2022,B,operario,621655,Eli,eli,19,1,0,0,0,
2022,B,ponte_preta,346401,Ygor,ygor_vinhas_oliveira_lima,1,16,0,0,0,
2022,B,ponte_preta,403179,Luanderson,luanderson,4,1,0,0,0,
2022,B,ponte_preta,404239,Douglas,douglas_santos_da_silva,31,3,0,0,0,
2022,B,ponte_preta,413284,Matheus Al ...,matheus_al,20,1,0,0,0,
2022,B,ponte_preta,462906,Marcos,marcos,21,5,0,0,0,
2022,B,ponte_preta,590697,Pedro,pedro,17,1,0,0,0,
2022,B,sampaio_correa,430126,Gabriel,gabriel_protasio_gomes,22,2,0,0,0,
2022,B,sampaio_correa,430451,Mauro,mauro,20,1,0,0,0,
2022,B,sampaio_correa,523771,Yann,yann,23,5,0,0,0,
2022,B,sampaio_correa,567457,Eduardo Ma ...,eduardo_ma,1,4,0,0,0,
2022,B,sampaio_correa,588246,Otavio,otavio_ataide_da_silva,3,7,0,0,0,
2022,B,sport,354129,Joao Igor,joao_igor,28,10,0,0,0,
2022,B,sport,537209,Denival,denival,32,1,0,0,0,
2022,B,sport,555397,Italo,helber_italo_dos_santos,39,3,0,0,0,
2022,B,sport,619494,RENZO,renzo,13,4,0,0,0,
2022,B,sport,749415,NICOLAS WA ...,nicolas_ezequiel_watson,27,2,0,0,0,
2022,B,tombense,379565,Jhemerson,jhemerson,9,5,0,0,0,
2022,B,tombense,443489,Leonardo,leonardo_lang_lopes,12,6,0,0,0,
2022,B,tombense,502535,Patrick,patrick,14,3,0,0,0,
2022,B,tombense,503415,Vander,vander_tavares_silva,23,1,0,0,0,
2022,B,tombense,545253,Mateus Buiate,mateus_buiate,15,2,0,0,0,
2022,B,tombense,595616,Luizao,luizao,19,1,0,0,0,
2022,B,tombense,615495,Gabriel Lira,gabriel_lira_de_oliveira,19,1,0,0,0,
2022,B,vasco_da_gama,541691,Fintelman,fintelman,12,2,0,0,0,
2022,B,vasco_da_gama,582155,Cadu Neves,cadu_neves,57,1,0,0,0,
2022,B,vasco_da_gama,632758,Sarrafiore,martin_nicolas_sarrafiore,33,1,0,0,0,
2022,B,vasco_da_gama_s_a_f,344228,Matheus Ba ...,matheus_barbosa_teixeira,18,8,0,0,0,
2022,B,vasco_da_gama_s_a_f,461723,Halls,halls,24,13,0,0,0,
2022,B,vasco_da_gama_s_a_f,531704,Ulisses,ulisses,40,1,0,0,0,
2022,B,vasco_da_gama_s_a_f,613654,ERICK MARCUS,erick_marcus,16,2,0,0,0,
2022,B,vila_nova,464569,Gabriel Do ...,gabriel_domingos_de_moura,20,5,0,0,0,
2022,B,vila_nova,542350,Guilherme  ...,guilherme_pires_carvalho,19,2,0,0,0,
2022,B,vila_nova,614188,Heitor,heitor_gatti_silva,25,3,0,0,0,
2023,B,mirassol,177010,Alex Muralha,alex_muralha,1,38,38,38,3420,90.0
2023,B,juventude,456006,Danilo Boza,danilo_boza_junior,4,38,38,38,3388,89.2
2023,B,tombense,172028,Felipe,felipe,1,37,37,37,3330,90.0
2023,B,vila_nova,190431,Rafael Donato,rafael_ferreira_donato,5,37,37,37,3330,90.0
2023,B,vila_nova,451683,Denis Junior,denis_junior,25,38,37,37,3330,90.0
2023,B,ituano,335765,Je,je,12,36,36,36,3240,90.0
2023,B,ponte_preta,313131,Caique,caique_franca_godoy,12,36,36,36,3240,90.0
2023,B,mirassol,335012,Luiz Otavio,luiz_otavio,4,37,36,36,3195,88.8
2023,B,vitoria,513071,Lucas Arcanjo,lucas_arcanjo,1,36,36,36,3195,88.8
2023,B,atletico,369161,Ronaldo,ronaldo,1,37,35,35,3150,90.0
2023,B,guarani,351849,Lucas,lucas,3,35,35,35,3150,90.0
2023,B,vitoria,408944,Wagner,wagner,4,35,35,35,3130,89.4
2023,B,criciuma,321780,Fellipe,fellipe,7,35,35,35,3097,88.5
2023,B,crb,165094,Diogo Silva,diogo_silva,12,35,34,34,3060,90.0
2023,B,criciuma,177531,Rodrigo,rodrigo,3,34,34,34,3060,90.0
2023,B,criciuma,321622,Gustavo,gustavo,100,34,34,34,3060,90.0
2023,B,vila_nova,456246,Edu Doma,edu_doma,3,35,35,35,3055,87.3
2023,B,ponte_preta,377697,Artur,artur,15,34,34,34,3036,89.3
2023,B,vila_nova,719313,RODRIGO,rodrigo_silva_nascimento,6,36,35,35,3017,86.2
2023,B,novorizontino,452276,Adriano,adriano,4,35,35,34,3014,86.1
2023,B,juventude,432216,Thiago,thiago_couto_wenceslau,1,37,34,34,3001,88.3
2023,B,criciuma,363926,Marcelo He ...,marcelo_hermes,6,36,36,33,2993,83.1
2023,B,guarani,315945,Diogo,diogo,13,34,34,34,2987,87.9
2023,B,mirassol,376828,Lucas Ramon,lucas_ramon_batista_silva,2,35,35,35,2943,84.1
2023,B,vila_nova,411198,G. Parede,guilherme_parede_pinheiro,77,34,34,34,2899,85.3
2023,B,novorizontino,320196,Jordi,jordi_martins_almeida,12,33,33,33,2896,87.8
2023,B,guarani,558580,Mayk,mayk,6,35,35,34,2886,82.5
2023,B,novorizontino,175223,Geovane,geovane_batista_de_faria,5,35,35,35,2873,82.1
2023,B,juventude,302192,Jadson,jadson_alves_dos_santos,16,34,34,33,2864,84.2
2023,B,sampaio_correa,351142,Luiz,luiz,1,32,32,32,2843,88.8
2023,B,atletico,421138,Shaylon,shaylon_kallyson_cardozo,10,36,35,34,2833,80.9
2023,B,londrina,174223,João Paulo,joao_paulo_da_silva,5,33,33,33,2803,84.9
2023,B,tombense,337271,Matheus Fr ...,matheus_henrique_frizzo,10,34,34,33,2794,82.2
2023,B,crb,371170,João Paulo,joao_paulo_da_silva_alves,18,35,35,35,2788,79.7
2023,B,vitoria,388312,Camutanga,camutanga,13,33,33,33,2788,84.5
2023,B,mirassol,462916,Negueba,negueba,11,35,35,35,2776,79.3
2023,B,mirassol,326622,Chico,francisco_hyun_sol_kim,7,37,37,37,2771,74.9
2023,B,criciuma,298361,W. Maia,w_maia,4,32,32,31,2770,86.6
2023,B,londrina,619739,GABRIEL,gabriel_knesowitsch,14,35,32,30,2762,86.3
2023,B,mirassol,335362,Daniel,daniel,8,33,33,31,2761,83.7
2023,B,sport,313474,R. Thyere,r_thyere,15,31,31,31,2753,88.8
2023,B,criciuma,379541,Arilson,arilson,8,32,32,32,2751,86.0
2023,B,chapecoense,332840,Airton,airton_moraes_michellon,1,31,31,31,2745,88.5
2023,B,mirassol,335611,Gabriel,gabriel_santana_pinto,10,36,36,36,2737,76.0
2023,B,botafogo,547120,Marcio Silva,marcio_silva,16,34,32,30,2728,85.2
2023,B,botafogo,310382,Matheus Al ...,matheus_albino_carneiro,1,38,31,30,2716,87.6
2023,B,botafogo,536655,Guilherme,guilherme,5,33,32,33,2705,84.5
2023,B,novorizontino,447189,Willean Lepo,willean_bernardo_willemen,22,35,33,30,2693,81.6
2023,B,juventude,353336,Reginaldo,reginaldo_lopes_de_jesus,93,33,33,32,2668,80.8
2023,B,sport,437531,Sabino,sabino,35,30,30,30,2615,87.2
2023,B,sport,153924,Vagner Love,vagner_silva_de_souza,9,33,33,31,2609,79.1
2023,B,vila_nova,533963,Lourenço,lourenco,10,35,34,33,2586,76.1
2023,B,crb,583991,Lucas Lima,lucas_lima,33,36,35,33,2578,73.7
2023,B,novorizontino,294484,Marlon,marlon_adriano_prezotti,8,36,36,36,2575,71.5
2023,B,atletico,451607,Luiz Fernando,luiz_fernando,11,35,35,33,2565,73.3
2023,B,ceara,441070,Erick,erick_de_arruda_serafim,11,31,31,30,2558,82.5
2023,B,tombense,401976,Pedro Costa,pedro_costa,18,38,34,29,2525,74.3
2023,B,ituano,308008,Claudinho,claudio_de_souza,3,30,29,29,2524,87.0
2023,B,crb,182466,Anselmo Ramon,anselmo_ramon,9,31,31,30,2518,81.2
2023,B,ituano,335286,Mario Sergio,mario_sergio_valerio,16,31,31,28,2492,80.4
2023,B,londrina,360467,Paulo,paulo_roberto_moccelin,7,31,31,30,2487,80.2
2023,B,juventude,187597,Alan Ruschel,alan_luciano_ruschel,28,34,32,29,2485,77.7
2023,B,vila_nova,168387,Ralf,ralf_de_souza_teles,8,32,31,29,2481,80.0
2023,B,avai,184600,Wellington,wellington,5,34,30,29,2470,82.3
2023,B,avai,313001,Rafael Gava,rafael_gava,23,30,30,30,2466,82.2
2023,B,avai,303063,Natanael,natanael_batista_pimenta,25,31,31,29,2465,79.5
2023,B,sampaio_correa,169945,Ytalo,ytalo,9,31,31,31,2457,79.3
2023,B,sampaio_correa,555571,Gustavo He ...,gustavo_henrique_santos,4,32,28,28,2420,86.4
2023,B,botafogo,294486,Tarik,tarik,15,32,31,28,2419,78.0
2023,B,crb,398807,Falcão,falcao,98,36,33,28,2419,73.3
2023,B,atletico,308190,Bruno Tuba ...,bruno_nunes_de_barros,17,34,33,28,2403,72.8
2023,B,tombense,157280,Egidio,egidio,16,34,33,25,2383,72.2
2023,B,sampaio_correa,310743,Paraíba,paraiba,10,33,32,28,2380,74.4
2023,B,juventude,406610,Ze Marcos,jose_marcos_alves_luis,3,34,29,26,2363,81.5
2023,B,guarani,420539,Bruno Jose,bruno_jose_de_souza,17,31,31,28,2354,75.9
2023,B,novorizontino,405127,Reverson,reverson,7,34,30,24,2351,78.4
2023,B,vitoria,177411,Osvaldo,osvaldo_lourenco_filho,11,31,31,29,2351,75.8
2023,B,chapecoense,314287,Bruno Nazario,bruno_dos_santos_nazario,88,32,30,28,2348,78.3
2023,B,ceara,292976,Jean Carlos,jean_carlos_vicente,10,38,36,26,2336,64.9
2023,B,ponte_preta,536558,Felipe,felipe,6,31,30,26,2334,77.8
2023,B,botafogo,335599,Osman Junior,osman_junior,10,34,32,28,2318,72.4
2023,B,atletico,436949,Gustavo,gustavo,9,31,31,31,2309,74.5
2023,B,novorizontino,355362,Aylon,aylon_darwin_tavella,11,36,35,33,2302,65.8
2023,B,novorizontino,312663,Cesar,cesar_henrique_martins,3,27,27,27,2280,84.4
2023,B,botafogo,395968,Patrick Brey,patrick_de_carvalho_brey,16,32,29,25,2265,78.1
2023,B,chapecoense,441692,Gustavo,gustavo_cazonatti,55,31,29,26,2257,77.8
2023,B,ponte_preta,186135,Fabio Sanches,fabio_pizarro_sanches,27,27,27,27,2249,83.3
2023,B,atletico,533689,Heron,heron_crespo_da_silva,6,33,29,25,2227,76.8
2023,B,mirassol,435961,Guilherme  ...,guilherme,6,35,28,26,2224,79.4
2023,B,mirassol,361347,T. Kelven,thalisson_kelven_da_silva,3,37,27,24,2216,82.1
2023,B,novorizontino,363149,Douglas Ba ...,douglas_ba,7,36,36,28,2212,61.4
2023,B,guarani,506641,Matheus Bueno,matheus_bueno_batista,18,31,28,26,2211,79.0
2023,B,chapecoense,376246,Giovanni,giovanni,7,34,31,22,2200,71.0
2023,B,juventude,150986,Nene,anderson_luis_de_carvalho,77,28,28,27,2198,78.5
2023,B,atletico,551375,Rhaldney,rhaldney,8,35,35,24,2191,62.6
2023,B,crb,324513,Matheus Ri ...,matheus_antunes_ribeiro,2,37,30,24,2189,73.0
2023,B,vila_nova,369639,Caio,caio,19,32,31,29,2189,70.6
2023,B,guarani,293383,Pegorari,pegorari,1,32,25,24,2185,87.4
2023,B,sport,690534,Felipinho,felipinho,6,34,33,23,2172,65.8
2023,B,guarani,344228,Matheus Ba ...,matheus_barbosa_teixeira,5,29,29,28,2165,74.7
2023,B,sport,330015,Jorginho,jorge_de_moura_xavier,10,28,27,25,2161,80.0
2023,B,botafogo,543706,Thassio Melo,thassio_melo,21,33,30,25,2141,71.4
2023,B,tombense,169938,Bruno Silva,bruno_cesar_pereira_silva,5,30,25,24,2135,85.4
2023,B,criciuma,336900,Fabinho,fabinho,11,31,31,26,2131,68.7
2023,B,tombense,461293,Joao Pedro,joao_pedro_mendes_santos,8,32,28,26,2120,75.7
2023,B,sport,188424,Renan Santos,renan_dos_santos,33,32,24,24,2115,88.1
2023,B,tombense,184174,Roger,roger_de_carvalho,4,25,24,24,2115,88.1
2023,B,novorizontino,298282,Ronaldo,ronaldo_henrique_silva,9,36,36,28,2113,58.7
2023,B,guarani,186142,Alan Santos,alan_santos_da_silva,12,24,24,24,2106,87.8
2023,B,ituano,380308,Marcel,marcel,14,36,27,22,2103,77.9
2023,B,vila_nova,415195,Leonardo,leonardo,2,34,29,27,2098,72.3
2023,B,ituano,422022,Jose Aldo,jose_aldo,8,31,27,24,2089,77.4
2023,B,crb,306019,Renato,renato,11,31,30,25,2084,69.5
2023,B,ponte_preta,378323,Mateus Silva,mateus_ferreira_da_silva,4,25,24,24,2084,86.8
2023,B,botafogo,320478,Diogo,diogo_da_costa_silva,4,35,25,23,2077,83.1
2023,B,ceara,291651,Luiz,luiz,13,24,23,23,2054,89.3
2023,B,chapecoense,540809,Lucas,lucas,43,23,23,23,2049,89.1
2023,B,abc,462686,Ramon,ramon_vinicius_dos_santos,20,34,29,22,2046,70.6
2023,B,sport,338491,Ronaldo,ronaldo,5,33,28,25,2046,73.1
2023,B,guarani,527028,Bruno,bruno,27,32,32,26,2043,63.8
2023,B,juventude,522984,David,david,11,30,30,27,2043,68.1
2023,B,vitoria,429655,Rodrigo An ...,rodrigo_an,8,25,25,23,2025,81.0
2023,B,ceara,581767,Warley,warley_leandro_da_silva,17,33,28,22,2024,72.3
2023,B,londrina,387255,Iago Dias,iago_angelo_dias,21,33,30,25,2024,67.5
2023,B,tombense,339225,Augusto,augusto_de_souza_silva,13,35,23,22,2023,88.0
2023,B,crb,378811,Fabio Alemão,fabio_augusto_schirmann,4,28,24,23,2018,84.1
2023,B,tombense,188453,Fernandao,fernandao,9,31,31,27,2011,64.9
2023,B,ponte_preta,600810,Felipe Amaral,felipe_amaral,8,35,30,27,2005,66.8
2023,B,ceara,655804,David,david,4,36,30,23,2003,66.8
2023,B,sport,554138,Luciano,luciano,46,23,23,23,1998,86.9
2023,B,vitoria,294382,Zeca,jose_carlos_cracco_neto,2,26,26,22,1991,76.6
2023,B,juventude,523074,Vini Paulista,vini_paulista,36,32,28,23,1978,70.6
2023,B,avai,297646,Igor Bohn,igor_jose_bohn,1,23,22,21,1973,89.7
2023,B,ituano,605436,HELIO,helio_cunha_borges,17,36,33,21,1962,59.5
2023,B,ponte_preta,577475,Eliel,eliel,9,34,31,24,1959,63.2
2023,B,sampaio_correa,405535,Pivo,mateus_cardoso_francisco,2,31,27,24,1950,72.2
2023,B,avai,364092,Roberto,roberto_pinheiro_da_rosa,4,32,24,19,1949,81.2
2023,B,ituano,310646,Pacheco,guilherme_augusto_pacheco,2,32,28,20,1949,69.6
2023,B,guarani,313072,Derek,derek_freitas_ribeiro,11,33,33,22,1931,58.5
2023,B,criciuma,167716,Eder,eder_citadin_martins,23,27,26,22,1930,74.2
2023,B,vila_nova,383352,Neto,neto,9,36,31,23,1909,61.6
2023,B,crb,428683,Diogo,diogo_hereda_da_silva,32,33,26,20,1897,73.0
2023,B,londrina,668124,Helio,helio_miguel_junior,12,32,21,21,1890,90.0
2023,B,ponte_preta,509192,Luiz Felip ...,luiz_felip,14,34,25,24,1886,75.4
2023,B,chapecoense,376599,Bruno Leon ...,bruno_leon,4,33,23,21,1881,81.8
2023,B,crb,419442,Guilherme,guilherme_kennedy_romao,6,24,24,23,1864,77.7
2023,B,sampaio_correa,522702,Vitinho,victor_alexandre_de_souza,7,35,28,23,1864,66.6
2023,B,ponte_preta,465048,Leo,leonardo_naldi_de_matos,5,30,28,22,1841,65.8
2023,B,avai,382612,Igor Inoce ...,igor_inoce,98,33,24,20,1825,76.0
2023,B,chapecoense,363313,Cristiano,cristiano_da_silva_leite,6,28,27,21,1824,67.6
2023,B,ituano,502791,Saraiva,saraiva,19,29,28,20,1821,65.0
2023,B,sport,175065,Fabinho,fabio_goncalves,7,28,26,21,1819,70.0
2023,B,avai,318837,Thales,thales_bento_oleques,72,37,26,21,1814,69.8
2023,B,guarani,436143,Joao Victor,joao_victor,20,35,32,21,1808,56.5
2023,B,ituano,443387,Rafael Car ...,rafael_car,7,36,29,18,1801,62.1
2023,B,atletico,338849,Matheus Sales,matheus_de_sales_cabral,5,32,27,25,1795,66.5
2023,B,avai,188990,Alan Costa,alan_henrique_costa,19,30,22,19,1792,81.5
2023,B,botafogo,337491,Salatiel Jr,salatiel_jr,9,23,23,22,1785,77.6
2023,B,abc,581989,Habraão,habraao,4,32,22,20,1784,81.1
2023,B,criciuma,532649,Claudinho,claudio_coelho_salvatico,27,31,31,22,1775,57.3
2023,B,vitoria,412971,Matheuzinho,matheuzinho,18,31,27,20,1775,65.7
2023,B,ceara,325261,Bruno,bruno,94,33,20,20,1755,87.8
2023,B,juventude,356563,Rodrigo Ro ...,rodrigo_rodrigues_silva,9,20,20,20,1729,86.4
2023,B,sampaio_correa,183546,Pimentinha,pimentinha,11,23,23,20,1689,73.4
2023,B,sport,733551,FABIO,fabio,47,34,26,18,1681,64.7
2023,B,ceara,188260,Tiago,tiago_pagnussat,3,30,20,18,1680,84.0
2023,B,vitoria,548873,Dudu,dudu,5,20,20,19,1660,83.0
2023,B,abc,317361,Gedeilson,gedeilson,18,27,25,16,1658,66.3
2023,B,londrina,406111,Gustavo,gustavo_salomao_miguel,6,24,20,19,1650,82.5
2023,B,sport,500506,Ewerthon,ewerthon,2,32,27,17,1648,61.0
2023,B,juventude,378268,Jean,jean,5,30,26,22,1647,63.3
2023,B,novorizontino,291797,Ligger,ligger_moreira_malaquias,16,26,22,21,1646,74.8
2023,B,tombense,534970,Marcelinho,marcelinho,11,37,35,14,1630,46.6
2023,B,novorizontino,335513,Renato,renato_palm_da_silveira,14,33,20,18,1629,81.4
2023,B,ponte_preta,183975,Elvis,elvis_vieira_araujo,10,27,23,20,1623,70.6
2023,B,abc,317624,Simao,simao_verza_bertelli,1,18,18,18,1620,90.0
2023,B,sport,377355,Edinho,edinho,11,34,33,17,1619,49.1
2023,B,atletico,409168,Kelvin,kelvin,19,35,29,18,1615,55.7
2023,B,criciuma,379397,Romulo,romulo_da_silva_machado,17,33,29,22,1611,55.6
2023,B,abc,337245,Matheus Anjos,matheus_anjos,7,25,25,19,1607,64.3
2023,B,vitoria,168982,Leo Gamalho,leonardo_gamalho_de_souza,9,25,23,20,1603,69.7
2023,B,crb,170178,Anderson C ...,anderson_c,14,34,20,18,1585,79.2
2023,B,crb,179395,Juninho,juninho,8,35,31,17,1577,50.9
2023,B,chapecoense,393448,Rodrigo,rodrigo,32,35,18,18,1575,87.5
2023,B,abc,431346,Fabio Lima,fabio_de_lima_costa,11,23,23,21,1572,68.3
2023,B,sampaio_correa,379134,Robinho,robinho,7,21,21,17,1570,74.8
2023,B,criciuma,399284,Felipe Vizeu,felipe_vizeu,9,26,26,20,1547,59.5
2023,B,abc,351839,Michael,michael_matias_fracaro,12,18,17,17,1530,90.0
2023,B,londrina,171406,Rafael Vaz,rafael_vaz_dos_santos,3,17,17,17,1530,90.0
2023,B,ceara,328312,Richardson,richardson,6,34,25,17,1526,61.0
2023,B,londrina,292237,Lucas Frigeri,lucas_henrique_frigeri,1,24,17,17,1507,88.6
2023,B,vila_nova,305811,Igor,igor,18,30,28,15,1496,53.4
2023,B,chapecoense,345876,Alisson Fa ...,alisson_alves_farias,10,29,23,18,1495,65.0
2023,B,londrina,302436,Ezequiel,ezequiel_jacinto_de_biasi,2,27,22,17,1495,68.0
2023,B,sampaio_correa,441035,Marcinho,marcinho,10,20,18,17,1457,80.9
2023,B,botafogo,381191,Luiz Henrique,luiz_henrique,11,34,27,20,1453,53.8
2023,B,atletico,342224,Rodrigo,rodrigo_alves_soares,2,29,21,17,1446,68.9
2023,B,ituano,311813,Quirino,diego_de_souza_quirino,9,32,30,12,1444,48.1
2023,B,atletico,354299,Luiz Felipe,luiz_felipe,3,16,16,16,1440,90.0
2023,B,novorizontino,464026,Romulo,romulo_azevedo_simao,10,35,32,10,1437,44.9
2023,B,mirassol,334457,Zé Roberto,ze_roberto,9,19,19,19,1427,75.1
2023,B,londrina,326293,Patrick,patrick_marcelino,3,17,16,16,1421,88.8
2023,B,londrina,346833,Moises,moises_wolschick,15,29,24,17,1414,58.9
2023,B,chapecoense,520331,Mancha,gianluca_piola_minozzo,80,32,18,15,1408,78.2
2023,B,botafogo,621114,Lucas Cardoso,lucas_cardoso_moreira,22,32,29,16,1407,48.5
2023,B,avai,392562,Eduardo,eduardo_jacinto_de_biasi,8,22,19,18,1406,74.0
2023,B,mirassol,419498,Rodrigo Sam,rodrigo_eduardo_da_silva,13,31,23,14,1404,61.0
2023,B,abc,318266,Thonny And ...,thonny_and,10,23,22,16,1402,63.7
2023,B,ceara,421180,Willian Ma ...,willian_ma,95,22,18,17,1398,77.7
2023,B,ituano,291429,Yann Rolim,yann_del_pino_rolim,18,34,26,17,1397,53.7
2023,B,ituano,465413,Eduardo Pe ...,eduardo_luiz_person,10,21,21,17,1395,66.4
2023,B,sampaio_correa,336531,Alyson Neves,alyson_neves,6,29,23,14,1391,60.5
2023,B,ponte_preta,674534,Jé,je,19,18,18,17,1389,77.2
2023,B,chapecoense,305360,Marcinho,marcinho,29,22,21,17,1387,66.0
2023,B,ceara,523883,Janderson,janderson_santos_de_souza,77,36,32,13,1380,43.1
2023,B,atletico,438977,Lucas Gazal,lucas_xavier_gazal,3,26,17,15,1362,80.1
2023,B,tombense,181106,Guilherme,guilherme_oliveira_santos,6,31,23,18,1359,59.1
2023,B,atletico,435315,Gabriel  B ...,gabriel_b,5,16,16,15,1358,84.9
2023,B,ceara,299778,Chay,chay,14,24,22,17,1355,61.6
2023,B,guarani,374375,Bruno Mendes,bruno_pereira_mendes,9,33,33,14,1351,40.9
2023,B,ponte_preta,457323,Matheus So ...,matheus_sousa_de_jesus,20,16,16,16,1351,84.4
2023,B,avai,593415,Felipe Silva,felipe_florencio_da_silva,35,22,15,15,1350,90.0
2023,B,crb,581048,Léo Pereira,leo_pereira,38,19,19,16,1341,70.6
2023,B,avai,300229,Waguininho,wagner_da_silva_souza,13,24,22,16,1340,60.9
2023,B,vitoria,442951,Marcelo,marcelo_nunes_correa,6,32,19,16,1337,70.4
2023,B,vitoria,523119,Railan,railan_reis_ferreira,19,31,24,15,1331,55.5
2023,B,tombense,502001,Kevin,kevin,2,28,26,14,1320,50.8
2023,B,atletico,413352,Lucas Esteves,lucas_esteves_souza,6,16,16,16,1316,82.2
2023,B,guarani,354923,Isaque,isaque_elias_brito,29,35,29,15,1316,45.4
2023,B,vitoria,293170,Wellington ...,wellington,19,30,24,12,1316,54.8
2023,B,crb,402095,Ramon Menezes,ramon_menezes_roma,40,15,15,14,1315,87.7
2023,B,ceara,502736,Caique,caique_de_jesus_goncalves,5,27,20,14,1308,65.4
2023,B,chapecoense,443894,Ronei,ronei_gebing,15,24,18,16,1300,72.2
2023,B,mirassol,307979,Yuri,yuri_oliveira_lima,15,32,20,16,1291,64.6
2023,B,ituano,399087,Iury,iury,13,29,19,16,1289,67.8
2023,B,ituano,170563,Rafael,rafael_pereira_dos_santos,4,30,19,13,1286,67.7
2023,B,ceara,179934,Nicolas,nicolas_godinho_johann,9,35,31,14,1283,41.4
2023,B,vitoria,504612,Jose Hugo,jose_hugo,7,36,34,12,1283,37.7
2023,B,mirassol,451258,Fernandinho,fernandinho,21,31,31,9,1272,41.0
2023,B,vila_nova,351498,Everton,everton_sidnei_de_brito,11,28,24,15,1266,52.8
2023,B,abc,330690,Afonso,afonso,15,26,15,15,1259,83.9
2023,B,atletico,701439,Alix,alix,3,21,18,14,1257,69.8
2023,B,avai,180546,Cortez,bruno_cortes_barbosa,31,21,18,14,1252,69.6
2023,B,botafogo,427213,Lucas,lucas_vinicius_dias_costa,14,28,16,14,1247,77.9
2023,B,abc,183874,Fabricio,fabricio_silva_dornellas,19,17,16,14,1242,77.6
2023,B,londrina,296566,Higor Leite,higor_leite,10,22,21,17,1241,59.1
2023,B,tombense,401299,Alex Sandro,alex_sandro_de_oliveira,19,30,27,10,1237,45.8
2023,B,ponte_preta,355149,Ramon Carv ...,ramon_rodrigo_de_carvalho,23,31,24,13,1232,51.3
2023,B,chapecoense,177071,Kayke,kayke,17,19,19,15,1229,64.7
2023,B,ponte_preta,537549,Weverton,weverton,2,35,21,11,1229,58.5
2023,B,londrina,613451,Marcos Pedro,marcos_pedro_braga_maciel,6,20,17,13,1224,72.0
2023,B,chapecoense,455446,Felipe,felipe,2,28,21,14,1222,58.2
2023,B,sampaio_correa,180494,Ferreira,leandro_ferreira_pessoa,8,18,16,15,1212,75.8
2023,B,vila_nova,388303,Sousa,van_basty_sousa_e_silva,15,35,25,11,1206,48.2
2023,B,ponte_preta,565679,Edson Rogerio,edson_rogerio,3,29,16,14,1204,75.2
2023,B,chapecoense,577268,Bruno,bruno,22,30,24,13,1199,50.0
2023,B,avai,338185,Poveda,gabriel_buscariol_poveda,11,20,18,14,1192,66.2
2023,B,vitoria,316729,Mateus Gon ...,mateus_goncalves_martins,7,21,19,14,1190,62.6
2023,B,ceara,429853,Léo Santos,leo_santos,98,27,19,14,1185,62.4
2023,B,criciuma,188472,Cristovam,cristovam,2,29,25,12,1180,47.2
2023,B,guarani,305723,Regis,regis_augusto_salmazzo,78,33,28,12,1179,42.1
2023,B,botafogo,504858,Carlos Manuel,carlos_manuel,17,37,25,10,1171,46.8
2023,B,ceara,291617,Richard,richard_de_oliveira_costa,1,14,13,13,1170,90.0
2023,B,ponte_preta,532045,Mailton do ...,mailton_dos_santos_de_sa,23,31,28,11,1165,41.6
2023,B,sampaio_correa,170254,Pará,erinaldo_santos_rabelo,16,22,15,14,1163,77.5
2023,B,sampaio_correa,466733,Gabriel Fu ...,gabriel_fu,14,21,15,12,1163,77.5
2023,B,ituano,521903,Wesley Pomba,wesley_pomba,17,19,18,16,1161,64.5
2023,B,ceara,516214,Guilherme  ...,guilherme,99,29,25,12,1159,46.4
2023,B,tombense,509540,Kleiton,kleiton_pego_duarte,18,22,20,14,1157,57.8
2023,B,ituano,545775,Paulo Victor,paulo_victor,11,15,15,14,1151,76.7
2023,B,sampaio_correa,463627,Vinicius,vinicius_rodrigues_alves,19,25,21,10,1150,54.8
2023,B,abc,442668,Jhonnathan,jhonnathan,26,24,15,13,1138,75.9
2023,B,abc,305959,Romario Sa ...,romario_sa,16,15,15,13,1135,75.7
2023,B,criciuma,190389,Marquinhos ...,marquinhos,10,24,21,12,1133,54.0
2023,B,juventude,539820,Luiz,luiz,44,31,22,13,1105,50.2
2023,B,abc,178294,Paulo Sergio,paulo_sergio,9,18,18,12,1101,61.2
2023,B,ceara,591665,Paulo Victor,paulo_victor,21,15,15,15,1101,73.4
2023,B,ponte_preta,315834,Pablo Dyego,pablo_dyego_da_silva_rosa,11,17,16,13,1099,68.7
2023,B,botafogo,387314,Jean Victor,jean_victor_barros,6,29,17,13,1094,64.4
2023,B,abc,525941,Wallace,wallace_madeira_almeida,27,24,18,13,1081,60.1
2023,B,ituano,339273,Marthã,martha,15,32,17,13,1069,62.9
2023,B,sampaio_correa,460385,Mauricio,mauricio_silva_dos_santos,14,33,22,10,1066,48.5
2023,B,tombense,452427,Bruno,bruno_matias_dos_santos,8,12,12,12,1061,88.4
2023,B,avai,301087,Pottker,pottker,10,12,12,12,1060,88.3
2023,B,vitoria,310627,Gêge,geirton_marques_aires,14,36,27,9,1055,39.1
2023,B,mirassol,448273,Manoel,manoel_ferreira_lima_neto,16,26,17,11,1052,61.9
2023,B,atletico,301943,Renato,renato_alves_de_mendonca,15,25,14,11,1045,74.6
2023,B,mirassol,383527,Neto,neto,5,14,14,12,1045,74.6
2023,B,novorizontino,531144,Leonardo,leonardo,19,23,21,10,1034,49.2
2023,B,crb,188643,Saimon,saimon_pains_tormen,23,23,18,11,1033,57.4
2023,B,londrina,504667,Ariel,ariel,22,20,17,12,1033,60.8
2023,B,abc,512737,Welliton,welliton,97,32,22,8,1030,46.8
2023,B,vitoria,392650,Iury,iury,19,15,15,12,1030,68.7
2023,B,atletico,460340,Airton,airton,7,31,28,5,1029,36.8
2023,B,sport,421778,Igor Carius,igor_aquino_da_silva,16,15,15,12,1027,68.5
2023,B,ceara,313755,Danilo Bar ...,danilo_carvalho_barcelos,23,29,15,11,1026,68.4
2023,B,sport,170077,Eduardo,eduardo,26,24,17,15,1026,60.4
2023,B,tombense,412193,Keké,paulo_de_souza_junior,17,22,22,13,1023,46.5
2023,B,vila_nova,551796,Juan Chris ...,juan_chris,17,16,16,12,1021,63.8
2023,B,ituano,406069,Tiaguinho,thiago_beserra_dos_santos,13,24,18,12,1012,56.2
2023,B,sport,779885,FACUNDO,facundo_labandeira_castro,30,23,20,12,993,49.6
2023,B,avai,346401,Ygor Vinhas,ygor_vinhas_oliveira_lima,87,14,11,11,990,90.0
2023,B,crb,163254,Edimar,edimar_curitiba_fraga,16,29,17,10,985,57.9
2023,B,abc,297954,Richardson,richardson,17,16,13,11,982,75.5
2023,B,ituano,582048,Matheus,matheus,19,18,17,13,979,57.6
2023,B,tombense,513348,Jaderson,jaderson_flores_dos_reis,7,29,25,12,977,39.1
2023,B,vitoria,527047,Carroll,carroll,3,37,16,9,977,61.1
2023,B,mirassol,525399,Cristian,cristian,19,35,31,8,976,31.5
2023,B,crb,318165,Romulo,romulo,77,30,24,11,973,40.5
2023,B,abc,460566,Nathan,nathan_melo_silva,99,16,15,15,972,64.8
2023,B,juventude,407221,BILL,gabriel_pereira_taliari,19,11,11,11,972,88.4
2023,B,tombense,508857,Wesley,wesley_augusto_henn_marth,3,19,12,10,972,81.0
2023,B,abc,311487,Felipe Garcia,felipe_garcia_goncalves,9,12,12,11,964,80.3
2023,B,chapecoense,313029,Felipe,felipe,94,31,24,8,948,39.5
2023,B,londrina,307680,Wiliam Barbio,wiliam_silva_gomes_barbio,9,12,12,12,945,78.8
2023,B,ponte_preta,568353,Paulo Baya,paulo_baya,20,31,24,8,945,39.4
2023,B,londrina,551536,Rodrigo,rodrigo,17,19,16,11,943,58.9
2023,B,guarani,386746,Walber,walber,4,31,12,10,937,78.1
2023,B,botafogo,298941,Edson Carius,edson_carius,22,20,19,9,928,48.8
2023,B,guarani,442409,Wenderson,wenderson,23,35,21,10,926,44.1
2023,B,avai,622570,Felipinho,felipinho,38,32,24,10,914,38.1
2023,B,sport,337894,Fabricio,fabricio_daniel_de_souza,97,34,22,11,914,41.5
2023,B,vila_nova,319134,Marcelinho,marcelo_rodrigues_souza,22,27,20,9,914,45.7
2023,B,abc,325913,Wellington ...,wellington,14,17,17,10,913,53.7
2023,B,vitoria,599806,YAN,yan_da_cruz_souto,3,31,14,11,901,64.4
2023,B,sampaio_correa,184967,Icaro,icaro_cosmo_da_rocha,3,11,10,10,900,90.0
2023,B,sport,172292,Denis,denis_cesar_de_matos,1,18,10,10,900,90.0
2023,B,abc,174194,Wallyson,wallyson,11,15,15,9,897,59.8
2023,B,sport,518992,Chico,chico,44,37,11,9,895,81.4
2023,B,guarani,434877,Lucas Araujo,lucas_araujo_de_oliveira,21,36,23,7,893,38.8
2023,B,sampaio_correa,391581,Rafael,rafael_da_cunha_jensen,14,16,10,10,892,89.2
2023,B,ceara,358808,Ze Ricardo,ze_ricardo,7,26,17,8,889,52.3
2023,B,ceara,322642,Bissoli,guilherme_bissoli_campos,79,20,17,10,888,52.2
2023,B,criciuma,311146,Hygor,hygor_cleber_garcia_silva,31,15,15,10,882,58.8
2023,B,botafogo,329349,Vidal,cristiano_da_silva_vidal,2,30,14,10,879,62.8
2023,B,guarani,778423,Alexis Ivan,alexis_ivan_alvarino,14,34,12,9,875,72.9
2023,B,juventude,674695,RUAN,ruan_pereira_duarte,29,37,32,2,875,27.3
2023,B,sport,420080,Luis,luis,94,18,15,9,874,58.3
2023,B,vitoria,292205,Giovanni A ...,giovanni_a,10,22,20,10,870,43.5
2023,B,avai,291982,Jean Cleber,jean_cleber,16,30,19,10,868,45.7
2023,B,novorizontino,305521,Jenison,jenison,18,37,31,3,867,28.0
2023,B,juventude,555438,Kelvyn,kelvyn_ramos_da_fonseca,21,30,16,7,865,54.1
2023,B,novorizontino,188110,Roberto,roberto,6,19,13,10,859,66.1
2023,B,vila_nova,559119,Cris,cris,18,35,16,9,859,53.7
2023,B,botafogo,387972,Ericson,ericson_da_silva,23,17,12,10,853,71.1
2023,B,avai,350723,Jonathan C ...,jonathan_c,95,13,11,10,851,77.4
2023,B,botafogo,443810,Edson Carioca,edson_carioca,19,35,29,4,842,29.0
2023,B,ceara,409030,Gabriel La ...,gabriel_la,15,19,10,10,840,84.0
2023,B,ceara,526916,Erick Pulga,erick_da_costa_farias,16,27,17,8,839,49.4
2023,B,vitoria,533292,Felipe,felipe_vieira_augusto,16,21,14,10,836,59.7
2023,B,criciuma,542628,Miqueias,miqueias_cabral_evaristo,42,28,17,9,833,49.0
2023,B,atletico,400906,Jefferson  ...,jefferson,6,14,12,10,830,69.2
2023,B,crb,167958,Gum,gum,3,35,15,8,824,54.9
2023,B,sport,459864,Alan Ruiz,alan_nahuel_ruiz,8,17,17,9,815,47.9
2023,B,mirassol,161437,Camilo,fernando_camilo_farias,20,36,32,4,810,25.3
2023,B,mirassol,583756,Reinaldo K ...,reinaldo_k,9,28,16,10,809,50.6
2023,B,juventude,502060,Daniel,daniel_lima_de_castro,22,33,15,8,806,53.7
2023,B,sampaio_correa,348165,Mikael,mikael_guterres_michel,18,14,12,10,799,66.6
2023,B,abc,345933,Alex Silva,alex_da_silva,17,11,10,9,794,79.4
2023,B,juventude,425933,Romercio,romercio,53,22,10,9,789,78.9
2023,B,sampaio_correa,174017,Joecio,joecio_barbosa_dos_santos,13,15,10,9,788,78.8
2023,B,vila_nova,383244,Ronald,ronald,17,31,22,7,788,35.8
2023,B,ceara,375896,Saulo,saulo_rodrigues_da_silva,73,14,14,9,779,55.6
2023,B,avai,345043,Denilson,denilson_pereira_junior,9,9,9,9,772,85.8
2023,B,novorizontino,363480,Felipe Mar ...,felipe_marques_da_silva,20,28,23,4,770,33.5
2023,B,ituano,646646,Kauan,kauan_richard_leal_silva,16,21,11,9,767,69.7
2023,B,londrina,303922,Léo,leonardo_moreira_morais,15,15,10,9,766,76.6
2023,B,botafogo,352883,Carlos,carlos,3,12,9,8,765,85.0
2023,B,crb,183844,Rafael Lon ...,rafael_lon,10,38,26,5,762,29.3
2023,B,chapecoense,380640,Dudu Vieira,dudu_vieira,70,24,15,8,756,50.4
2023,B,novorizontino,423003,Rodolfo,rodolfo,10,30,20,8,752,37.6
2023,B,chapecoense,170272,Victor Ferraz,victor_ferraz_macedo,4,11,11,11,750,68.2
2023,B,botafogo,403850,Robinho,robinho,7,11,11,8,749,68.1
2023,B,botafogo,551154,Jonas Toró,jonas_toro,11,19,16,8,742,46.4
2023,B,ponte_preta,427448,Tales,tales_jose_da_silva,6,23,15,7,741,49.4
2023,B,criciuma,360443,Barreto,gustavo_bonatto_barreto,88,13,11,8,740,67.3
2023,B,ceara,391300,Willian,willian_prado_camargo,22,21,14,6,737,52.6
2023,B,londrina,296863,Diego,diego_jardel_koester,20,17,15,9,730,48.7
2023,B,sampaio_correa,374851,Jhony Douglas,jhony_douglas_santiago,5,17,14,10,729,52.1
2023,B,vitoria,391600,Welder,welder_de_jesus_costa,23,32,20,7,729,36.4
2023,B,avai,308283,Jean Lucas,jean_lucas_figueiredo,29,10,9,9,725,80.6
2023,B,avai,295957,Douglas,douglas_silva_bacelar,44,17,13,9,721,55.5
2023,B,chapecoense,177152,Victor Ramos,victor_ramos_ferreira,3,8,8,8,720,90.0
2023,B,guarani,351454,Tonny,tonny,25,8,8,8,720,90.0
2023,B,abc,295317,Alemão Tei ...,jucimar_jose_teixeira,51,11,11,10,718,65.3
2023,B,criciuma,377082,Leonardo,leonardo,15,36,19,7,718,37.8
2023,B,criciuma,184819,Rayan,rayan_poltronieri_pereira,13,30,11,7,705,64.1
2023,B,botafogo,299833,Victor Souza,victor_souza,12,11,8,8,704,88.0
2023,B,juventude,338237,Matheus Va ...,matheus_de_vargas,8,18,17,7,703,41.4
2023,B,atletico,315101,Dodo,dodo,17,16,14,6,693,49.5
2023,B,abc,319981,Maycon,maycon,75,26,20,5,689,34.4
2023,B,londrina,300738,Carlos Jat ...,carlos_jat,8,12,11,9,685,62.3
2023,B,botafogo,339259,Guilherme  ...,guilherme_mantuan,17,22,12,8,670,55.8
2023,B,criciuma,340169,Jonathan,jonathan_francisco_lemos,13,23,18,7,670,37.2
2023,B,ponte_preta,407485,Thomas,thomas,4,37,13,4,669,51.5
2023,B,londrina,758034,Clinton,arinze_clinton_udeh,21,20,18,2,660,36.7
2023,B,mirassol,315023,Leandro,leandro,5,31,13,8,658,50.6
2023,B,tombense,293385,Ednei,ednei_barbosa_de_souza,13,9,8,8,655,81.9
2023,B,botafogo,541293,Ivonei,ivonei,7,20,16,9,654,40.9
2023,B,ceara,546794,Chrystian,chrystian,30,11,11,9,652,59.3
2023,B,tombense,610200,Vitor,jose_vitor_lima_cardoso,14,23,11,8,652,59.3
2023,B,avai,463027,Dentinho,lucas_baptista_felix,7,16,14,7,641,45.8
2023,B,novorizontino,179100,Ricardo,ricardo_ribeiro_de_lima,15,36,19,3,638,33.6
2023,B,londrina,614207,Peu,danilo_de_souza_lima,17,21,17,7,635,37.4
2023,B,vitoria,459089,Marco Anto ...,marco_anto,5,26,12,7,632,52.7
2023,B,novorizontino,181172,Raul,raul_prata,2,11,10,7,630,63.0
2023,B,tombense,533772,Alexandre  ...,alexandre,20,16,12,7,630,52.5
2023,B,chapecoense,189708,Henrique D ...,henrique_d,9,13,12,8,626,52.2
2023,B,chapecoense,402646,Rafael Rib ...,rafael_ribeiro_alves,30,21,9,7,626,69.6
2023,B,juventude,349759,Erick,erick,9,13,12,7,622,51.8
2023,B,chapecoense,413248,Lucas Ribamar,lucas_ribamar,9,13,10,7,620,62.0
2023,B,chapecoense,518590,Marco Antonio,marco_antonio,97,20,19,5,620,32.6
2023,B,atletico,402095,Ramon Menezes,ramon_menezes_roma,14,10,7,7,619,88.4
2023,B,abc,504733,Anderson,anderson_cordeiro_costa,30,16,14,6,618,44.1
2023,B,abc,190137,Genilson,genilson,33,12,8,7,616,77.0
2023,B,vitoria,308421,Matheus,matheus,16,16,12,8,613,51.1
2023,B,abc,338246,Daniel Car ...,daniel_de_carvalho,5,13,11,4,606,55.1
2023,B,londrina,530438,Zé Vitor S ...,ze_vitor_s,9,17,12,7,605,50.4
2023,B,vitoria,293087,Santiago,santiago_trellez_vivero,22,18,12,6,602,50.2
2023,B,sport,320951,Alisson Ca ...,alisson_ca,12,32,9,6,596,66.2
2023,B,ponte_preta,292942,Andre Felipe,andre_felipe,90,12,10,7,593,59.3
2023,B,tombense,325581,Daniel Amorim,daniel_amorim,19,20,19,3,593,31.2
2023,B,sampaio_correa,374917,Otavio,otavio,8,20,13,6,592,45.5
2023,B,tombense,548055,Pierre Wagner,pierre_wagner,18,27,15,6,590,39.3
2023,B,ceara,510415,Vitor Gabriel,vitor_gabriel,63,14,9,7,589,65.4
2023,B,crb,311439,Mike,mike,20,20,10,8,584,58.4
2023,B,novorizontino,317054,Ze Mateus,jose_mateus_junior,16,35,14,4,582,41.6
2023,B,sampaio_correa,331360,Henrique,henrique_roberto_rafael,18,13,12,9,582,48.5
2023,B,chapecoense,565047,Douglas Borel,douglas_borel,31,16,12,5,575,47.9
2023,B,crb,323184,Anderson,anderson_leite_morais,22,32,16,7,573,35.8
2023,B,avai,523897,Xavier,xavier,39,31,17,7,568,33.4
2023,B,juventude,550803,Tite,tite,34,20,13,7,568,43.7
2023,B,vila_nova,359865,Luciano,luciano_francisco_paulino,20,32,22,2,567,25.8
2023,B,abc,296240,Geovane,geovane,27,13,9,6,564,62.7
2023,B,vitoria,630830,EDSON,edson_lucas_pereira,20,11,8,6,563,70.4
2023,B,vila_nova,178303,H. Almeida,h_almeida,19,20,15,5,559,37.3
2023,B,londrina,189041,Lucas Mendes,lucas_pereira_mendes,2,7,7,7,557,79.6
2023,B,avai,795291,Santiago P ...,santiago_patino_pizano,11,12,12,6,554,46.2
2023,B,sport,520239,João Peglow,joao_peglow,77,16,11,6,554,50.4
2023,B,abc,401315,Todinho,geremias_ribeiro_junior,30,10,10,8,553,55.3
2023,B,ituano,188170,Lucas Siqu ...,lucas_santos_siqueira,5,32,16,4,553,34.6
2023,B,criciuma,185482,Helder,helder_silva_santos,6,30,15,6,550,36.7
2023,B,sampaio_correa,184656,Eloir,eloir_silva_moreira,15,27,17,5,548,32.2
2023,B,ituano,381926,Frazan,wesley_frazan_bernardo,3,34,8,6,541,67.6
2023,B,crb,509608,Bruno,bruno_da_silva_costa,29,21,18,2,540,30.0
2023,B,avai,318493,Giovanni,giovanni_piccolomo,77,15,13,8,536,41.2
2023,B,atletico,348257,Emerson,emerson_raymundo_santos,4,23,12,6,531,44.2
2023,B,mirassol,536286,Julimar,julimar,18,19,19,1,530,27.9
2023,B,sampaio_correa,298371,Fabio,fabio_aguiar_da_silva,4,16,7,6,527,75.3
2023,B,londrina,341962,Caio Mancha,caio_mancha,19,15,14,4,526,37.6
2023,B,novorizontino,351526,Georgemy,georgemy_goncalves,1,37,6,5,524,87.3
2023,B,chapecoense,359493,Kaio,kaio_silva_mendes,8,27,11,6,521,47.4
2023,B,sport,820344,ROBERTO,roberto,28,11,9,4,521,57.9
2023,B,abc,300856,Luiz Gustavo,luiz_gustavo,3,7,6,6,517,86.2
2023,B,avai,357424,Fellipe Ba ...,fellipe_ba,90,19,14,4,515,36.8
2023,B,chapecoense,459195,Richard,richard,77,19,11,7,514,46.7
2023,B,abc,376458,Evandro,evandro_da_silva,97,16,12,6,511,42.6
2023,B,vitoria,349707,Leo Gomes,leonardo_da_silva_gomes,15,29,13,7,511,39.3
2023,B,crb,341763,Auremir,auremir,5,26,18,4,509,28.3
2023,B,juventude,300856,Luiz Gustavo,luiz_gustavo,23,22,8,5,500,62.5
2023,B,ceara,462814,André Luiz,andre_luiz,67,27,6,5,495,82.5
2023,B,chapecoense,540237,Joao Paulo,joao_paulo,12,16,6,5,495,82.5
2023,B,ituano,158972,Carlão,carlao,4,6,6,6,495,82.5
2023,B,sampaio_correa,153971,Thiago Braga,thiago_braga_de_souza,12,36,6,5,487,81.2
2023,B,londrina,502875,Da Silva,da_silva,18,12,7,6,475,67.9
2023,B,londrina,687142,Victor Hugo,victor_hugo,17,22,10,3,473,47.3
2023,B,avai,422561,Giva,geovane_silva_santos,99,14,10,5,472,47.2
2023,B,sampaio_correa,292280,Samuel Santos,samuel_santos,17,16,12,6,470,39.2
2023,B,tombense,410715,Emerson,emerson,16,24,8,5,470,58.8
2023,B,criciuma,461802,Crystopher,crystopher,5,25,15,4,463,30.9
2023,B,ceara,567913,Breno,breno,35,14,9,6,461,51.2
2023,B,juventude,316763,Victor And ...,victor_andrade_santos,32,14,11,5,453,41.2
2023,B,avai,444827,Alex,alexander_silva_de_lucena,53,18,5,5,450,90.0
2023,B,guarani,184332,Douglas,douglas_borges,31,19,5,5,450,90.0
2023,B,chapecoense,716645,PABLO SILES,pablo_siles,25,15,10,7,447,44.7
2023,B,atletico,381689,Matheus Pe ...,matheus_pe,18,17,16,2,446,27.9
2023,B,ponte_preta,652687,Igor Torres,igor_torres_da_silva,77,22,15,2,444,29.6
2023,B,sport,161625,Diego Souza,diego_de_souza_andrade,87,11,10,3,442,44.2
2023,B,ponte_preta,453857,Castro,luiz_felipe_castro_neto,6,6,6,4,440,73.3
2023,B,chapecoense,427774,Emaxwell,emaxwell_souza_de_lima,11,12,11,3,439,39.9
2023,B,botafogo,534028,Pedro Rodr ...,pedro_rodr,21,30,14,4,431,30.8
2023,B,avai,189027,Didi,vinicius_jose_ignacio,3,7,6,5,421,70.2
2023,B,vitoria,375729,Thiago Lopes,thiago_ferreira_lopes,21,28,13,4,421,32.4
2023,B,juventude,177092,Leo Vieira,leonardo_da_silva_vieira,12,35,5,4,419,83.8
2023,B,sport,501375,Pedro,pedro,48,31,11,4,419,38.1
2023,B,londrina,514089,Matheus Lucas,matheus_lucas,18,11,9,4,414,46.0
2023,B,chapecoense,369403,Pablo,pablo,5,10,8,4,412,51.5
2023,B,londrina,540808,Luan Freitas,luan_freitas,14,22,7,5,411,58.7
2023,B,abc,540826,Léo Ceará,leo_ceara,99,7,7,6,408,58.3
2023,B,botafogo,303589,Gustavo Xuxa,gustavo_simon_vertuoso,20,27,17,3,407,23.9
2023,B,ponte_preta,320834,Cassinho,cassinho,21,13,10,4,406,40.6
2023,B,londrina,617642,Guilherme  ...,guilherme_silva_lacerda,17,25,6,5,405,67.5
2023,B,sampaio_correa,365933,Lucas Mota,lucas_mota_da_silva,16,8,5,5,405,81.0
2023,B,sport,391214,JORDAN,jordan,76,27,5,4,405,81.0
2023,B,ponte_preta,606685,Eduardo Ha ...,eduardo_barbosa_hatamoto,7,17,11,5,402,36.5
2023,B,juventude,619311,Guilherme,guilherme_gehring,47,13,11,4,401,36.5
2023,B,avai,546683,Andrey,andrey,78,22,11,4,398,36.2
2023,B,sampaio_correa,306822,Claudinei,claudinei_junio_de_souza,8,12,8,4,383,47.9
2023,B,ceara,540238,Lucas Ribeiro,lucas_ribeiro_dos_santos,2,12,6,4,380,63.3
2023,B,botafogo,392223,LUIS FELIPE,luis_felipe,15,19,7,4,378,54.0
2023,B,guarani,463153,Pablo Thomaz,pablo_thomaz,7,17,13,2,376,28.9
2023,B,ituano,619065,EMERSON,emerson_lima_freitas,21,14,11,3,376,34.2
2023,B,abc,343999,Jean,jean_patrick_reis,22,11,7,5,374,53.4
2023,B,abc,690791,Andrey,andrey,8,8,6,5,371,61.8
2023,B,sampaio_correa,318191,Matheus,matheus_monteiro_martins,20,14,13,1,370,28.5
2023,B,sampaio_correa,621119,Thiaguinho,thiaguinho,22,16,7,3,369,52.7
2023,B,avai,547718,Modesto,modesto,17,24,14,3,365,26.1
2023,B,ituano,540294,Alejandro,alejandro,20,16,9,4,361,40.1
2023,B,sport,168092,Wanderson,wanderson,77,23,13,3,360,27.7
2023,B,londrina,544247,Luis,luis,11,12,8,4,358,44.8
2023,B,criciuma,335249,Italo,italo_melo_oliveira,20,26,11,3,357,32.5
2023,B,ituano,549696,Felipe,felipe,22,18,13,3,357,27.5
2023,B,atletico,633802,Daniel,daniel_alves_de_lima,20,21,13,2,356,27.4
2023,B,juventude,305959,Romario,romario,17,9,5,4,356,71.2
2023,B,londrina,645472,Igor França,igor_franca_silva,21,15,10,3,354,35.4
2023,B,crb,553190,Copete,jonathan_copete_valencia,16,21,9,3,350,38.9
2023,B,criciuma,184899,Tiago Marques,tiago_marques_rezende,99,20,11,3,346,31.5
2023,B,londrina,431983,Fabricio,fabricio_santos_de_jesus,2,11,10,5,346,34.6
2023,B,chapecoense,643993,Danrlei,danrlei_medeiros_moreira,99,18,12,3,345,28.8
2023,B,ituano,432666,Bruno,bruno_cesar_xavier_sislo,21,7,7,6,343,49.0
2023,B,abc,167769,Marcio Aze ...,marcio_gonzaga_de_azevedo,64,5,4,4,340,85.0
2023,B,tombense,448024,Zé Ricardo,ze_ricardo,5,5,5,5,336,67.2
2023,B,londrina,616964,GARRATI,garrati,13,17,13,0,330,25.4
2023,B,sampaio_correa,462684,Vinicius,vinicius,3,12,5,3,329,65.8
2023,B,vila_nova,548842,Matheus,matheus,23,15,9,4,327,36.3
2023,B,avai,360465,Julio Cesar,julio_cesar_czarneski,94,11,8,2,326,40.8
2023,B,avai,568796,Gustavo,gustavo,28,12,10,3,325,32.5
2023,B,guarani,337267,Gustavo Fr ...,gustavo_franca_amadio,33,10,7,3,325,46.4
2023,B,botafogo,610318,Tomas Andrade,tomas_gustavo_andrade,18,14,9,2,318,35.3
2023,B,juventude,539582,Daniel Cruz,daniel_dos_santos_da_cruz,39,24,10,4,311,31.1
2023,B,tombense,545253,Mateus Buiate,mateus_buiate,22,14,4,4,308,77.0
2023,B,abc,430405,Lucas Toca ...,lucas_costa_da_silva,8,7,6,4,307,51.2
2023,B,avai,435161,Marquinhos ...,marcos_robson_cipriano,77,10,6,5,306,51.0
2023,B,tombense,531705,Luis Hungria,luis_hungria,13,20,5,2,300,60.0
2023,B,criciuma,456884,Joao Carlos,joao_carlos_barros_lopes,18,25,15,1,299,19.9
2023,B,londrina,333824,Xandao,xandao,4,11,4,3,298,74.5
2023,B,mirassol,464051,Heitor Rod ...,heitor_rod,22,25,9,2,296,32.9
2023,B,vila_nova,678455,Rian,rian_caio_fleuri_pacheco,2,15,7,2,296,42.3
2023,B,avai,179974,Ricardo Bueno,ricardo_bueno_da_silva,9,11,6,3,294,49.0
2023,B,abc,819225,RANDERSON,randerson,8,6,5,3,293,58.6
2023,B,ponte_preta,545223,Samuel,samuel_naum_andrade_leao,18,32,16,0,293,18.3
2023,B,abc,465539,Thallyson  ...,thallyson,21,8,5,4,291,58.2
2023,B,londrina,531407,Natham Fer ...,natham_fer,15,10,6,2,282,47.0
2023,B,londrina,589809,Nicolas,nicolas_adriano_schulz,16,14,6,3,282,47.0
2023,B,abc,318691,Bruno Lima,bruno_lima,55,4,4,3,280,70.0
2023,B,guarani,442914,Iago,iago_teles_da_silva,37,12,8,3,278,34.8
2023,B,mirassol,533422,Flavio,flavio,14,28,11,1,275,25.0
2023,B,londrina,344221,Lucas Coelho,lucas_heinzen_coelho,18,14,8,3,274,34.2
2023,B,ceara,590697,Pedro,pedro,27,24,12,1,272,22.7
2023,B,criciuma,355827,Alisson,alisson,12,35,4,3,272,68.0
2023,B,crb,442225,Vitor,vitor_caetano_ferreira,1,38,3,3,270,90.0
2023,B,londrina,598567,Everton,everton_macedo_moraes,21,12,8,2,270,33.8
2023,B,ponte_preta,384984,Junior,junior,22,11,5,3,270,54.0
2023,B,criciuma,430440,Lohan,lohan_dos_santos_freire,19,18,10,2,268,26.8
2023,B,sampaio_correa,439695,Fabricio,fabricio,11,11,7,3,268,38.3
2023,B,crb,307018,Hyuri,hyuri,19,26,16,2,265,16.6
2023,B,vila_nova,311339,Marcondes,marcondes,3,24,6,3,264,44.0
2023,B,avai,172189,Robinho,robson_michael_signorini,10,8,6,2,256,42.7
2023,B,juventude,296302,Emerson Sa ...,emerson_sa,7,21,8,2,253,31.6
2023,B,londrina,189739,HUGO CABRAL,hugo_da_silva_cabral,9,6,5,4,251,50.2
2023,B,ceara,520881,Pedro Lucas,pedro_lucas,19,23,6,3,250,41.7
2023,B,tombense,440615,Rafael Bar ...,rafael_barbosa_silva,20,21,8,1,250,31.2
2023,B,atletico,448526,Matheus Regis,matheus_regis,20,23,11,0,249,22.6
2023,B,abc,454982,Jean Martim,jean_martim,30,10,7,2,248,35.4
2023,B,sport,465944,Negueba,negueba,90,22,12,2,247,20.6
2023,B,abc,181334,Raphael Luz,raphael_luz_pessoa,16,5,5,2,246,49.2
2023,B,juventude,501584,Roberto,roberto_badermann_rebechi,14,24,9,0,243,27.0
2023,B,sport,555397,Italo,helber_italo_dos_santos,39,20,6,2,241,40.2
2023,B,ceara,305393,Arthur Rez ...,arthur_rodrigues_rezende,8,11,5,3,240,48.0
2023,B,abc,174071,Bressan,renan_bardini_bressan,55,10,8,2,239,29.9
2023,B,vila_nova,184273,Diego Renan,diego_renan,16,31,8,1,238,29.8
2023,B,ituano,318694,Marcelo,marcelo_de_freitas_costa,5,4,3,3,237,79.0
2023,B,criciuma,328820,Mancini,matheus_mancini,14,26,5,2,233,46.6
2023,B,guarani,432421,Lucas Silva,lucas_da_silva_de_jesus,19,26,12,1,233,19.4
2023,B,londrina,431945,Vitor Feijão,vitor_correia_da_silva,22,7,6,3,233,38.8
2023,B,sport,692783,EDISON NEG ...,edison_neg,20,8,4,3,232,58.0
2023,B,vitoria,321556,Rafinha,rafinha,17,9,7,2,232,33.1
2023,B,ituano,412394,Vinicius,vinicius,8,13,7,2,228,32.6
2023,B,guarani,318279,Caique,caique_da_silva_maria,33,20,10,2,225,22.5
2023,B,botafogo,190417,Fillipe So ...,fillipe_so,8,3,3,3,224,74.7
2023,B,tombense,404134,Luiz Fernando,luiz_fernando,20,17,9,1,223,24.8
2023,B,avai,630093,Vitinho,vitinho,20,12,7,2,221,31.6
2023,B,ceara,601171,CLEBER,cleber_bomfim_de_jesus,89,8,6,1,221,36.8
2023,B,chapecoense,304325,Fabiano,fabiano_da_silva_souza,67,11,5,2,219,43.8
2023,B,juventude,449227,Kadi,lucas_henrique_da_silva,95,21,7,2,219,31.3
2023,B,ponte_preta,337472,Lucas Nathan,lucas_nathan_veloso,18,12,6,1,215,35.8
2023,B,chapecoense,559160,Neto,neto,13,11,8,2,212,26.5
2023,B,ponte_preta,793475,PAUL,paul,11,12,8,2,210,26.2
2023,B,sport,338237,Matheus Va ...,matheus_de_vargas,8,9,4,3,209,52.2
2023,B,sampaio_correa,366093,Buiu,buiu,16,6,5,2,201,40.2
2023,B,abc,337806,Daniel Vancan,daniel_vancan,33,5,3,2,200,66.7
2023,B,atletico,652687,Igor Torres,igor_torres_da_silva,20,5,5,2,200,40.0
2023,B,ceara,311146,Hygor,hygor_cleber_garcia_silva,31,12,4,3,200,50.0
2023,B,novorizontino,502079,Denner,denner_fernando_melz,17,6,4,3,198,49.5
2023,B,sampaio_correa,540362,Riquelmo,riquelmo_alves_lima,16,9,6,2,196,32.7
2023,B,novorizontino,500915,Paulo,paulo,14,14,5,2,195,39.0
2023,B,guarani,519385,Bernardo L ...,bernardo_marcos_lemes,28,27,11,0,194,17.6
2023,B,atletico,648462,Renan Silva,renan_silva_ferreira,13,14,5,2,190,38.0
2023,B,crb,511457,Matheus,matheus,44,13,3,2,190,63.3
2023,B,ituano,519236,Davi,davi,20,7,5,2,189,37.8
2023,B,vila_nova,307366,Marlone,marlone,7,32,14,0,188,13.4
2023,B,mirassol,181824,Renie,renie_almeida_da_silva,4,28,3,2,187,62.3
2023,B,vila_nova,358318,Marquinhos ...,marquinhos,14,12,3,2,186,62.0
2023,B,atletico,437115,Diego,diego_terra_loureiro,12,36,2,2,180,90.0
2023,B,ituano,345033,Andre,andre,1,37,2,2,180,90.0
2023,B,ponte_preta,544530,Thiago Lopes,thiago_oliveira_lopes,13,20,2,2,180,90.0
2023,B,ponte_preta,559363,Pedro,pedro,1,22,2,2,180,90.0
2023,B,sport,619494,RENZO,renzo,13,18,2,2,180,90.0
2023,B,londrina,321991,Vinicius Jaú,vinicius_de_lima_ferreira,17,14,9,0,178,19.8
2023,B,sampaio_correa,335847,Patrick,patrick,5,6,5,0,176,35.2
2023,B,vitoria,178365,Thiago Rod ...,thiago_rod,12,27,2,2,176,88.0
2023,B,atletico,518590,Marco Antonio,marco_antonio,18,12,7,1,174,24.9
2023,B,ituano,291855,Neto Berola,neto_berola,22,8,6,2,173,28.8
2023,B,atletico,711292,David,david,18,15,10,1,167,16.7
2023,B,londrina,656428,GUILHERME  ...,guilherme_brandao_azevedo,21,10,8,1,166,20.8
2023,B,vitoria,314625,Diego Fumaça,diego_cesar_de_oliveira,15,12,5,1,164,32.8
2023,B,novorizontino,461774,Biel,biel,23,34,12,0,162,13.5
2023,B,ponte_preta,182944,Souza,elierce_barboza_de_souza,18,4,3,3,160,53.3
2023,B,guarani,316754,Neilton,neilton_meira_mestzk,7,15,8,1,159,19.9
2023,B,abc,616633,Romario,romario,88,9,6,0,156,26.0
2023,B,chapecoense,309584,Tomas Bastos,tomas_bastos,20,12,4,1,156,39.0
2023,B,chapecoense,316689,Gabriel Xa ...,gabriel_augusto_xavier,44,12,8,0,156,19.5
2023,B,juventude,432298,Fabio Gomes,fabio_roberto_gomes_netto,19,8,4,2,155,38.8
2023,B,abc,188502,Welligton,welligton_de_lima_gomes,90,19,2,2,154,77.0
2023,B,chapecoense,336442,Murilinho,murilinho,18,6,5,1,148,29.6
2023,B,ceara,179288,Michel,michel,88,9,5,2,147,29.4
2023,B,novorizontino,600323,MATOS,guilherme_de_jesus_matos,43,15,3,1,147,49.0
2023,B,abc,318286,Gustavo He ...,gustavo_hebling_de_aguiar,96,8,5,0,146,29.2
2023,B,juventude,180137,FERNANDO,fernando_henrique_boldrin,10,9,5,1,146,29.2
2023,B,avai,557224,Edinho,eder_maciel_lopes,68,17,4,0,145,36.2
2023,B,mirassol,406738,Rodrigo,rodrigo_ferreira_da_silva,22,8,5,1,142,28.4
2023,B,ituano,608601,Aluísio,aluisio,13,23,7,1,141,20.1
2023,B,sampaio_correa,567670,Venicius,venicius,14,7,3,0,138,46.0
2023,B,avai,549063,Igor Dutra,igor_da_silva_dutra,2,19,4,1,135,33.8
2023,B,ponte_preta,410030,Gabriel,gabriel_santiago_oliveira,17,6,2,2,132,66.0
2023,B,sport,462578,Juan,juan,56,11,5,1,132,26.4
2023,B,avai,178373,Jael,jael_ferreira_vieira,7,7,6,0,131,21.8
2023,B,guarani,543707,Diego,diego_porfirio_da_silva,15,8,5,1,131,26.2
2023,B,atletico,409868,Sillas,sillas,17,5,2,1,127,63.5
2023,B,ceara,336850,Luvannor,luvannor,90,12,5,0,127,25.4
2023,B,sampaio_correa,648557,Claudio Sousa,claudio_sousa,23,18,5,1,126,25.2
2023,B,sampaio_correa,368089,Rafael Villa,rafael_oliveira_silva,17,13,7,0,125,17.9
2023,B,sport,308423,Michel,michel_barbosa_de_lima,23,13,7,0,122,17.4
2023,B,criciuma,459007,Welinton,welinton,15,15,11,0,118,10.7
2023,B,atletico,431199,Matheus,matheus,15,2,2,1,115,57.5
2023,B,ituano,566785,Brayan,brayan,20,8,3,1,114,38.0
2023,B,mirassol,185301,Silvinho,silvinho,17,12,6,1,112,18.7
2023,B,sampaio_correa,309437,Patrick Ca ...,patrick_ca,21,10,5,1,112,22.4
2023,B,vila_nova,334790,Jean,jean,14,12,2,1,112,56.0
2023,B,mirassol,384617,Vico,vinicius_duarte,22,15,8,0,111,13.9
2023,B,ponte_preta,178361,Everton,everton_cardoso_da_silva,22,5,4,1,108,27.0
2023,B,ponte_preta,189917,Gabriel,gabriel,19,3,2,2,108,54.0
2023,B,vitoria,522890,Jhonny,jhonny,15,14,5,1,108,21.6
2023,B,crb,595215,Jailson Cauã,jailson_caua,21,5,3,0,107,35.7
2023,B,mirassol,437380,Cedric,cedric,14,10,4,1,107,26.8
2023,B,tombense,442149,Djalma,djalma_celestino_evaristo,22,10,3,1,107,35.7
2023,B,avai,556082,Gaspar,gaspar,20,11,5,0,105,21.0
2023,B,criciuma,307508,F. Canesin,fernando_canesin_matos,55,12,7,0,104,14.9
2023,B,londrina,611852,Jonas Cabral,jonas_cabral,20,6,3,1,101,33.7
2023,B,ceara,742015,Jonathan,jonathan_de_jesus_alves,55,6,2,1,100,50.0
2023,B,vila_nova,463527,Joao,joao,18,7,3,0,100,33.3
2023,B,botafogo,647656,Willian,willian,20,3,3,0,99,33.0
2023,B,juventude,466735,Rafael Fur ...,rafael_fur,20,7,4,0,97,24.2
2023,B,vitoria,312907,Pablo,pablo_diogo_lopes_de_lima,19,10,6,0,92,15.3
2023,B,ponte_preta,442672,Guilherme  ...,guilherme,17,11,4,0,91,22.8
2023,B,atletico,558142,Igor,igor_ribeiro_costa,15,9,1,1,90,90.0
2023,B,atletico,630425,Guilherme,guilherme_bastos_da_silva,15,5,2,0,90,45.0
2023,B,avai,182717,Douglas Fr ...,douglas_fr,22,19,1,1,90,90.0
2023,B,botafogo,819834,Juanpa,juanpa,13,6,1,1,90,90.0
2023,B,ceara,177585,Sidnei,sidnei,12,4,1,1,90,90.0
2023,B,chapecoense,365361,Tiepo,giovanni_silva_tiepo,98,5,1,1,90,90.0
2023,B,crb,169978,Julio Cesar,julio_cesar_jacobi,99,3,1,1,90,90.0
2023,B,crb,188660,Gilvan,gilvan_souza_correa,15,7,1,1,90,90.0
2023,B,ituano,515361,Rhuan da S ...,rhuan_da_silva_rodrigues,22,4,2,1,90,45.0
2023,B,juventude,793531,Gordillo,gordillo,20,3,1,1,90,90.0
2023,B,tombense,443489,Leonardo,leonardo_lang_lopes,12,33,1,1,90,90.0
2023,B,vila_nova,177770,Vanderlei,vanderlei_farias_da_silva,1,35,1,1,90,90.0
2023,B,novorizontino,177575,Joaozinho,joaozinho,22,18,5,0,88,17.6
2023,B,novorizontino,374486,Joao Afonso,joao_afonso_crispim,21,14,5,1,85,17.0
2023,B,botafogo,628945,Ze Lucio,jose_lucio_lopes_leite,2,1,1,1,82,82.0
2023,B,guarani,622581,Yan Henrique,yan_henrique,30,16,1,1,81,81.0
2023,B,vila_nova,421531,Hiago,hiago,14,7,1,0,79,79.0
2023,B,abc,437900,Lucas,lucas_goncalves_de_paula,9,7,3,0,78,26.0
2023,B,sport,586543,Nathan,nathan_mendes_da_silva,17,12,3,1,78,26.0
2023,B,ponte_preta,588048,Jean Carlos,jean_carlos_dos_santos,16,4,3,0,77,25.7
2023,B,juventude,162905,Elton,elton_rodrigues_brandao,90,6,3,0,75,25.0
2023,B,tombense,181803,Elton,elton_junior_melo_ataide,15,8,2,1,74,37.0
2023,B,atletico,313582,Moraes,moraes,16,1,1,0,72,72.0
2023,B,abc,402630,Rafael Silva,rafael_aparecido_da_silva,30,2,1,1,71,71.0
2023,B,sampaio_correa,299686,Getterson,getterson,18,9,5,0,70,14.0
2023,B,vitoria,633725,Diego Torres,diego_fabian_torres,20,12,5,0,68,13.6
2023,B,ituano,311087,Rafael Silva,rafael_feital_da_silva,19,4,3,1,67,22.3
2023,B,vila_nova,316763,Victor And ...,victor_andrade_santos,22,7,4,0,67,16.8
2023,B,vila_nova,523730,Gustavo Maia,gustavo_maia_da_silva,21,14,5,0,67,13.4
2023,B,atletico,525306,João Maistro,joao_maistro,14,11,1,1,66,66.0
2023,B,ceara,678964,Joao,joao_vitor_dos_santos,40,1,1,1,66,66.0
2023,B,tombense,304433,Robert,robert,7,8,3,1,65,21.7
2023,B,juventude,584422,Rafael,rafael_pasquali_rech,30,13,2,1,64,32.0
2023,B,botafogo,628944,Pedro Tort ...,pedro_henrique_tortello,8,1,1,1,62,62.0
2023,B,londrina,175390,Junior Dutra,sergio_dutra_junior,19,4,3,0,60,20.0
2023,B,crb,606086,BRALL,david_medeiros_dos_santos,17,18,4,0,59,14.8
2023,B,abc,819752,Agustín,agustin_rodriguez_da_luz,18,7,1,1,58,58.0
2023,B,ituano,378203,JONATHAN,jonathan_silva_vieira,6,4,2,1,58,29.0
2023,B,avai,656909,Denilson G ...,denilson_chaves_goulart,47,7,3,0,56,18.7
2023,B,botafogo,535680,Joao Veras,joao_veras,19,7,5,0,56,11.2
2023,B,crb,668075,EVERSON,everson_dos_santos_silva,21,4,3,0,54,18.0
2023,B,ituano,630224,Zé,jose_carlos_de_oliveira,21,5,4,0,54,13.5
2023,B,novorizontino,548978,Luis,luis_fellipe_campos_doria,26,6,2,0,53,26.5
2023,B,sport,631097,Victor Gab ...,victor_gab,52,7,2,1,53,26.5
2023,B,tombense,507727,Felipe Cruz,felipe_ferreira_da_cruz,19,8,5,0,53,10.6
2023,B,sampaio_correa,465956,Nadson,nadson_da_silva_mesquita,22,5,2,0,52,26.0
2023,B,juventude,463502,Echaporã,luis_otavio_de_oliveira,33,6,3,1,51,17.0
2023,B,avai,501450,Camargo,felipe_camargo_de_souza,34,5,2,0,49,24.5
2023,B,sampaio_correa,464709,Jô,jean_hebert_de_freitas,9,7,4,0,49,12.2
2023,B,vitoria,174147,Dalton,dalton_alan_munaretto,12,16,2,0,49,24.5
2023,B,abc,463768,Caique,caique_barbosa_rodrigues,19,5,3,0,47,15.7
2023,B,sampaio_correa,369194,Emerson Ca ...,emerson_ca,9,11,4,0,47,11.8
2023,B,crb,568710,Christian,christian_luiz_camargo,24,13,4,0,46,11.5
2023,B,abc,174353,Allan Dias,allan_monteiro_dias,10,1,1,1,45,45.0
2023,B,atletico,599021,Luan Sales,luan_sales_do_nascimento,13,2,1,0,45,45.0
2023,B,ceara,541189,Alvaro Oli ...,alvaro_vieira_de_oliveira,70,3,1,1,45,45.0
2023,B,guarani,465098,Eliel,eliel_da_silva,15,8,1,0,45,45.0
2023,B,sampaio_correa,517492,Emerson Souza,emerson_santos_de_souza,18,3,1,1,45,45.0
2023,B,sport,606026,Lucas Andre,lucas_andre,55,9,1,1,45,45.0
2023,B,sport,657534,Paulo Cesar,paulo_cesar,53,1,1,0,45,45.0
2023,B,chapecoense,590203,Lucas Alves,lucas_alves,35,7,2,0,44,22.0
2023,B,juventude,311336,Geuvanio,geuvanio,31,2,2,0,41,20.5
2023,B,sport,177071,Kayke,kayke,17,13,5,0,41,8.2
2023,B,chapecoense,354129,Joao Igor,joao_igor,28,9,2,0,39,19.5
2023,B,londrina,826950,MAURO,mauro_bravo_fernandez,23,4,2,0,38,19.0
2023,B,londrina,432192,Pedro,pedro,16,7,2,0,37,18.5
2023,B,crb,548985,LEONARDO,leonardo_de_almeida_silva,38,10,3,0,36,12.0
2023,B,ituano,610809,Kaique,kaique_gonsalves_clemente,20,4,2,0,35,17.5
2023,B,avai,417861,Leandro Ca ...,leandro_carvalho_da_silva,28,7,2,0,34,17.0
2023,B,criciuma,316754,Neilton,neilton_meira_mestzk,77,9,3,0,34,11.3
2023,B,juventude,589019,Kelvi,kelvi_chiesa_gomes,25,4,1,0,32,32.0
2023,B,atletico,581048,Léo Pereira,leo_pereira,19,3,3,0,31,10.3
2023,B,abc,546698,Jeferson,jeferson,8,4,3,0,30,10.0
2023,B,ponte_preta,337157,Fraga,wesley_fraga,18,14,2,0,30,15.0
2023,B,botafogo,696611,Pedro Henr ...,pedro_henrique_severino,18,1,1,0,28,28.0
2023,B,londrina,617761,Pablo Ruan,pablo_ruan,21,5,2,0,28,14.0
2023,B,novorizontino,509608,Bruno,bruno_da_silva_costa,14,5,1,0,28,28.0
2023,B,juventude,409125,Vitinho,vitinho,6,2,1,0,27,27.0
2023,B,mirassol,387530,Matheus,matheus_santos_soares,18,5,2,0,27,13.5
2023,B,tombense,396285,Ruan,ruan_levine_camara_vitor,22,4,1,0,27,27.0
2023,B,abc,544865,Matheus Re ...,matheus_re,12,20,1,0,26,26.0
2023,B,crb,595214,RIQUELME,riquelme_dos_santos_silva,78,8,1,0,26,26.0
2023,B,vila_nova,414510,Romarinho,romarinho,21,6,2,0,26,13.0
2023,B,sampaio_correa,408954,Alexandre,alexandre_gomes_felipe,21,6,3,0,25,8.3
2023,B,mirassol,588107,Juninho,juninho,23,7,1,0,24,24.0
2023,B,londrina,345455,Saulo,saulo_ferreira_silva,12,20,1,0,23,23.0
2023,B,sampaio_correa,465349,Joao Diogo,joao_diogo_jennings,15,4,1,0,23,23.0
2023,B,chapecoense,367869,Jose,jose,23,9,1,0,21,21.0
2023,B,atletico,355387,Cerato,marcos_vinicius_cerato,16,20,5,0,18,3.6
2023,B,botafogo,640973,JOÃO,joao,23,6,1,0,18,18.0
2023,B,juventude,586657,Vitor,vitor,17,8,3,0,18,6.0
2023,B,mirassol,178891,Paulinho,paulo_sergio_de_oliveira,18,9,1,0,18,18.0
2023,B,sampaio_correa,558410,Rodrigo,rodrigo_souza_nascimento,23,9,4,0,18,4.5
2023,B,sport,565234,Deyvson,deyvson,42,1,1,0,18,18.0
2023,B,avai,540824,Gazao,gazao,18,8,2,0,17,8.5
2023,B,crb,519491,Tata,benilton_arruda_silva,22,3,1,0,17,17.0
2023,B,vitoria,350705,Dionisio,dionisio,15,1,1,0,16,16.0
2023,B,avai,175720,Rafael,rafael_forster,65,4,1,0,15,15.0
2023,B,novorizontino,424585,Bryan,bryan_borges_mascarenhas,33,5,1,0,15,15.0
2023,B,tombense,299208,Rhayner,rhayner_santos_nascimento,19,3,1,0,15,15.0
2023,B,botafogo,642064,Lucas Oliv ...,lucas_oliveira_parente,21,5,2,0,14,7.0
2023,B,ituano,614885,Stevanato,stevanato,19,4,2,0,14,7.0
2023,B,abc,655877,Gustavo,gustavo,15,15,1,0,13,13.0
2023,B,ceara,617260,Ezequiel,ezequiel_ivo_barbosa,90,4,1,0,12,12.0
2023,B,chapecoense,629552,Diego,diego_coser,19,1,1,0,12,12.0
2023,B,guarani,559188,Robinho,robson_luiz_soares_santos,8,7,2,0,12,6.0
2023,B,vila_nova,500744,Joao Pedro ...,joao_pedro_celeri_machado,23,4,2,0,10,5.0
2023,B,botafogo,612406,Ruan,ruan_carlos_ramos_ozorio,13,1,1,0,8,8.0
2023,B,guarani,581963,Titi,titi,16,14,1,0,8,8.0
2023,B,sampaio_correa,511027,Leonan,leonan_santos_de_abreu,14,10,1,0,8,8.0
2023,B,sampaio_correa,501939,Gabriel Silva,gabriel_santos_silva,21,4,1,0,6,6.0
2023,B,crb,464033,Octavio,octavio_franchini_metzker,39,1,1,0,4,4.0
2023,B,mirassol,180546,Cortez,bruno_cortes_barbosa,21,3,1,0,4,4.0
2023,B,tombense,429817,Wisney,wisney,22,2,1,0,4,4.0
2023,B,botafogo,462906,Marcos,marcos,23,13,1,0,3,3.0
2023,B,tombense,529861,Lucas Alex ...,lucas_alex,13,7,1,0,3,3.0
2023,B,tombense,797448,Franco,franco_mederos_sandez,22,7,1,0,3,3.0
2023,B,abc,647691,Yuri,yuri,40,3,0,0,0,
2023,B,abc,648845,Mike,mike,19,2,0,0,0,
2023,B,abc,707036,Gil Robson,gil_robson,18,4,0,0,0,
2023,B,abc,760918,Caike,caike,12,1,0,0,0,
2023,B,atletico,364905,Lucas Rocha,lucas_da_silva_rocha,15,2,0,0,0,
2023,B,atletico,515497,Sammuel,sammuel,19,1,0,0,0,
2023,B,atletico,540036,Denivys,denivys,12,3,0,0,0,
2023,B,atletico,558873,Gustavo Sa ...,gustavo_santos_assuncao,15,4,0,0,0,
2023,B,avai,341930,Otavio,otavio,66,3,0,0,0,
2023,B,avai,532590,Macae,arthur_neves_scheles,21,1,0,0,0,
2023,B,avai,552456,Joao,joao_vitor_de_oliveira,52,3,0,0,0,
2023,B,avai,563757,Guilherme  ...,guilherme_santos_da_silva,30,1,0,0,0,
2023,B,avai,615237,Ronaldy,ronaldy,32,1,0,0,0,
2023,B,botafogo,309717,Gabriel Ga ...,gabriel_ga,12,20,0,0,0,
2023,B,botafogo,445329,Lucas Lour ...,lucas_lourenco_andrade,23,2,0,0,0,
2023,B,botafogo,460816,Gustavo,gustavo,13,4,0,0,0,
2023,B,botafogo,463639,Levy,levy_sabatim_barbosa,12,8,0,0,0,
2023,B,botafogo,647284,Brenno Faro,brenno_faro_klippel,12,1,0,0,0,
2023,B,ceara,542822,Leonardo,leonardo,80,8,0,0,0,
2023,B,ceara,552374,Cristian,cristian_de_lima,20,3,0,0,0,
2023,B,ceara,589588,César,cesar,39,3,0,0,0,
2023,B,ceara,617563,Yago,yago_lincoln_rocha_santos,96,4,0,0,0,
2023,B,ceara,620583,VITOR,joao_vitor_sousa_silva,40,1,0,0,0,
2023,B,ceara,646474,Orejuela,orejuela,28,4,0,0,0,
2023,B,ceara,793697,Aguilar,alfredo_aguilar,12,2,0,0,0,
2023,B,chapecoense,177458,Mauricio,mauricio,33,2,0,0,0,
2023,B,chapecoense,309585,Carlos,carlos,51,21,0,0,0,
2023,B,chapecoense,504869,Pavan,igor_pavan,46,4,0,0,0,
2023,B,crb,641082,Baranhas,baranhas,28,1,0,0,0,
2023,B,criciuma,408954,Alexandre,alexandre_gomes_felipe,9,1,0,0,0,
2023,B,criciuma,577541,Thiago,thiago_henrique_de_jesus,63,1,0,0,0,
2023,B,criciuma,589371,Leonardo,leonardo,21,2,0,0,0,
2023,B,criciuma,591190,Edu,eduardo_de_queiroz_melo,28,7,0,0,0,
2023,B,criciuma,605783,Vinicius P ...,vinicius_p,24,2,0,0,0,
2023,B,criciuma,619677,Kauã,kaua_inacio_moroso,12,5,0,0,0,
2023,B,criciuma,677672,Gui,guilherme_silva,16,5,0,0,0,
2023,B,guarani,418809,Lima,guilherme_natan_de_lima,8,3,0,0,0,
2023,B,guarani,540343,Filipe,filipe,33,2,0,0,0,
2023,B,guarani,554962,Arthur,arthur_garcia_da_motta,32,2,0,0,0,
2023,B,guarani,610163,LUCAS,lucas_cardoso_adell,26,3,0,0,0,
2023,B,guarani,639890,Álvaro,alvaro,22,13,0,0,0,
2023,B,guarani,728441,Rafael,rafael_da_silva_freitas,26,1,0,0,0,
2023,B,ituano,434300,Vinicius,vinicius_faria_dos_santos,19,2,0,0,0,
2023,B,ituano,542473,Leo Aragão,leo_aragao,12,2,0,0,0,
2023,B,ituano,545619,Wesley,wesley_borges_da_silva,12,2,0,0,0,
2023,B,ituano,554692,Madison,madison,13,2,0,0,0,
2023,B,ituano,590937,Poz,vinicius_poz_villas_boas,15,3,0,0,0,
2023,B,ituano,669135,Erik,erik,13,1,0,0,0,
2023,B,ituano,691350,VINICIUS O ...,vinicius_o,17,3,0,0,0,
2023,B,ituano,711702,João Pedro,joao_pedro,14,6,0,0,0,
2023,B,juventude,317780,Daniel Guedes,daniel_guedes_da_silva,2,3,0,0,0,
2023,B,juventude,401024,Lucas Wingert,lucas_leandro_wingert,99,5,0,0,0,
2023,B,juventude,554076,Anderson,anderson_sant_ana_prestes,15,2,0,0,0,
2023,B,juventude,622070,Caue,caue_pereira_da_rocha,36,1,0,0,0,
2023,B,juventude,687271,Abner,abner_salles_da_silva,43,7,0,0,0,
2023,B,juventude,776088,Thomas Gomez,thomas_gomez,80,1,0,0,0,
2023,B,londrina,186621,Arthur,arthur,13,16,0,0,0,
2023,B,londrina,517942,Danilo,danilo,23,2,0,0,0,
2023,B,londrina,605891,José Cirilo,jose_cirilo,22,1,0,0,0,
2023,B,londrina,657449,LAUAN,lauan,16,7,0,0,0,
2023,B,londrina,757399,Yvan,yvan_lafont_tiwa,25,1,0,0,0,
2023,B,mirassol,178158,Darley,darley_ramon_torres,25,18,0,0,0,
2023,B,mirassol,409084,Cesar,cesar,12,37,0,0,0,
2023,B,mirassol,609056,Miguel dos ...,miguel_dos_santos_silva,19,1,0,0,0,
2023,B,mirassol,610518,BRENO,breno_pereira_roma,14,2,0,0,0,
2023,B,mirassol,647906,Wesley,wesley_santos_silva,21,1,0,0,0,
2023,B,novorizontino,183724,Bruno,bruno_da_silva_barbosa,6,3,0,0,0,
2023,B,novorizontino,318095,Renan Gorne,renan_gorne_silva,19,2,0,0,0,
2023,B,novorizontino,433789,Lucas Pereira,lucas_pereira,12,4,0,0,0,
2023,B,novorizontino,461649,Vini,vini,30,2,0,0,0,
2023,B,novorizontino,463523,Hiago Ribeiro,hiago_ribeiro_campelo,14,2,0,0,0,
2023,B,novorizontino,595858,Pedro Henr ...,pedro_henrique_rinaldi,77,1,0,0,0,
2023,B,novorizontino,622434,Lucas,lucas_oliveira_brune,77,1,0,0,0,
2023,B,novorizontino,644881,Kaique,kaique,8,1,0,0,0,
2023,B,novorizontino,733043,Arthur,arthur_barbosa,6,1,0,0,0,
2023,B,novorizontino,796956,DAIKI,daiki_matsuoka,20,22,0,0,0,
2023,B,novorizontino,797546,BRYAN MARTIN,bryan_martin,21,10,0,0,0,
2023,B,ponte_preta,337241,Luan,luan_fernandes_ribeiro,30,21,0,0,0,
2023,B,ponte_preta,539483,Euller,euller_ribeiro_dos_santos,4,2,0,0,0,
2023,B,ponte_preta,589827,Eduardo,eduardo_da_silva_processo,5,6,0,0,0,
2023,B,ponte_preta,606085,Andre,andre,7,6,0,0,0,
2023,B,ponte_preta,644070,Nicolas,nicolas_araujo_da_silva,11,1,0,0,0,
2023,B,ponte_preta,671998,JOAO GABRIEL,joao_gabriel,14,2,0,0,0,
2023,B,sampaio_correa,567457,Eduardo Ma ...,eduardo_ma,32,7,0,0,0,
2023,B,sampaio_correa,616783,Junior,junior,5,2,0,0,0,
2023,B,sampaio_correa,646470,Jailson,jailson_almeida_filho,15,1,0,0,0,
2023,B,sampaio_correa,747292,Felipe Caua,felipe_caua_mafra_vieira,14,2,0,0,0,
2023,B,sport,354129,Joao Igor,joao_igor,28,9,0,0,0,
2023,B,sport,537209,Denival,denival,32,1,0,0,0,
2023,B,sport,591106,Matheus Mi ...,matheus_mi,58,2,0,0,0,
2023,B,sport,676481,Gean Carlos,gean_carlos,57,4,0,0,0,
2023,B,tombense,174925,Paulo Vitor,paulo_vitor_freitas_souza,26,2,0,0,0,
2023,B,tombense,567530,Jean,jean_carlos_batista,26,12,0,0,0,
2023,B,tombense,795907,Keyllon,keyllon,22,1,0,0,0,
2023,B,tombense,798410,Patricio,patricio,21,9,0,0,0,
2023,B,vila_nova,317454,Rickson,rickson,21,3,0,0,0,
2023,B,vila_nova,415008,Anderson,anderson,4,7,0,0,0,
2023,B,vila_nova,463995,Iago Mendo ...,iago_pereira_mendonca,14,1,0,0,0,
2023,B,vila_nova,502691,Christofer,christofer_alves,30,1,0,0,0,
2023,B,vila_nova,513441,Vitor Hugo,vitor_hugo,30,3,0,0,0,
2023,B,vila_nova,531704,Ulisses,ulisses,14,12,0,0,0,
2023,B,vila_nova,537357,DANIEL,daniel,17,5,0,0,0,
2023,B,vitoria,458971,Felippe,felippe_borges,16,5,0,0,0,
2023,B,vitoria,598960,Pedro,pedro,23,1,0,0,0,
2023,B,vitoria,629937,Charlys,charlys,21,2,0,0,0,
2023,B,vitoria,707096,FAU,fabio_soares_dos_santos,21,2,0,0,0,
2023,B,vitoria,793833,Nicolas Di ...,nicolas_di,19,1,0,0,0,
2024,B,brusque,177903,Matheus,matheus_nogueira_da_silva,1,37,37,37,3330,90.0
2024,B,goias,308316,Tadeu,tadeu_antonio_ferreira,23,37,37,37,3330,90.0
2024,B,mirassol,335362,Daniel,daniel,8,37,37,37,3261,88.1
2024,B,sport,313131,Caique,caique_franca_godoy,22,37,37,37,3258,88.1
2024,B,coritiba_s_a_f,613263,Pedro Morisco,pedro_morisco,72,37,36,36,3240,90.0
2024,B,crb,310382,Matheus Al ...,matheus_albino_carneiro,12,38,36,36,3240,90.0
2024,B,mirassol,177010,Alex Muralha,alex_muralha,23,36,36,36,3240,90.0
2024,B,vila_nova,451683,Denis Junior,denis_junior,26,37,36,36,3240,90.0
2024,B,avai,409084,Cesar,cesar,31,36,36,36,3219,89.4
2024,B,mirassol,527047,Carroll,carroll,34,36,36,36,3193,88.7
2024,B,america_saf,337261,Juninho,juninho,8,37,37,37,3171,85.7
2024,B,mirassol,376828,Lucas Ramon,lucas_ramon_batista_silva,19,37,37,37,3166,85.6
2024,B,gremio_novorizontino_saf,320196,Jordi,jordi_martins_almeida,93,35,35,35,3150,90.0
2024,B,coritiba_s_a_f,329952,Bruno,bruno_ferreira_melo,26,35,35,35,3121,89.2
2024,B,coritiba_s_a_f,559812,Natanael M ...,natanael_moreira_milouski,16,36,36,35,3098,86.1
2024,B,vila_nova,443663,Alesson,alesson,11,35,35,35,3084,88.1
2024,B,ceara,526916,Erick Pulga,erick_da_costa_farias,16,35,35,35,3065,87.6
2024,B,amazonas_fc,540636,Marcos,marcos,12,38,34,34,3060,90.0
2024,B,operario,431740,Willian Ma ...,willian_estefani_machado,4,34,34,34,3060,90.0
2024,B,paysandu,331982,Joao Vieira,joao_pedro_vieira,8,35,35,35,3055,87.3
2024,B,santos,178854,Gil,gil,4,34,34,34,3053,89.8
2024,B,guarani,506641,Matheus Bueno,matheus_bueno_batista,18,35,35,35,3041,86.9
2024,B,santos,334559,Diego Pituca,diego_cristiano_evaristo,21,35,35,34,3031,86.6
2024,B,avai,374251,Marcos Vin ...,marcos_vin,63,35,34,34,3029,89.1
2024,B,brusque,166649,Wallace Reis,wallace_reis_silva,4,34,34,34,2992,88.0
2024,B,amazonas_fc,304325,Fabiano,fabiano_da_silva_souza,6,35,34,34,2950,86.8
2024,B,vila_nova,582558,Jemmes,jemmes,3,36,34,33,2950,86.8
2024,B,ceara,655804,David,david,4,34,33,33,2940,89.1
2024,B,sport,331937,Lucas Lima,lucas_rafael_araujo_lima,19,35,35,35,2936,83.9
2024,B,avai,188260,Tiago,tiago_pagnussat,3,34,34,33,2928,86.1
2024,B,crb,581048,Léo Pereira,leo_pereira,38,34,34,34,2917,85.8
2024,B,santos,316640,João Schmidt,joao_schmidt,5,33,33,33,2907,88.1
2024,B,santos,816190,Escobar,gonzalo_daniel_escobar,31,33,33,33,2882,87.3
2024,B,ponte_preta,559363,Pedro,pedro,1,33,32,32,2880,90.0
2024,B,vila_nova,559119,Cris,cris,5,33,33,33,2871,87.0
2024,B,crb,182466,Anselmo Ramon,anselmo_ramon,9,36,35,32,2868,81.9
2024,B,ituano,335765,Je,je,12,33,32,32,2857,89.3
2024,B,america_saf,311988,Ale,alexandre_egea,16,35,34,34,2849,83.8
2024,B,goias,345210,Marcos,marcos,77,35,33,33,2828,85.7
2024,B,coritiba_s_a_f,645961,LUCAS RONIER,lucas_ronier_vieira_pires,98,35,33,32,2816,85.3
2024,B,operario,177436,Rafael Santos,rafael_de_carvalho_santos,1,31,31,31,2790,90.0
2024,B,brusque,183707,Rodolfo,gerson_rodolfo_da_silva,5,37,35,33,2761,78.9
2024,B,america_saf,327667,Ricardo Silva,ricardo_silva,45,33,32,32,2753,86.0
2024,B,crb,428683,Diogo,diogo_hereda_da_silva,32,34,33,31,2751,83.4
2024,B,ituano,308008,Claudinho,claudio_de_souza,15,35,31,31,2751,88.7
2024,B,ceara,355362,Aylon,aylon_darwin_tavella,11,36,36,32,2743,76.2
2024,B,gremio_novorizontino_saf,548978,Luis,luis_fellipe_campos_doria,25,33,31,29,2735,88.2
2024,B,amazonas_fc,541183,Serafim,matheus_bonadiman_serafim,11,33,33,33,2724,82.5
2024,B,sport,837018,FABRICIO,fabricio,8,33,33,33,2724,82.5
2024,B,mirassol,335012,Luiz Otavio,luiz_otavio,4,33,31,31,2710,87.4
2024,B,sport,420080,Luis,luis,94,33,32,31,2705,84.5
2024,B,santos,517633,Gabriel Br ...,gabriel_br,77,36,30,29,2682,89.4
2024,B,mirassol,311122,Guilherme  ...,guilherme,49,34,34,34,2679,78.8
2024,B,ceara,431101,Matheus Bahia,matheus_bahia_santos,79,34,32,31,2663,83.2
2024,B,botafogo,363149,Douglas Ba ...,douglas_ba,20,35,33,31,2662,80.7
2024,B,goias,429437,Jackson,jackson,20,31,31,31,2649,85.5
2024,B,ituano,542628,Miqueias,miqueias_cabral_evaristo,5,36,32,30,2626,82.1
2024,B,crb,398807,Falcão,falcao,98,36,34,33,2617,77.0
2024,B,vila_nova,500501,Elias,elias,2,32,31,30,2609,84.2
2024,B,santos,410547,Guilherme  ...,guilherme,11,31,31,30,2598,83.8
2024,B,mirassol,451258,Fernandinho,fernandinho,7,34,33,33,2596,78.7
2024,B,guarani,369639,Caio,caio,99,33,32,31,2591,81.0
2024,B,ituano,302774,Rodrigo,rodrigo,23,36,31,31,2578,83.2
2024,B,crb,310627,Gêge,geirton_marques_aires,8,33,33,30,2559,77.5
2024,B,america_saf,316223,Marlon,marlon,6,30,29,29,2557,88.2
2024,B,ituano,543481,Vinicius,vinicius,17,34,34,30,2555,75.1
2024,B,paysandu,360603,Lucas Maia,lucas_jaques_varone_maia,27,29,29,29,2538,87.5
2024,B,goias,540238,Lucas Ribeiro,lucas_ribeiro_dos_santos,14,33,29,28,2532,87.3
2024,B,amazonas_fc,567979,Enio,enio,22,36,32,29,2515,78.6
2024,B,amazonas_fc,778423,Alexis Ivan,alexis_ivan_alvarino,3,31,29,28,2493,86.0
2024,B,chapecoense,376599,Bruno Leon ...,bruno_leon,33,30,28,28,2483,88.7
2024,B,mirassol,335611,Gabriel,gabriel_santana_pinto,27,34,34,33,2482,73.0
2024,B,avai,335286,Mario Sergio,mario_sergio_valerio,33,28,28,28,2470,88.2
2024,B,chapecoense,305360,Marcinho,marcinho,7,31,31,31,2445,78.9
2024,B,gremio_novorizontino_saf,294484,Marlon,marlon_adriano_prezotti,28,35,33,28,2440,73.9
2024,B,ceara,757386,Rafael Ramos,rafael_ramos,6,37,28,28,2432,86.9
2024,B,amazonas_fc,462355,Miranda,miranda,15,33,27,27,2420,89.6
2024,B,ponte_preta,183975,Elvis,elvis_vieira_araujo,10,35,30,28,2418,80.6
2024,B,ceara,447205,de Lucca,de_lucca,8,36,32,29,2412,75.4
2024,B,paysandu,402841,Edilson,edilson,2,33,30,29,2409,80.3
2024,B,botafogo,610886,Emerson,emerson,7,35,33,27,2390,72.4
2024,B,ponte_preta,382612,Igor Inoce ...,igor_inoce,2,35,29,26,2390,82.4
2024,B,ceara,533963,Lourenço,lourenco,97,30,30,28,2377,79.2
2024,B,gremio_novorizontino_saf,190431,Rafael Donato,rafael_ferreira_donato,3,36,30,26,2358,78.6
2024,B,crb,461293,Joao Pedro,joao_pedro_mendes_santos,33,35,30,27,2356,78.5
2024,B,chapecoense,443387,Rafael Car ...,rafael_car,99,32,29,27,2351,81.1
2024,B,avai,318493,Giovanni,giovanni_piccolomo,8,32,32,31,2344,73.2
2024,B,america_saf,318115,Eder,eder_ferreira_graminho,33,34,26,25,2338,89.9
2024,B,avai,642656,Mauricio G ...,mauricio_garcez_de_jesus,11,34,32,26,2338,73.1
2024,B,america_saf,583842,Mateus,mateus,36,32,27,26,2318,85.9
2024,B,gremio_novorizontino_saf,300229,Waguininho,wagner_da_silva_souza,30,31,30,27,2314,77.1
2024,B,botafogo,500953,Bernardo,bernardo_schappo,4,32,31,27,2308,74.5
2024,B,mirassol,383527,Neto,neto,25,33,33,27,2304,69.8
2024,B,amazonas_fc,302436,Ezequiel,ezequiel_jacinto_de_biasi,13,34,27,26,2291,84.9
2024,B,sport,546794,Chrystian,chrystian,30,32,31,27,2285,73.7
2024,B,avai,682166,Vilar,gustavo_vilar_dos_santos,14,30,27,25,2279,84.4
2024,B,coritiba_s_a_f,337271,Matheus Fr ...,matheus_henrique_frizzo,10,36,31,28,2279,73.5
2024,B,ceara,291617,Richard,richard_de_oliveira_costa,1,26,26,26,2273,87.4
2024,B,vila_nova,168387,Ralf,ralf_de_souza_teles,8,29,27,27,2267,84.0
2024,B,guarani,400906,Jefferson  ...,jefferson,17,33,28,26,2245,80.2
2024,B,ponte_preta,453857,Castro,luiz_felipe_castro_neto,15,36,27,26,2245,83.1
2024,B,gremio_novorizontino_saf,500215,Patrick,patrick,4,31,26,26,2240,86.2
2024,B,brusque,355387,Cerato,marcos_vinicius_cerato,19,34,30,25,2237,74.6
2024,B,ceara,375896,Saulo,saulo_rodrigues_da_silva,73,30,30,26,2230,74.3
2024,B,santos,178486,Giuliano,giuliano_victor_de_paula,20,29,29,29,2230,76.9
2024,B,gremio_novorizontino_saf,383352,Neto,neto,9,37,31,25,2225,71.8
2024,B,avai,421180,Willian Ma ...,willian_ma,6,33,29,28,2219,76.5
2024,B,coritiba_s_a_f,820851,Sebastian  ...,sebastian_gomez_londono,19,29,28,26,2208,78.9
2024,B,paysandu,179934,Nicolas,nicolas_godinho_johann,11,29,28,27,2197,78.5
2024,B,sport,518992,Chico,chico,44,35,28,24,2195,78.4
2024,B,goias,512737,Welliton,welliton,31,35,32,28,2175,68.0
2024,B,ituano,422022,Jose Aldo,jose_aldo,8,33,28,26,2172,77.6
2024,B,chapecoense,430175,Mario Sergio,mario_sergio,89,29,29,25,2159,74.4
2024,B,ponte_preta,296302,Emerson Sa ...,emerson_sa,8,34,30,27,2129,71.0
2024,B,chapecoense,520331,Mancha,gianluca_piola_minozzo,6,28,24,24,2128,88.7
2024,B,guarani,436143,Joao Victor,joao_victor,19,29,28,25,2128,76.0
2024,B,ituano,318266,Thonny And ...,thonny_and,20,27,26,26,2125,81.7
2024,B,brusque,405535,Pivo,mateus_cardoso_francisco,99,27,26,25,2122,81.6
2024,B,gremio_novorizontino_saf,392562,Eduardo,eduardo_jacinto_de_biasi,21,36,29,26,2114,72.9
2024,B,guarani,352508,Luan,luan_dias_da_silva,10,29,27,26,2109,78.1
2024,B,guarani,295957,Douglas,douglas_silva_bacelar,23,29,25,23,2092,83.7
2024,B,paysandu,387358,Kevyn,kevyn,36,34,29,21,2091,72.1
2024,B,gremio_novorizontino_saf,405127,Reverson,reverson,16,37,27,23,2086,77.3
2024,B,vila_nova,432146,Rhuan,rhuan_ferreira_ramos,16,33,30,23,2086,69.5
2024,B,ponte_preta,836635,Gabriel Pa ...,gabriel_pa,33,31,25,24,2077,83.1
2024,B,sport,436949,Gustavo Co ...,gustavo_co,9,35,31,25,2073,66.9
2024,B,brusque,311522,Ianson,ianson_acosta_soares,3,35,24,22,2066,86.1
2024,B,santos,554728,Otero,romulo_otero_vasquez,22,36,34,25,2060,60.6
2024,B,crb,188643,Saimon,saimon_pains_tormen,4,25,23,23,2050,89.1
2024,B,botafogo,387314,Jean Victor,jean_victor_barros,6,34,32,23,2048,64.0
2024,B,sport,313474,R. Thyere,r_thyere,15,23,23,23,2039,88.7
2024,B,america_saf,336900,Fabinho,fabinho,28,34,34,25,2031,59.7
2024,B,chapecoense,340535,FOGUINHO,guilherme_seefeldt_krolow,35,31,27,25,2027,75.1
2024,B,botafogo,308427,Gustavo Bo ...,gustavo_bo,10,37,31,24,2026,65.4
2024,B,brusque,501491,Diego Mathias,diego_mathias_de_almeida,27,34,29,24,2019,69.6
2024,B,botafogo,614965,joao,joao_vitor_hipolito_costa,16,35,31,22,2010,64.8
2024,B,botafogo,395968,Patrick Brey,patrick_de_carvalho_brey,8,36,30,22,1997,66.6
2024,B,sport,837571,ORTIZ,cristian_jonatan_ortiz,59,33,29,23,1995,68.8
2024,B,america_saf,360921,Elias,elias_martello_curzel,1,35,22,22,1980,90.0
2024,B,botafogo,174755,Joao Carlos,joao_carlos_heidemann,12,32,22,22,1980,90.0
2024,B,operario,522753,Rodrigo An ...,rodrigo_antonio_rodrigues,7,27,24,24,1976,82.3
2024,B,guarani,316480,Matheus,matheus_salustiano_pires,13,22,22,22,1966,89.4
2024,B,mirassol,294382,Zeca,jose_carlos_cracco_neto,37,23,23,23,1953,84.9
2024,B,santos,693399,JP Chermont,joao_pedro_chermont_crema,44,31,28,22,1945,69.5
2024,B,ponte_preta,389034,Gabriel No ...,gabriel_novaes_fernandes,35,26,25,24,1942,77.7
2024,B,coritiba_s_a_f,402719,Marcelo,marcelo,4,35,23,23,1936,84.2
2024,B,paysandu,393872,Wanderson,wanderson_camelo_viana,4,32,23,21,1933,84.0
2024,B,avai,297781,Pedro Castro,pedro_castro,21,30,28,22,1930,68.9
2024,B,coritiba_s_a_f,292608,Mauricio,mauricio,5,33,25,21,1930,77.2
2024,B,goias,313001,Rafael Gava,rafael_gava,8,33,27,23,1925,71.3
2024,B,goias,346046,Sander,sander,6,25,22,22,1909,86.8
2024,B,goias,568353,Paulo Baya,paulo_baya,7,33,28,20,1908,68.1
2024,B,paysandu,836501,Quintana,quintana,3,27,22,22,1908,86.7
2024,B,amazonas_fc,633725,Diego Torres,diego_fabian_torres,8,34,30,21,1901,63.4
2024,B,goias,381149,Messias,messias,37,25,22,22,1896,86.2
2024,B,guarani,180622,Vladimir,vladimir,89,26,21,21,1890,90.0
2024,B,gremio_novorizontino_saf,342224,Rodrigo So ...,rodrigo_alves_soares,2,34,29,22,1883,64.9
2024,B,ponte_preta,319620,Sergio,sergio,6,32,23,22,1880,81.7
2024,B,ituano,315637,Marcinho,marcinho,13,22,22,21,1866,84.8
2024,B,gremio_novorizontino_saf,175223,Geovane,geovane_batista_de_faria,5,30,28,20,1846,65.9
2024,B,ceara,459744,Mugni,lucas_andres_mugni,10,33,30,23,1841,61.4
2024,B,coritiba_s_a_f,523074,Vini Paulista,vini_paulista,36,32,28,19,1816,64.9
2024,B,avai,358808,Ze Ricardo,ze_ricardo,77,26,23,20,1813,78.8
2024,B,amazonas_fc,622485,Barros,cauan_lucas_barros_da_luz,21,28,23,21,1808,78.6
2024,B,goias,291843,Edson Felipe,edson_felipe_da_cruz,19,28,27,19,1805,66.9
2024,B,vila_nova,305811,Igor,igor,18,28,23,22,1801,78.3
2024,B,chapecoense,456246,Edu Doma,edu_doma,3,28,22,20,1800,81.8
2024,B,ponte_preta,378323,Mateus Silva,mateus_ferreira_da_silva,4,25,21,20,1796,85.5
2024,B,ceara,502008,Matheus Fe ...,matheus_fe,42,30,22,19,1795,81.6
2024,B,vila_nova,178303,H. Almeida,h_almeida,19,36,31,21,1789,57.7
2024,B,operario,465929,Vinicius,vinicius,8,34,27,20,1786,66.1
2024,B,operario,393868,Para,para,6,31,24,21,1782,74.2
2024,B,botafogo,533772,Alexandre  ...,alexandre,9,25,22,21,1780,80.9
2024,B,botafogo,186135,Fabio Sanches,fabio_pizarro_sanches,16,32,22,21,1760,80.0
2024,B,ponte_preta,387255,Iago Dias,iago_angelo_dias,11,36,30,18,1755,58.5
2024,B,chapecoense,294486,Tarik,tarik,31,33,27,20,1742,64.5
2024,B,ponte_preta,450596,Vinicius,vinicius,7,36,31,19,1735,56.0
2024,B,chapecoense,319134,Marcelinho,marcelo_rodrigues_souza,79,28,22,19,1732,78.7
2024,B,brusque,463027,Dentinho,lucas_baptista_felix,10,25,24,20,1728,72.0
2024,B,mirassol,326622,Chico,francisco_hyun_sol_kim,10,37,35,17,1716,49.0
2024,B,ituano,640575,GUILHERME,guilherme_mariano_barbosa,14,21,19,19,1710,90.0
2024,B,paysandu,165094,Diogo Silva,diogo_silva,12,38,19,19,1710,90.0
2024,B,paysandu,415808,Matheus No ...,matheus_no,13,38,19,19,1710,90.0
2024,B,vila_nova,401315,Todinho,geremias_ribeiro_junior,7,26,26,24,1708,65.7
2024,B,operario,403078,Jacy Maran ...,jacy_maranhao_oliveira,55,33,25,19,1706,68.2
2024,B,sport,292282,Luciano Ca ...,luciano_castan_da_silva,40,36,22,19,1704,77.5
2024,B,santos,650119,Jair Paula,jair_paula_da_cunha_filho,32,24,19,19,1699,89.4
2024,B,gremio_novorizontino_saf,423003,Rodolfo,rodolfo,7,34,29,20,1680,57.9
2024,B,operario,382807,Joseph Mau ...,joseph_mau,30,35,20,18,1677,83.8
2024,B,brusque,360467,Paulo,paulo_roberto_moccelin,94,29,28,20,1665,59.5
2024,B,mirassol,462916,Negueba,negueba,11,25,24,22,1660,69.2
2024,B,chapecoense,168926,Matheus,matheus,26,31,19,19,1634,86.0
2024,B,paysandu,424585,Bryan,bryan_borges_mascarenhas,21,31,21,18,1623,77.3
2024,B,operario,427774,Emaxwell,emaxwell_souza_de_lima,77,29,24,19,1607,67.0
2024,B,coritiba_s_a_f,433565,Morelli,everton_morelli_casimiro,40,28,25,21,1606,64.2
2024,B,ituano,432666,Bruno,bruno_cesar_xavier_sislo,11,36,24,19,1602,66.8
2024,B,goias,540274,Juninho,juninho,50,28,25,19,1599,64.0
2024,B,goias,189822,Thiago Gal ...,thiago_gal,33,24,22,18,1598,72.6
2024,B,goias,168008,David Braz,david_braz,4,27,21,18,1591,75.8
2024,B,gremio_novorizontino_saf,335513,Renato,renato_palm_da_silveira,33,32,19,17,1589,83.6
2024,B,avai,153924,Vagner Love,vagner_silva_de_souza,9,24,24,19,1539,64.1
2024,B,paysandu,315023,Leandro Vi ...,leandro_vi,28,29,23,18,1526,66.3
2024,B,ponte_preta,448526,Matheus Regis,matheus_regis,77,33,29,16,1522,52.5
2024,B,coritiba_s_a_f,719313,RODRIGO,rodrigo_silva_nascimento,6,37,21,17,1519,72.3
2024,B,america_saf,643996,ADYSON,adyson,44,36,28,17,1516,54.1
2024,B,crb,391300,Willian,willian_prado_camargo,13,24,23,18,1500,65.2
2024,B,botafogo,459533,Matheus de ...,matheus_de_mello_costa,2,20,20,17,1499,75.0
2024,B,chapecoense,307432,Thomas,thomas,30,31,24,18,1499,62.5
2024,B,paysandu,837209,Esli Garcia,esli_garcia,15,38,28,14,1481,52.9
2024,B,amazonas_fc,177093,Rafa,rafa,10,33,28,19,1478,52.8
2024,B,amazonas_fc,337172,Sassa,luiz_ricardo_alves,99,32,26,17,1462,56.2
2024,B,brusque,302881,Everton,everton_paulo_strieder,2,27,19,17,1458,76.7
2024,B,ponte_preta,348257,Emerson,emerson_raymundo_santos,18,30,23,16,1450,63.0
2024,B,ponte_preta,674534,Jé,je,9,18,18,17,1446,80.3
2024,B,ceara,328312,Richardson,richardson,26,27,24,16,1442,60.1
2024,B,chapecoense,177092,Leo Vieira,leonardo_da_silva_vieira,12,16,16,16,1440,90.0
2024,B,crb,555571,Gustavo He ...,gustavo_henrique_santos,26,36,20,15,1434,71.7
2024,B,operario,338081,Bruno,bruno,5,34,23,18,1432,62.3
2024,B,guarani,454107,Gabriel Bispo,gabriel_bispo_dos_santos,33,21,19,17,1429,75.2
2024,B,amazonas_fc,622068,Jorge Jimenez,jorge_andres_roa_jimenez,5,28,21,15,1427,68.0
2024,B,sport,690534,Felipinho,felipinho,6,27,19,16,1424,74.9
2024,B,sport,350158,Dalbert,dalbert,29,29,21,17,1423,67.8
2024,B,crb,378811,Fabio Alemão,fabio_augusto_schirmann,3,16,16,16,1422,88.9
2024,B,sport,421778,Igor Carius,igor_aquino_da_silva,16,21,19,17,1399,73.6
2024,B,botafogo,463211,Wallison,wallison_nunes_silva,22,25,19,16,1384,72.8
2024,B,operario,318837,Thales,thales_bento_oleques,16,22,17,16,1383,81.4
2024,B,operario,383244,Ronald,ronald,31,31,26,15,1379,53.0
2024,B,avai,311146,Hygor,hygor_cleber_garcia_silva,7,23,22,18,1369,62.2
2024,B,paysandu,345678,Jean Dias,jean_dias_da_costa,22,29,27,17,1362,50.4
2024,B,amazonas_fc,433682,Erick Varao,erick_de_souza_miranda,20,21,17,16,1360,80.0
2024,B,america_saf,392189,Dalberson,dalberson,31,35,15,15,1350,90.0
2024,B,coritiba_s_a_f,559670,Figueiredo,figueiredo,22,34,25,14,1321,52.8
2024,B,america_saf,581782,Renato,renato,78,33,25,14,1303,52.1
2024,B,guarani,310646,Pacheco,guilherme_augusto_pacheco,28,19,18,15,1303,72.4
2024,B,guarani,460340,Airton Moises,airton_moises,30,19,18,17,1301,72.3
2024,B,coritiba_s_a_f,302768,Robson,robson,30,22,20,14,1294,64.7
2024,B,brusque,336063,Guilherme  ...,guilherme,17,29,24,17,1289,53.7
2024,B,operario,323819,Felipe Aug ...,felipe_aug,11,25,20,14,1284,64.2
2024,B,vila_nova,646848,Quintero,quintero,3,21,16,14,1281,80.1
2024,B,america_saf,347998,Brenner,brenner,9,25,24,16,1273,53.0
2024,B,botafogo,427213,Lucas,lucas_vinicius_dias_costa,3,15,15,14,1269,84.6
2024,B,ponte_preta,326727,Joilson,joilson,13,29,15,14,1264,84.3
2024,B,america_saf,351849,Lucas,lucas,3,22,14,14,1260,90.0
2024,B,guarani,464051,Heitor Rod ...,heitor_rod,2,27,23,14,1258,54.7
2024,B,america_saf,872812,Fernando E ...,fernando_e,5,20,18,16,1250,69.4
2024,B,guarani,610163,LUCAS,lucas_cardoso_adell,12,32,15,14,1247,83.1
2024,B,botafogo,387972,Ericson,ericson_da_silva,14,34,18,12,1242,69.0
2024,B,chapecoense,292205,Giovanni A ...,giovanni_a,10,30,22,14,1235,56.1
2024,B,coritiba_s_a_f,372403,Zé Gabriel,ze_gabriel,8,17,15,14,1229,81.9
2024,B,operario,633802,Daniel Alves,daniel_alves_de_lima,99,33,25,12,1211,48.4
2024,B,botafogo,876629,Sabit,sabit_abdulai,21,16,16,14,1207,75.4
2024,B,ituano,646646,Kauan,kauan_richard_leal_silva,16,26,15,14,1205,80.3
2024,B,amazonas_fc,320478,Diogo,diogo_da_costa_silva,4,14,14,13,1204,86.0
2024,B,operario,373841,Gabriel,gabriel_boschilia,16,16,16,14,1192,74.5
2024,B,santos,818504,Julio Furch,julio_cesar_furch,9,30,27,12,1186,43.9
2024,B,santos,515843,Wendel da  ...,wendel_da_silva_costa,19,15,15,15,1179,78.6
2024,B,botafogo,344228,Matheus Ba ...,matheus_barbosa_teixeira,5,17,17,15,1169,68.8
2024,B,chapecoense,532045,Mailton do ...,mailton_dos_santos_de_sa,98,32,22,11,1169,53.1
2024,B,ceara,836860,Recalde,recalde,28,31,27,10,1167,43.2
2024,B,botafogo,401299,Alex Sandro,alex_sandro_de_oliveira,11,24,21,14,1166,55.5
2024,B,crb,527542,Ryan,ryan,66,24,19,13,1159,61.0
2024,B,vila_nova,551796,Juan Chris ...,juan_chris,70,17,17,14,1159,68.2
2024,B,chapecoense,393400,João Paulo,joao_paulo,4,24,16,13,1158,72.4
2024,B,ituano,505613,Leozinho,leonardo_caetano_silva,20,37,26,12,1158,44.5
2024,B,sport,334457,Zé Roberto,ze_roberto,99,28,27,11,1156,42.8
2024,B,paysandu,836673,Borasi,benjamin_manuel_borasi,37,18,15,14,1149,76.6
2024,B,ceara,325261,Bruno,bruno,94,37,13,12,1147,88.2
2024,B,botafogo,316763,Victor And ...,victor_andrade_santos,11,15,14,13,1143,81.6
2024,B,brusque,370091,Alex Ruan,alex_ruan,66,16,15,14,1143,76.2
2024,B,vila_nova,420186,Vitor,vitor,15,26,21,11,1128,53.7
2024,B,goias,381191,Luiz Henrique,luiz_henrique,88,28,21,11,1123,53.5
2024,B,america_saf,178704,Moises,moises_lima_magalhaes,15,32,24,12,1120,46.7
2024,B,paysandu,608651,Ruan Ribeiro,ruan_ribeiro_rodrigues,26,30,20,12,1114,55.7
2024,B,coritiba_s_a_f,450033,Junior Bru ...,junior_bru,9,19,17,13,1107,65.1
2024,B,ituano,305721,Guilherme  ...,guilherme,6,16,14,12,1105,78.9
2024,B,gremio_novorizontino_saf,337894,Fabricio,fabricio_daniel_de_souza,77,34,21,13,1096,52.2
2024,B,gremio_novorizontino_saf,180083,Willian Fa ...,willian_roberto_de_farias,8,31,21,12,1094,52.1
2024,B,brusque,350705,Dionisio,dionisio,7,35,19,11,1090,57.4
2024,B,ceara,331532,Rai,rai_dos_reis_ramos,2,37,23,11,1083,47.1
2024,B,ituano,386746,Walber,walber,3,16,13,12,1081,83.2
2024,B,paysandu,432391,Paulinho Boia,paulinho_boia,9,20,18,12,1081,60.1
2024,B,crb,793896,Luis Segovia,luis_segovia,3,13,12,12,1080,90.0
2024,B,mirassol,438977,Lucas Gazal,lucas_xavier_gazal,3,37,18,10,1080,60.0
2024,B,crb,509540,Kleiton,kleiton_pego_duarte,75,23,19,12,1077,56.7
2024,B,operario,298995,Alemao,fagner_ironi_daponte,21,22,14,11,1075,76.8
2024,B,america_saf,540989,Rodrigo,rodrigo,75,25,15,12,1074,71.6
2024,B,santos,510781,Joaquim,joaquim,6,13,12,12,1067,88.9
2024,B,ponte_preta,509192,Luiz Felip ...,luiz_felip,14,17,13,13,1060,81.5
2024,B,coritiba_s_a_f,528144,Jamerson,jamerson_santos_de_jesus,83,30,16,11,1055,65.9
2024,B,crb,311439,Mike,mike,7,35,26,11,1053,40.5
2024,B,ponte_preta,355149,Ramon Carv ...,ramon_rodrigo_de_carvalho,21,31,19,12,1049,55.2
2024,B,avai,371170,João Paulo,joao_paulo_da_silva_alves,19,29,20,10,1045,52.2
2024,B,brusque,880761,AGUSTIN,agustin_gonzalez_pereira,14,14,14,13,1042,74.4
2024,B,operario,184455,Rodrigo,rodrigo_oliveira_lindoso,19,20,18,11,1036,57.6
2024,B,paysandu,172189,Robinho,robson_michael_signorini,20,26,20,14,1035,51.8
2024,B,amazonas_fc,393761,Renan Castro,renan_santos_de_castro,16,30,16,10,1029,64.3
2024,B,america_saf,600810,Felipe Amaral,felipe_amaral,19,38,22,11,1023,46.5
2024,B,ceara,402095,Ramon Menezes,ramon_menezes_roma,40,31,14,13,1013,72.4
2024,B,crb,324513,Matheus Ri ...,matheus_antunes_ribeiro,2,36,21,9,1010,48.1
2024,B,gremio_novorizontino_saf,457375,Paulo Vitor,paulo_vitor,75,14,13,11,1003,77.2
2024,B,america_saf,322852,Daniel Borges,daniel_fortunato_borges,20,34,16,11,1002,62.6
2024,B,mirassol,581767,Warley,warley_leandro_da_silva,28,13,12,12,978,81.5
2024,B,chapecoense,307366,Marlone,marlone,8,33,22,9,977,44.4
2024,B,ponte_preta,380640,Dudu Vieira,dudu_vieira,5,16,14,10,968,69.1
2024,B,santos,166061,Willian Du ...,willian_gomes_de_siqueira,27,33,28,9,957,34.2
2024,B,botafogo,542573,Raphael,raphael_rodrigues_borges,3,14,11,11,954,86.7
2024,B,guarani,323184,Anderson,anderson_leite_morais,5,28,20,11,954,47.7
2024,B,crb,779885,FACUNDO,facundo_labandeira_castro,30,29,20,11,948,47.4
2024,B,coritiba_s_a_f,880608,Josue,josue,27,15,14,13,941,67.2
2024,B,brusque,882317,JHAN POOL,jhan_pool_torres_canate,16,14,14,10,936,66.9
2024,B,avai,554480,Rodrigo,rodrigo,72,14,12,12,935,77.9
2024,B,guarani,429853,Léo Santos,leo_santos,3,17,11,10,927,84.3
2024,B,botafogo,504858,Carlos Manuel,carlos_manuel,15,36,17,9,925,54.4
2024,B,santos,402405,Hayner,hayner,3,28,21,9,921,43.9
2024,B,avai,301087,Pottker,pottker,10,24,19,8,920,48.4
2024,B,vila_nova,379541,Arilson,arilson,18,17,14,11,911,65.1
2024,B,ituano,291429,Yann Rolim,yann_del_pino_rolim,18,29,16,11,906,56.6
2024,B,paysandu,538202,Juninho,juninho,14,30,16,12,902,56.4
2024,B,ceara,837033,Facundo Ba ...,facundo_barcelo_viera,31,29,23,9,901,39.2
2024,B,chapecoense,341763,Auremir,auremir,5,29,17,10,901,53.0
2024,B,guarani,293383,Pegorari,pegorari,1,14,10,10,900,90.0
2024,B,avai,350723,Jonathan C ...,jonathan_c,95,26,12,10,889,74.1
2024,B,amazonas_fc,399776,Luan,luan_santos_silva,9,14,14,11,888,63.4
2024,B,operario,298282,Ronaldo,ronaldo_henrique_silva,90,23,18,11,888,49.3
2024,B,paysandu,444950,Val,val,30,33,17,9,887,52.2
2024,B,coritiba_s_a_f,552216,Thalisson  ...,thalisson,14,30,11,10,884,80.4
2024,B,ituano,337491,Salatiel Jr,salatiel_jr,19,23,18,9,884,49.1
2024,B,brusque,522740,Paulinho,paulinho,28,12,12,11,880,73.3
2024,B,chapecoense,621854,JP Galvão,jp_galvao,57,15,13,10,880,67.7
2024,B,gremio_novorizontino_saf,292592,Lucca,lucca_borges_de_brito,11,26,21,7,875,41.7
2024,B,america_saf,406246,Nicolas,nicolas,30,32,15,9,862,57.5
2024,B,operario,306691,Allan Godoy,allan_godoi_santos,3,17,11,11,859,78.1
2024,B,goias,551111,Breno,breno_herculano_almeida,18,26,17,8,858,50.5
2024,B,operario,749043,Santiago O ...,santiago_ocampos_ibarra,37,21,11,9,854,77.6
2024,B,mirassol,392650,Iury,iury,77,18,17,8,850,50.0
2024,B,santos,305977,Serginho,serginho,37,32,18,9,846,47.0
2024,B,vila_nova,359865,Luciano,luciano_francisco_paulino,10,31,19,8,843,44.4
2024,B,operario,520881,Pedro Lucas,pedro_lucas,70,23,16,9,838,52.4
2024,B,chapecoense,581989,Habraão,habraao,28,17,10,9,837,83.7
2024,B,paysandu,540839,Juan Cazares,juan_cazares,10,14,12,10,832,69.3
2024,B,crb,379397,Romulo,romulo_da_silva_machado,17,35,23,10,828,36.0
2024,B,brusque,331248,Diego,diego_barbosa_tavares,11,37,28,4,825,29.5
2024,B,ituano,619973,Leo Oliveira,leo_oliveira,13,23,15,10,819,54.6
2024,B,brusque,879513,POLLERO,rodrigo_pollero_lopez,99,11,11,10,814,74.0
2024,B,avai,313767,Judson,judson_silva_tavares,93,27,14,10,813,58.1
2024,B,ceara,615235,Joao Pedro,joao_pedro,3,19,9,9,810,90.0
2024,B,goias,432199,Rildo,rildo,80,20,15,10,808,53.9
2024,B,amazonas_fc,312572,Xavier,xavier,17,25,14,9,802,57.3
2024,B,operario,345443,Lucas Hipo ...,lucas_hipo,13,26,11,9,802,72.9
2024,B,ponte_preta,351498,Everton,everton_sidnei_de_brito,29,23,14,8,799,57.1
2024,B,vila_nova,396317,Geovane,geovane_da_silva_de_souza,22,12,12,10,796,66.3
2024,B,sport,320951,Alisson Ca ...,alisson_ca,12,34,10,9,788,78.8
2024,B,paysandu,308421,Matheus Tr ...,matheus_tr,38,17,12,9,781,65.1
2024,B,paysandu,367731,Netinho,netinho,5,31,24,6,779,32.5
2024,B,chapecoense,655546,Italo,italo_de_vargas_da_rosa,37,14,13,8,771,59.3
2024,B,sport,306146,Wellington ...,wellington_alves_da_silva,18,21,18,7,768,42.7
2024,B,coritiba_s_a_f,291866,Leandro Da ...,leandro_da,9,12,12,10,761,63.4
2024,B,mirassol,354923,Isaque,isaque_elias_brito,14,34,16,8,759,47.4
2024,B,guarani,315945,Diogo,diogo,13,13,11,8,753,68.5
2024,B,guarani,411070,Marlon,marlon,8,26,21,7,752,35.8
2024,B,vila_nova,619065,EMERSON,emerson_lima_freitas,17,34,20,8,750,37.5
2024,B,america_saf,435809,Matheus Davó,matheus_davo,88,18,14,9,748,53.4
2024,B,ituano,465413,Eduardo Pe ...,eduardo_luiz_person,10,15,13,8,731,56.2
2024,B,ponte_preta,307569,Nilson Junior,nilson_junior,44,22,9,7,727,80.8
2024,B,botafogo,299833,Victor Souza,victor_souza,24,15,8,8,720,90.0
2024,B,botafogo,351839,Michael,michael_matias_fracaro,1,35,8,8,720,90.0
2024,B,chapecoense,881479,Walter Clar,walter_david_clar_fritz,37,15,8,8,715,89.4
2024,B,gremio_novorizontino_saf,315834,Pablo Dyego,pablo_dyego_da_silva_rosa,70,13,11,8,715,65.0
2024,B,gremio_novorizontino_saf,531144,Leonardo,leonardo,19,27,15,7,714,47.6
2024,B,amazonas_fc,178620,Patric,patric_cabral_lalau,2,8,8,8,712,89.0
2024,B,operario,462755,Gabriel Fe ...,gabriel_fe,27,14,10,7,711,71.1
2024,B,brusque,422344,Luiz Henrique,luiz_henrique,21,18,15,8,708,47.2
2024,B,gremio_novorizontino_saf,312663,Cesar,cesar_henrique_martins,37,11,10,9,706,70.6
2024,B,brusque,379565,Jhemerson,jhemerson,8,24,14,8,702,50.1
2024,B,ituano,415195,Leonardo,leonardo,2,25,15,6,694,46.3
2024,B,botafogo,190417,Fillipe So ...,fillipe_so,18,37,18,5,693,38.5
2024,B,operario,310743,Paraíba,paraiba,88,30,14,7,693,49.5
2024,B,brusque,346659,Olavio,olavio,9,14,12,8,685,57.1
2024,B,gremio_novorizontino_saf,460331,Igor Marqu ...,igor_marqu,31,22,16,7,680,42.5
2024,B,ponte_preta,671998,JOAO GABRIEL,joao_gabriel,20,22,10,7,679,67.9
2024,B,sport,741363,Pedro Lima,pedro_lima,54,8,8,8,674,84.2
2024,B,guarani,183873,Camacho,camacho,14,11,9,8,673,74.8
2024,B,vila_nova,293325,Dankler,dankler,23,11,8,7,667,83.4
2024,B,ituano,176196,Eduardo Diniz,eduardo_jose_diniz_costa,6,9,8,8,663,82.9
2024,B,avai,303063,Natanael,natanael_batista_pimenta,25,29,16,6,649,40.6
2024,B,operario,359819,Savio,savio_alves_marchiote,23,21,10,8,644,64.4
2024,B,vila_nova,463527,Joao,joao,18,32,21,4,633,30.1
2024,B,goias,307405,Edu,edu,99,18,13,8,632,48.6
2024,B,paysandu,604967,Carlão,carlao,23,24,9,7,632,70.2
2024,B,botafogo,551154,Jonas Toró,jonas_toro,19,21,17,6,626,36.8
2024,B,brusque,335599,Osman Junior,osman_junior,80,22,16,4,623,38.9
2024,B,guarani,527941,Reinaldo,reinaldo,20,31,20,6,620,31.0
2024,B,sport,882066,JULIAN,julian_rodrigo_fernandez,5,14,9,7,615,68.3
2024,B,ceara,378268,Jean,jean,5,36,14,6,611,43.6
2024,B,paysandu,377355,Edinho,edinho,18,19,12,7,603,50.2
2024,B,sport,553984,Lenny,lenny,77,24,14,6,600,42.9
2024,B,amazonas_fc,559140,Pará,luis_felipe_rebelo_costa,20,29,13,7,599,46.1
2024,B,avai,338491,Ronaldo,ronaldo,28,36,17,4,598,35.2
2024,B,operario,544426,Mingotti,mingotti,9,10,10,8,594,59.4
2024,B,guarani,620656,Luccas,luccas_paraizo_feitosa,7,18,13,5,588,45.2
2024,B,america_saf,695297,Martin Ben ...,martin_nicolas_benitez,10,10,10,7,587,58.7
2024,B,santos,674772,Weslley,weslley_pinto_batista,42,17,13,6,587,45.2
2024,B,chapecoense,419436,Pedro,pedro_henrique_perotti,9,21,15,6,586,39.1
2024,B,america_saf,567698,Jacare,jacare,29,21,15,5,577,38.5
2024,B,crb,300394,Wanderson,wanderson_santos_pereira,37,16,7,7,577,82.4
2024,B,america_saf,532986,Wallisson,wallisson,77,28,19,4,575,30.3
2024,B,guarani,410715,Emerson,emerson,6,15,9,6,575,63.9
2024,B,amazonas_fc,310101,Bruno,bruno_henrique_lopes,9,26,16,5,567,35.4
2024,B,avai,556082,Gaspar,gaspar,20,24,8,7,564,70.5
2024,B,ceara,591665,Paulo Victor,paulo_victor,21,20,12,5,563,46.9
2024,B,goias,775434,Jhon Vasquez,jhon_vasquez,27,14,13,6,559,43.0
2024,B,santos,362877,Joao Paulo,joao_paulo_silva_martins,1,8,7,7,558,79.7
2024,B,vila_nova,641068,ERIC,eric_almeida_de_melo,14,9,8,6,558,69.8
2024,B,santos,542491,Pedrinho,pedrinho,7,22,14,5,557,39.8
2024,B,chapecoense,442668,Jhonnathan,jhonnathan,32,18,7,6,556,79.4
2024,B,ituano,300856,Luiz Gustavo,luiz_gustavo,15,17,7,6,552,78.9
2024,B,america_saf,175557,Felipe Aze ...,felipe_azevedo_dos_santos,11,21,16,4,550,34.4
2024,B,sport,413857,Romarinho,romarinho,11,10,8,7,550,68.8
2024,B,coritiba_s_a_f,656428,GUILHERME  ...,guilherme_brandao_azevedo,21,33,19,3,544,28.6
2024,B,guarani,622581,Yan Henrique,yan_henrique,29,19,7,6,543,77.6
2024,B,operario,394441,Gabriel Me ...,gabriel_me,91,35,6,6,540,90.0
2024,B,ponte_preta,836841,Luis Haquin,luis_haquin,23,10,6,6,540,90.0
2024,B,brusque,442951,Marcelo,marcelo_nunes_correa,12,19,8,6,539,67.4
2024,B,mirassol,345933,Alex Silva,alex_da_silva,2,36,24,2,537,22.4
2024,B,santos,406738,Rodrigo Fe ...,rodrigo_ferreira_da_silva,29,28,14,5,532,38.0
2024,B,mirassol,168982,Leo Gamalho,leonardo_gamalho_de_souza,99,20,17,4,530,31.2
2024,B,santos,294407,Joao Basso,joao_othavio_basso,15,21,7,6,528,75.4
2024,B,botafogo,306149,Leandro,leandro,9,12,11,5,527,47.9
2024,B,ituano,380308,Marcel,marcel,4,12,8,6,507,63.4
2024,B,sport,733551,FABIO,fabio,47,27,14,5,500,35.7
2024,B,ituano,523897,Xavier,xavier,23,16,10,5,498,49.8
2024,B,ponte_preta,306019,Renato,renato,19,25,15,5,493,32.9
2024,B,goias,614954,Diego Caito,diego_caito,22,24,8,5,490,61.2
2024,B,gremio_novorizontino_saf,313755,Danilo Bar ...,danilo_carvalho_barcelos,14,38,12,5,490,40.8
2024,B,america_saf,606805,Julio,julio,18,29,7,5,489,69.9
2024,B,ponte_preta,544845,Hudson,hudson,80,19,10,4,488,48.8
2024,B,brusque,188472,Cristovam,cristovam,22,14,11,6,487,44.3
2024,B,ituano,453964,Zé Eduardo,jose_eduardo_de_andrade,19,16,11,5,486,44.2
2024,B,paysandu,540808,Luan Freitas,luan_freitas,35,27,9,5,481,53.4
2024,B,vila_nova,876342,Eric Davis,eric_davis,6,7,7,6,480,68.6
2024,B,ituano,345455,Saulo,saulo_ferreira_silva,1,27,6,5,473,78.8
2024,B,brusque,333809,Mauricio,mauricio,28,22,7,5,469,67.0
2024,B,sport,527541,Pedrinho,pedro_veronez_vilhena,17,28,16,2,468,29.2
2024,B,coritiba_s_a_f,521903,Wesley Pomba,wesley_pomba,57,32,16,4,463,28.9
2024,B,amazonas_fc,162504,Jo,joao_alves_de_assis_silva,7,13,11,5,461,41.9
2024,B,crb,387443,Bilu,rafael_bilu_mudesto,10,20,13,3,455,35.0
2024,B,sport,175065,Fabinho,fabio_goncalves,7,35,12,4,453,37.8
2024,B,ponte_preta,337241,Luan,luan_fernandes_ribeiro,30,22,5,5,450,90.0
2024,B,vila_nova,170178,Anderson C ...,anderson_c,4,6,5,5,450,90.0
2024,B,goias,305723,Regis,regis_augusto_salmazzo,10,17,14,4,446,31.9
2024,B,paysandu,646477,Yony Gonzalez,yony_gonzalez,99,7,7,5,446,63.7
2024,B,goias,396450,Aloisio,aloisio_de_souza_genezio,16,15,7,5,440,62.9
2024,B,crb,536040,Marco Antonio,marco_antonio,35,16,8,5,437,54.6
2024,B,avai,590697,Pedrinho,pedrinho,27,26,19,2,434,22.8
2024,B,goias,526646,Douglas,douglas_da_silva_teixeira,36,9,6,5,434,72.3
2024,B,ceara,708728,Lucas,lucas,77,23,14,4,431,30.8
2024,B,brusque,310725,Lorran,lorran,70,11,7,5,430,61.4
2024,B,botafogo,543706,Thassio Melo,thassio_melo,13,27,7,4,429,61.3
2024,B,operario,461356,Nathan Fogaca,nathan_uiliam_fogaca,20,12,11,3,428,38.9
2024,B,gremio_novorizontino_saf,181172,Raul,raul_prata,22,21,6,5,426,71.0
2024,B,vila_nova,501939,Gabriel Silva,gabriel_santos_silva,20,14,12,3,421,35.1
2024,B,ceara,742015,Jonathan,jonathan_de_jesus_alves,55,9,5,4,419,83.8
2024,B,crb,598606,João Neto,joao_neto,35,21,17,3,417,24.5
2024,B,gremio_novorizontino_saf,621114,Lucas Cardoso,lucas_cardoso_moreira,99,23,9,4,414,46.0
2024,B,sport,410105,Allyson,allyson_aires_dos_santos,2,19,7,4,413,59.0
2024,B,brusque,412193,Keké,paulo_de_souza_junior,18,19,10,4,407,40.7
2024,B,america_saf,551333,Daniel JR,daniel_jr,80,12,9,4,401,44.6
2024,B,santos,541292,Sandry,sandry,23,31,9,5,401,44.6
2024,B,sport,820344,ROBERTO,roberto,28,15,6,5,398,66.3
2024,B,crb,299778,Chay,chay,14,15,12,3,396,33.0
2024,B,mirassol,429655,Rodrigo An ...,rodrigo_an,32,12,12,3,396,33.0
2024,B,goias,184600,Wellington,wellington,5,28,8,5,395,49.4
2024,B,ituano,291855,Neto Berola,neto_berola,23,25,16,3,394,24.6
2024,B,brusque,326257,Anderson Rosa,anderson_rosa,70,12,6,4,391,65.2
2024,B,guarani,548055,Pierre Wagner,pierre_wagner,47,15,9,4,388,43.1
2024,B,crb,630496,Darlisson,darlisson,34,30,5,4,384,76.8
2024,B,amazonas_fc,307680,Wiliam Barbio,wiliam_silva_gomes_barbio,19,37,13,3,383,29.5
2024,B,amazonas_fc,716563,COCOTE,cocote,26,18,14,2,380,27.1
2024,B,goias,460566,Nathan,nathan_melo_silva,70,36,11,4,380,34.5
2024,B,mirassol,311813,Quirino,diego_de_souza_quirino,9,20,16,1,378,23.6
2024,B,vila_nova,345043,Denilson,denilson_pereira_junior,9,13,10,2,377,37.7
2024,B,goias,839072,Angelo,angelo,9,21,13,4,374,28.8
2024,B,guarani,593597,MARLON MAR ...,marlon_mar,77,16,9,3,370,41.1
2024,B,crb,613097,RAI,rai_da_silva_pessanha,16,26,7,4,369,52.7
2024,B,crb,350899,Getulio,getulio,37,22,9,3,366,40.7
2024,B,crb,355781,Caio,caio,6,13,11,3,366,33.3
2024,B,amazonas_fc,387530,Matheus,matheus_santos_soares,23,13,6,4,364,60.7
2024,B,avai,188990,Alan Costa,alan_henrique_costa,5,25,6,4,360,60.0
2024,B,brusque,438425,Gabriel,gabriel_barbosa_pinheiro,12,14,4,4,360,90.0
2024,B,coritiba_s_a_f,556855,Geovane Me ...,geovane_santana_meurer,38,26,10,3,360,36.0
2024,B,guarani,184332,Douglas,douglas_borges,31,26,4,4,360,90.0
2024,B,vila_nova,612652,Ruan Matheus,ruan_matheus,23,5,4,4,360,90.0
2024,B,goias,316729,Mateus Gon ...,mateus_goncalves_martins,11,8,7,4,357,51.0
2024,B,goias,352000,Reynaldo,reynaldo_cesar_moraes,29,18,6,4,357,59.5
2024,B,brusque,424347,Madison,madison_araujo_costa,33,29,12,2,349,29.1
2024,B,sport,795731,Di Placido,leonel_di_placido,20,14,10,3,349,34.9
2024,B,guarani,434877,Lucas Araujo,lucas_araujo_de_oliveira,21,31,9,3,345,38.3
2024,B,brusque,316480,Matheus,matheus_salustiano_pires,6,12,4,3,338,84.5
2024,B,guarani,335954,Bruno,bruno_felipe_de_oliveira,40,8,7,4,337,48.1
2024,B,ponte_preta,451549,Roca,heitor_roca_santo,5,9,4,4,334,83.5
2024,B,amazonas_fc,616783,Junior,junior,15,6,5,5,333,66.6
2024,B,goias,610404,Ian,ian_luccas_baroni_boetto,25,20,11,2,331,30.1
2024,B,santos,826932,Morelos,morelos,30,8,6,4,331,55.2
2024,B,brusque,443894,Ronei,ronei_gebing,15,20,8,2,329,41.1
2024,B,botafogo,606130,Bruno Marques,bruno_marques,21,19,11,2,328,29.8
2024,B,avai,546683,Andrey,andrey,78,14,10,3,324,32.4
2024,B,santos,291939,Aderlan,aderlan_de_lima_silva,13,9,4,4,324,81.0
2024,B,paysandu,179288,Michel,michel,16,18,9,2,323,35.9
2024,B,amazonas_fc,605794,Igor Bolt,igor_luiz_costa_lemos,11,23,11,2,304,27.6
2024,B,ceara,836859,Facundo Ca ...,facundo_ca,7,22,7,3,299,42.7
2024,B,chapecoense,551564,Thayllon,thayllon_lopes_medeiros,39,12,8,3,298,37.2
2024,B,operario,442672,Guilherme  ...,guilherme,22,11,10,2,298,29.8
2024,B,coritiba_s_a_f,581520,Matheus,matheus_henrique_bianqui,18,35,16,1,297,18.6
2024,B,guarani,430440,Lohan,lohan_dos_santos_freire,39,13,9,1,297,33.0
2024,B,crb,320593,Jorge,jorge,11,15,8,3,295,36.9
2024,B,operario,509191,M,m,20,23,11,2,292,26.5
2024,B,vila_nova,172576,Apodi,apodi,22,33,18,1,289,16.1
2024,B,sport,459864,Alan Ruiz,alan_nahuel_ruiz,10,6,5,3,288,57.6
2024,B,ituano,590937,Poz,vinicius_poz_villas_boas,6,10,6,3,287,47.8
2024,B,coritiba_s_a_f,548446,Jhonny,jhonny_cardinoti_pedro,43,33,7,3,286,40.9
2024,B,ituano,523677,Gabriel,gabriel,18,32,14,2,282,20.1
2024,B,operario,711594,Filipe Cla ...,filipe_cla,38,21,9,2,277,30.8
2024,B,avai,338185,Poveda,gabriel_buscariol_poveda,9,12,6,2,275,45.8
2024,B,vila_nova,523789,Vanderley,vanderley,3,9,5,3,275,55.0
2024,B,operario,320834,Cassinho,cassinho,10,9,6,3,273,45.5
2024,B,vila_nova,678455,Rian,rian_caio_fleuri_pacheco,21,10,4,3,273,68.2
2024,B,crb,617935,Lucas Kallyel,lucas_kallyel,19,22,6,2,272,45.3
2024,B,amazonas_fc,296573,Edson,edson,1,17,3,3,270,90.0
2024,B,gremio_novorizontino_saf,332840,Airton,airton_moraes_michellon,1,37,3,3,270,90.0
2024,B,ituano,456884,Joao Carlos,joao_carlos_barros_lopes,17,12,11,2,270,24.5
2024,B,operario,310646,Pacheco,guilherme_augusto_pacheco,28,6,3,3,270,90.0
2024,B,chapecoense,456887,Marcelinho,marcelinho,11,17,9,3,267,29.7
2024,B,goias,363313,Cristiano,cristiano_da_silva_leite,12,18,8,2,266,33.2
2024,B,america_saf,312048,Vinicius,vinicius_santos_silva,7,19,11,1,265,24.1
2024,B,guarani,642018,Yuji,yuji,32,9,4,3,265,66.2
2024,B,ceara,516214,Guilherme  ...,guilherme,99,13,10,2,260,26.0
2024,B,ituano,360598,Bruno Alves,bruno_alves_de_souza,9,15,5,2,260,52.0
2024,B,guarani,299778,Chay,chay,11,4,4,2,258,64.5
2024,B,guarani,184819,Rayan,rayan_poltronieri_pereira,4,7,3,3,253,84.3
2024,B,guarani,532559,Pedro Henr ...,pedro_henr,15,15,3,3,252,84.0
2024,B,santos,802130,Nacho Laqu ...,nacho_laqu,66,13,9,2,252,28.0
2024,B,ituano,541189,Alvaro Oli ...,alvaro_vieira_de_oliveira,19,15,9,2,248,27.6
2024,B,coritiba_s_a_f,609955,Eberth,eberth_araujo_nogueira,77,10,5,2,242,48.4
2024,B,paysandu,436567,Leo Pereira,leo_pereira,34,18,6,2,242,40.3
2024,B,coritiba_s_a_f,566788,Yago,yago_de_paula_ferreira,17,17,5,2,241,48.2
2024,B,santos,823241,Tomás Rinc ...,tomas_rinc,8,25,10,2,240,24.0
2024,B,ponte_preta,178402,Ze Mario,jose_mario_de_bona,31,14,4,2,239,59.8
2024,B,sport,501375,Pedro,pedro,48,21,5,2,238,47.6
2024,B,avai,308283,Jean Lucas,jean_lucas_figueiredo,29,19,12,0,232,19.3
2024,B,goias,599806,YAN,yan_da_cruz_souto,3,14,4,2,224,56.0
2024,B,santos,711253,Souza,souza,33,23,7,2,224,32.0
2024,B,amazonas_fc,355990,Sidcley,sidcley_ferreira_pereira,16,16,10,1,222,22.2
2024,B,operario,531717,Dudu,eduardo_scheit,29,7,5,4,215,43.0
2024,B,sport,609350,Luciano,luciano_silva_santos,43,17,5,3,215,43.0
2024,B,avai,539977,Gabriel Ba ...,gabriel_de_sousa_barros,80,11,4,2,214,53.5
2024,B,vila_nova,636831,Vitor Graz ...,vitor_graz,13,12,3,2,211,70.3
2024,B,ituano,529923,Victor Mat ...,victor_mat,14,10,3,2,210,70.0
2024,B,ituano,629262,Marlinho,marlinho,21,12,7,1,206,29.4
2024,B,avai,364092,Roberto,roberto_pinheiro_da_rosa,4,24,5,2,202,40.4
2024,B,sport,558560,Riquelme,riquelme,45,10,6,1,199,33.2
2024,B,amazonas_fc,392058,Cametá,tiago_coelho_andrade,13,19,4,3,198,49.5
2024,B,avai,611457,Gustavo Ta ...,gustavo_talles_da_silva,82,17,3,2,195,65.0
2024,B,vila_nova,515816,Du Fernandes,du_fernandes,21,9,5,2,194,38.8
2024,B,operario,293440,Marcelo Ci ...,marcelo_cirino_da_silva,25,3,3,3,190,63.3
2024,B,vila_nova,869756,Alex Silva,alex_silva_quiroga,21,16,4,2,189,47.2
2024,B,avai,316737,Ademilson,ademilson,99,15,9,1,187,20.8
2024,B,botafogo,401976,Pedro Costa,pedro_costa,13,6,3,2,187,62.3
2024,B,santos,318682,Luan Peres,luan_peres_petroni,14,10,4,2,185,46.2
2024,B,botafogo,403850,Robinho,robinho,17,7,5,2,183,36.6
2024,B,ceara,641068,ERIC,eric_almeida_de_melo,14,18,3,2,183,61.0
2024,B,coritiba_s_a_f,610699,Benassi,benassi,67,36,2,2,180,90.0
2024,B,crb,442225,Vitor,vitor_caetano_ferreira,1,38,2,2,180,90.0
2024,B,guarani,328820,Mancini,matheus_mancini,3,6,2,2,180,90.0
2024,B,guarani,548910,Frederico,frederico_meireles_conte,50,3,2,2,180,90.0
2024,B,mirassol,177770,Vanderlei,vanderlei_farias_da_silva,1,34,2,2,180,90.0
2024,B,vila_nova,461723,Halls,halls,30,35,2,2,180,90.0
2024,B,ponte_preta,565679,Edson Rogerio,edson_rogerio,3,15,4,2,179,44.8
2024,B,mirassol,519525,Marcos Silva,marcos_vinicius_da_silva,98,19,11,0,177,16.1
2024,B,paysandu,461774,Biel,biel,17,15,3,1,172,57.3
2024,B,chapecoense,539582,Daniel Cruz,daniel_dos_santos_da_cruz,81,6,3,2,171,57.0
2024,B,operario,311487,Felipe Garcia,felipe_garcia_goncalves,9,10,5,1,168,33.6
2024,B,chapecoense,318165,Romulo,romulo,11,8,5,1,167,33.4
2024,B,ponte_preta,527404,Buchecha,lucas_xavier_felix,25,17,6,1,167,27.8
2024,B,sport,606026,Lucas Andre,lucas_andre,55,14,3,1,167,55.7
2024,B,chapecoense,309717,Gabriel Ga ...,gabriel_ga,1,24,2,1,166,83.0
2024,B,vila_nova,652687,Igor Torres,igor_torres_da_silva,20,6,4,2,166,41.5
2024,B,chapecoense,316754,Neilton,neilton_meira_mestzk,77,10,3,2,165,55.0
2024,B,paysandu,465944,Gabriel Sa ...,gabriel_sa,19,11,8,0,165,20.6
2024,B,coritiba_s_a_f,182380,Fransergio,fransergio,15,11,4,2,163,40.8
2024,B,mirassol,377697,Artur,artur,15,9,6,1,162,27.0
2024,B,sport,432216,Thiago,thiago_couto_wenceslau,21,38,2,1,162,81.0
2024,B,chapecoense,305521,Jenison,jenison,91,15,7,1,161,23.0
2024,B,coritiba_s_a_f,522984,David,david,33,6,4,1,160,40.0
2024,B,mirassol,452427,Bruno,bruno_matias_dos_santos,16,22,11,0,158,14.4
2024,B,amazonas_fc,522481,Juda,juda_aguiar_da_silva,18,8,2,2,156,78.0
2024,B,gremio_novorizontino_saf,646576,Enzo,enzo,56,9,2,2,156,78.0
2024,B,paysandu,337157,Wesley Fraga,wesley_fraga,39,12,6,1,155,25.8
2024,B,gremio_novorizontino_saf,548873,Dudu,dudu,15,11,7,1,154,22.0
2024,B,brusque,879519,MATIAS OCAMPO,matias_ocampo,77,8,4,1,153,38.2
2024,B,goias,639870,Pedrinho,pedrinho,17,14,7,0,152,21.7
2024,B,sport,434300,Vini Faria,vinicius_faria_dos_santos,14,10,7,0,152,21.7
2024,B,guarani,553452,Estevao,estevao,11,11,3,2,148,49.3
2024,B,santos,315585,Patrick,patrick,88,32,7,0,147,21.0
2024,B,guarani,728441,Rafael,rafael_da_silva_freitas,26,14,6,1,146,24.3
2024,B,guarani,648944,João,joao,19,2,2,2,143,71.5
2024,B,operario,377521,Bessa,erik_da_silva_bessa,17,13,4,1,142,35.5
2024,B,coritiba_s_a_f,519385,Bernardo L ...,bernardo_marcos_lemes,23,15,6,2,140,23.3
2024,B,chapecoense,600164,Rubens,rubens,70,12,6,1,139,23.2
2024,B,guarani,374375,Bruno Mendes,bruno_pereira_mendes,9,6,4,2,133,33.2
2024,B,ponte_preta,567670,Venicius,venicius,98,11,3,1,130,43.3
2024,B,amazonas_fc,869911,JONNY PINTADO,jonny_pintado,21,11,4,1,128,32.0
2024,B,mirassol,178402,Ze Mario,jose_mario_de_bona,31,11,4,1,127,31.8
2024,B,amazonas_fc,296374,Robson,robson_carlos_duarte,15,9,3,1,121,40.3
2024,B,chapecoense,577268,Bruno,bruno,22,10,6,0,120,20.0
2024,B,coritiba_s_a_f,718665,HENRIQUE,henrique_melo_pereira,20,3,2,1,120,60.0
2024,B,santos,432392,Alex Nasci ...,alex_nasci,2,26,4,1,118,29.5
2024,B,crb,544247,Luis,luis,20,11,3,1,116,38.7
2024,B,ituano,652670,Jonatan,jonatan,19,10,5,1,116,23.2
2024,B,ceara,650186,Talisson,talisson_de_almeida,70,19,10,0,115,11.5
2024,B,amazonas_fc,311358,Gustavo Ermel,gustavo_ermel,25,12,4,1,113,28.2
2024,B,avai,297646,Igor Bohn,igor_jose_bohn,1,21,2,1,111,55.5
2024,B,gremio_novorizontino_saf,776773,João Dantas,joao_dantas,26,29,6,0,111,18.5
2024,B,chapecoense,173551,Moledo,moledo,34,12,3,2,110,36.7
2024,B,operario,589862,GUI,guilherme_baldo_borech,14,11,2,1,110,55.0
2024,B,brusque,514016,Wellissol,wellissol,29,16,7,0,108,15.4
2024,B,ituano,620716,LUCAS DIAS,lucas_dias_do_rosario,13,3,3,1,108,36.0
2024,B,avai,181681,Cassiano,cassiano_dias_moreira,89,10,8,0,106,13.2
2024,B,guarani,567420,Vinícius K ...,vinicius_k,27,6,2,1,106,53.0
2024,B,coritiba_s_a_f,836741,Eryc Castillo,eryc_castillo,7,18,6,0,104,17.3
2024,B,chapecoense,374427,Walterson,walterson_silva,77,10,7,0,100,14.3
2024,B,botafogo,622570,Felipinho,felipinho,10,7,4,1,99,24.8
2024,B,ceara,523883,Janderson,janderson_santos_de_souza,77,14,3,1,99,33.0
2024,B,ituano,646352,Felipe,felipe,7,2,2,1,98,49.0
2024,B,mirassol,376405,Diego,diego_goncalves,21,8,5,0,97,19.4
2024,B,ponte_preta,555280,Thomas Luc ...,thomas_luc,58,10,3,1,96,32.0
2024,B,chapecoense,364275,Victor Cae ...,victor_cae,14,8,3,1,95,31.7
2024,B,chapecoense,527404,Buchecha,lucas_xavier_felix,59,9,4,1,95,23.8
2024,B,ponte_preta,588048,Jean Carlos,jean_carlos_dos_santos,16,7,5,0,94,18.8
2024,B,goias,565047,Douglas Borel,douglas_borel,2,14,4,0,91,22.8
2024,B,ituano,608601,Aluísio,aluisio,23,14,7,0,91,13.0
2024,B,amazonas_fc,355730,Wellington,wellington,3,5,1,1,90,90.0
2024,B,amazonas_fc,421193,Fabian Volpi,fabian_harry_volpi,1,17,1,1,90,90.0
2024,B,america_saf,427979,Joriwinnyson,joriwinnyson,12,5,1,1,90,90.0
2024,B,avai,318837,Thales,thales_bento_oleques,72,12,1,1,90,90.0
2024,B,brusque,351526,Georgemy,georgemy_goncalves,35,31,1,1,90,90.0
2024,B,crb,693137,MATEUS,mateus_pureza_santos,66,2,1,1,90,90.0
2024,B,guarani,305764,Rene,rene_ferreira_dos_santos,15,10,1,1,90,90.0
2024,B,ituano,545619,Wesley,wesley_borges_da_silva,1,20,1,1,90,90.0
2024,B,ituano,669135,Erik,erik,15,18,1,1,90,90.0
2024,B,ponte_preta,436507,William,william_arthur_assmann,12,22,1,1,90,90.0
2024,B,santos,546648,Diogenes,diogenes,12,32,1,1,90,90.0
2024,B,santos_fc,294407,Joao Basso,joao_othavio_basso,15,1,1,1,90,90.0
2024,B,santos_fc,318682,Luan Peres,luan_peres_petroni,14,1,1,1,90,90.0
2024,B,santos_fc,334559,Diego Pituca,diego_cristiano_evaristo,21,1,1,1,90,90.0
2024,B,santos_fc,402405,Hayner,hayner,3,1,1,1,90,90.0
2024,B,santos_fc,515843,Wendel da  ...,wendel_da_silva_costa,19,1,1,1,90,90.0
2024,B,santos_fc,517633,Gabriel Br ...,gabriel_br,77,1,1,1,90,90.0
2024,B,santos_fc,541292,Sandry,sandry,23,1,1,1,90,90.0
2024,B,santos_fc,554728,Otero,romulo_otero_vasquez,22,1,1,1,90,90.0
2024,B,santos_fc,775783,Miguelito,miguelito,47,1,1,1,90,90.0
2024,B,santos_fc,823241,Tomás Rin ...,tomas_rin,8,1,1,1,90,90.0
2024,B,vila_nova,311339,Marcondes,marcondes,23,10,1,1,90,90.0
2024,B,vila_nova,657282,Higor,higor_luiz_de_souza,6,3,1,1,90,90.0
2024,B,ceara,650671,Kaique Rod ...,kaique_rod,45,10,4,0,89,22.2
2024,B,goias,745239,Halerrandrio,halerrandrio,90,10,6,0,88,14.7
2024,B,america_saf,533422,Flavio,flavio,39,11,2,0,86,43.0
2024,B,coritiba_s_a_f,422347,Alef Manga,alef_manga,11,6,4,0,86,21.5
2024,B,sport,315834,Pablo Dyego,pablo_dyego_da_silva_rosa,27,13,4,0,86,21.5
2024,B,sport,690305,Dieguinho,dieguinho,38,8,6,0,86,14.3
2024,B,amazonas_fc,176772,Dentinho,bruno_ferreira_bonfim,23,9,4,0,85,21.2
2024,B,america_saf,177363,Jonathas,jonathas,99,8,4,0,83,20.8
2024,B,guarani,508210,Marcelinho,marcelinho,7,7,4,0,83,20.8
2024,B,chapecoense,588139,Mailson,mailson_bezerra_silva,90,1,1,1,82,82.0
2024,B,mirassol,582820,João Pedro ...,joao_pedro,20,9,5,0,82,16.4
2024,B,operario,521902,Guilherme  ...,guilherme,18,9,3,0,82,27.3
2024,B,vila_nova,188110,Roberto,roberto,6,4,2,1,82,41.0
2024,B,chapecoense,533292,Felipe,felipe_vieira_augusto,76,5,2,1,80,40.0
2024,B,santos_fc,711253,Souza,souza,33,1,1,1,80,80.0
2024,B,guarani,797119,Pedro Manoel,pedro_manoel,16,4,2,0,79,39.5
2024,B,sport,816086,Palacios,palacios,93,5,2,1,79,39.5
2024,B,ceara,404816,Andrey,andrey,98,22,8,0,78,9.8
2024,B,santos,540839,Cazares,cazares,36,9,3,0,75,25.0
2024,B,amazonas_fc,548113,Matheus,matheus_augusto_de_melo,23,6,4,0,73,18.2
2024,B,botafogo,630365,Ronald,ronald,19,16,7,0,73,10.4
2024,B,guarani,567780,Renyer,renyer,43,5,3,0,73,24.3
2024,B,mirassol,525399,Cristian,cristian,29,13,6,0,72,12.0
2024,B,paysandu,402984,Joel Tagueu,joel_tagueu,19,10,5,0,71,14.2
2024,B,vila_nova,695436,LEONARDO,leonardo_barbosa_gama,23,1,1,0,71,71.0
2024,B,gremio_novorizontino_saf,714444,Ruiz,oscar_ramon_ruiz_roa,17,10,4,0,67,16.8
2024,B,ituano,622859,Victor Reis,victor_silva_dos_reis,22,3,1,1,67,67.0
2024,B,ponte_preta,541928,Gui Dantas,guilherme_maciel_dantas,70,19,3,0,67,22.3
2024,B,ituano,378203,JONATHAN,jonathan_silva_vieira,16,6,2,1,66,33.0
2024,B,ceara,612929,João Victor,joao_victor,17,11,2,1,65,32.5
2024,B,chapecoense,365346,Regis,regis_tosatti_giacomin,27,7,5,0,63,12.6
2024,B,america_saf,728103,Thauan,thauan,37,11,4,0,61,15.2
2024,B,paysandu,554408,Brendon,brendon_valenca_sobral,19,13,4,0,60,15.0
2024,B,santos,674397,Enzo Monteiro,enzo_monteiro,18,1,1,1,60,60.0
2024,B,guarani,431741,Daniel,daniel_da_silva_dos_anjos,39,5,3,0,59,19.7
2024,B,santos,775783,Miguelito,miguelito,47,5,4,0,57,14.2
2024,B,amazonas_fc,388303,Sousa,van_basty_sousa_e_silva,5,9,2,0,56,28.0
2024,B,botafogo,647656,Willian,willian,22,18,6,0,56,9.3
2024,B,ituano,422351,Jean Pyerre,jean_pyerre,20,6,3,0,56,18.7
2024,B,sport,604931,Nassom,nassom_de_souza_oliveira,26,7,1,1,56,56.0
2024,B,brusque,679711,Robson Luiz,robson_luiz,99,19,4,0,54,13.5
2024,B,paysandu,303018,Vinicius L ...,vinicius_leite_silva,10,6,3,0,53,17.7
2024,B,paysandu,461802,Crystopher,crystopher,32,10,3,0,53,17.7
2024,B,vila_nova,637237,FABIO,fabio,2,14,3,0,53,17.7
2024,B,paysandu,633137,Carlos Maia,carlos_maia,25,4,1,1,52,52.0
2024,B,vila_nova,617642,Guilherme  ...,guilherme_silva_lacerda,13,22,4,1,51,12.8
2024,B,guarani,510342,Kayque,kayque_luiz_pereira,6,12,4,0,48,12.0
2024,B,vila_nova,452427,Bruno,bruno_matias_dos_santos,21,12,2,0,48,24.0
2024,B,ituano,606790,MARCELO MI ...,marcelo_soares_costa,22,2,2,0,45,22.5
2024,B,ponte_preta,619562,Guilherme  ...,guilherme,17,12,4,0,45,11.2
2024,B,vila_nova,641030,CAIQUE,caique,17,10,2,0,44,22.0
2024,B,america_saf,539206,Gustavo,gustavo,97,15,5,0,41,8.2
2024,B,coritiba_s_a_f,621412,Felipe Gui ...,felipe_gui,70,3,2,0,39,19.5
2024,B,guarani,610734,Leonardo P ...,leonardo_p,26,2,2,0,39,19.5
2024,B,chapecoense,677252,RODRIGO EN ...,rodrigo_en,25,4,2,0,36,18.0
2024,B,santos,875223,Billy Arce,billy_vladimir_arce_mina,81,6,2,0,36,18.0
2024,B,ituano,626965,Ruan,ruan,22,7,2,0,32,16.0
2024,B,mirassol,454793,Paulo Henr ...,paulo_henr,6,21,4,0,32,8.0
2024,B,ponte_preta,756081,Kauã,kaua_eduardo_moreira,25,5,2,0,32,16.0
2024,B,ceara,440615,Rafael Bar ...,rafael_barbosa_silva,18,8,2,0,31,15.5
2024,B,coritiba_s_a_f,610578,Jean,jean,47,8,2,0,31,15.5
2024,B,crb,533689,Heron Crespo,heron_crespo_da_silva,37,3,2,1,31,15.5
2024,B,amazonas_fc,404239,Douglas,douglas_santos_da_silva,25,4,2,0,30,15.0
2024,B,amazonas_fc,633359,Tim,tim,3,6,2,0,28,14.0
2024,B,vila_nova,565265,Everton,everton,21,18,1,0,28,28.0
2024,B,brusque,724087,Cauari,cauari,70,7,3,0,27,9.0
2024,B,goias,522890,Jhonny,jhonny,21,13,1,0,27,27.0
2024,B,chapecoense,350039,Ronaldo Me ...,ronaldo_me,17,3,2,0,26,13.0
2024,B,goias,836848,Ivan Torres,ivan_torres,11,5,1,0,26,26.0
2024,B,amazonas_fc,310961,Rubens,rubens_da_silva_coura,11,1,1,0,25,25.0
2024,B,botafogo,740079,Rafinha,rafinha,23,7,2,0,25,12.5
2024,B,avai,502001,Kevin,kevin,2,6,2,0,24,12.0
2024,B,paysandu,454107,Gabriel Bispo,gabriel_bispo_dos_santos,6,1,1,0,24,24.0
2024,B,ceara,617563,Yago,yago_lincoln_rocha_santos,96,16,3,0,23,7.7
2024,B,chapecoense,617551,Paulo,paulo_henrique_novais,21,1,1,0,23,23.0
2024,B,chapecoense,629558,Kaka,caetano_gemelli_colossi,20,3,1,0,23,23.0
2024,B,operario,308392,Rafael Oller,rafael_oller_pereira,22,1,1,0,23,23.0
2024,B,operario,696216,JOAO,joao,32,1,1,0,23,23.0
2024,B,guarani,337267,Gustavo Fr ...,gustavo_franca_amadio,33,6,2,0,22,11.0
2024,B,operario,309723,Rafhael Lucas,rafhael_lucas,35,3,1,0,22,22.0
2024,B,amazonas_fc,407823,Jonny,jonny,15,4,1,0,20,20.0
2024,B,ceara,631069,Caio,caio_rafael_aquino_lima,82,5,3,0,20,6.7
2024,B,goias,731523,Tallyson C ...,tallyson_teixeira_carlos,22,2,2,0,20,10.0
2024,B,santos,753549,Mateus Xavier,mateus_xavier_de_sousa,43,3,1,0,18,18.0
2024,B,mirassol,300394,Wanderson,wanderson_santos_pereira,33,16,3,0,17,5.7
2024,B,guarani,740814,João Marcelo,joao_marcelo,43,2,1,0,16,16.0
2024,B,santos,308980,Alison,alison_lopes_ferreira,25,17,1,0,16,16.0
2024,B,santos,618515,Hyan,hyan,14,4,1,0,16,16.0
2024,B,santos,844373,Villarreal,villarreal,30,1,1,0,16,16.0
2024,B,vila_nova,618509,Gustavo,gustavo_sarjani_de_melo,9,1,1,0,16,16.0
2024,B,vila_nova,647904,Mathiello,mathiello,18,2,1,0,16,16.0
2024,B,vila_nova,694148,Carlos Miguel,carlos_miguel,15,2,1,0,16,16.0
2024,B,america_saf,837336,PEDRO BARC ...,pedro_barc,4,13,1,1,14,14.0
2024,B,operario,730724,DUDU,eduardo_franzon_mosconi,39,1,1,0,14,14.0
2024,B,botafogo,674843,Thalles,thalles,19,5,1,0,13,13.0
2024,B,mirassol,609056,Miguel dos ...,miguel_dos_santos_silva,26,8,1,0,12,12.0
2024,B,santos,694911,Luca Meire ...,luca_oliveira_meirelles,43,1,1,0,12,12.0
2024,B,america_saf,612793,kaua,kaua_diniz_rocha,73,1,1,0,11,11.0
2024,B,america_saf,615494,Yago,yago_santos_de_andrade,68,14,1,0,11,11.0
2024,B,botafogo,696611,Pedro Henr ...,pedro_henrique_severino,19,1,1,0,10,10.0
2024,B,brusque,611688,Gabriel,gabriel_lima_da_silva,6,8,1,0,10,10.0
2024,B,santos_fc,406738,Rodrigo Fe ...,rodrigo_ferreira_da_silva,29,1,1,0,10,10.0
2024,B,chapecoense,629156,David,david_antunes_da_silva,15,1,1,0,8,8.0
2024,B,chapecoense,629552,Diego,diego_coser,19,2,1,0,8,8.0
2024,B,mirassol,541952,Henri,henri_marinho_dos_santos,44,12,1,0,8,8.0
2024,B,botafogo,551944,Luquinhas,lucas_queiroz_cantero,14,4,1,0,7,7.0
2024,B,goias,608091,DENZEL,denzel_nogueira_damasceno,16,1,1,0,7,7.0
2024,B,santos,337363,Nonato,gustavo_nonato_santana,15,9,1,0,7,7.0
2024,B,mirassol,777655,VINICIUS S ...,vinicius_s,31,4,1,0,6,6.0
2024,B,botafogo,640973,JOÃO,joao,23,7,1,0,5,5.0
2024,B,brusque,741542,LUCAS,lucas,4,1,1,0,5,5.0
2024,B,chapecoense,555438,Kelvyn,kelvyn_ramos_da_fonseca,23,8,1,0,5,5.0
2024,B,chapecoense,584422,Rafael,rafael_pasquali_rech,71,3,1,0,5,5.0
2024,B,operario,622329,José Gabriel,jose_gabriel,35,1,1,0,4,4.0
2024,B,coritiba_s_a_f,404816,Andrey,andrey,7,6,1,0,3,3.0
2024,B,vila_nova,553452,Estevao,estevao,17,2,1,0,3,3.0
2024,B,chapecoense,576987,Thiaguinho,thiaguinho,21,5,1,0,2,2.0
2024,B,america_saf,614903,PAULO,paulo,72,10,1,0,1,1.0
2024,B,amazonas_fc,178353,Spice,thiago_fernandes_pessoa,14,15,0,0,0,
2024,B,amazonas_fc,306605,PH,philippe_guimaraes,5,2,0,0,0,
2024,B,amazonas_fc,338251,Oliveira,oliveira,25,4,0,0,0,
2024,B,amazonas_fc,393357,Weverton,weverton_nunes_coelho,23,1,0,0,0,
2024,B,amazonas_fc,453528,Kaio Cristian,kaio_cristian,14,5,0,0,0,
2024,B,amazonas_fc,563947,Alison,alison,13,1,0,0,0,
2024,B,america_saf,464516,Cassio,cassio,27,2,0,0,0,
2024,B,america_saf,583117,Jonathan A ...,jonathan_a,71,13,0,0,0,
2024,B,america_saf,612799,Rafa,rafael_raul_barcelos,70,6,0,0,0,
2024,B,america_saf,658375,SAMUEL ALVES,samuel_alves_barroso,71,2,0,0,0,
2024,B,america_saf,728818,Yago,yago_souza_de_santana,69,2,0,0,0,
2024,B,avai,341930,Otavio,otavio,66,21,0,0,0,
2024,B,avai,599113,Favero,favero,69,6,0,0,0,
2024,B,avai,693896,Wanderson,wanderson_barros_de_sousa,83,4,0,0,0,
2024,B,avai,727552,Paulo,paulo,97,1,0,0,0,
2024,B,avai,763958,Kevin,kevin_da_silva_soares,2,1,0,0,0,
2024,B,botafogo,611746,Arthur,arthur,21,14,0,0,0,
2024,B,botafogo,647284,Brenno Faro,brenno_faro_klippel,24,3,0,0,0,
2024,B,botafogo,653437,Erik,erik_rebello_de_castro,20,4,0,0,0,
2024,B,botafogo,836672,Leandro Ma ...,leandro_isaac_maciel,20,2,0,0,0,
2024,B,brusque,460288,Iran,iran,20,1,0,0,0,
2024,B,brusque,510784,Matheus Em ...,matheus_em,31,12,0,0,0,
2024,B,brusque,642784,PEDRO VITOR,pedro_vitor,51,2,0,0,0,
2024,B,brusque,670276,Hilton,hilton,77,6,0,0,0,
2024,B,brusque,670729,Dionatan,dionatan_augusto_barbosa,30,1,0,0,0,
2024,B,ceara,291651,Luiz,luiz,13,4,0,0,0,
2024,B,ceara,351142,Luiz,luiz,23,2,0,0,0,
2024,B,ceara,409030,Gabriel La ...,gabriel_la,15,4,0,0,0,
2024,B,ceara,523596,Matheus Ma ...,matheus_ma,20,1,0,0,0,
2024,B,ceara,526592,Maycon,maycon,12,23,0,0,0,
2024,B,ceara,527028,Bruno,bruno,27,7,0,0,0,
2024,B,ceara,542822,Leo Rafael,leo_rafael,80,4,0,0,0,
2024,B,ceara,631389,Fernando G ...,fernando_g,33,1,0,0,0,
2024,B,ceara,678964,Joao,joao_vitor_dos_santos,29,1,0,0,0,
2024,B,chapecoense,540237,Joao Paulo,joao_paulo,19,1,0,0,0,
2024,B,chapecoense,599009,KAUAN,kauan_faria_gomes,18,2,0,0,0,
2024,B,coritiba_s_a_f,184460,Gabriel Leite,gabriel_christoni_leite,87,10,0,0,0,
2024,B,coritiba_s_a_f,565654,Jean Gabriel,jean_gabriel_silveira,82,1,0,0,0,
2024,B,coritiba_s_a_f,613494,Diogo Batista,diogo_batista_de_souza,2,6,0,0,0,
2024,B,coritiba_s_a_f,618684,Guilherme  ...,guilherme,13,4,0,0,0,
2024,B,coritiba_s_a_f,621745,Ruan Lucas,ruan_lucas_de_assis,97,1,0,0,0,
2024,B,coritiba_s_a_f,647826,ROBERTO,roberto,12,1,0,0,0,
2024,B,crb,2229054,,caio_cesar_da_silva,6,1,0,0,0,
2024,B,crb,613188,Bruno Dent ...,bruno_dent,37,5,0,0,0,
2024,B,crb,621414,Fabio Henr ...,fabio_henr,23,10,0,0,0,
2024,B,crb,631479,Carlison,carlison,30,1,0,0,0,
2024,B,crb,641082,Baranhas,baranhas,50,4,0,0,0,
2024,B,crb,667358,RODRIGO,rodrigo,16,2,0,0,0,
2024,B,crb,684995,Erik Filipe,erik_filipe,40,7,0,0,0,
2024,B,crb,793846,WALLACE,wallace,70,4,0,0,0,
2024,B,goias,178365,Thiago Rod ...,thiago_rod,1,35,0,0,0,
2024,B,goias,299156,Sidimar,sidimar_fernando_cigolini,34,1,0,0,0,
2024,B,goias,509619,Edu,edu,43,3,0,0,0,
2024,B,goias,545967,Murillo,murillo_barbosa_lopes,76,1,0,0,0,
2024,B,goias,580984,Ezequiel,ezequiel,41,6,0,0,0,
2024,B,goias,623309,Xavier,gustavo_xavier_teixeira,16,1,0,0,0,
2024,B,goias,650675,Anthony,anthony,13,3,0,0,0,
2024,B,goias,726173,Larson,larson,97,5,0,0,0,
2024,B,gremio_novorizontino_saf,433789,Lucas Pereira,lucas_pereira,12,13,0,0,0,
2024,B,gremio_novorizontino_saf,509383,Marcelo,marcelo_de_bem_dal_soler,23,11,0,0,0,
2024,B,gremio_novorizontino_saf,610164,Stenio,stenio_lima_silva,50,2,0,0,0,
2024,B,gremio_novorizontino_saf,630013,Gabriel Co ...,gabriel_correia_da_silva,85,2,0,0,0,
2024,B,gremio_novorizontino_saf,648911,Pedro Balo ...,pedro_balo,95,4,0,0,0,
2024,B,gremio_novorizontino_saf,670341,Miguel,miguel_tavares_contiero,39,1,0,0,0,
2024,B,gremio_novorizontino_saf,697659,Isack,isack,29,3,0,0,0,
2024,B,guarani,2337386,,daniel_da_silva_dos_anjos,39,1,0,0,0,
2024,B,guarani,410702,Bruno,bruno_goncalves_do_prado,4,2,0,0,0,
2024,B,guarani,418809,Lima,guilherme_natan_de_lima,32,3,0,0,0,
2024,B,guarani,639890,Álvaro,alvaro,22,9,0,0,0,
2024,B,guarani,736954,Wictor,wictor_gabriel_de_campos,25,3,0,0,0,
2024,B,ituano,312907,Pablo,pablo_diogo_lopes_de_lima,17,5,0,0,0,
2024,B,ituano,517622,Pedro,pedro,14,7,0,0,0,
2024,B,ituano,583312,Vialle,vialle,22,5,0,0,0,
2024,B,ituano,622284,Nathan,nathan,15,1,0,0,0,
2024,B,ituano,691350,VINICIUS O ...,vinicius_o,23,1,0,0,0,
2024,B,ituano,693916,Matheus,matheus_henrique_rocha,15,5,0,0,0,
2024,B,ituano,755457,Izidoro,izidoro,16,4,0,0,0,
2024,B,mirassol,306773,Carlos Edu ...,carlos_edu,90,9,0,0,0,
2024,B,mirassol,307979,Yuri,yuri_oliveira_lima,5,1,0,0,0,
2024,B,mirassol,547230,Felipe,felipe_sambudio_rosalen,30,3,0,0,0,
2024,B,mirassol,582062,Sidnei Fer ...,sidnei_fernandes_junior,12,10,0,0,0,
2024,B,operario,558142,Igor Ribeiro,igor_ribeiro_costa,24,6,0,0,0,
2024,B,operario,563901,Arthur,arthur_neves_ferreira,33,1,0,0,0,
2024,B,operario,693983,Guilherme,guilherme,51,8,0,0,0,
2024,B,operario,711396,Matheus Ga ...,matheus_galdino_silva,37,1,0,0,0,
2024,B,operario,714287,Ryan,ryan_de_carvalho_krettly,36,1,0,0,0,
2024,B,operario,749345,KAYO,kayo,47,1,0,0,0,
2024,B,paysandu,318862,Iago Hass,iago_hass_ferreira,40,1,0,0,0,
2024,B,paysandu,536351,Keffel,keffel_resende_alvim,6,3,0,0,0,
2024,B,paysandu,568268,Pedro Romano,pedro_romano,29,8,0,0,0,
2024,B,ponte_preta,2261885,,carlos_eduardo_de_so,5,1,0,0,0,
2024,B,ponte_preta,544530,Thiago Lopes,thiago_oliveira_lopes,39,2,0,0,0,
2024,B,ponte_preta,583091,Nicolodi,guilherme_nicolodi,20,1,0,0,0,
2024,B,ponte_preta,794735,KAUE,kaue,17,3,0,0,0,
2024,B,santos,188424,Renan dos  ...,renan_dos_santos,18,3,0,0,0,
2024,B,santos,412394,Vinicius B ...,vinicius_b,17,4,0,0,0,
2024,B,santos,632661,Gustavo,gustavo_sonego_jundi,34,4,0,0,0,
2024,B,santos,695085,,joao_pedro_lucio_da,34,4,0,0,0,
2024,B,santos,711256,Samuel,samuel_lima_barros,40,1,0,0,0,
2024,B,santos,882085,Yusupha,yusupha_o_m_njie,17,1,0,0,0,
2024,B,santos_fc,188424,Renan dos  ...,renan_dos_santos,18,1,0,0,0,
2024,B,santos_fc,308980,Alison,alison_lopes_ferreira,25,1,0,0,0,
2024,B,santos_fc,315585,Patrick,patrick,88,1,0,0,0,
2024,B,santos_fc,412394,Vinicius B ...,vinicius_b,28,1,0,0,0,
2024,B,santos_fc,546648,Diogenes,diogenes,12,1,0,0,0,
2024,B,santos_fc,618515,Hyan,hyan,35,1,0,0,0,
2024,B,santos_fc,645380,Guilherme  ...,guilherme_de_jesus_lima,45,1,0,0,0,
2024,B,santos_fc,693399,Chermont,joao_pedro_chermont_crema,44,1,0,0,0,
2024,B,santos_fc,694911,Luca Meire ...,luca_oliveira_meirelles,43,1,0,0,0,
2024,B,santos_fc,711256,Samuel,samuel_lima_barros,46,1,0,0,0,
2024,B,santos_fc,802130,Nacho Laqu ...,nacho_laqu,66,1,0,0,0,
2024,B,sport,391214,JORDAN,jordan,76,5,0,0,0,
2024,B,sport,591106,Matheus Mi ...,matheus_mi,58,3,0,0,0,
2024,B,sport,668004,Micael,micael_de_barros_viturino,39,2,0,0,0,
2024,B,vila_nova,188453,Fernandao,fernandao,9,3,0,0,0,
2024,B,vila_nova,2198626,,juan_christian_perei,70,1,0,0,0,
2024,B,vila_nova,2206476,,eric_almeida_de_melo,14,1,0,0,0,
2024,B,vila_nova,513441,Vitor Hugo,vitor_hugo,1,5,0,0,0,
2024,B,vila_nova,542104,Gustavo,gustavo_dos_santos_cabral,17,2,0,0,0,
2024,B,vila_nova,550098,Fernando,fernando,18,1,0,0,0,
2024,B,vila_nova,612261,Kayk,kayk,13,1,0,0,0,
2025,B,chapecoense,881479,Walter Clar,walter_david_clar_fritz,37,38,38,38,3388,89.2
2025,B,america_saf,351849,Lucas,lucas,3,37,37,37,3330,90.0
2025,B,goias,308316,Tadeu,tadeu_antonio_ferreira,23,37,37,37,3330,90.0
2025,B,remo,186722,Rangel,marcelo_rangel_rosa,88,37,37,37,3290,88.9
2025,B,ferroviaria,451683,Denis Junior,denis_junior,1,36,36,36,3240,90.0
2025,B,criciuma,177531,Rodrigo,rodrigo,3,36,36,36,3225,89.6
2025,B,chapecoense,443387,Rafael Car ...,rafael_car,99,38,38,36,3204,84.3
2025,B,crb,310382,Matheus Al ...,matheus_albino_carneiro,12,35,35,35,3150,90.0
2025,B,crb,541952,Henri,henri_marinho_dos_santos,44,35,35,35,3150,90.0
2025,B,criciuma,292282,Luciano Ca ...,luciano_castan_da_silva,4,35,35,35,3139,89.7
2025,B,avai,291997,Brock,eduardo_schroeder_brock,14,35,35,35,3137,89.6
2025,B,avai,190389,Marquinhos ...,marquinhos,10,35,35,35,3101,88.6
2025,B,botafogo,299833,Victor Souza,victor_souza,12,38,34,34,3060,90.0
2025,B,crb,324513,Matheus Ri ...,matheus_antunes_ribeiro,2,36,35,34,3000,85.7
2025,B,gremio_novorizontino_saf,332840,Airton,airton_moraes_michellon,1,36,33,33,2970,90.0
2025,B,operario,360921,Elias,elias_martello_curzel,1,33,33,33,2970,90.0
2025,B,athletic_saf,299156,Sidimar,sidimar_fernando_cigolini,4,35,34,33,2969,87.3
2025,B,goias,182466,Anselmo Ramon,anselmo_ramon,9,35,35,33,2953,84.4
2025,B,crb,427004,Higor,higor_matheus_meritao,22,34,34,34,2936,86.4
2025,B,goias,337261,Juninho,juninho,28,37,36,34,2927,81.3
2025,B,operario,373841,Gabriel,gabriel_boschilia,10,34,34,34,2927,86.1
2025,B,vila_nova,500501,Elias,elias,2,33,33,33,2926,88.7
2025,B,ferroviaria,298550,Carlos Hen ...,carlos_hen,9,34,34,34,2920,85.9
2025,B,ferroviaria,505081,Lucas Rodr ...,lucas_silva_rodrigues,2,33,33,33,2901,87.9
2025,B,vila_nova,461723,Halls,halls,99,34,32,32,2880,90.0
2025,B,criciuma,376405,Diego,diego_goncalves,77,37,35,35,2860,81.7
2025,B,coritiba_s_a_f,820851,Sebastian  ...,sebastian_gomez_londono,19,34,34,34,2834,83.4
2025,B,vila_nova,331982,Joao Vieira,joao_pedro_vieira,5,35,35,32,2830,80.9
2025,B,avai,601171,CLEBER,cleber_bomfim_de_jesus,99,35,35,34,2800,80.0
2025,B,cuiaba_saf,524341,Denilson,denilson_alves_borges,27,34,34,34,2796,82.2
2025,B,botafogo,836635,Gabriel Pa ...,gabriel_pa,6,37,34,32,2720,80.0
2025,B,chapecoense,393400,João Paulo,joao_paulo,4,31,31,31,2718,87.7
2025,B,coritiba_s_a_f,613263,Pedro Morisco,pedro_morisco,1,30,30,30,2700,90.0
2025,B,remo,379462,Pedro Rocha,pedro_rocha_neves,32,32,32,31,2698,84.3
2025,B,coritiba_s_a_f,880608,Josue,josue,10,34,34,33,2695,79.3
2025,B,coritiba_s_a_f,178178,Maicon,maicon_pereira_roque,3,36,31,29,2679,86.4
2025,B,vila_nova,188260,Tiago,tiago_pagnussat,4,32,32,32,2664,83.2
2025,B,avai,374251,Marcos Vin ...,marcos_vin,63,33,32,32,2653,82.9
2025,B,goias,447189,Willean Lepo,willean_bernardo_willemen,97,32,31,30,2639,85.1
2025,B,coritiba_s_a_f,294382,Zeca,jose_carlos_cracco_neto,73,36,32,29,2635,82.3
2025,B,athletic_saf,558228,Adriel,adriel_vasconcelos_ramos,1,34,29,29,2610,90.0
2025,B,ferroviaria,174941,Ronaldo Alves,ronaldo_luiz_alves,4,31,29,29,2610,90.0
2025,B,crb,308495,Daniel,daniel_sampaio_simoes,10,33,33,33,2597,78.7
2025,B,avai,420186,Joao Vitor,joao_vitor,8,33,33,30,2563,77.7
2025,B,america_saf,327667,Ricardo Silva,ricardo_silva,45,31,29,29,2559,88.2
2025,B,volta_redonda,356231,Sanchez,sanchez_jose_vale_costa,6,31,31,29,2552,82.3
2025,B,goias,381149,Messias,messias,75,33,29,29,2538,87.5
2025,B,avai,350723,Jonathan C ...,jonathan_c,95,29,29,29,2515,86.7
2025,B,gremio_novorizontino_saf,342224,Rodrigo So ...,rodrigo_alves_soares,2,36,29,28,2513,86.7
2025,B,cuiaba_saf,433799,Matheusinho,mateus_da_silva_duarte,98,30,30,30,2511,83.7
2025,B,criciuma,315637,Marcinho,marcinho,6,32,30,29,2503,83.4
2025,B,criciuma,355827,Alisson,alisson,1,36,28,28,2499,89.2
2025,B,ferroviaria,179100,Ricardo,ricardo_ribeiro_de_lima,5,32,30,30,2497,83.2
2025,B,operario,894752,ZULUAGA,zuluaga,8,35,32,28,2490,77.8
2025,B,crb,621119,Thiaguinho,thiaguinho,17,35,34,33,2477,72.9
2025,B,vila_nova,391300,Willian,willian_prado_camargo,13,28,28,28,2468,88.1
2025,B,gremio_novorizontino_saf,500215,Patrick,patrick,4,35,30,27,2464,82.1
2025,B,athletico_paranaense,818807,Zapelli,bruno_zapelli,10,34,33,29,2463,74.6
2025,B,america_saf,166061,Willian Du ...,willian_gomes_de_siqueira,9,34,33,30,2439,73.9
2025,B,chapecoense,456246,Edu Doma,edu_doma,3,37,28,27,2432,86.9
2025,B,paysandu,405127,Reverson,reverson,16,35,30,26,2422,80.7
2025,B,remo,360293,Klaus,william_klaus,4,31,27,27,2418,89.6
2025,B,atletico_goianiense_saf,419442,Guilherme  ...,guilherme_kennedy_romao,6,29,28,27,2397,85.6
2025,B,chapecoense,292205,Giovanni A ...,giovanni_a,10,32,31,31,2396,77.3
2025,B,cuiaba_saf,548252,Max,max_alves_da_silva,8,34,30,28,2394,79.8
2025,B,chapecoense,305360,Marcinho,marcinho,7,34,34,34,2382,70.1
2025,B,athletic_saf,541292,Sandry,sandry,8,31,29,28,2369,81.7
2025,B,coritiba_s_a_f,403078,Jacy,jacy_maranhao_oliveira,55,27,27,26,2365,87.6
2025,B,gremio_novorizontino_saf,312663,Cesar,cesar_henrique_martins,37,27,27,27,2354,87.2
2025,B,remo,434289,Caio Vinicius,caio_vinicius,34,30,28,27,2309,82.5
2025,B,america_saf,606805,Julio,julio,18,37,30,28,2307,76.9
2025,B,volta_redonda,613097,RAI,rai_da_silva_pessanha,30,31,29,27,2298,79.2
2025,B,athletic_saf,591319,Douglas Silva,douglas_da_silva_santos,2,35,30,26,2283,76.1
2025,B,gremio_novorizontino_saf,776773,João Dantas,joao_dantas,26,33,26,26,2276,87.5
2025,B,criciuma,308421,Matheus Tr ...,matheus_tr,5,36,31,25,2275,73.4
2025,B,coritiba_s_a_f,645961,Lucas Ronier,lucas_ronier_vieira_pires,11,29,27,27,2274,84.2
2025,B,botafogo,836672,Leandro Ma ...,leandro_isaac_maciel,10,35,33,25,2272,68.8
2025,B,botafogo,417467,Jefferson Nem,jefferson_nem,11,31,30,27,2268,75.6
2025,B,ferroviaria,367731,Netinho,netinho,15,30,29,28,2254,77.7
2025,B,chapecoense,364275,Victor Cae ...,victor_cae,25,31,27,26,2243,83.1
2025,B,operario,310743,Paraíba,paraiba,88,32,30,28,2243,74.8
2025,B,botafogo,337508,Jeferson,jeferson,2,30,28,24,2229,79.6
2025,B,avai,358808,Ze Ricardo,ze_ricardo,77,27,26,26,2194,84.4
2025,B,gremio_novorizontino_saf,337271,Matheus Fr ...,matheus_henrique_frizzo,10,37,33,27,2186,66.2
2025,B,ferroviaria,464992,Gustavo Me ...,gustavo_me,3,26,25,25,2181,87.2
2025,B,chapecoense,376599,Bruno Leon ...,bruno_leon,33,29,28,25,2174,77.6
2025,B,gremio_novorizontino_saf,733551,FABIO,fabio,47,35,29,25,2170,74.8
2025,B,chapecoense,452427,Bruno,bruno_matias_dos_santos,16,25,25,25,2168,86.7
2025,B,remo,352000,Reynaldo,reynaldo_cesar_moraes,29,32,28,25,2161,77.2
2025,B,operario,462355,Miranda,miranda,34,33,24,24,2160,90.0
2025,B,criciuma,605512,Guilherme,guilherme_teixeira_lobo,25,31,28,27,2154,76.9
2025,B,chapecoense,177092,Leo Vieira,leonardo_da_silva_vieira,12,35,24,24,2150,89.6
2025,B,goias,313001,Rafael Gava,rafael_gava,8,32,30,24,2131,71.0
2025,B,coritiba_s_a_f,329952,Bruno Melo,bruno_ferreira_melo,26,29,27,25,2130,78.9
2025,B,botafogo,454107,Gabriel Bispo,gabriel_bispo_dos_santos,18,32,25,24,2126,85.0
2025,B,operario,338081,Bruno,bruno,5,33,29,24,2125,73.3
2025,B,athletico_paranaense,346294,Léo,leo,3,31,26,22,2118,81.5
2025,B,criciuma,528449,Jhonata Ro ...,jhonata_ro,10,36,30,26,2115,70.5
2025,B,paysandu,411070,Marlon,marlon,20,32,31,26,2109,68.0
2025,B,volta_redonda,438425,Gabriel,gabriel_barbosa_pinheiro,3,34,25,24,2108,84.3
2025,B,athletic_saf,459007,Welinton,welinton,7,31,30,24,2107,70.2
2025,B,gremio_novorizontino_saf,383906,Luis,luis_felipe_oyama,6,36,30,23,2092,69.7
2025,B,ferroviaria,620776,Alencar,rodrigo_souza_santos,8,35,33,24,2090,63.3
2025,B,athletico_paranaense,536558,Felipe,felipe,5,34,29,24,2082,71.8
2025,B,botafogo,387972,Ericson,ericson_da_silva,13,31,26,23,2073,79.7
2025,B,atletico_goianiense_saf,183760,Paulo Vitor,paulo_vitor,1,23,23,23,2070,90.0
2025,B,operario,522753,Rodrigo An ...,rodrigo_antonio_rodrigues,7,34,31,26,2062,66.5
2025,B,athletic_saf,711292,David,david,10,35,31,26,2058,66.4
2025,B,amazonas_fc,304325,Fabiano,fabiano_da_silva_souza,6,23,23,23,2040,88.7
2025,B,athletic_saf,719313,RODRIGO,rodrigo_silva_nascimento,16,31,25,22,2022,80.9
2025,B,goias,540238,Lucas Ribeiro,lucas_ribeiro_dos_santos,14,27,25,23,2011,80.4
2025,B,goias,614954,Diego Caito,diego_caito,20,33,27,24,1999,74.0
2025,B,coritiba_s_a_f,383537,Filipe Mac ...,filipe_mac,8,35,33,24,1995,60.5
2025,B,ferroviaria,321012,Juninho,juninho,17,32,31,27,1994,64.3
2025,B,avai,409084,Cesar,cesar,31,32,22,22,1980,90.0
2025,B,volta_redonda,297039,Jean Drosny,jean_drosny,12,32,22,22,1980,90.0
2025,B,cuiaba_saf,317706,Nathan,nathan,4,29,25,23,1973,78.9
2025,B,remo,376801,Savio,savio_antonio_alves,16,29,23,22,1943,84.5
2025,B,cuiaba_saf,312015,Bruno Alves,bruno_fabiano_alves,3,33,24,21,1941,80.9
2025,B,coritiba_s_a_f,345933,Alex Silva,alex_da_silva,20,25,24,22,1921,80.0
2025,B,criciuma,179934,Nicolas,nicolas_godinho_johann,9,25,25,25,1916,76.6
2025,B,volta_redonda,548446,Jhonny,jhonny_cardinoti_pedro,13,31,27,22,1909,70.7
2025,B,atletico_goianiense_saf,356684,Luizao,luizao,15,34,26,21,1904,73.2
2025,B,atletico_goianiense_saf,605426,Robert,robert,19,34,27,24,1896,70.2
2025,B,paysandu,552216,Thalisson  ...,thalisson,6,21,21,21,1890,90.0
2025,B,chapecoense,383352,Neto,neto,18,26,26,22,1888,72.6
2025,B,criciuma,690534,Felipinho,felipinho,76,24,24,22,1888,78.7
2025,B,coritiba_s_a_f,436949,Gustavo Co ...,gustavo_co,91,37,36,21,1881,52.2
2025,B,crb,310627,Gêge,geirton_marques_aires,8,35,29,22,1879,64.8
2025,B,avai,609746,João Pedro,joao_pedro,80,29,27,22,1878,69.6
2025,B,botafogo,302451,Cafu,jonathan_renato_barbosa,7,37,30,23,1861,62.0
2025,B,gremio_novorizontino_saf,378268,Jean,jean,5,32,27,21,1858,68.8
2025,B,athletico_paranaense,815502,Lucas Esqu ...,lucas_angel_esquivel,37,24,23,21,1853,80.6
2025,B,athletico_paranaense,451607,Luiz Fernando,luiz_fernando,19,32,30,23,1849,61.6
2025,B,athletico_paranaense,315585,Patrick,patrick,88,33,28,22,1848,66.0
2025,B,amazonas_fc,896410,LARRY VASQUEZ,larry_vasquez_ortega,5,22,22,22,1847,84.0
2025,B,vila_nova,338185,Poveda,gabriel_buscariol_poveda,9,32,30,21,1843,61.4
2025,B,remo,319134,Marcelinho,marcelo_rodrigues_souza,79,31,24,22,1834,76.4
2025,B,athletic_saf,919679,RONALDO,ronaldo_rodrigues_tavares,21,24,24,20,1817,75.7
2025,B,america_saf,614903,PAULO,paulo,29,36,22,20,1807,82.1
2025,B,operario,363313,Cristiano,cristiano_da_silva_leite,90,28,22,21,1792,81.5
2025,B,athletic_saf,566865,Marcelo,marcelo_alixandre_ajul,14,31,22,21,1783,81.0
2025,B,avai,610886,Emerson,emerson,94,30,26,22,1760,67.7
2025,B,vila_nova,450596,Vinicius,vinicius,11,34,30,19,1760,58.7
2025,B,america_saf,775783,Miguelito,miguelito,7,25,23,20,1753,76.2
2025,B,cuiaba_saf,346046,Sander,sander,6,24,23,19,1751,76.1
2025,B,paysandu,642656,Mauricio G ...,mauricio_garcez_de_jesus,10,21,21,20,1747,83.2
2025,B,paysandu,415808,Matheus No ...,matheus_no,13,32,21,21,1746,83.1
2025,B,goias,345210,Marcos,marcos,77,31,24,21,1745,72.7
2025,B,volta_redonda,423695,André Luiz,andre_luiz,28,34,27,20,1742,64.5
2025,B,paysandu,402841,Edilson,edilson,2,29,25,18,1738,69.5
2025,B,cuiaba_saf,613826,CALEBE,calebe_oliveira_costa,55,32,26,20,1730,66.5
2025,B,vila_nova,305811,Igor,igor,27,26,25,22,1714,68.6
2025,B,athletico_paranaense,293428,Santos,santos,23,35,19,19,1710,90.0
2025,B,atletico_goianiense_saf,452276,Adriano Ma ...,adriano_ma,4,19,19,19,1710,90.0
2025,B,atletico_goianiense_saf,701439,Alix,alix,15,22,19,19,1710,90.0
2025,B,avai,335286,Mario Sergio,mario_sergio_valerio,33,28,21,19,1703,81.1
2025,B,operario,382807,Joseph Mau ...,joseph_mau,30,19,19,19,1697,89.3
2025,B,america_saf,542628,Miqueias,miqueias_cabral_evaristo,42,36,28,20,1695,60.5
2025,B,cuiaba_saf,706429,ALAN,alan_pereira_empereur,33,20,20,20,1688,84.4
2025,B,athletic_saf,636772,MASWEL,maswel_ananias_silva,21,26,25,21,1675,67.0
2025,B,america_saf,612793,kaua,kaua_diniz_rocha,15,33,25,18,1672,66.9
2025,B,america_saf,559670,Figueiredo,figueiredo,22,21,21,19,1668,79.4
2025,B,volta_redonda,548055,Pierre Wagner,pierre_wagner,20,19,19,19,1649,86.8
2025,B,atletico_goianiense_saf,895305,Federico M ...,federico_m,19,33,30,19,1642,54.7
2025,B,crb,793896,Luis Segovia,luis_segovia,4,33,21,17,1639,78.0
2025,B,gremio_novorizontino_saf,558580,Mayk,mayk,77,22,22,19,1634,74.3
2025,B,chapecoense,532045,Mailton do ...,mailton_dos_santos_de_sa,22,20,20,20,1627,81.4
2025,B,athletic_saf,317384,Yuri,yuri,6,32,25,20,1625,65.0
2025,B,america_saf,462152,Matheus Me ...,matheus_me,1,20,18,18,1620,90.0
2025,B,atletico_goianiense_saf,609749,Kauan Rodr ...,kauan_rodrigues_da_silva,18,36,28,16,1618,57.8
2025,B,volta_redonda,436982,Marcos Vin ...,marcos_vin,11,23,21,19,1613,76.8
2025,B,vila_nova,552578,Weverton,weverton_silva_de_andrade,13,25,19,17,1602,84.3
2025,B,cuiaba_saf,351040,Alisson,alisson_pelegrini_safira,25,22,21,19,1595,76.0
2025,B,goias,512737,Welliton,welliton,30,37,29,19,1588,54.8
2025,B,crb,537549,Weverton,weverton,42,32,22,18,1584,72.0
2025,B,paysandu,394441,Gabriel Me ...,gabriel_me,12,32,18,16,1584,88.0
2025,B,crb,599514,MIKAEL,mikael,28,34,28,21,1580,56.4
2025,B,crb,363149,Douglas Ba ...,douglas_ba,7,33,29,19,1566,54.0
2025,B,remo,513348,Jaderson,jaderson_flores_dos_reis,10,31,24,18,1558,64.9
2025,B,ferroviaria,500736,Albano,albano_sehn_neto,10,29,26,18,1555,59.8
2025,B,crb,378811,Fabio Alemão,fabio_augusto_schirmann,27,25,18,18,1543,85.7
2025,B,athletico_paranaense,615317,Mycael,mycael_pontes_moreira,1,36,17,17,1530,90.0
2025,B,cuiaba_saf,331915,Mateus,mateus_pasinato,14,18,17,17,1530,90.0
2025,B,ferroviaria,375729,Thiago Lopes,thiago_ferreira_lopes,23,35,29,15,1514,52.2
2025,B,volta_redonda,541442,Gabriel He ...,gabriel_he,26,18,17,17,1510,88.8
2025,B,america_saf,316223,Marlon,marlon,6,19,18,17,1509,83.8
2025,B,remo,297781,Pedro Castro,pedro_castro,11,36,28,18,1508,53.9
2025,B,goias,639870,Pedrinho,pedrinho,17,26,25,18,1502,60.1
2025,B,america_saf,170144,Mariano,mariano_ferreira_filho,23,31,21,16,1489,70.9
2025,B,botafogo,322930,Wesley,wesley_dias_claudino,8,27,18,18,1489,82.7
2025,B,athletico_paranaense,922690,Kevin Viveros,kevin_viveros,9,19,19,16,1477,77.7
2025,B,coritiba_s_a_f,392650,Iury,iury,77,27,27,20,1477,54.7
2025,B,volta_redonda,529724,Vitinho,vitinho,17,34,23,19,1473,64.0
2025,B,coritiba_s_a_f,532986,Wallisson,wallisson,70,34,29,18,1471,50.7
2025,B,paysandu,315023,Leandro Vi ...,leandro_vi,28,18,18,18,1465,81.4
2025,B,gremio_novorizontino_saf,300229,Waguininho,wagner_da_silva_souza,30,22,22,15,1459,66.3
2025,B,america_saf,600810,Felipe Amaral,felipe_amaral,8,30,20,18,1454,72.7
2025,B,vila_nova,401315,Todinho,geremias_ribeiro_junior,29,26,24,17,1446,60.2
2025,B,paysandu,524492,Andre Lima,andre_da_silva_lima,8,28,21,15,1442,68.7
2025,B,botafogo,604967,Carlão,carlao,14,28,17,16,1436,84.5
2025,B,paysandu,424585,Bryan,bryan_borges_mascarenhas,21,27,20,17,1436,71.8
2025,B,athletico_paranaense,923742,Gaston Ben ...,gaston_americo_benavidez,29,17,17,16,1426,83.9
2025,B,botafogo,894142,Dramisino,alejo_martin_dramisino,18,35,25,17,1415,56.6
2025,B,goias,313582,Moraes,moraes,6,21,20,15,1414,70.7
2025,B,gremio_novorizontino_saf,420539,Bruno Jose,bruno_jose_de_souza,17,36,29,17,1414,48.8
2025,B,operario,315945,Diogo,diogo,2,30,20,17,1413,70.6
2025,B,goias,440246,Jajá,jandir_breno_souza_silva,7,36,30,18,1411,47.0
2025,B,crb,461802,Crystopher,crystopher,21,23,21,15,1399,66.6
2025,B,cuiaba_saf,592044,Carlos Alb ...,carlos_alb,11,23,23,17,1399,60.8
2025,B,atletico_goianiense_saf,511220,Lelê,lele,9,16,16,16,1395,87.2
2025,B,operario,462755,Gabriel Fe ...,gabriel_fe,27,28,21,15,1388,66.1
2025,B,gremio_novorizontino_saf,302768,Robson,robson,11,25,22,16,1372,62.4
2025,B,cuiaba_saf,895186,Alejandro  ...,silvio_alejandro_martinez,7,17,17,16,1358,79.9
2025,B,crb,327114,Léo Campos,leonardo_de_campos,77,27,18,14,1343,74.6
2025,B,cuiaba_saf,771631,DAVID,david,20,27,22,16,1342,61.0
2025,B,athletico_paranaense,522146,Mendoza,mendoza,17,19,18,15,1335,74.2
2025,B,cuiaba_saf,389361,Lucas,lucas_da_silva_izidoro,30,33,23,14,1318,57.3
2025,B,paysandu,540808,Luan Freitas,luan_freitas,4,18,16,14,1317,82.3
2025,B,athletic_saf,298638,Fabricio I ...,fabricio_i,14,21,19,15,1310,68.9
2025,B,america_saf,622485,Barros,cauan_lucas_barros_da_luz,88,17,15,15,1303,86.9
2025,B,amazonas_fc,896148,KEVIN RAMIREZ,kevin_ramirez,8,18,17,16,1301,76.5
2025,B,botafogo,533772,Alexandre  ...,alexandre,9,17,17,15,1299,76.4
2025,B,volta_redonda,610163,LUCAS,lucas_cardoso_adell,15,29,16,15,1299,81.2
2025,B,america_saf,568151,Stênio,stenio_zanetti_toledo,17,35,26,16,1298,49.9
2025,B,criciuma,465048,Leo,leonardo_naldi_de_matos,18,25,17,15,1290,75.9
2025,B,athletico_paranaense,745104,Arthur Dias,arthur_dias,65,23,16,15,1286,80.4
2025,B,cuiaba_saf,447205,de Lucca,de_lucca,45,30,23,13,1286,55.9
2025,B,paysandu,895786,Joaquin No ...,joaquin_ariel_novillo,5,24,15,14,1283,85.5
2025,B,coritiba_s_a_f,311122,Dellatorre,dellatorre,49,29,25,15,1282,51.3
2025,B,vila_nova,411198,G. Parede,guilherme_parede_pinheiro,77,21,18,16,1276,70.9
2025,B,cuiaba_saf,551796,Juan Chris ...,juan_chris,70,34,27,15,1273,47.1
2025,B,chapecoense,177436,Rafael Santos,rafael_de_carvalho_santos,1,36,15,14,1270,84.7
2025,B,america_saf,321622,Gustavo,gustavo,1,14,14,14,1260,90.0
2025,B,cuiaba_saf,338625,Luan Polli,luan_polli_gomes,50,15,14,14,1260,90.0
2025,B,volta_redonda,335765,Je,je,31,17,14,14,1260,90.0
2025,B,operario,544426,Mingotti,mingotti,9,34,25,14,1254,50.2
2025,B,goias,170255,TITI,christian_chagas_tarouco,4,27,15,14,1251,83.4
2025,B,athletic_saf,384004,Neto Costa,neto_costa,19,35,30,13,1243,41.4
2025,B,volta_redonda,375401,Italo,italo,9,20,18,15,1235,68.6
2025,B,goias,307285,Wellington ...,wellington,27,19,18,13,1222,67.9
2025,B,botafogo,503097,Rafael,rafael_henrique_milhorim,4,31,17,13,1218,71.6
2025,B,volta_redonda,184226,Bruno,bruno_sergio_jaime,5,30,16,13,1213,75.8
2025,B,athletico_paranaense,923095,Aguirre,aguirre,33,19,16,13,1201,75.1
2025,B,ferroviaria,178402,Ze Mario,jose_mario_de_bona,6,26,20,13,1199,60.0
2025,B,remo,523883,Janderson,janderson_santos_de_souza,99,31,26,13,1195,46.0
2025,B,athletic_saf,466167,Wesley,wesley,52,30,21,12,1182,56.3
2025,B,ferroviaria,436289,Maycon,maycon,13,26,16,13,1181,73.8
2025,B,volta_redonda,179486,Wellington ...,wellington,2,32,19,14,1180,62.1
2025,B,paysandu,582781,Diogo Oliv ...,diogo_de_oliveira_barbosa,27,16,16,13,1173,73.3
2025,B,amazonas_saf,778423,Alexis Ivan,alexis_ivan_alvarino,14,13,13,13,1170,90.0
2025,B,atletico_goianiense_saf,537899,13 - Tito,gebson_gomes_dos_santos,3,13,13,13,1170,90.0
2025,B,botafogo,532185,Marco Júnior,marco_junior,18,26,21,11,1164,55.4
2025,B,cuiaba_saf,639064,DERIK,derik,22,14,14,14,1164,83.1
2025,B,atletico_goianiense_saf,551375,Rhaldney,rhaldney,8,13,13,13,1155,88.8
2025,B,paysandu,292608,Mauricio A ...,mauricio_a,35,24,14,12,1140,81.4
2025,B,volta_redonda,403460,Igor,igor_morais_carvalho,19,14,13,13,1140,87.7
2025,B,chapecoense,655546,Italo,italo_de_vargas_da_rosa,77,37,35,6,1138,32.5
2025,B,remo,926305,Nicolas Fe ...,nicolas_fe,25,17,16,14,1138,71.1
2025,B,remo,653267,Kayky Almeida,kayky_almeida,27,23,15,12,1137,75.8
2025,B,athletic_saf,541945,Alexsandro,alexsandro,22,14,14,13,1132,80.9
2025,B,remo,376246,Giovanni,giovanni,7,32,21,13,1132,53.9
2025,B,botafogo,463211,Wallison,wallison_nunes_silva,22,36,18,13,1131,62.8
2025,B,ferroviaria,630830,EDSON,edson_lucas_pereira,16,27,15,13,1128,75.2
2025,B,atletico_goianiense_saf,600270,Ronald,ronald_cardoso_falkoski,8,13,13,13,1123,86.4
2025,B,atletico_goianiense_saf,534970,Marcelinho,marcelinho,7,14,14,14,1116,79.7
2025,B,paysandu,314059,Rossi,rosicley_pereira_da_silva,77,17,15,13,1113,74.2
2025,B,amazonas_saf,178303,H. Almeida,h_almeida,19,13,13,13,1108,85.2
2025,B,athletico_paranaense,581989,Habraão,habraao,28,20,13,13,1088,83.7
2025,B,goias,870524,GONZALO FR ...,gonzalo_fr,5,29,19,11,1086,57.2
2025,B,vila_nova,331842,Sousa,sousa,17,21,21,12,1086,51.7
2025,B,operario,325581,Daniel Amorim,daniel_amorim,89,28,22,13,1082,49.2
2025,B,gremio_novorizontino_saf,315834,Pablo Dyego,pablo_dyego_da_silva_rosa,7,31,19,10,1081,56.9
2025,B,avai,297646,Igor Bohn,igor_jose_bohn,1,28,12,12,1080,90.0
2025,B,criciuma,363926,Marcelo He ...,marcelo_hermes,22,12,12,12,1080,90.0
2025,B,vila_nova,500953,Bernardo,bernardo_schappo,14,13,12,12,1080,90.0
2025,B,atletico_goianiense_saf,421180,Willian Ma ...,willian_ma,5,15,13,13,1073,82.5
2025,B,crb,533140,Adailson,adailson,97,25,20,13,1071,53.6
2025,B,operario,678962,gabriel,gabriel_souza_dos_santos,18,25,19,11,1070,56.3
2025,B,athletico_paranaense,178095,Alan Kardec,alan_kardec,27,35,23,14,1069,46.5
2025,B,botafogo,291843,Edson Felipe,edson_felipe_da_cruz,5,25,14,12,1069,76.4
2025,B,gremio_novorizontino_saf,464026,Romulo,romulo_azevedo_simao,25,19,16,13,1067,66.7
2025,B,vila_nova,298361,W. Maia,w_maia,3,28,16,10,1057,66.1
2025,B,america_saf,872812,Fernando E ...,fernando_e,5,26,21,12,1056,50.3
2025,B,crb,551111,Breno,breno_herculano_almeida,9,30,22,11,1049,47.7
2025,B,volta_redonda,183874,Fabricio,fabricio_silva_dornellas,4,13,13,12,1046,80.5
2025,B,volta_redonda,731131,ROBSON,robson,8,15,14,13,1040,74.3
2025,B,coritiba_s_a_f,523074,Vini Paulista,vini_paulista,36,38,24,10,1032,43.0
2025,B,atletico_goianiense_saf,382739,Sandro Cesar,sandro_cesar,20,17,16,12,1026,64.1
2025,B,athletico_paranaense,691619,Kauã Moraes,kaua_moraes_silva,14,13,13,12,1024,78.8
2025,B,paysandu,338491,Ronaldo,ronaldo,14,20,14,12,1020,72.9
2025,B,amazonas_fc,188424,Renan dos  ...,renan_dos_santos,31,14,12,12,1019,84.9
2025,B,ferroviaria,337894,Fabricio,fabricio_daniel_de_souza,10,16,16,13,1017,63.6
2025,B,coritiba_s_a_f,376734,Clayson,clayson,25,26,20,12,1012,50.6
2025,B,remo,524196,Luan Martins,luan_martins_goncalves,5,26,13,11,1005,77.3
2025,B,gremio_novorizontino_saf,461356,Nathan Fogaca,nathan_uiliam_fogaca,99,20,17,11,1003,59.0
2025,B,amazonas_saf,366392,Leonardo,leonardo_henriques_coelho,3,12,12,12,1000,83.3
2025,B,atletico_goianiense_saf,180622,Vladimir,vladimir,1,29,12,11,996,83.0
2025,B,botafogo,682166,4 - Vilar,gustavo_vilar_dos_santos,14,15,11,11,990,90.0
2025,B,amazonas_fc,178303,H. Almeida,h_almeida,91,17,15,11,987,65.8
2025,B,criciuma,381191,Luiz Henrique,luiz_henrique,88,36,20,9,980,49.0
2025,B,avai,546683,Andrey,andrey,78,17,12,10,979,81.6
2025,B,america_saf,728818,Yago,yago_souza_de_santana,40,27,17,11,977,57.5
2025,B,operario,894287,Jaime Ocampo,jaime_ocampo,4,24,12,12,968,80.7
2025,B,atletico_goianiense_saf,502008,Matheus Fe ...,matheus_fe,3,15,12,10,962,80.2
2025,B,criciuma,402719,Marcelo,marcelo,14,22,14,11,962,68.7
2025,B,chapecoense,622068,Jorge Jimenez,jorge_andres_roa_jimenez,5,35,25,10,958,38.3
2025,B,vila_nova,321636,Andre Luis,andre_luis,7,22,18,12,947,52.6
2025,B,operario,370695,Allano,allano,29,12,12,12,941,78.4
2025,B,paysandu,323184,Anderson L ...,anderson_leite_morais,29,16,12,11,935,77.9
2025,B,remo,463599,Marrony,marrony,26,22,17,11,929,54.6
2025,B,remo,543703,Nathan,nathan_santos_de_araujo,23,13,11,11,923,83.9
2025,B,atletico_goianiense_saf,648700,Yuri,yuri_alves_de_aquino,22,21,15,9,921,61.4
2025,B,amazonas_saf,896148,KEVIN RAMIREZ,kevin_ramirez,7,11,11,11,916,83.3
2025,B,athletico_paranaense,582823,Lucas Belezi,lucas_belezi_barbosa,45,26,14,10,916,65.4
2025,B,amazonas_fc,177093,Rafa,rafa,10,20,17,10,912,53.6
2025,B,remo,895855,ALAN RODRI ...,alan_rodri,21,28,11,10,908,82.5
2025,B,avai,526646,Douglas,douglas_da_silva_teixeira,36,21,14,10,903,64.5
2025,B,goias,429655,Rodrigo An ...,rodrigo_an,32,19,14,10,902,64.4
2025,B,criciuma,619677,Kauã,kaua_inacio_moroso,12,20,10,10,900,90.0
2025,B,operario,306691,Allan Godoy,allan_godoi_santos,93,10,10,10,900,90.0
2025,B,avai,422347,Alef Manga,alef_manga,11,24,20,10,898,44.9
2025,B,ferroviaria,641068,ERIC,eric_almeida_de_melo,14,20,15,10,895,59.7
2025,B,paysandu,338237,Matheus Va ...,matheus_de_vargas,96,14,13,11,895,68.8
2025,B,paysandu,502079,Denner,denner_fernando_melz,20,17,14,13,895,63.9
2025,B,avai,311146,Hygor,hygor_cleber_garcia_silva,7,27,25,10,893,35.7
2025,B,botafogo,539977,Gabriel Ba ...,gabriel_de_sousa_barros,21,17,14,11,891,63.6
2025,B,gremio_novorizontino_saf,395968,Patrick Brey,patrick_de_carvalho_brey,88,28,14,9,891,63.6
2025,B,atletico_goianiense_saf,320017,Ruan,ruan_gregorio_teixeira,14,18,15,9,890,59.3
2025,B,operario,316737,Ademilson,ademilson,99,28,21,9,890,42.4
2025,B,remo,388312,Camutanga,camutanga,3,21,11,10,887,80.6
2025,B,gremio_novorizontino_saf,294484,Marlon,marlon_adriano_prezotti,28,18,17,10,870,51.2
2025,B,botafogo,876629,Sabit,sabit_abdulai,15,16,15,10,867,57.8
2025,B,america_saf,610290,ARTHUR SOUSA,arthur_sousa_araujo,39,21,19,9,865,45.5
2025,B,gremio_novorizontino_saf,190431,Rafael Donato,rafael_ferreira_donato,3,30,12,10,856,71.3
2025,B,botafogo,870027,Ronie,ronie,19,32,21,8,853,40.6
2025,B,remo,815856,Diego Hern ...,diego_hern,33,16,14,11,850,60.7
2025,B,amazonas_fc,299142,Jackson,jackson_de_souza,3,10,10,9,843,84.3
2025,B,america_saf,336900,Fabinho,fabinho,28,14,11,9,843,76.6
2025,B,chapecoense,369852,Everton,everton_souza_da_cruz,26,34,20,8,835,41.8
2025,B,athletico_paranaense,446399,Raul,raul_lo_goncalves,31,30,14,9,833,59.5
2025,B,botafogo,168982,Leo Gamalho,leonardo_gamalho_de_souza,9,11,11,10,833,75.7
2025,B,amazonas_fc,908823,CASTRILLON,castrillon,13,12,12,10,825,68.8
2025,B,cuiaba_saf,528636,MARCELINHO,marcelinho,23,24,12,9,818,68.2
2025,B,athletico_paranaense,650633,Léo Derik,leo_derik,61,26,11,9,804,73.1
2025,B,paysandu,897091,BENITEZ,benitez,9,20,17,11,804,47.3
2025,B,paysandu,171788,Thiago Heleno,thiago_heleno,44,15,9,9,798,88.7
2025,B,vila_nova,543481,Vinicius,vinicius,11,30,22,8,795,36.1
2025,B,vila_nova,568268,Pedro Romano,pedro_romano,14,17,11,9,794,72.2
2025,B,goias,354299,Luiz Felipe,luiz_felipe,3,33,10,9,790,79.0
2025,B,remo,291758,Adailton,adailton,15,16,16,9,780,48.8
2025,B,atletico_goianiense_saf,409168,Kelvin,kelvin,19,18,16,6,779,48.7
2025,B,criciuma,465950,Leandro Sa ...,leandro_sa,23,24,15,8,779,51.9
2025,B,amazonas_saf,433682,Erick Varao,erick_de_souza_miranda,21,12,11,9,777,70.6
2025,B,coritiba_s_a_f,618684,Guilherme  ...,guilherme,15,22,10,9,772,77.2
2025,B,volta_redonda,582820,João Pedro ...,joao_pedro,7,18,14,8,771,55.1
2025,B,remo,930248,João Pedro,joao_pedro_sousa_silva,45,14,12,7,770,64.2
2025,B,volta_redonda,423224,Patrick,patrick_machado_ferreira,10,28,18,7,761,42.3
2025,B,remo,435809,Matheus Davó,matheus_davo,8,14,12,8,760,63.3
2025,B,goias,314275,Lucas,lucas_lovat,36,16,12,9,757,63.1
2025,B,athletic_saf,314625,Diego Fumaça,diego_cesar_de_oliveira,5,12,11,8,756,68.7
2025,B,athletico_paranaense,531455,Renan,renan_peixoto_nepomuceno,70,29,20,6,751,37.6
2025,B,athletic_saf,894749,CHAPA,fernando_martinez_rojas,15,29,15,8,750,50.0
2025,B,coritiba_s_a_f,603057,Pedro Rangel,pedro_rangel,12,35,9,8,750,83.3
2025,B,amazonas_saf,304325,Fabiano,fabiano_da_silva_souza,6,9,9,9,745,82.8
2025,B,athletico_paranaense,620709,Dudu,dudu,53,23,15,7,744,49.6
2025,B,atletico_goianiense_saf,345678,Jean Dias,jean_dias_da_costa,11,13,11,10,742,67.5
2025,B,criciuma,433565,Morelli,everton_morelli_casimiro,40,14,10,9,741,74.1
2025,B,volta_redonda,537477,Ygor Catatau,ygor_de_oliveira_ferreira,27,12,12,10,739,61.6
2025,B,botafogo,403850,Robinho,robinho,17,24,16,7,731,45.7
2025,B,coritiba_s_a_f,682522,João Almeida,joao_almeida,16,34,12,7,730,60.8
2025,B,criciuma,372403,Zé Gabriel,ze_gabriel,35,11,10,9,723,72.3
2025,B,amazonas_fc,895842,ZABALA,zabala,22,21,14,9,719,51.4
2025,B,atletico_goianiense_saf,349177,Conrado,conrado_buchanelli_holz,15,18,11,8,718,65.3
2025,B,amazonas_fc,555280,Thomas Luc ...,thomas_luc,15,11,10,10,717,71.7
2025,B,botafogo,320951,Alisson Ca ...,alisson_ca,3,23,12,8,716,59.7
2025,B,cuiaba_saf,595734,JADER,jader,10,18,13,7,710,54.6
2025,B,vila_nova,432666,Bruno,bruno_cesar_xavier_sislo,17,20,13,8,709,54.5
2025,B,amazonas_saf,177093,Rafa,rafa,10,13,11,9,707,64.3
2025,B,amazonas_saf,919896,DIEGO TORRES,diego_joel_torres_garcete,29,12,9,8,701,77.9
2025,B,paysandu,456887,Marcelinho,marcelinho,30,32,19,6,701,36.9
2025,B,amazonas_saf,896410,LARRY VASQUEZ,larry_vasquez_ortega,5,13,9,8,700,77.8
2025,B,volta_redonda,465539,Thallyson  ...,thallyson,8,11,10,9,700,70.0
2025,B,vila_nova,379541,Arilson,arilson,18,14,13,7,699,53.8
2025,B,paysandu,836501,Quintana,quintana,3,16,10,10,698,69.8
2025,B,botafogo,387314,Jean Victor,jean_victor_barros,16,27,15,6,696,46.4
2025,B,athletic_saf,382822,Jefferson,jefferson,12,26,8,7,695,86.9
2025,B,remo,399284,Felipe Vizeu,felipe_vizeu,33,17,12,7,681,56.8
2025,B,vila_nova,657282,Higor,higor_luiz_de_souza,16,29,14,7,679,48.5
2025,B,ferroviaria,294486,Tarik,tarik,18,33,21,5,678,32.3
2025,B,athletico_paranaense,929825,Carlos Diaz,carlos_teran_diaz,13,9,9,8,677,75.2
2025,B,atletico_goianiense_saf,632604,Valdir,valdir,13,15,12,7,675,56.2
2025,B,coritiba_s_a_f,756803,Carlos de  ...,carlos_de,27,37,28,2,675,24.1
2025,B,athletico_paranaense,178486,Giuliano,giuliano_victor_de_paula,8,36,15,7,671,44.7
2025,B,amazonas_saf,908823,CASTRILLON,castrillon,30,11,9,7,667,74.1
2025,B,amazonas_saf,464569,Gabriel Do ...,gabriel_domingos_de_moura,35,13,9,7,665,73.9
2025,B,amazonas_fc,399776,Luan,luan_santos_silva,9,18,12,8,663,55.2
2025,B,gremio_novorizontino_saf,180083,Willian Fa ...,willian_roberto_de_farias,8,30,14,6,663,47.4
2025,B,chapecoense,501375,Pedro,pedro,48,28,17,5,654,38.5
2025,B,goias,292833,Arthur Caike,arthur_caike,45,26,21,5,653,31.1
2025,B,crb,301087,Pottker,pottker,93,23,17,3,652,38.4
2025,B,vila_nova,608651,Ruan Ribeiro,ruan_ribeiro_rodrigues,23,26,18,5,652,36.2
2025,B,operario,318837,Thales,thales_bento_oleques,72,17,9,7,651,72.3
2025,B,operario,597168,Léo Gaúcho,leo_gaucho,70,11,10,7,650,65.0
2025,B,ferroviaria,610404,Ian,ian_luccas_baroni_boetto,7,27,16,6,646,40.4
2025,B,operario,182380,Fransergio,fransergio,20,12,10,7,645,64.5
2025,B,athletic_saf,432392,Alex Nasci ...,alex_nasci,16,18,8,7,644,80.5
2025,B,crb,402405,Hayner,hayner,60,27,15,6,640,42.7
2025,B,athletico_paranaense,505613,Leozinho,leonardo_caetano_silva,21,28,16,7,636,39.8
2025,B,atletico_goianiense_saf,331532,Rai,rai_dos_reis_ramos,2,9,8,8,634,79.2
2025,B,paysandu,671013,Ramon Mart ...,ramon_martinez_lopez,27,16,12,7,633,52.8
2025,B,amazonas_fc,464872,Pedro,pedro,1,16,7,7,630,90.0
2025,B,criciuma,292976,Jean Carlos,jean_carlos_vicente,92,27,21,5,629,30.0
2025,B,chapecoense,430175,Mario Sergio,mario_sergio,9,8,7,7,622,88.9
2025,B,cuiaba_saf,640575,GUILHERME,guilherme_mariano_barbosa,13,33,14,5,617,44.1
2025,B,atletico_goianiense_saf,315653,Wallace,wallace,16,18,8,8,611,76.4
2025,B,vila_nova,168387,Ralf,ralf_de_souza_teles,8,33,13,7,611,47.0
2025,B,gremio_novorizontino_saf,460340,Airton Moises,airton_moises,20,22,16,5,602,37.6
2025,B,cuiaba_saf,616665,Ataide,ataide,2,19,12,6,600,50.0
2025,B,athletico_paranaense,398807,Falcão,falcao,98,12,8,7,597,74.6
2025,B,athletico_paranaense,536286,Julimar,julimar,20,12,11,6,596,54.2
2025,B,atletico_goianiense_saf,338777,Pedro Henr ...,pedro_henr,4,31,10,6,595,59.5
2025,B,avai,523119,Railan,railan_reis_ferreira,2,28,17,4,587,34.5
2025,B,volta_redonda,514089,Matheus Lucas,matheus_lucas,23,27,20,3,587,29.4
2025,B,athletic_saf,441948,Jhonatan,jhonatan_paulo_da_silva,13,25,10,6,582,58.2
2025,B,criciuma,540274,Juninho,juninho,50,32,14,5,582,41.6
2025,B,amazonas_fc,317569,Rafael Vit ...,rafael_vit,15,8,7,7,581,83.0
2025,B,amazonas_fc,335379,Bruno Ramires,bruno_edgar_silva_almeida,8,9,7,7,581,83.0
2025,B,paysandu,357487,PK,pk,94,20,9,7,579,64.3
2025,B,paysandu,434300,Vini Faria,vinicius_faria_dos_santos,99,24,17,4,579,34.1
2025,B,coritiba_s_a_f,415367,Nicolas Ca ...,nicolas_mores_da_cruz,7,28,15,6,577,38.5
2025,B,chapecoense,356403,Gabriel,gabriel,2,19,14,5,575,41.1
2025,B,america_saf,348257,Emerson,emerson_raymundo_santos,2,15,12,6,572,47.7
2025,B,remo,646521,Nathan Cam ...,nathan_camargo_dos_santos,48,16,11,7,571,51.9
2025,B,cuiaba_saf,542491,Pedrinho,pedrinho,7,7,7,7,568,81.1
2025,B,atletico_goianiense_saf,405061,Dudu,dudu,2,10,8,8,566,70.8
2025,B,remo,931376,Panagiots,panagiots_tachtsidis,77,11,9,8,564,62.7
2025,B,operario,526048,Marcos Paulo,marcos_paulo,32,11,11,6,562,51.1
2025,B,chapecoense,441035,Marcinho,marcinho,95,33,21,4,559,26.6
2025,B,remo,320593,Jorge,jorge,6,11,9,6,558,62.0
2025,B,chapecoense,419436,Pedro,pedro_henrique_perotti,9,26,19,5,543,28.6
2025,B,avai,686991,THAYLLON,thayllon,41,33,19,5,541,28.5
2025,B,amazonas_fc,336531,Alyson Neves,alyson_neves,13,6,6,6,540,90.0
2025,B,amazonas_saf,188424,Renan dos  ...,renan_dos_santos,33,6,6,6,540,90.0
2025,B,amazonas_saf,366358,Ze Carlos,jose_carlos_miranda,1,8,6,6,540,90.0
2025,B,cuiaba_saf,412411,Guilherme,guilherme,12,30,6,6,540,90.0
2025,B,gremio_novorizontino_saf,460331,Igor Marqu ...,igor_marqu,31,18,10,6,539,53.9
2025,B,amazonas_fc,909841,JOAQUIN TO ...,joaquin_eduardo_torres,20,13,9,6,535,59.4
2025,B,ferroviaria,551564,Thayllon,thayllon_lopes_medeiros,39,15,12,6,534,44.5
2025,B,avai,360443,Barreto,gustavo_bonatto_barreto,5,10,8,7,532,66.5
2025,B,athletic_saf,923062,ALESSIO,alessio,17,14,11,6,531,48.3
2025,B,volta_redonda,538097,Bruno Santos,bruno_santos_de_oliveira,9,8,8,5,530,66.2
2025,B,coritiba_s_a_f,617418,Tiago Coser,tiago_coser,23,37,8,5,527,65.9
2025,B,athletico_paranaense,650809,João Cruz,joao_victor_machado_cruz,57,27,14,4,526,37.6
2025,B,vila_nova,647904,Mathiello,mathiello,22,30,16,4,521,32.6
2025,B,botafogo,336063,Guilherme  ...,guilherme,22,16,13,5,520,40.0
2025,B,volta_redonda,546406,Caio Roque,caio_alves_roque_gomes,16,18,7,6,517,73.9
2025,B,gremio_novorizontino_saf,646494,Luiz,luiz_otavio_maria,18,24,11,5,515,46.8
2025,B,amazonas_fc,895719,AKAPO,carlos_akapo_martinez,15,9,9,5,509,56.6
2025,B,botafogo,448526,Matheus Regis,matheus_regis,19,28,17,4,502,29.5
2025,B,paysandu,405112,Wendel,wendel,36,16,11,5,502,45.6
2025,B,operario,527541,Pedrinho,pedro_veronez_vilhena,30,11,8,4,500,62.5
2025,B,amazonas_fc,373689,Robertinho,robertinho,77,15,8,5,496,62.0
2025,B,criciuma,616219,Werik Popó,werik_silva_pinto,45,7,7,6,494,70.6
2025,B,atletico_goianiense_saf,301087,Pottker,pottker,11,8,8,6,493,61.6
2025,B,gremio_novorizontino_saf,531144,Leonardo,leonardo,19,29,14,4,492,35.1
2025,B,athletico_paranaense,528447,Fernando,fernando,6,22,8,6,490,61.2
2025,B,remo,691641,Cantillo,cantillo,20,15,8,6,488,61.0
2025,B,criciuma,599806,YAN,yan_da_cruz_souto,2,32,14,3,487,34.8
2025,B,remo,401976,Pedro Costa,pedro_costa,2,23,10,4,486,48.6
2025,B,amazonas_fc,621864,Rafael Mon ...,rafael_monteiro_reis,2,13,8,6,485,60.6
2025,B,athletic_saf,547372,Alason,alason_azevedo_julio,27,22,16,4,484,30.2
2025,B,athletic_saf,418697,Ezequiel,ezequiel_santos_da_silva,11,22,18,4,483,26.8
2025,B,amazonas_fc,896802,NICOLAS,nicolas_hugo_linares,27,13,6,5,468,78.0
2025,B,operario,631139,Andre,andre,34,15,10,4,459,45.9
2025,B,criciuma,836673,Borasi,benjamin_manuel_borasi,19,20,15,2,456,30.4
2025,B,paysandu,179934,Nicolas,nicolas_godinho_johann,11,8,8,5,456,57.0
2025,B,operario,406069,Thiago Conti,thiago_conti,34,24,13,4,455,35.0
2025,B,criciuma,427213,Lucas,lucas_vinicius_dias_costa,34,14,6,5,454,75.7
2025,B,amazonas_fc,433682,Erick Varao,erick_de_souza_miranda,21,8,7,5,453,64.7
2025,B,athletic_saf,924528,CHICO GERA ...,chico_gera,8,12,10,4,453,45.3
2025,B,goias,418882,Brayann,brayann_brito_batista,91,12,9,6,452,50.2
2025,B,paysandu,380640,Dudu Vieira,dudu_vieira,15,13,9,4,452,50.2
2025,B,athletico_paranaense,894138,Hayen Pala ...,hayen_pala,18,6,5,5,450,90.0
2025,B,gremio_novorizontino_saf,320196,Jordi,jordi_martins_almeida,93,35,5,5,450,90.0
2025,B,crb,617935,Lucas Kallyel,lucas_kallyel,5,27,11,4,449,40.8
2025,B,gremio_novorizontino_saf,369639,Caio,caio,90,15,8,5,447,55.9
2025,B,amazonas_fc,401299,Alex Sandro,alex_sandro_de_oliveira,71,8,7,5,446,63.7
2025,B,paysandu,836673,Borasi,benjamin_manuel_borasi,24,8,7,5,444,63.4
2025,B,amazonas_saf,909841,JOAQUIN TO ...,joaquin_eduardo_torres,11,13,8,5,441,55.1
2025,B,atletico_goianiense_saf,369639,Caio,caio,9,8,8,5,440,55.0
2025,B,gremio_novorizontino_saf,292592,Lucca,lucca_borges_de_brito,9,30,15,5,440,29.3
2025,B,vila_nova,779885,FACUNDO,facundo_labandeira_castro,96,9,7,6,439,62.7
2025,B,vila_nova,577555,Miticov,diego_miticov_rocha,22,21,9,4,435,48.3
2025,B,amazonas_fc,355730,Wellington,wellington,4,10,7,4,434,62.0
2025,B,botafogo,344228,Matheus Ba ...,matheus_barbosa_teixeira,20,21,11,4,433,39.4
2025,B,amazonas_saf,557490,Iverton,iverton_alves_passos,4,7,5,5,432,86.4
2025,B,atletico_goianiense_saf,920789,Ezequiel Ham,ezequiel_naim_ham,8,17,10,5,431,43.1
2025,B,criciuma,340169,Jonathan,jonathan_francisco_lemos,13,10,6,6,428,71.3
2025,B,criciuma,456884,Joao Carlos,joao_carlos_barros_lopes,21,30,13,3,426,32.8
2025,B,cuiaba_saf,307405,Edu,edu,9,13,9,4,421,46.8
2025,B,athletic_saf,466378,Edson Alves,edson_alves,3,9,5,5,420,84.0
2025,B,crb,550098,Fernando,fernando,30,14,9,4,420,46.7
2025,B,volta_redonda,299778,Chay,chay,14,19,10,4,417,41.7
2025,B,vila_nova,501939,Gabriel Silva,gabriel_santos_silva,19,15,9,4,415,46.1
2025,B,athletico_paranaense,895198,Kevin Bonilla,kevin_bonilla,7,25,13,3,411,31.6
2025,B,cuiaba_saf,711904,Jadson,jadson_alves_de_lima,77,22,16,1,411,25.7
2025,B,ferroviaria,630422,Vitor Barreto,vitor_prado_barreto,11,16,13,3,400,30.8
2025,B,amazonas_saf,895719,AKAPO,carlos_akapo_martinez,15,9,6,5,397,66.2
2025,B,ferroviaria,502001,Kevin,kevin,7,34,13,3,397,30.5
2025,B,volta_redonda,519525,Marcos Silva,marcos_vinicius_da_silva,18,11,9,3,395,43.9
2025,B,ferroviaria,298282,Ronaldo,ronaldo_henrique_silva,21,30,18,2,393,21.8
2025,B,america_saf,837571,ORTIZ,cristian_jonatan_ortiz,10,17,10,3,390,39.0
2025,B,volta_redonda,430405,Lucas Toca ...,lucas_costa_da_silva,25,10,8,4,389,48.6
2025,B,athletic_saf,438758,Gabriel,gabriel_ferreira_dias,3,8,5,4,386,77.2
2025,B,atletico_goianiense_saf,650186,Talisson,talisson_de_almeida,22,19,10,3,386,38.6
2025,B,amazonas_fc,716675,Diego,diego,57,9,5,4,384,76.8
2025,B,amazonas_saf,312572,Xavier,xavier,17,14,8,4,384,48.0
2025,B,remo,344314,Nathan,nathan_allan_de_souza,8,13,9,2,384,42.7
2025,B,vila_nova,374375,Bruno Mendes,bruno_pereira_mendes,20,25,9,4,382,42.4
2025,B,avai,300394,Wanderson,wanderson_santos_pereira,34,35,6,4,376,62.7
2025,B,paysandu,755458,Pedro Henr ...,pedro_henr,15,15,5,4,375,75.0
2025,B,athletico_paranaense,714839,Tevis Alves,tevis_alves,30,20,10,4,372,37.2
2025,B,avai,619019,Pedrão,pedrao,35,15,5,4,370,74.0
2025,B,remo,305723,Regis,regis_augusto_salmazzo,22,19,15,1,366,24.4
2025,B,amazonas_saf,399776,Luan,luan_santos_silva,9,12,8,2,363,45.4
2025,B,atletico_goianiense_saf,837089,Alejo Cruz,alejo_cruz_techera,18,10,7,3,362,51.7
2025,B,volta_redonda,177071,Kayke,kayke,19,17,12,3,361,30.1
2025,B,amazonas_fc,778423,Alexis Ivan,alexis_ivan_alvarino,14,4,4,4,360,90.0
2025,B,botafogo,174755,Joao Carlos,joao_carlos_heidemann,1,38,4,4,360,90.0
2025,B,criciuma,321780,Fellipe,fellipe,7,24,15,2,360,24.0
2025,B,operario,170370,Vagner,vagner_da_silva,41,31,4,4,360,90.0
2025,B,amazonas_fc,918525,ALDAIR,aldair,8,9,6,4,358,59.7
2025,B,amazonas_fc,464569,Gabriel Do ...,gabriel_domingos_de_moura,20,8,5,5,356,71.2
2025,B,avai,771074,JAMERSON,jamerson,16,34,9,2,356,39.6
2025,B,ferroviaria,639615,João Ramos,joao_ramos,43,18,6,3,352,58.7
2025,B,operario,403078,Jacy Maran ...,jacy_maranhao_oliveira,55,6,5,4,352,70.4
2025,B,america_saf,328949,Maguinho,magno_jose_da_silva,26,6,5,4,351,70.2
2025,B,volta_redonda,465545,Juninho,juninho,22,24,8,3,351,43.9
2025,B,athletic_saf,540186,Lincoln,lincoln_correa_dos_santos,9,8,6,4,348,58.0
2025,B,avai,366405,Anderson J ...,anderson_de_jesus_santos,3,16,5,3,346,69.2
2025,B,paysandu,610193,Petterson,petterson_novaes_reis,38,14,7,3,346,49.4
2025,B,coritiba_s_a_f,175223,Geovane,geovane_batista_de_faria,5,35,16,1,344,21.5
2025,B,cuiaba_saf,183977,Nino Paraiba,nino_paraiba,22,18,9,4,344,38.2
2025,B,cuiaba_saf,639428,Victor Hugo,victor_hugo,47,22,12,2,343,28.6
2025,B,america_saf,318679,Rafael,rafael_da_silva,99,14,10,3,341,34.1
2025,B,athletic_saf,543147,Cachoeira,cachoeira,47,14,9,3,337,37.4
2025,B,athletico_paranaense,689146,Isaac,isaac_rodrigues_de_lima,11,11,9,3,336,37.3
2025,B,amazonas_fc,919896,DIEGO TORRES,diego_joel_torres_garcete,19,9,5,4,334,66.8
2025,B,goias,611583,Vitor Hugo,vitor_hugo,22,20,6,4,334,55.7
2025,B,atletico_goianiense_saf,421138,Shaylon,shaylon_kallyson_cardozo,10,12,9,4,333,37.0
2025,B,operario,509540,Kleiton,kleiton_pego_duarte,75,19,10,2,333,33.3
2025,B,amazonas_fc,312572,Xavier,xavier,29,16,7,3,331,47.3
2025,B,volta_redonda,588999,Mirandinha,mirandinha,27,10,7,4,329,47.0
2025,B,chapecoense,629156,David,david_antunes_da_silva,19,14,5,4,328,65.6
2025,B,atletico_goianiense_saf,504667,Ariel,ariel,17,15,9,4,327,36.3
2025,B,amazonas_fc,321820,Fernando Neto,fernando_neto,29,8,5,3,326,65.2
2025,B,america_saf,728103,Thauan,thauan,69,7,6,3,326,54.3
2025,B,chapecoense,588139,Mailson,mailson_bezerra_silva,90,33,14,2,321,22.9
2025,B,athletic_saf,691009,MIGUEL,miguel,20,9,5,5,318,63.6
2025,B,america_saf,628314,Jhosefer,jhosefer_raphael_januario,21,29,12,2,315,26.2
2025,B,cuiaba_saf,621114,Lucas Cardoso,lucas_cardoso_moreira,99,13,8,4,315,39.4
2025,B,volta_redonda,307018,Hyuri,hyuri,29,11,6,4,310,51.7
2025,B,gremio_novorizontino_saf,435371,Leo,leonardo_natel_vieira,38,16,6,5,302,50.3
2025,B,goias,691463,Jean,jean,21,14,10,2,301,30.1
2025,B,amazonas_fc,567402,Rodrigo Va ...,rodrigo_santos_varanda,30,4,4,4,300,75.0
2025,B,gremio_novorizontino_saf,331532,Rai,rai_dos_reis_ramos,40,14,6,3,298,49.7
2025,B,goias,695324,Guilherme  ...,guilherme,55,25,9,2,293,32.6
2025,B,crb,630496,Darlisson,darlisson,34,22,5,3,289,57.8
2025,B,crb,837033,Facundo Ba ...,facundo_barcelo_viera,32,14,6,3,288,48.0
2025,B,crb,633802,Daniel Alves,daniel_alves_de_lima,99,10,7,2,286,40.9
2025,B,crb,318493,Giovanni P ...,giovanni_piccolomo,11,21,12,0,284,23.7
2025,B,vila_nova,534345,Thalys,thalys,2,16,5,3,284,56.8
2025,B,crb,544247,Luis,luis,20,22,11,1,283,25.7
2025,B,operario,307569,Nilson Junior,nilson_junior,36,22,4,3,283,70.8
2025,B,paysandu,462686,Ramon Vini ...,ramon_vinicius_dos_santos,43,12,7,2,283,40.4
2025,B,athletico_paranaense,816895,Tobias,tobias_pereira_figueiredo,4,14,4,3,277,69.2
2025,B,vila_nova,633725,Diego Torres,diego_fabian_torres,10,8,5,3,276,55.2
2025,B,amazonas_saf,306605,PH,philippe_guimaraes,55,13,4,3,272,68.0
2025,B,amazonas_fc,394765,Joao Lopes,joao_vitor_lopes_da_silva,1,8,3,3,270,90.0
2025,B,america_saf,392189,Dalberson,dalberson,31,8,3,3,270,90.0
2025,B,america_saf,464516,Cassio,cassio,27,18,3,3,270,90.0
2025,B,vila_nova,296645,Mauricio K ...,mauricio_kozlinski,30,24,3,3,270,90.0
2025,B,avai,556082,Gaspar,gaspar,20,25,15,0,268,17.9
2025,B,amazonas_saf,621864,Rafael Mon ...,rafael_monteiro_reis,35,8,4,3,265,66.2
2025,B,gremio_novorizontino_saf,714444,Ruiz,oscar_ramon_ruiz_roa,22,26,14,1,265,18.9
2025,B,operario,520881,Pedro Lucas,pedro_lucas,70,14,8,3,264,33.0
2025,B,volta_redonda,417008,Ynaia,ynaia_kaire_alves_cardoso,30,9,6,2,262,43.7
2025,B,volta_redonda,402139,Henrique,henrique_sanchotene_silva,21,26,7,2,257,36.7
2025,B,atletico_goianiense_saf,384905,Radsley,radsley,7,9,6,2,256,42.7
2025,B,amazonas_fc,427176,Matheus Blade,matheus_blade,4,5,3,3,255,85.0
2025,B,volta_redonda,621747,RAMIRES,ramires,4,6,3,2,255,85.0
2025,B,atletico_goianiense_saf,465048,Leo,leonardo_naldi_de_matos,17,7,4,2,253,63.2
2025,B,america_saf,779885,FACUNDO,facundo_labandeira_castro,96,13,5,3,249,49.8
2025,B,remo,778423,Alexis Ivan,alexis_ivan_alvarino,14,10,4,3,245,61.2
2025,B,operario,400906,Jefferson  ...,jefferson,6,20,8,2,244,30.5
2025,B,amazonas_fc,366358,Ze Carlos,jose_carlos_miranda,1,10,3,2,241,80.3
2025,B,criciuma,383352,Neto,neto,9,8,5,3,241,48.2
2025,B,paysandu,530666,Denilson,denilson,98,11,7,3,240,34.3
2025,B,ferroviaria,521903,Wesley Pomba,wesley_pomba,11,16,7,2,239,34.1
2025,B,america_saf,615494,Yago,yago_santos_de_andrade,33,27,10,2,238,23.8
2025,B,crb,522984,David,david,11,6,4,3,238,59.5
2025,B,athletic_saf,616199,KAUAN,kauan,28,12,7,2,236,33.7
2025,B,america_saf,658375,SAMUEL ALVES,samuel_alves_barroso,71,13,5,2,235,47.0
2025,B,paysandu,577475,Eliel,eliel,22,11,6,1,226,37.7
2025,B,amazonas_saf,317569,Rafael Vit ...,rafael_vit,4,13,5,2,221,44.2
2025,B,chapecoense,463027,Dentinho,lucas_baptista_felix,97,16,8,2,221,27.6
2025,B,paysandu,652945,Carlos Edu ...,carlos_edu,38,10,6,2,217,36.2
2025,B,goias,695297,Martin Ben ...,martin_nicolas_benitez,10,13,7,1,213,30.4
2025,B,amazonas_fc,516783,Lucas,lucas,18,4,4,2,212,53.0
2025,B,amazonas_fc,444253,Dener,dener_santos_silva,26,7,3,2,210,70.0
2025,B,athletic_saf,587274,Luiz Filipe,luiz_filipe,23,6,4,2,208,52.0
2025,B,goias,837209,Esli Garcia,esli_garcia,15,20,10,0,208,20.8
2025,B,amazonas_fc,716563,Nildo,nildo,18,15,5,1,207,41.4
2025,B,athletic_saf,438404,Matheus,matheus,20,25,9,1,206,22.9
2025,B,coritiba_s_a_f,621745,Ruan Assis,ruan_lucas_de_assis,97,13,6,1,204,34.0
2025,B,amazonas_fc,918557,RIZA,riza_durmisi,2,7,3,2,203,67.7
2025,B,amazonas_saf,307680,Wiliam Barbio,wiliam_silva_gomes_barbio,20,7,4,2,203,50.8
2025,B,volta_redonda,556606,Daniel Cabral,daniel_cabral_de_oliveira,29,10,5,1,203,40.6
2025,B,athletic_saf,644044,GUSTAVO,gustavo,20,15,5,2,199,39.8
2025,B,atletico_goianiense_saf,633802,Daniel Alves,daniel_alves_de_lima,9,6,4,2,198,49.5
2025,B,volta_redonda,293419,Dener,dener_gomes_clemente,23,12,3,2,198,66.0
2025,B,paysandu,318493,Giovanni P ...,giovanni_piccolomo,10,8,6,2,197,32.8
2025,B,volta_redonda,344790,Heliardo,heliardo_vieira_da_silva,19,9,3,3,197,65.7
2025,B,chapecoense,295548,Bressan,bressan,14,13,5,2,196,39.2
2025,B,operario,671026,Brenno,brenno_pereira_silva,21,11,6,1,195,32.5
2025,B,vila_nova,619065,EMERSON,emerson_lima_freitas,7,4,4,2,194,48.5
2025,B,america_saf,396450,Aloisio,aloisio_de_souza_genezio,20,12,6,2,193,32.2
2025,B,atletico_goianiense_saf,544039,30 - Danie ...,daniel_sergio_martins,21,10,3,2,192,64.0
2025,B,amazonas_fc,389034,Gabriel No ...,gabriel_novaes_fernandes,9,5,3,2,183,61.0
2025,B,amazonas_fc,687142,Victor Hugo,victor_hugo,27,9,4,1,183,45.8
2025,B,goias,650675,Anthony,anthony,4,23,6,2,183,30.5
2025,B,crb,440615,Rafael Bar ...,rafael_barbosa_silva,18,22,8,1,182,22.8
2025,B,ferroviaria,504612,Jose Hugo,jose_hugo,17,15,8,1,182,22.8
2025,B,volta_redonda,540826,10 - Léo C ...,10_leo_c,25,14,8,1,182,22.8
2025,B,remo,591190,Edu,eduardo_de_queiroz_melo,39,7,6,2,181,30.2
2025,B,amazonas_fc,366392,Leonardo,leonardo_henriques_coelho,3,2,2,2,180,90.0
2025,B,amazonas_saf,394765,Joao Lopes,joao_vitor_lopes_da_silva,1,10,2,2,180,90.0
2025,B,avai,313767,Judson,judson_silva_tavares,93,3,2,2,180,90.0
2025,B,avai,341930,Otavio,otavio,21,11,2,2,180,90.0
2025,B,crb,442225,Vitor,vitor_caetano_ferreira,1,37,2,2,180,90.0
2025,B,crb,651849,Willian Jesus,willian_jesus_dos_santos,6,8,2,2,180,90.0
2025,B,ferroviaria,669135,Erik,erik,83,13,2,2,180,90.0
2025,B,goias,526646,Douglas,douglas_da_silva_teixeira,6,3,2,2,180,90.0
2025,B,vila_nova,440420,Victor,victor_hugo_zorzenoni,1,17,2,2,180,90.0
2025,B,volta_redonda,440937,Felipe,felipe_marco_avelino,1,22,2,2,180,90.0
2025,B,operario,588145,José Vitor,jose_vitor,31,11,5,2,178,35.6
2025,B,coritiba_s_a_f,438556,Everaldo,everaldo,37,26,11,0,176,16.0
2025,B,criciuma,671907,Thales,thales,39,11,7,2,174,24.9
2025,B,vila_nova,608822,Enzo,enzo_bizzotto_costa,18,10,4,2,173,43.2
2025,B,goias,504612,Jose Hugo,jose_hugo,71,8,6,1,172,28.7
2025,B,remo,926296,Cristian T ...,cristian_t,17,9,3,2,172,57.3
2025,B,atletico_goianiense_saf,517451,99 - Maran ...,99_maran,18,9,5,1,170,34.0
2025,B,remo,678667,Carlos Santos,carlos_santos,13,9,6,1,166,27.7
2025,B,amazonas_fc,437739,Teixeira,teixeira,35,4,3,2,162,54.0
2025,B,botafogo,374851,Jhony Douglas,jhony_douglas_santiago,23,10,3,2,162,54.0
2025,B,atletico_goianiense_saf,533689,Heron Crespo,heron_crespo_da_silva,15,20,4,2,156,39.0
2025,B,paysandu,894172,PEDRO DELV ...,pedro_delv,17,6,4,2,155,38.8
2025,B,america_saf,609600,David José,david_jose_lopes_do_couto,25,12,6,1,154,25.7
2025,B,criciuma,620577,Léo Mana,leonardo_mana_hernandes,15,15,3,1,154,51.3
2025,B,paysandu,657114,Lucca,lucca,34,14,4,2,151,37.8
2025,B,criciuma,389034,Gabriel No ...,gabriel_novaes_fernandes,11,5,4,2,150,37.5
2025,B,chapecoense,350899,Getulio,getulio,11,9,5,2,148,29.6
2025,B,operario,686715,KAUA,kaua_henrique_gomes_paiao,29,9,3,1,148,49.3
2025,B,paysandu,387082,Gustavo Ni ...,gustavo_amorim_nicola,36,10,2,1,146,73.0
2025,B,chapecoense,465413,Eduardo Pe ...,eduardo_luiz_person,27,11,4,2,145,36.2
2025,B,vila_nova,382612,Igor Inoce ...,igor_inoce,6,16,4,1,143,35.8
2025,B,avai,658542,Lucas Eduardo,lucas_eduardo,58,10,5,1,142,28.4
2025,B,goias,730802,Luquinhas,luquinhas,25,25,3,1,142,47.3
2025,B,america_saf,612799,Rafa,rafael_raul_barcelos,14,27,3,1,139,46.3
2025,B,botafogo,463153,Pablo Thomaz,pablo_thomaz,17,13,5,1,139,27.8
2025,B,chapecoense,442668,Jhonnathan,jhonnathan,32,12,3,1,139,46.3
2025,B,criciuma,337172,Sassa,luiz_ricardo_alves,99,30,8,0,139,17.4
2025,B,operario,548985,Leo Silva,leonardo_de_almeida_silva,22,22,6,1,138,23.0
2025,B,america_saf,184155,Heber,heber_araujo_dos_santos,11,7,5,1,136,27.2
2025,B,athletico_paranaense,658761,Diogo Riqu ...,diogo_riqu,63,5,3,1,136,45.3
2025,B,coritiba_s_a_f,450033,Junior Bru ...,junior_bru,9,6,6,0,135,22.5
2025,B,coritiba_s_a_f,356563,Rodrigo Ro ...,rodrigo_rodrigues_silva,99,5,4,2,132,33.0
2025,B,cuiaba_saf,626986,RUAN,ruan_de_oliveira_ferreira,33,11,4,1,132,33.0
2025,B,vila_nova,460566,Nathan,nathan_melo_silva,23,17,4,1,132,33.0
2025,B,athletic_saf,718391,GABRIEL QU ...,gabriel_qu,15,11,5,1,130,26.0
2025,B,criciuma,650186,Talisson,talisson_de_almeida,33,4,2,2,124,62.0
2025,B,amazonas_fc,459114,Eliton,eliton,20,7,4,1,123,30.8
2025,B,avai,546184,Mendes,gabriel_mendes_alves,90,15,6,1,123,20.5
2025,B,avai,712568,Josmar,josmar_silva_miranda,70,4,3,1,121,40.3
2025,B,paysandu,377355,Edinho,edinho,18,7,4,1,120,30.0
2025,B,vila_nova,522740,Paulinho,paulinho,15,4,3,1,120,40.0
2025,B,atletico_goianiense_saf,453857,Castro,luiz_felipe_castro_neto,15,11,4,1,116,29.0
2025,B,avai,620337,LEO,leonardo_reis_fernandes,32,20,10,0,115,11.5
2025,B,avai,422333,Quaresma,mateus_quaresma_correia,66,5,3,1,114,38.0
2025,B,ferroviaria,707096,FAU,fabio_soares_dos_santos,80,10,3,1,114,38.0
2025,B,cuiaba_saf,711281,NATHAN,nathan_cruz_da_silva_rosa,66,17,7,0,113,16.1
2025,B,ferroviaria,926053,Hernâni,hernani,27,15,5,0,113,22.6
2025,B,amazonas_fc,392058,Cametá,tiago_coelho_andrade,28,2,2,1,111,55.5
2025,B,cuiaba_saf,783335,Luis,luis,91,10,3,1,111,37.0
2025,B,operario,383244,Ronald,ronald,33,15,6,0,111,18.5
2025,B,remo,427774,Emaxwell,emaxwell_souza_de_lima,77,10,5,0,109,21.8
2025,B,volta_redonda,359865,Luciano,luciano_francisco_paulino,7,6,4,1,109,27.2
2025,B,remo,315101,Dodo,dodo,31,21,7,1,104,14.9
2025,B,remo,443489,Leonardo,leonardo_lang_lopes,30,7,2,1,104,52.0
2025,B,criciuma,544845,Hudson,hudson,8,7,4,0,103,25.8
2025,B,america_saf,522984,David,david,70,11,6,0,102,17.0
2025,B,cuiaba_saf,744246,Gabriel,gabriel,21,8,6,0,102,17.0
2025,B,criciuma,891213,Samuel,samuel,34,16,6,0,101,16.8
2025,B,operario,655825,RYAN,ryan_santos_de_paulo,14,7,2,1,101,50.5
2025,B,ferroviaria,525042,Vitor Mendes,vitor_mendes_alves,4,10,2,1,99,49.5
2025,B,remo,694544,Freitas,freitas,35,14,3,0,99,33.0
2025,B,operario,379565,Jhemerson,jhemerson,17,16,5,0,98,19.6
2025,B,amazonas_fc,307680,Wiliam Barbio,wiliam_silva_gomes_barbio,19,16,5,0,97,19.4
2025,B,amazonas_fc,517639,Vitor Alberto,vitor_alberto,21,10,3,0,96,32.0
2025,B,america_saf,587060,Breno,breno,99,4,2,1,93,46.5
2025,B,amazonas_fc,386023,Marcone,marcone,26,7,1,1,90,90.0
2025,B,amazonas_saf,896802,NICOLAS,nicolas_hugo_linares,27,6,1,1,90,90.0
2025,B,amazonas_saf,918557,RIZA,riza_durmisi,94,1,1,1,90,90.0
2025,B,athletic_saf,324829,Glauco,glauco,25,27,1,1,90,90.0
2025,B,atletico_goianiense_saf,311316,Anderson P ...,anderson_silva_da_paixao,12,8,1,1,90,90.0
2025,B,atletico_goianiense_saf,518943,Leonardo,leonardo,1,9,1,1,90,90.0
2025,B,atletico_goianiense_saf,666350,Lucas,lucas,12,4,1,1,90,90.0
2025,B,coritiba_s_a_f,173551,Rodrigo Mo ...,rodrigo_mo,4,13,1,1,90,90.0
2025,B,goias,178365,Thiago Rod ...,thiago_rod,1,37,1,1,90,90.0
2025,B,operario,308871,Charles,charles,3,7,1,1,90,90.0
2025,B,operario,376622,Talles,talles,12,5,1,1,90,90.0
2025,B,operario,622943,BERNARDO,bernardo,4,1,1,1,90,90.0
2025,B,avai,563757,Guilherme  ...,guilherme_santos_da_silva,30,12,5,0,86,17.2
2025,B,botafogo,647656,Willian,willian,17,10,5,0,85,17.0
2025,B,vila_nova,644527,LUAN,luan,20,6,2,1,84,42.0
2025,B,crb,366405,Anderson S ...,anderson_de_jesus_santos,3,17,1,1,77,77.0
2025,B,athletic_saf,404816,Andrey,andrey,18,13,5,0,76,15.2
2025,B,atletico_goianiense_saf,727646,Rai,rai,21,12,6,0,76,12.7
2025,B,operario,696216,JOAO,joao,31,3,1,1,75,75.0
2025,B,volta_redonda,927375,LUCAS CHAVEZ,lucas_chavez,20,7,3,1,75,25.0
2025,B,crb,667358,RODRIGO,rodrigo,33,11,4,0,74,18.5
2025,B,amazonas_saf,903982,SANTIAGO,santiago,13,1,1,1,71,71.0
2025,B,athletic_saf,671306,CAICK,caick_jose_ferreira_ramos,15,9,4,0,71,17.8
2025,B,remo,556606,Daniel Cabral,daniel_cabral_de_oliveira,6,10,4,0,71,17.8
2025,B,volta_redonda,501947,Adsson,adsson,26,8,2,1,71,35.5
2025,B,america_saf,647713,Guilherme,guilherme,50,4,1,1,70,70.0
2025,B,ferroviaria,605794,Igor Bolt,igor_luiz_costa_lemos,70,12,4,0,66,16.5
2025,B,volta_redonda,593480,Matheus Costa,matheus_costa_martins,27,7,4,0,66,16.5
2025,B,coritiba_s_a_f,621412,Felipe Gui ...,felipe_gui,22,21,3,0,64,21.3
2025,B,paysandu,375834,Joao Marcos,joao_marcos,22,10,4,0,63,15.8
2025,B,cuiaba_saf,305393,Arthur Rez ...,arthur_rodrigues_rezende,80,4,3,0,62,20.7
2025,B,coritiba_s_a_f,556855,Geovane Me ...,geovane_santana_meurer,38,6,1,1,61,61.0
2025,B,athletico_paranaense,321829,Madson,madson,22,16,1,0,58,58.0
2025,B,amazonas_saf,386023,Marcone,marcone,26,13,4,0,56,14.0
2025,B,crb,606086,BRALL,david_medeiros_dos_santos,33,6,2,0,55,27.5
2025,B,chapecoense,421457,Marlon,marlon_silva_lacorte,8,11,3,0,54,18.0
2025,B,volta_redonda,526949,Igor Maduro,igor_maduro_de_oliveira,18,8,4,0,54,13.5
2025,B,gremio_novorizontino_saf,335513,Renato,renato_palm_da_silveira,33,4,3,1,53,17.7
2025,B,atletico_goianiense_saf,923835,Luciano Co ...,luciano_co,20,5,3,0,52,17.3
2025,B,avai,153924,Vagner Love,vagner_silva_de_souza,9,5,4,0,52,13.0
2025,B,amazonas_fc,552845,Raimar,raimar_rodrigues_lopes,12,7,2,0,51,25.5
2025,B,america_saf,350158,Dalbert,dalbert,36,6,3,1,51,17.0
2025,B,america_saf,581782,Renato,renato,78,7,4,0,50,12.5
2025,B,chapecoense,600164,Rubens,rubens,70,19,5,0,49,9.8
2025,B,america_saf,695297,Martin Ben ...,martin_nicolas_benitez,10,5,2,0,48,24.0
2025,B,goias,837033,Facundo Ba ...,facundo_barcelo_viera,31,18,7,0,46,6.6
2025,B,amazonas_saf,517639,Vitor Alberto,vitor_alberto,8,5,3,0,45,15.0
2025,B,ferroviaria,311813,Quirino,diego_de_souza_quirino,19,13,4,0,43,10.8
2025,B,america_saf,531707,Pato,guilherme_nunes_rodrigues,19,5,2,0,42,21.0
2025,B,operario,548842,Matheus,matheus,19,5,3,0,42,14.0
2025,B,goias,668800,ALAN STENCE,alan_matheus_stence,18,5,2,0,41,20.5
2025,B,operario,308283,Jean Lucas,jean_lucas_figueiredo,11,4,2,0,40,20.0
2025,B,athletic_saf,586543,Nathan,nathan_mendes_da_silva,17,3,2,0,39,19.5
2025,B,paysandu,711353,Iarley,iarley_brito_goncalves,15,2,1,0,39,39.0
2025,B,amazonas_saf,922974,HANNER,hanner_rojas_santos,13,5,2,0,38,19.0
2025,B,avai,544673,Del Piage,del_piage,5,2,2,1,38,19.0
2025,B,crb,540824,Gazao,gazao,31,12,3,0,38,12.7
2025,B,amazonas_fc,917285,VAGNER DIAS,vagner_dias,20,5,2,0,37,18.5
2025,B,paysandu,894178,JOSEPH ESP ...,joseph_esp,6,4,2,0,37,18.5
2025,B,chapecoense,525768,Márcio Kaí ...,marcio_kai,15,3,2,0,36,18.0
2025,B,remo,169945,Ytalo,ytalo,19,10,3,0,36,12.0
2025,B,cuiaba_saf,926295,Felipe,felipe_pasadore,16,8,4,0,35,8.8
2025,B,operario,730724,DUDU,eduardo_franzon_mosconi,97,2,1,0,35,35.0
2025,B,volta_redonda,646704,Caetano Dias,caetano_dias_dotto_breves,13,2,2,0,34,17.0
2025,B,america_saf,539206,Gustavo,gustavo,30,11,2,0,33,16.5
2025,B,avai,706054,RIGLEY,rigley,37,12,3,0,32,10.7
2025,B,chapecoense,520331,Mancha,gianluca_piola_minozzo,6,16,4,0,32,8.0
2025,B,criciuma,690741,Adriano,adriano,73,5,1,0,32,32.0
2025,B,remo,424347,Madison,madison_araujo_costa,98,11,2,0,32,16.0
2025,B,amazonas_saf,895842,ZABALA,zabala,8,4,1,0,31,31.0
2025,B,avai,762635,Juninho,juninho,9,11,5,0,31,6.2
2025,B,operario,321574,Cittadini,leonardo_cittadini,20,4,1,1,31,31.0
2025,B,paysandu,785397,Matheus Souza,matheus_cardoso_de_souza,20,2,1,0,31,31.0
2025,B,goias,736805,MURILO,murilo,29,3,1,0,30,30.0
2025,B,chapecoense,307432,Thomas,thomas,30,12,3,0,29,9.7
2025,B,cuiaba_saf,321636,Andre Luis,andre_luis,97,3,1,0,29,29.0
2025,B,remo,344952,Rafael Castro,rafael_castro,38,9,2,0,29,14.5
2025,B,amazonas_saf,444253,Dener,dener_santos_silva,20,4,2,0,28,14.0
2025,B,ferroviaria,320834,Cassinho,cassinho,20,8,2,0,28,14.0
2025,B,cuiaba_saf,658542,Lucas Eduardo,lucas_eduardo,5,7,1,0,26,26.0
2025,B,remo,346401,Ygor Vinhas,ygor_vinhas_oliveira_lima,94,31,1,0,26,26.0
2025,B,volta_redonda,753103,João Bom,joao_bom,19,2,1,0,26,26.0
2025,B,amazonas_fc,393315,Diogo,diogo_carlos_santos,11,1,1,0,25,25.0
2025,B,volta_redonda,666056,Lyncon,lyncon_correa_goncalves,14,2,1,0,25,25.0
2025,B,volta_redonda,925758,LAUTARO BE ...,lautaro_jose_belleggia,8,2,1,0,25,25.0
2025,B,america_saf,837336,PEDRO BARC ...,pedro_barc,4,13,1,0,24,24.0
2025,B,cuiaba_saf,682292,Eduardo,eduardo,15,10,2,0,24,12.0
2025,B,goias,733856,Danilo,danilo_cunha_da_silva,66,17,2,0,24,12.0
2025,B,gremio_novorizontino_saf,648911,Pedro Balo ...,pedro_balo,18,5,1,0,24,24.0
2025,B,amazonas_fc,903982,SANTIAGO,santiago,30,9,2,0,23,11.5
2025,B,criciuma,539977,Gabriel Ba ...,gabriel_de_sousa_barros,20,4,1,0,23,23.0
2025,B,criciuma,351526,Georgemy,georgemy_goncalves,95,12,1,0,21,21.0
2025,B,amazonas_saf,918525,ALDAIR,aldair,15,5,2,0,20,10.0
2025,B,goias,637237,Fábio,fabio,2,9,2,0,20,10.0
2025,B,operario,734121,Gabriel,gabriel_cardozo_ferreira,35,1,1,0,20,20.0
2025,B,vila_nova,723226,Caixeta,caixeta,21,3,1,0,19,19.0
2025,B,vila_nova,736501,Breno,breno_da_costa_pereira,18,2,1,0,19,19.0
2025,B,botafogo,628944,Pedro Tort ...,pedro_henrique_tortello,20,7,2,0,18,9.0
2025,B,chapecoense,318165,Romulo,romulo,28,7,2,0,18,9.0
2025,B,amazonas_saf,373689,Robertinho,robertinho,77,9,1,0,17,17.0
2025,B,crb,308754,Luiz Fernando,luiz_fernando,30,14,2,0,16,8.0
2025,B,crb,460566,Nathan,nathan_melo_silva,70,4,1,0,16,16.0
2025,B,crb,614370,Dioran,dioran,27,1,1,0,16,16.0
2025,B,goias,396450,Aloisio,aloisio_de_souza_genezio,16,7,1,0,16,16.0
2025,B,america_saf,693546,Kauan Cris ...,kauan_cris,47,3,2,0,15,7.5
2025,B,remo,633616,PH,darilson_gama_amador,91,4,2,0,15,7.5
2025,B,remo,679802,Gabryel Ma ...,gabryel_da_silva_martins,17,3,1,0,15,15.0
2025,B,vila_nova,746341,Lucas,lucas_henrique_soares,18,1,1,0,15,15.0
2025,B,volta_redonda,515816,Du Fernandes,du_fernandes,23,3,1,0,15,15.0
2025,B,amazonas_fc,306605,PH,philippe_guimaraes,4,5,1,0,14,14.0
2025,B,atletico_goianiense_saf,755466,Klebert,klebert,13,1,1,0,14,14.0
2025,B,goias,551111,Breno,breno_herculano_almeida,18,1,1,0,14,14.0
2025,B,avai,384126,Weverton,weverton_almeida_silva,4,12,1,0,13,13.0
2025,B,goias,633917,VITOR HUGO,vitor_hugo,22,5,1,0,12,12.0
2025,B,atletico_goianiense_saf,655877,Gustavo Da ...,gustavo_da,15,5,1,0,11,11.0
2025,B,vila_nova,798821,Raimundo Y ...,raimundo_y,23,4,1,0,11,11.0
2025,B,america_saf,730199,Jhonnatan,jhonnatan_da_silva,44,3,1,0,9,9.0
2025,B,volta_redonda,693842,KAUA,kaua_oliveira_souza,18,2,1,0,9,9.0
2025,B,operario,711594,Filipe Cla ...,filipe_cla,77,4,1,0,8,8.0
2025,B,amazonas_fc,892555,WENDEL,wendel,20,3,1,0,7,7.0
2025,B,cuiaba_saf,895218,Yamil Asad,yamil_rodrigo_asad,32,2,1,0,7,7.0
2025,B,criciuma,451549,Roca,heitor_roca_santo,36,6,1,0,6,6.0
2025,B,paysandu,786580,Kaua Hinkel,kaua_hinkel_santos_vieira,38,6,2,0,6,3.0
2025,B,botafogo,363149,Douglas Ba ...,douglas_ba,20,1,1,0,5,5.0
2025,B,volta_redonda,696894,Kerlon,kerlon_conceicao_reis,17,2,1,0,5,5.0
2025,B,crb,793846,WALLACE,wallace,82,5,1,0,4,4.0
2025,B,criciuma,659022,Fabricio,fabricio_maceda_lentz,32,4,1,0,4,4.0
2025,B,athletic_saf,647804,Carlito,carlito,14,2,1,0,3,3.0
2025,B,criciuma,582600,Cauê,caue_vinicius_dos_santos,27,1,1,0,3,3.0
2025,B,chapecoense,611457,Gustavo Ta ...,gustavo_talles_da_silva,20,5,1,0,2,2.0
2025,B,paysandu,846219,SETTIMIO A ...,settimio_arthur_monteiro,32,3,1,0,2,2.0
2025,B,amazonas_fc,437831,ERIVAN,erivan,35,2,0,0,0,
2025,B,amazonas_fc,557490,Iverton,iverton_alves_passos,57,7,0,0,0,
2025,B,amazonas_fc,559140,Pará,luis_felipe_rebelo_costa,26,3,0,0,0,
2025,B,amazonas_saf,437739,Teixeira,teixeira,15,4,0,0,0,
2025,B,amazonas_saf,464872,Pedro,pedro,33,5,0,0,0,
2025,B,amazonas_saf,922972,JHAN CARLOS,jhan_carlos,29,2,0,0,0,
2025,B,america_saf,427979,Joriwinnyson,joriwinnyson,12,20,0,0,0,
2025,B,america_saf,629548,Baldissera,arthur_yan_baldissera,52,1,0,0,0,
2025,B,america_saf,643996,Adyson Soares,adyson_soares,11,1,0,0,0,
2025,B,america_saf,668363,Henrique B ...,henrique_braga_franca,51,1,0,0,0,
2025,B,america_saf,671548,THALLYSON,thallyson,55,4,0,0,0,
2025,B,america_saf,727809,Gustavo He ...,gustavo_henrique_correa,48,1,0,0,0,
2025,B,athletic_saf,528036,João Adriano,joao_adriano,16,2,0,0,0,
2025,B,athletic_saf,537346,Betão,betao,30,1,0,0,0,
2025,B,athletic_saf,626968,Dourado,dourado,21,8,0,0,0,
2025,B,athletic_saf,630721,Eduardo Fr ...,eduardo_freire_de_andrade,26,18,0,0,0,
2025,B,athletic_saf,689240,Gabriel,gabriel,14,1,0,0,0,
2025,B,athletic_saf,702829,RAFAEL C,rafael_da_conceicao,18,3,0,0,0,
2025,B,athletic_saf,711232,Eduardo Fi ...,eduardo_fi,17,1,0,0,0,
2025,B,athletic_saf,719270,SAMUELZINHO,samuel_ferreira_godinho,13,1,0,0,0,
2025,B,athletic_saf,729768,Oliveira,oliveira,57,1,0,0,0,
2025,B,athletic_saf,749762,FELIPE VIEIRA,felipe_vieira_da_silva,36,6,0,0,0,
2025,B,athletic_saf,750681,Marlon,marlon,22,1,0,0,0,
2025,B,athletic_saf,800624,VICTOR,victor,14,3,0,0,0,
2025,B,athletico_paranaense,405061,Dudu,dudu,2,2,0,0,0,
2025,B,athletico_paranaense,552406,Renan Viana,renan_viana,50,1,0,0,0,
2025,B,athletico_paranaense,609731,Matheus So ...,matheus_soares_rocha,42,2,0,0,0,
2025,B,athletico_paranaense,713451,Peralta,peralta,15,8,0,0,0,
2025,B,athletico_paranaense,717810,Carlos Edu ...,carlos_edu,80,4,0,0,0,
2025,B,athletico_paranaense,721817,Kayke,kayke,77,1,0,0,0,
2025,B,athletico_paranaense,758598,Vitinho,vitinho,26,2,0,0,0,
2025,B,athletico_paranaense,788343,Marcão,marcos_andre_paulino_maia,46,1,0,0,0,
2025,B,athletico_paranaense,928902,Elan Ochoa,elan_joseph_ricardo_ochoa,77,6,0,0,0,
2025,B,atletico_goianiense_saf,315637,Marcinho,marcinho,13,1,0,0,0,
2025,B,atletico_goianiense_saf,621747,RAMIRES,ramires,14,2,0,0,0,
2025,B,atletico_goianiense_saf,630655,Renato,renato_santos_da_cruz,13,1,0,0,0,
2025,B,atletico_goianiense_saf,633271,Angelo Araos,angelo_araos,18,10,0,0,0,
2025,B,atletico_goianiense_saf,716590,Luiz Guilh ...,luiz_guilh,13,2,0,0,0,
2025,B,atletico_goianiense_saf,721207,Gustavo Dias,gustavo_dias,1,1,0,0,0,
2025,B,atletico_goianiense_saf,726198,walace,walace,14,2,0,0,0,
2025,B,atletico_goianiense_saf,895304,Franciso B ...,francisco_barrios_azzini,16,5,0,0,0,
2025,B,avai,620962,Joaquim,joaquim_paolazzi_ananias,71,3,0,0,0,
2025,B,avai,644619,João Pedro,joao_pedro,46,2,0,0,0,
2025,B,avai,693896,Wanderson,wanderson_barros_de_sousa,6,1,0,0,0,
2025,B,avai,717182,Tedesco,nicolas_tedesco_borba,17,7,0,0,0,
2025,B,avai,741865,Adriel,adriel_lopes_da_silva,35,2,0,0,0,
2025,B,avai,756863,Caua,caua_luis_teixeira_campos,45,1,0,0,0,
2025,B,avai,763958,Kevin,kevin_da_silva_soares,47,1,0,0,0,
2025,B,avai,771008,Carrielo,henrique_carrielo_gomes,25,1,0,0,0,
2025,B,avai,777970,Devid Santos,devid_santos,76,2,0,0,0,
2025,B,avai,894154,Burbano,burbano,40,1,0,0,0,
2025,B,botafogo,459533,Matheus de ...,matheus_de_mello_costa,14,3,0,0,0,
2025,B,botafogo,647284,Brenno Faro,brenno_faro_klippel,24,4,0,0,0,
2025,B,botafogo,655869,Caique,caique_trindade_santos,19,1,0,0,0,
2025,B,botafogo,676523,Badaró,badaro,14,1,0,0,0,
2025,B,botafogo,691201,Pedro Henr ...,pedro_henr,17,1,0,0,0,
2025,B,botafogo,714856,Yuri Felipe,yuri_felipe,21,2,0,0,0,
2025,B,botafogo,740079,Rafinha,rafinha,23,9,0,0,0,
2025,B,botafogo,788854,Iago Morais,iago_morais_da_silva,21,1,0,0,0,
2025,B,botafogo,795209,Cauã,caua_lucas_ferreira,23,4,0,0,0,
2025,B,chapecoense,345033,Andre,andre,31,5,0,0,0,
2025,B,chapecoense,533292,Felipe,felipe_vieira_augusto,76,21,0,0,0,
2025,B,chapecoense,599009,KAUAN,kauan_faria_gomes,21,11,0,0,0,
2025,B,chapecoense,638135,GABRIEL,gabriel_werner,29,1,0,0,0,
2025,B,chapecoense,733383,ALMER,almer,40,1,0,0,0,
2025,B,coritiba_s_a_f,184460,Gabriel Leite,gabriel_christoni_leite,87,20,0,0,0,
2025,B,coritiba_s_a_f,565654,Jean Gabriel,jean_gabriel_silveira,17,1,0,0,0,
2025,B,coritiba_s_a_f,610699,Benassi,benassi,67,21,0,0,0,
2025,B,coritiba_s_a_f,722883,Lucas Taverna,lucas_taverna,86,2,0,0,0,
2025,B,coritiba_s_a_f,894885,Matias Fra ...,matias_fracchia_moreira,2,5,0,0,0,
2025,B,crb,522702,Vitinho,victor_alexandre_de_souza,77,1,0,0,0,
2025,B,crb,621414,Fabio Henr ...,fabio_henr,23,4,0,0,0,
2025,B,crb,641082,Baranhas,baranhas,30,1,0,0,0,
2025,B,crb,685012,Pablo,pablo_andrade_neves,23,1,0,0,0,
2025,B,crb,693137,MATEUS,mateus_pureza_santos,6,4,0,0,0,
2025,B,crb,693895,RUY,ruy,31,1,0,0,0,
2025,B,crb,699064,MAYKINHO,maykinho,60,2,0,0,0,
2025,B,criciuma,315254,Axel,axel_bernardes_lopes,22,9,0,0,0,
2025,B,criciuma,383559,Caique,caique,97,3,0,0,0,
2025,B,criciuma,523730,Gustavo Maia,gustavo_maia_da_silva,11,16,0,0,0,
2025,B,criciuma,610857,Octavio,octavio,30,3,0,0,0,
2025,B,criciuma,616854,Jota,jota,68,10,0,0,0,
2025,B,criciuma,691592,Octavio Silva,octavio_silva,87,1,0,0,0,
2025,B,criciuma,719175,HIAGO,hiago,37,5,0,0,0,
2025,B,criciuma,726860,RUAN,ruan_rodrigues_carvalho,80,3,0,0,0,
2025,B,criciuma,739804,THIAGUINHO,thiaguinho,59,1,0,0,0,
2025,B,criciuma,779577,Lucas,lucas_vinicius_bugs,17,1,0,0,0,
2025,B,criciuma,819230,Steven,steven_nufour,24,4,0,0,0,
2025,B,cuiaba_saf,419243,Arthur,arthur,1,10,0,0,0,
2025,B,cuiaba_saf,523119,Railan,railan_reis_ferreira,40,1,0,0,0,
2025,B,cuiaba_saf,652958,Renan,renan_carrasco_veltri,35,1,0,0,0,
2025,B,cuiaba_saf,671099,Patola,patola,37,1,0,0,0,
2025,B,cuiaba_saf,675749,Silva,luiz_felipe_mathias_silva,97,5,0,0,0,
2025,B,cuiaba_saf,691608,Pedro Henr ...,pedro_henr,78,1,0,0,0,
2025,B,cuiaba_saf,768403,MARTINS,lorenzo_silva_martins,36,2,0,0,0,
2025,B,ferroviaria,338847,Filipe,filipe_alexandre_da_costa,95,21,0,0,0,
2025,B,ferroviaria,463514,Leonardo,leonardo_wall_dos_santos,12,22,0,0,0,
2025,B,ferroviaria,537549,Weverton,weverton,22,1,0,0,0,
2025,B,ferroviaria,630396,David,david,53,2,0,0,0,
2025,B,ferroviaria,645400,Sorocaba,pedro_henrique_estevam,33,2,0,0,0,
2025,B,ferroviaria,653879,EDUARDO AU ...,eduardo_au,18,1,0,0,0,
2025,B,ferroviaria,696507,JOÃO VICTOR,joao_victor,17,4,0,0,0,
2025,B,ferroviaria,721882,Thiago,thiago_montelo_pereira,23,1,0,0,0,
2025,B,ferroviaria,725966,Jhonatan,jhonatan_garcia_da_silva,30,2,0,0,0,
2025,B,ferroviaria,743140,Raoni,raoni_dos_santos_ramos,88,2,0,0,0,
2025,B,goias,565684,Lustosa,lustosa,88,2,0,0,0,
2025,B,goias,580984,Ezequiel,ezequiel,12,17,0,0,0,
2025,B,gremio_novorizontino_saf,509383,Marcelo,marcelo_de_bem_dal_soler,23,6,0,0,0,
2025,B,gremio_novorizontino_saf,622059,João Scapin,joao_scapin,12,1,0,0,0,
2025,B,gremio_novorizontino_saf,630013,Gabriel Co ...,gabriel_correia_da_silva,14,11,0,0,0,
2025,B,gremio_novorizontino_saf,671670,Victor,victor,21,3,0,0,0,
2025,B,gremio_novorizontino_saf,829135,Antony,antony,16,5,0,0,0,
2025,B,operario,401024,Lucas Wingert,lucas_leandro_wingert,91,5,0,0,0,
2025,B,operario,620667,Marcio Filho,marcio_filho,41,2,0,0,0,
2025,B,operario,622329,José Gabriel,jose_gabriel,35,3,0,0,0,
2025,B,operario,622709,HENRIQUE,henrique,32,2,0,0,0,
2025,B,operario,644286,Thiago Med ...,thiago_med,35,2,0,0,0,
2025,B,operario,693983,Guilherme,guilherme,51,1,0,0,0,
2025,B,operario,711396,Matheus Ga ...,matheus_galdino_silva,11,1,0,0,0,
2025,B,operario,715428,LEONARDO,leonardo_borges_de_souza,36,1,0,0,0,
2025,B,operario,738540,Renan Gustavo,renan_gustavo,93,1,0,0,0,
2025,B,paysandu,318862,Iago Hass,iago_hass_ferreira,31,13,0,0,0,
2025,B,paysandu,387358,Kevyn,kevyn,36,5,0,0,0,
2025,B,paysandu,682526,Henrique S ...,henrique_viana_salomoni,16,1,0,0,0,
2025,B,paysandu,797741,Thalyson,thalyson,18,2,0,0,0,
2025,B,paysandu,894156,MATIAS CAV ...,matias_cav,32,9,0,0,0,
2025,B,remo,534345,Thalys,thalys,20,1,0,0,0,
2025,B,remo,566788,Yago,yago_de_paula_ferreira,28,1,0,0,0,
2025,B,remo,617485,Kawan,kawan,54,5,0,0,0,
2025,B,remo,715038,Guty,guty,23,1,0,0,0,
2025,B,remo,740064,victor,victor,12,1,0,0,0,
2025,B,vila_nova,311339,Marcondes,marcondes,13,4,0,0,0,
2025,B,vila_nova,649189,Guilherme  ...,guilherme_vieira_miranda,22,1,0,0,0,
2025,B,vila_nova,703371,KAUA,kaua,1,1,0,0,0,
2025,B,vila_nova,771652,Rodrigo,rodrigo,13,1,0,0,0,
2025,B,volta_redonda,466221,Yago,yago_oliveira_antonio,31,6,0,0,0,
2025,B,volta_redonda,714165,Lucas Almeida,lucas_almeida,25,1,0,0,0,
2025,B,volta_redonda,894359,CACERES,caceres,26,3,0,0,0,
2026,B,sport_recife,432216,Thiago,thiago_couto_wenceslau,26,27,27,27,2430,90.0
2026,B,botafogo,682166,4 - Vilar,gustavo_vilar_dos_santos,4,27,27,27,2415,89.4
2026,B,atletico_goianiense_saf,183760,Paulo Vitor,paulo_vitor,1,26,26,26,2340,90.0
2026,B,vila_nova,303187,Helton,helton_brant_aleixo_leite,1,26,26,26,2336,89.8
2026,B,atletico_goianiense_saf,542286,Guilherme  ...,guilherme,6,26,26,26,2327,89.5
2026,B,criciuma,363926,Marcelo He ...,marcelo_hermes,22,26,26,26,2318,89.2
2026,B,botafogo,433565,Morelli - 40,everton_morelli_casimiro,8,27,27,27,2263,83.8
2026,B,londrina_saf,296645,Mauricio K ...,mauricio_kozlinski,30,25,25,25,2250,90.0
2026,B,nautico,165925,Muriel,muriel_gustavo_becker,1,25,25,25,2250,90.0
2026,B,sport_recife,419436,Pedro,pedro_henrique_perotti,9,26,26,25,2229,85.7
2026,B,gremio_novorizontino_saf,464026,Romulo,romulo_azevedo_simao,10,28,28,27,2200,78.6
2026,B,gremio_novorizontino_saf,500215,Patrick,patrick,4,27,26,25,2195,84.4
2026,B,gremio_novorizontino_saf,302768,Robson,robson,11,27,27,27,2187,81.0
2026,B,juventude,599081,Marcos Paulo,marcos_paulo,47,25,25,25,2164,86.6
2026,B,juventude,295557,Jandrei,jandrei_chitolina_carniel,93,24,24,24,2160,90.0
2026,B,botafogo,395968,Patrick Brey,patrick_de_carvalho_brey,6,24,24,24,2142,89.2
2026,B,vila_nova,523883,Janderson,janderson_santos_de_souza,99,26,26,26,2142,82.4
2026,B,crb,533140,Adailson,adailson,97,25,25,25,2103,84.1
2026,B,botafogo,299833,Victor Souza,victor_souza,1,24,23,23,2070,90.0
2026,B,operario,465929,Vinicius,vinicius,20,24,24,24,2055,85.6
2026,B,juventude,613097,RAI,rai_da_silva_pessanha,75,26,26,25,2053,79.0
2026,B,juventude,419498,Rodrigo Sam,rodrigo_eduardo_da_silva,34,26,23,23,2046,89.0
2026,B,atletico_goianiense_saf,639230,Soares,geovany_dos_santos_soares,20,27,27,26,2033,75.3
2026,B,crb,599514,MIKAEL,mikael,28,26,25,25,2021,80.8
2026,B,nautico,320984,Igor Ferna ...,igor_ferna,23,24,23,23,2008,87.3
2026,B,crb,297781,Pedro Castro,pedro_castro,21,26,26,25,1992,76.6
2026,B,nautico,442409,Wenderson,wenderson,8,23,23,23,1991,86.6
2026,B,ceara,291617,Richard,richard_de_oliveira_costa,1,22,22,22,1980,90.0
2026,B,fortaleza_saf,438977,Lucas Gazal,lucas_xavier_gazal,3,23,23,22,1977,86.0
2026,B,operario,373841,Gabriel,gabriel_boschilia,10,22,22,22,1960,89.1
2026,B,crb,461802,Crystopher,crystopher,8,23,23,23,1955,85.0
2026,B,ceara,335012,Luiz Otavio,luiz_otavio,4,22,22,22,1954,88.8
2026,B,vila_nova,331982,Joao Vieira,joao_pedro_vieira,5,24,22,22,1941,88.2
2026,B,vila_nova,190389,Marquinhos ...,marquinhos,10,24,24,23,1925,80.2
2026,B,criciuma,312663,Cesar,cesar_henrique_martins,37,22,22,22,1915,87.0
2026,B,operario,170370,Vagner,vagner_da_silva,33,22,22,22,1902,86.5
2026,B,athletic_saf,338625,Luan Polli,luan_polli_gomes,1,21,21,21,1890,90.0
2026,B,ceara,606805,Julio,julio,18,27,25,22,1885,75.4
2026,B,ponte_preta,351971,Lucas Cunha,lucas_de_souza_cunha,3,23,21,20,1885,89.8
2026,B,botafogo,313001,Rafael Gava,rafael_gava,10,25,25,23,1874,75.0
2026,B,avai,308283,Jean Lucas,jean_lucas_figueiredo,10,25,24,23,1871,78.0
2026,B,atletico_goianiense_saf,945192,Orlando Ju ...,orlando_ju,14,27,21,21,1869,89.0
2026,B,goias,383537,Filipe Mac ...,filipe_mac,5,23,22,22,1855,84.3
2026,B,avai,381191,Luiz Henrique,luiz_henrique,8,25,24,23,1854,77.2
2026,B,gremio_novorizontino_saf,674350,Maykon Kesley,maykon_kesley,66,23,22,21,1843,83.8
2026,B,atletico_goianiense_saf,500506,Ewerthon,ewerthon,2,22,22,22,1842,83.7
2026,B,avai,526646,Douglas,douglas_da_silva_teixeira,36,23,23,20,1839,80.0
2026,B,sport_recife,690534,Felipinho,felipinho,60,21,21,21,1838,87.5
2026,B,atletico_goianiense_saf,463599,Marrony,marrony,9,25,23,23,1819,79.1
2026,B,ceara,318115,Eder,eder_ferreira_graminho,33,20,20,20,1800,90.0
2026,B,crb,442225,Vitor,vitor_caetano_ferreira,1,27,20,20,1800,90.0
2026,B,criciuma,177531,Rodrigo,rodrigo,3,21,20,20,1800,90.0
2026,B,cuiaba,294407,Joao Basso,joao_othavio_basso,13,20,20,20,1800,90.0
2026,B,sport_recife,546794,Chrystian,chrystian,30,21,21,21,1796,85.5
2026,B,botafogo,504612,Jose Hugo,jose_hugo,30,28,25,21,1790,71.6
2026,B,athletic_saf,691009,MIGUEL,miguel,16,20,20,20,1788,89.4
2026,B,crb,314275,Lucas,lucas_lovat,36,22,22,22,1784,81.1
2026,B,gremio_novorizontino_saf,465048,Leo,leonardo_naldi_de_matos,18,28,24,21,1767,73.6
2026,B,criciuma,300229,Waguininho,wagner_da_silva_souza,13,25,23,22,1759,76.5
2026,B,goias,354299,Luiz Felipe,luiz_felipe,3,26,21,19,1756,83.6
2026,B,criciuma,605512,Guilherme,guilherme_teixeira_lobo,8,23,22,21,1741,79.1
2026,B,gremio_novorizontino_saf,320196,Jordi,jordi_martins_almeida,93,22,20,19,1741,87.0
2026,B,operario,420742,Mikael,mikael,2,20,20,20,1739,87.0
2026,B,ceara,732137,Melqui,melqui,40,28,23,20,1736,75.5
2026,B,atletico_goianiense_saf,436949,Gustavo Co ...,gustavo_co,20,24,24,22,1734,72.2
2026,B,goias,331937,Lucas Lima,lucas_rafael_araujo_lima,10,26,23,21,1727,75.1
2026,B,gremio_novorizontino_saf,383906,Luis,luis_felipe_oyama,6,24,22,21,1721,78.2
2026,B,crb,308495,Daniel,daniel_sampaio_simoes,10,26,23,22,1718,74.7
2026,B,america,321622,Gustavo,gustavo,1,25,19,19,1710,90.0
2026,B,cuiaba,446399,Raul,raul_lo_goncalves,30,19,19,19,1710,90.0
2026,B,fortaleza_saf,298660,João Ricardo,joao_ricardo_riedi,1,20,19,19,1710,90.0
2026,B,londrina_saf,617563,Yago,yago_lincoln_rocha_santos,3,22,19,19,1710,90.0
2026,B,avai,410105,Allyson,allyson_aires_dos_santos,3,20,20,20,1705,85.2
2026,B,vila_nova,657282,Higor,higor_luiz_de_souza,6,23,20,19,1703,85.2
2026,B,criciuma,292282,Luciano Ca ...,luciano_castan_da_silva,4,21,19,19,1702,89.6
2026,B,criciuma,321780,Fellipe,fellipe,7,23,22,21,1687,76.7
2026,B,athletic_saf,609749,Kauan Rodr ...,kauan_rodrigues_da_silva,17,19,19,19,1677,88.3
2026,B,ceara,714442,Joao Gabriel,joao_gabriel,81,26,21,19,1673,79.7
2026,B,operario,308421,Matheus Tr ...,matheus_tr,39,24,22,19,1673,76.0
2026,B,atletico_goianiense_saf,452276,Adriano Ma ...,adriano_ma,4,24,20,18,1671,83.6
2026,B,botafogo,311146,Hygor,hygor_cleber_garcia_silva,9,21,21,21,1670,79.5
2026,B,fortaleza_saf,948275,Miritello,juan_bautista_miritello,9,22,21,19,1665,79.3
2026,B,operario,307317,Pablo,pablo_felipe_teixeira,92,20,20,20,1637,81.8
2026,B,vila_nova,188260,Tiago,tiago_pagnussat,3,25,22,18,1637,74.4
2026,B,avai,686991,THAYLLON,thayllon,43,22,21,20,1626,77.4
2026,B,athletic_saf,582823,Lucas Belezi,lucas_belezi_barbosa,4,19,18,18,1620,90.0
2026,B,operario,943436,Cuenu,jose_abad_cuenu_rodriguez,22,18,18,18,1620,90.0
2026,B,botafogo,338849,Matheus Sales,matheus_de_sales_cabral,16,25,23,19,1614,70.2
2026,B,atletico_goianiense_saf,559119,Cristiano,cristiano,8,26,23,17,1612,70.1
2026,B,operario,462355,Miranda,miranda,16,22,18,18,1606,89.2
2026,B,sport_recife,461774,Biel,biel,6,25,23,19,1605,69.8
2026,B,fortaleza_saf,643371,mauricio j ...,mauricio_j,13,25,23,18,1587,69.0
2026,B,fortaleza_saf,180632,Lucas Sasha,lucas_pacheco_affini,88,24,23,18,1583,68.8
2026,B,botafogo,356403,Gabriel,gabriel,22,21,20,18,1573,78.6
2026,B,goias,406246,Nicolas,nicolas,6,21,21,18,1572,74.9
2026,B,fortaleza_saf,451607,Luiz Fernando,luiz_fernando,32,22,20,18,1570,78.5
2026,B,criciuma,447189,Willean Lepo,willean_bernardo_willemen,97,21,20,17,1562,78.1
2026,B,juventude,351040,Alisson,alisson_pelegrini_safira,25,27,26,17,1549,59.6
2026,B,fortaleza_saf,532045,Mailton,mailton_dos_santos_de_sa,22,25,20,17,1547,77.4
2026,B,londrina_saf,409030,Gabriel La ...,gabriel_la,15,26,18,17,1539,85.5
2026,B,sport_recife,402719,Marcelo,marcelo,5,23,18,17,1539,85.5
2026,B,ponte_preta,524492,Andre Lima,andre_da_silva_lima,8,19,18,17,1533,85.2
2026,B,criciuma,332840,Airton,airton_moraes_michellon,32,20,17,17,1530,90.0
2026,B,avai,358808,Ze Ricardo,ze_ricardo,77,22,19,18,1529,80.5
2026,B,operario,313582,Moraes,moraes,6,22,20,18,1518,75.9
2026,B,goias,691463,Jean,jean,21,28,22,19,1502,68.3
2026,B,londrina_saf,533689,Heron Crespo,heron_crespo_da_silva,34,26,22,19,1495,68.0
2026,B,atletico_goianiense_saf,537899,Tito,gebson_gomes_dos_santos,3,28,19,16,1485,78.2
2026,B,vila_nova,612177,Dudu,eduardo_dos_santos,15,24,21,17,1485,70.7
2026,B,londrina_saf,338506,Lucas Marques,lucas_marques_de_oliveira,8,20,19,18,1484,78.1
2026,B,juventude,526048,Marcos Paulo,marcos_paulo,10,26,22,20,1480,67.3
2026,B,athletic_saf,441948,Jhonatan,jhonatan_paulo_da_silva,3,17,17,17,1479,87.0
2026,B,criciuma,554728,Otero,romulo_otero_vasquez,91,24,22,20,1470,66.8
2026,B,goias,540238,Lucas Ribeiro,lucas_ribeiro_dos_santos,14,24,20,15,1462,73.1
2026,B,sport_recife,372403,Zé Gabriel,ze_gabriel,23,27,21,17,1461,69.6
2026,B,america,600810,Felipe Amaral,felipe_amaral,8,23,22,19,1456,66.2
2026,B,nautico,312048,Vinicius,vinicius_santos_silva,7,18,18,16,1456,80.9
2026,B,cuiaba,613826,Calebe,calebe_oliveira_costa,5,18,17,17,1450,85.3
2026,B,crb,295548,Bressan,bressan,22,26,19,16,1437,75.6
2026,B,crb,378811,Fabio Alemão,fabio_augusto_schirmann,27,22,18,15,1410,78.3
2026,B,juventude,381149,Messias,messias,4,18,18,17,1408,78.2
2026,B,juventude,339876,Diogo Barbosa,diogo_barbosa_mendanha,16,20,19,16,1394,73.4
2026,B,juventude,389361,Lucas,lucas_da_silva_izidoro,8,22,20,17,1383,69.2
2026,B,atletico_goianiense_saf,315023,Leandro Vi ...,leandro_vi,15,24,18,16,1377,76.5
2026,B,londrina_saf,694242,João Bezerro,joao_bezerro,32,25,20,16,1359,68.0
2026,B,fortaleza_saf,540989,Rodriguinho,rodriguinho,75,22,19,15,1354,71.3
2026,B,america,350158,Dalbert,dalbert,29,19,16,15,1353,84.6
2026,B,goias,634555,Kadu,kadu,40,24,17,17,1352,79.5
2026,B,crb,621119,Thiaguinho,thiaguinho,17,19,19,17,1351,71.1
2026,B,goias,178365,Thiago Rod ...,thiago_rod,1,28,15,15,1350,90.0
2026,B,botafogo,409168,Kelvin,kelvin,7,27,22,17,1339,60.9
2026,B,fortaleza_saf,529729,Vitinho,vitinho,11,25,20,17,1337,66.8
2026,B,vila_nova,646521,Nathan Cam ...,nathan_camargo_dos_santos,20,26,21,14,1332,63.4
2026,B,athletic_saf,636772,MASWEL,maswel_ananias_silva,11,19,18,18,1321,73.4
2026,B,ponte_preta,183975,Elvis,elvis_vieira_araujo,10,17,17,16,1320,77.6
2026,B,goias,342224,Rodrigo So ...,rodrigo_alves_soares,2,24,20,17,1319,66.0
2026,B,operario,943431,BERTO,berto,14,23,22,18,1316,59.8
2026,B,nautico,313072,Derek,derek_freitas_ribeiro,72,20,20,16,1307,65.4
2026,B,criciuma,392562,Eduardo,eduardo_jacinto_de_biasi,5,22,18,17,1306,72.6
2026,B,avai,657735,Paulo Vitor,paulo_vitor_monteiro,25,25,20,13,1300,65.0
2026,B,sport_recife,566865,Marcelo,marcelo_alixandre_ajul,3,24,15,15,1299,86.6
2026,B,goias,533963,Lourenço,lourenco,97,21,19,16,1280,67.4
2026,B,londrina_saf,656640,Kauê Leon ...,kaue_leon,21,20,16,14,1279,79.9
2026,B,america,612799,Rafa,rafael_raul_barcelos,4,24,15,14,1277,85.1
2026,B,gremio_novorizontino_saf,581520,Matheus,matheus_henrique_bianqui,17,25,22,13,1275,58.0
2026,B,vila_nova,321636,Andre Luis,andre_luis,7,19,18,16,1267,70.4
2026,B,operario,462755,Gabriel Fe ...,gabriel_fe,27,25,19,13,1262,66.4
2026,B,goias,402095,Ramon Menezes,ramon_menezes_roma,4,24,15,14,1259,83.9
2026,B,goias,182466,Anselmo Ramon,anselmo_ramon,9,24,20,12,1244,62.2
2026,B,juventude,431346,Fabio Lima,fabio_de_lima_costa,11,25,21,13,1244,59.2
2026,B,crb,428683,Diogo,diogo_hereda_da_silva,32,21,19,14,1228,64.6
2026,B,america,327667,Ricardo Silva,ricardo_silva,45,16,14,14,1225,87.5
2026,B,botafogo,387972,Ericson,ericson_da_silva,3,17,14,14,1221,87.2
2026,B,athletic_saf,613494,Diogo Batista,diogo_batista_de_souza,22,18,15,13,1209,80.6
2026,B,gremio_novorizontino_saf,541442,Gabriel He ...,gabriel_he,26,18,14,13,1209,86.4
2026,B,londrina_saf,610030,Vitinho Mota,victor_hugo_de_faria_mota,7,22,18,16,1207,67.1
2026,B,londrina_saf,423695,André Luiz,andre_luiz,5,14,14,14,1203,85.9
2026,B,operario,355362,Aylon,aylon_darwin_tavella,11,23,21,16,1203,57.3
2026,B,cuiaba,525042,Vitor Mendes,vitor_mendes_alves,4,17,14,13,1201,85.8
2026,B,avai,463211,Wallison,wallison_nunes_silva,2,19,16,14,1200,75.0
2026,B,nautico,450596,Vinicius,vinicius,10,14,14,14,1199,85.6
2026,B,avai,437504,Daniel Penha,daniel_dos_santos_penha,14,16,15,15,1186,79.1
2026,B,gremio_novorizontino_saf,543481,Vinicius,vinicius,16,22,19,15,1186,62.4
2026,B,goias,548978,Luisão,luisao,25,27,15,13,1182,78.8
2026,B,america,779527,Gonzalo Ma ...,gonzalo_ma,17,21,18,13,1177,65.4
2026,B,cuiaba,177948,Marcelo,marcelo,31,14,14,14,1175,83.9
2026,B,ponte_preta,522984,David,david,18,19,17,14,1174,69.1
2026,B,fortaleza_saf,554480,Rodrigo,rodrigo,29,26,20,12,1170,58.5
2026,B,goias,308316,Tadeu,tadeu_antonio_ferreira,23,15,13,13,1170,90.0
2026,B,londrina_saf,538097,Bruno Santos,bruno_santos_de_oliveira,9,14,13,13,1170,90.0
2026,B,sao_bernardo_saf,173056,Alex,alex_alves_de_lima,1,13,13,13,1170,90.0
2026,B,sao_bernardo_saf,335312,Jemerson,jemerson,35,13,13,13,1170,90.0
2026,B,sao_bernardo_saf,406738,Rodrigo Fe ...,rodrigo_ferreira_da_silva,2,13,13,13,1170,90.0
2026,B,america,803466,Matias Seg ...,matias_seg,77,19,19,13,1152,60.6
2026,B,vila_nova,618785,Ryan,ryan,11,20,16,14,1145,71.6
2026,B,crb,502001,Kevin,kevin,2,21,16,13,1133,70.8
2026,B,juventude,524196,Luan Martins,luan_martins_goncalves,5,23,21,12,1133,54.0
2026,B,nautico,537346,Betão,betao,3,18,15,13,1132,75.5
2026,B,avai,542473,Leo Aragão,leo_aragao,41,13,13,13,1123,86.4
2026,B,juventude,438425,Gabriel,gabriel_barbosa_pinheiro,97,26,16,10,1101,68.8
2026,B,ponte_preta,313755,Danilo Bar ...,danilo_carvalho_barcelos,14,19,16,13,1100,68.8
2026,B,botafogo,315653,Wallace,wallace,13,21,15,12,1095,73.0
2026,B,fortaleza_saf,548055,Pierre,pierre,5,19,16,14,1094,68.4
2026,B,ceara,587391,Lucca,lucca,99,22,17,11,1087,63.9
2026,B,ponte_preta,646214,Kevyson,kevyson_costa_e_silva,32,17,16,13,1086,67.9
2026,B,ponte_preta,165094,Diogo Silva,diogo_silva,12,12,12,12,1080,90.0
2026,B,sao_bernardo,173056,Alex,alex_alves_de_lima,1,12,12,12,1080,90.0
2026,B,sao_bernardo,339225,Augusto,augusto_de_souza_silva,97,12,12,12,1080,90.0
2026,B,sao_bernardo,406738,Rodrigo Fe ...,rodrigo_ferreira_da_silva,2,12,12,12,1080,90.0
2026,B,america,166061,Willian Du ...,willian_gomes_de_siqueira,9,23,20,12,1078,53.9
2026,B,athletic_saf,707675,Enzo,enzo_henrique_dos_santos,20,14,13,13,1077,82.8
2026,B,sao_bernardo_saf,311487,Felipe Garcia,felipe_garcia_goncalves,9,13,13,13,1077,82.8
2026,B,crb,541952,Henri,henri_marinho_dos_santos,44,25,12,12,1076,89.7
2026,B,ponte_preta,882719,Palacios,palacios,23,18,13,12,1067,82.1
2026,B,goias,404367,Djalma,djalma,54,27,21,11,1064,50.7
2026,B,gremio_novorizontino_saf,808263,Reidiney,reidiney,41,17,15,15,1058,70.5
2026,B,america,545775,Paulo Victor,paulo_victor,20,23,17,11,1049,61.7
2026,B,criciuma,312015,Bruno Alves,bruno_fabiano_alves,34,24,14,12,1046,74.7
2026,B,fortaleza_saf,540808,Luan Freitas,luan_freitas,4,25,14,11,1046,74.7
2026,B,cuiaba,321898,Pepe,joao_pedro_vilardi_pinto,8,14,13,13,1045,80.4
2026,B,sport_recife,731156,Zé Lucas,jose_lucas_gomes_da_silva,58,13,13,13,1044,80.3
2026,B,ponte_preta,798761,Julio,julio_de_oliveira,2,16,13,11,1039,79.9
2026,B,londrina_saf,442914,Iago,iago_teles_da_silva,11,12,12,12,1032,86.0
2026,B,sport_recife,376734,Clayson,clayson,25,23,17,13,1028,60.5
2026,B,america,539977,Gabriel Ba ...,gabriel_de_sousa_barros,7,16,15,13,1027,68.5
2026,B,sao_bernardo_saf,439838,Eduardo,eduardo,26,13,13,13,1027,79.0
2026,B,sport_recife,712776,Augusto,augusto_pucci_de_freitas,68,25,19,10,1026,54.0
2026,B,sport_recife,406610,Ze Marcos,jose_marcos_alves_luis,4,14,12,12,1023,85.2
2026,B,goias,730802,Luquinhas,luquinhas,35,14,13,12,1016,78.2
2026,B,ponte_preta,547120,Marcio Silva,marcio_silva,44,12,12,12,1014,84.5
2026,B,juventude,291939,Aderlan,aderlan_de_lima_silva,13,15,15,10,1010,67.3
2026,B,londrina_saf,166649,Wallace Reis,wallace_reis_silva,4,19,14,11,1009,72.1
2026,B,ceara,356231,Sanchez,sanchez_jose_vale_costa,12,27,15,10,1005,67.0
2026,B,sao_bernardo,393868,Para,para,6,11,11,11,990,90.0
2026,B,sao_bernardo_saf,540323,Lino,romisson_lino_dos_santos,17,12,12,12,990,82.5
2026,B,athletic_saf,610404,Ian,ian_luccas_baroni_boetto,5,12,12,12,981,81.8
2026,B,nautico,353336,Reginaldo,reginaldo_lopes_de_jesus,93,24,16,10,978,61.1
2026,B,londrina_saf,420186,Joao Vitor,joao_vitor,20,11,11,11,975,88.6
2026,B,sao_bernardo_saf,340535,FOGUINHO,guilherme_seefeldt_krolow,8,13,13,12,975,75.0
2026,B,atletico_goianiense_saf,190009,Guilherme  ...,guilherme_costa_marques,10,22,16,9,972,60.8
2026,B,ceara,545392,Matheus Ar ...,matheus_de_araujo_andrade,8,26,19,12,972,51.2
2026,B,gremio_novorizontino_saf,908823,CASTRILLON,castrillon,20,16,12,11,972,81.0
2026,B,goias,310627,Gêge,geirton_marques_aires,28,21,18,11,962,53.4
2026,B,nautico,292976,Jean Carlos,jean_carlos_vicente,20,11,11,11,949,86.3
2026,B,fortaleza_saf,883478,Fuentes,fuentes,18,13,12,11,938,78.2
2026,B,goias,337261,Juninho,juninho,8,28,19,10,934,49.2
2026,B,ceara,528447,Fernando,fernando,17,17,12,12,931,77.6
2026,B,cuiaba,316223,Marlon,marlon,6,13,12,12,928,77.3
2026,B,goias,630099,Cadu,cadu,18,22,16,11,925,57.8
2026,B,vila_nova,311122,Dellatorre,dellatorre,49,15,15,9,916,61.1
2026,B,ponte_preta,534345,Thalys,thalys,27,13,11,11,915,83.2
2026,B,sao_bernardo,439838,Eduardo,eduardo,26,12,12,12,915,76.2
2026,B,crb,666056,Lyncon,lyncon_correa_goncalves,34,26,12,10,914,76.2
2026,B,vila_nova,421180,Willian Ma ...,willian_ma,8,20,15,10,907,60.5
2026,B,ponte_preta,656428,GUILHERME  ...,guilherme_brandao_azevedo,99,21,14,10,903,64.5
2026,B,ponte_preta,549994,Vinicius,vinicius_ferrari_andreoli,30,16,10,10,900,90.0
2026,B,cuiaba,771631,David,david,88,18,14,12,898,64.1
2026,B,nautico,726863,SAMUEL,samuel_felix_rodrigues,41,24,15,11,897,59.8
2026,B,londrina_saf,360467,Paulo,paulo_roberto_moccelin,18,20,17,10,896,52.7
2026,B,fortaleza_saf,775569,Britez,emanuel_britez,2,10,10,10,892,89.2
2026,B,ponte_preta,301087,Pottker,pottker,9,11,11,11,884,80.4
2026,B,juventude,539820,Luiz,luiz,44,14,14,9,880,62.9
2026,B,america,728818,Yago,yago_souza_de_santana,10,20,16,9,878,54.9
2026,B,america,411198,G. Parede,guilherme_parede_pinheiro,7,12,11,11,875,79.5
2026,B,nautico,509192,Luiz Felip ...,luiz_felip,27,12,12,11,874,72.8
2026,B,nautico,320581,Leonardo,leonardo,15,10,10,10,871,87.1
2026,B,vila_nova,402405,Hayner,hayner,22,25,19,9,869,45.7
2026,B,nautico,324513,Matheus Ri ...,matheus_antunes_ribeiro,14,16,12,9,867,72.2
2026,B,sao_bernardo_saf,393868,Para,para,6,13,12,11,867,72.2
2026,B,juventude,178095,Alan Kardec,alan_kardec,9,23,18,8,861,47.8
2026,B,juventude,331532,Rai,rai_dos_reis_ramos,2,21,11,10,855,77.7
2026,B,sao_bernardo,340535,FOGUINHO,guilherme_seefeldt_krolow,8,11,11,10,841,76.5
2026,B,vila_nova,391300,Willian,willian_prado_camargo,13,24,17,8,823,48.4
2026,B,ceara,328312,Richardson,richardson,26,25,14,9,822,58.7
2026,B,athletic_saf,294382,Zeca,jose_carlos_cracco_neto,6,15,12,11,811,67.6
2026,B,athletic_saf,616854,Jota,jota,15,19,14,10,810,57.9
2026,B,avai,754528,Baldini,bruno_goncalves_baldini,55,9,9,9,810,90.0
2026,B,sao_bernardo_saf,294095,Helder,helder_gomes_maciel,3,14,9,9,801,89.0
2026,B,america,182423,Manoel,manoel,26,12,9,9,798,88.7
2026,B,botafogo,691201,Pedro Henr ...,pedro_henr,22,21,13,8,796,61.2
2026,B,cuiaba,345678,Jean Dias,jean_dias_da_costa,77,12,11,11,796,72.4
2026,B,athletic_saf,943816,Dixon,dixon_jair_vera_rodriguez,21,20,15,9,792,52.8
2026,B,crb,363149,Douglas Ba ...,douglas_ba,7,26,18,9,791,43.9
2026,B,ponte_preta,349707,Leo Gomes,leonardo_da_silva_gomes,16,16,11,9,786,71.5
2026,B,botafogo,527285,Wesley Santos,wesley_pinheiro_santos,23,25,17,8,784,46.1
2026,B,gremio_novorizontino_saf,409084,Cesar,cesar,31,28,9,9,779,86.6
2026,B,ponte_preta,414138,Murilo Cav ...,murilo_cav,20,11,11,10,779,70.8
2026,B,criciuma,376405,Diego,diego_goncalves,77,24,18,7,776,43.1
2026,B,ponte_preta,610592,DIEGO,diego_monteiro_leao,4,16,10,8,776,77.6
2026,B,nautico,378323,Mateus Silva,mateus_ferreira_da_silva,25,11,10,10,772,77.2
2026,B,ceara,757386,Rafael Ramos,rafael_ramos,2,23,11,10,771,70.1
2026,B,sport_recife,321829,Madson,madson,13,12,10,10,766,76.6
2026,B,sao_bernardo,540323,Lino,romisson_lino_dos_santos,17,10,9,9,762,84.7
2026,B,cuiaba,693546,Kauan Cris ...,kauan_cris,41,20,13,8,756,58.2
2026,B,botafogo,836672,Leandro Ma ...,leandro_isaac_maciel,5,22,17,7,755,44.4
2026,B,nautico,646223,Maranhão,kaua_almeida_da_costa,19,11,11,9,753,68.5
2026,B,sport_recife,815856,Diego Hern ...,diego_hern,20,11,11,9,750,68.2
2026,B,nautico,322785,Arnaldo,arnaldo_manoel_de_almeida,2,19,12,9,746,62.2
2026,B,vila_nova,366405,Anderson J ...,anderson_de_jesus_santos,14,11,9,8,740,82.2
2026,B,sport_recife,303718,Yago Felipe,yago_felipe,7,17,15,8,739,49.3
2026,B,londrina_saf,387358,Kevyn,kevyn,33,20,15,8,738,49.2
2026,B,gremio_novorizontino_saf,646494,Luiz,luiz_otavio_maria,15,22,15,7,736,49.1
2026,B,cuiaba,768403,Martins,lorenzo_silva_martins,36,13,9,8,735,81.7
2026,B,gremio_novorizontino_saf,540274,Juninho,juninho,50,27,21,3,734,35.0
2026,B,operario,360293,Klaus,william_klaus,4,23,10,8,734,73.4
2026,B,sport_recife,653267,Kayky Almeida,kayky_almeida,33,10,9,8,730,81.1
2026,B,ceara,294769,Vina,vina,29,17,11,7,722,65.6
2026,B,avai,805054,Sorriso,sorriso,11,19,15,6,712,47.5
2026,B,cuiaba,382612,Igor Inoce ...,igor_inoce,2,10,9,8,707,78.6
2026,B,crb,447205,de Lucca,de_lucca,18,20,16,6,704,44.0
2026,B,atletico_goianiense_saf,420539,Bruno Jose,bruno_jose_de_souza,19,24,15,7,698,46.5
2026,B,america,317706,Nathan,nathan,3,8,8,7,694,86.8
2026,B,juventude,943468,Manu Castro,manu_castro,17,26,15,8,694,46.3
2026,B,america,548446,Jhonny,jhonny_cardinoti_pedro,42,14,9,8,693,77.0
2026,B,sport_recife,630830,EDSON,edson_lucas_pereira,96,26,11,7,682,62.0
2026,B,ceara,926305,Nicolas Fe ...,nicolas_fe,20,10,9,8,678,75.3
2026,B,vila_nova,583921,Breno Bora,breno_bora,23,9,8,8,676,84.5
2026,B,ceara,515843,Wendel da  ...,wendel_da_silva_costa,9,15,14,8,673,48.1
2026,B,gremio_novorizontino_saf,352883,Carlos,carlos,3,21,10,8,671,67.1
2026,B,goias,695324,Guilherme  ...,guilherme,55,28,13,6,670,51.5
2026,B,cuiaba,523119,Railan,railan_reis_ferreira,37,19,10,8,665,66.5
2026,B,fortaleza_saf,302136,Pedro,pedro,16,10,9,9,664,73.8
2026,B,atletico_goianiense_saf,531282,Daniel Pei ...,daniel_pei,8,8,8,8,663,82.9
2026,B,cuiaba,706429,ALAN,alan_pereira_empereur,33,11,8,8,662,82.8
2026,B,sao_bernardo,408983,Pedro Vitor,pedro_vitor,11,12,11,9,660,60.0
2026,B,athletic_saf,943529,Cabezas,cabezas,8,19,13,7,657,50.5
2026,B,fortaleza_saf,837078,Cardona,tomas_cardona,6,11,8,7,656,82.0
2026,B,avai,352000,Reynaldo,reynaldo_cesar_moraes,40,8,8,7,655,81.9
2026,B,fortaleza_saf,609716,RYAN,ryan_gustavo_de_lima,37,25,15,7,654,43.6
2026,B,cuiaba,522753,Rodrigo An ...,rodrigo_antonio_rodrigues,27,20,13,8,651,50.1
2026,B,goias,614954,Diego Caito,diego_caito,20,13,12,6,649,54.1
2026,B,athletic_saf,528636,MARCELINHO,marcelinho,14,20,12,6,643,53.6
2026,B,ponte_preta,543707,Diego,diego_porfirio_da_silva,13,16,10,7,642,64.2
2026,B,america,345933,Alex Silva,alex_da_silva,15,9,8,7,636,79.5
2026,B,nautico,316763,Victor And ...,victor_andrade_santos,11,17,14,6,635,45.4
2026,B,fortaleza_saf,793676,Pochettino,tomas_pochettino,7,11,9,7,634,70.4
2026,B,vila_nova,317872,Caio,caio,38,15,9,7,631,70.1
2026,B,avai,325261,Bruno,bruno,94,7,7,7,630,90.0
2026,B,crb,310382,Matheus Al ...,matheus_albino_carneiro,12,11,7,7,630,90.0
2026,B,criciuma,817698,PEDRO,pedro,70,23,7,7,630,90.0
2026,B,fortaleza_saf,750970,Kauã Rocha,kaua_rocha,33,19,7,7,630,90.0
2026,B,sao_bernardo_saf,339225,Augusto,augusto_de_souza_silva,97,13,7,7,630,90.0
2026,B,gremio_novorizontino_saf,693144,Diego,diego,19,22,12,7,629,52.4
2026,B,ponte_preta,516417,Daniel Gon ...,daniel_goncalves_batista,26,18,11,6,628,57.1
2026,B,cuiaba,174755,Joao Carlos,joao_carlos_heidemann,1,20,7,6,625,89.3
2026,B,america,465413,Eduardo Pe ...,eduardo_luiz_person,21,11,10,8,623,62.3
2026,B,ceara,451258,Fernandinho,fernandinho,11,11,10,8,620,62.0
2026,B,gremio_novorizontino_saf,321829,Madson,madson,2,7,7,7,618,88.3
2026,B,avai,466167,Wesley,wesley,52,15,11,6,613,55.7
2026,B,ceara,376801,Savio,savio_antonio_alves,6,10,8,7,612,76.5
2026,B,operario,310743,Paraíba,paraiba,88,24,21,4,610,29.0
2026,B,ponte_preta,620775,GUSTAVO,gustavo_felipe_almeida,15,14,8,7,610,76.2
2026,B,nautico,836673,Borasi,benjamin_manuel_borasi,24,9,8,7,608,76.0
2026,B,ponte_preta,424585,Bryan,bryan_borges_mascarenhas,31,7,7,7,608,86.9
2026,B,gremio_novorizontino_saf,776773,João Dantas,joao_dantas,25,7,7,7,602,86.0
2026,B,gremio_novorizontino_saf,778423,Alexis Ivan,alexis_ivan_alvarino,22,24,10,7,599,59.9
2026,B,sao_bernardo_saf,542491,Pedrinho,pedrinho,29,14,9,8,598,66.4
2026,B,sport_recife,756803,Carlos de  ...,carlos_de,10,23,13,5,598,46.0
2026,B,america,351498,Everton,everton_sidnei_de_brito,95,13,9,7,591,65.7
2026,B,avai,297646,Igor Bohn,igor_jose_bohn,1,21,7,6,587,83.9
2026,B,avai,618684,Guilherme  ...,guilherme,15,21,8,6,586,73.2
2026,B,juventude,170255,TITI,christian_chagas_tarouco,3,26,8,6,585,73.1
2026,B,america,973082,Ostchega,tobias_ostchega,25,10,8,6,581,72.6
2026,B,crb,405127,Reverson,reverson,6,18,10,5,577,57.7
2026,B,atletico_goianiense_saf,581767,Warley,warley_leandro_da_silva,13,7,7,6,572,81.7
2026,B,sport_recife,392650,Iury,iury,95,13,10,6,572,57.2
2026,B,ponte_preta,331248,Diego tavares,diego_tavares,7,12,8,7,569,71.1
2026,B,ceara,424585,Bryan,bryan_borges_mascarenhas,31,9,7,7,566,80.9
2026,B,nautico,317384,Yuri,yuri,6,10,9,5,562,62.4
2026,B,athletic_saf,360911,Carlinhos,carlos_moises_de_lima,9,8,8,8,561,70.1
2026,B,atletico_goianiense_saf,305811,Igor Henrique,igor_henrique,15,14,11,7,559,50.8
2026,B,londrina_saf,301087,Pottker,pottker,99,9,7,7,556,79.4
2026,B,gremio_novorizontino_saf,346046,Sander,sander,5,11,7,6,551,78.7
2026,B,ceara,583991,Lucas Lima,lucas_lima,31,10,9,6,550,61.1
2026,B,sport_recife,411070,Marlon,marlon,31,24,18,4,550,30.6
2026,B,criciuma,528449,Jhonata Ro ...,jhonata_ro,10,22,15,4,548,36.5
2026,B,cuiaba,577475,Eliel,eliel,11,10,9,6,547,60.8
2026,B,botafogo,292833,Arthur Caike,arthur_caike,18,16,14,5,545,38.9
2026,B,ceara,429437,Jackson,jackson,20,9,8,7,545,68.1
2026,B,cuiaba,777655,Vinicius P ...,vinicius_p,29,20,15,6,545,36.3
2026,B,america,360443,Barreto,gustavo_bonatto_barreto,88,7,7,6,544,77.7
2026,B,londrina_saf,374749,Thalis Hen ...,thalis_hen,96,16,10,6,544,54.4
2026,B,criciuma,179934,Nicolas,nicolas_godinho_johann,9,24,12,5,541,45.1
2026,B,america,305735,Bruno,bruno_brigido_de_oliveira,91,8,6,6,540,90.0
2026,B,cuiaba_saf,177948,Marcelo,marcelo,31,6,6,6,540,90.0
2026,B,cuiaba_saf,446399,Raul,raul_lo_goncalves,30,6,6,6,540,90.0
2026,B,fortaleza_saf,308661,Vinicius S ...,vinicius_s,25,26,6,6,540,90.0
2026,B,operario,382807,Joseph Mau ...,joseph_mau,43,8,6,6,540,90.0
2026,B,londrina_saf,185444,Gilberto,gilberto,10,16,14,4,539,38.5
2026,B,sport_recife,334881,Willian Ol ...,willian_ol,29,8,7,6,534,76.3
2026,B,avai,632768,JEFFERSON,jefferson_maciel_bento,38,9,6,6,532,88.7
2026,B,ceara,799989,Giulio,giulio_gabriel_da_silva,35,19,11,5,530,48.2
2026,B,cuiaba,432298,Fabio Gomes,fabio_roberto_gomes_netto,90,8,8,6,530,66.2
2026,B,cuiaba_saf,613826,CALEBE,calebe_oliveira_costa,5,6,6,6,522,87.0
2026,B,juventude,647902,Wadson Victor,wadson_victor,6,22,13,5,520,40.0
2026,B,operario,328949,Maguinho,magno_jose_da_silva,28,23,11,5,519,47.2
2026,B,cuiaba_saf,523119,Railan,railan_reis_ferreira,37,6,6,6,518,86.3
2026,B,londrina_saf,618296,Caio,caio,27,19,6,6,518,86.3
2026,B,vila_nova,315101,Dodo,dodo,21,27,15,5,518,34.5
2026,B,sport_recife,581989,Habraão,habraao,28,24,7,5,512,73.1
2026,B,avai,399284,Felipe Vizeu,felipe_vizeu,11,6,6,6,510,85.0
2026,B,botafogo,714856,Yuri Felipe,yuri_felipe,28,16,9,5,509,56.6
2026,B,ceara,713839,ENZO,enzo_valentim_lodovico,60,18,13,3,509,39.2
2026,B,ceara,645145,Gabriel,gabriel_silva_rocha,71,12,6,6,508,84.7
2026,B,criciuma,315637,Marcinho,marcinho,6,18,9,6,508,56.4
2026,B,sao_bernardo,463502,Echaporã,luis_otavio_de_oliveira,27,12,9,7,508,56.4
2026,B,athletic_saf,882317,JHAN POOL,jhan_pool_torres_canate,19,12,8,6,505,63.1
2026,B,juventude,548987,Patryck,patryck_lanza_dos_reis,30,13,7,6,502,71.7
2026,B,ponte_preta,674265,Miguel Santos,miguel_santos,17,19,13,5,496,38.2
2026,B,nautico,401315,Todinho,geremias_ribeiro_junior,29,11,10,5,495,49.5
2026,B,avai,725359,WALACE,walace_dos_santos_franca,57,12,10,5,493,49.3
2026,B,atletico_goianiense_saf,547650,Assis,assis,7,16,9,6,487,54.1
2026,B,america,311988,Ale,alexandre_egea,16,11,9,5,486,54.0
2026,B,avai,458210,Wenderson,wenderson,95,23,18,4,485,26.9
2026,B,operario,338081,Bruno,bruno,5,19,12,6,484,40.3
2026,B,avai,568565,João Vitor,joao_vitor,22,6,6,5,472,78.7
2026,B,ceara,398805,Matheusinho,matheusinho,98,12,10,5,472,47.2
2026,B,juventude,543703,Nathan,nathan_santos_de_araujo,22,18,10,6,470,47.0
2026,B,sao_bernardo,335312,Jemerson,jemerson,35,10,6,5,470,78.3
2026,B,america,972544,Luca Sosa,luca_alexander_sosa,3,10,6,5,468,78.0
2026,B,londrina_saf,315834,Pablo Dyego,pablo_dyego_da_silva_rosa,19,11,9,5,464,51.6
2026,B,sao_bernardo_saf,583991,Lucas Lima,lucas_lima,14,11,10,4,463,46.3
2026,B,criciuma,383384,Ronald,ronald_dos_santos_lopes,14,11,9,4,462,51.3
2026,B,cuiaba_saf,522753,Rodrigo An ...,rodrigo_antonio_rodrigues,27,6,6,6,462,77.0
2026,B,america,465950,Leandro Sa ...,leandro_sa,22,10,7,5,460,65.7
2026,B,nautico,393872,Wanderson,wanderson_camelo_viana,43,24,11,4,457,41.5
2026,B,sport_recife,501375,Pedro,pedro,48,24,11,4,452,41.1
2026,B,vila_nova,568268,Pedro Romano,pedro_romano,4,6,6,5,452,75.3
2026,B,botafogo,417467,Jefferson Nem,jefferson_nem,11,24,15,3,451,30.1
2026,B,athletic_club,294382,Zeca,jose_carlos_cracco_neto,6,5,5,5,450,90.0
2026,B,athletic_club,582823,Lucas Belezi,lucas_belezi_barbosa,4,5,5,5,450,90.0
2026,B,botafogo,391214,JORDAN,jordan,12,28,5,5,450,90.0
2026,B,ceara,325261,Bruno,bruno,94,17,5,5,450,90.0
2026,B,vila_nova,500501,Elias,elias,2,9,8,4,450,56.2
2026,B,ceara,543163,Zanocelo,zanocelo,25,7,6,6,446,74.3
2026,B,goias,837209,Esli Garcia,esli_garcia,15,22,11,4,443,40.3
2026,B,londrina_saf,537549,Weverton,weverton,2,8,5,5,442,88.4
2026,B,cuiaba,708641,Weverson,weverson,53,15,12,4,439,36.6
2026,B,sao_bernardo,311487,Felipe Garcia,felipe_garcia_goncalves,9,7,7,5,439,62.7
2026,B,vila_nova,652912,Douglas Me ...,douglas_mendes_moreira,4,5,5,5,434,86.8
2026,B,gremio_novorizontino_saf,291997,Brock,eduardo_schroeder_brock,14,18,5,5,433,86.6
2026,B,nautico,543940,Leonai,leonai_souza_de_almeida,19,9,7,6,433,61.9
2026,B,criciuma,739804,THIAGUINHO,thiaguinho,50,24,10,4,432,43.2
2026,B,operario,978475,Angel Torres,angel_torres,7,6,6,5,431,71.8
2026,B,athletic_club,919679,RONALDO,ronaldo_rodrigues_tavares,9,5,5,5,430,86.0
2026,B,ceara,345933,Alex Silva,alex_da_silva,21,7,6,5,430,71.7
2026,B,gremio_novorizontino_saf,837571,ORTIZ,cristian_jonatan_ortiz,8,21,14,3,429,30.6
2026,B,athletic_club,613494,Diogo Batista,diogo_batista_de_souza,2,5,5,5,428,85.6
2026,B,criciuma,726860,RUAN,ruan_rodrigues_carvalho,43,17,5,5,428,85.6
2026,B,sao_bernardo_saf,304434,Hyoran,hyoran_kaue_dalmoro,42,14,10,4,426,42.6
2026,B,atletico_goianiense_saf,614055,Leo Jaco,leo_jaco,20,20,15,3,425,28.3
2026,B,athletic_saf,591319,Douglas Silva,douglas_da_silva_santos,2,20,9,4,424,47.1
2026,B,sao_bernardo_saf,708728,Lucas,lucas,7,7,7,5,422,60.3
2026,B,avai,525306,João Maistro,joao_maistro,50,10,6,5,420,70.0
2026,B,avai,168982,Leo Gamalho,leonardo_gamalho_de_souza,9,11,10,4,419,41.9
2026,B,gremio_novorizontino_saf,298550,Carlos Hen ...,carlos_hen,9,27,25,1,418,16.7
2026,B,nautico,655771,Gustavo He ...,gustavo_henrique_da_silva,46,14,7,5,418,59.7
2026,B,athletic_saf,528675,Felipe,felipe_negrucci_berdague,6,8,7,4,416,59.4
2026,B,atletico_goianiense_saf,502629,Matheus Indio,matheus_salgueiro_pains,5,9,8,5,416,52.0
2026,B,america,728103,Thauan,thauan,11,9,7,4,413,59.0
2026,B,londrina_saf,541928,Portuga,guilherme_maciel_dantas,55,8,7,4,407,58.1
2026,B,cuiaba_saf,771631,David,david,88,6,5,5,402,80.4
2026,B,ponte_preta,294486,Tarik,tarik,38,10,5,5,401,80.2
2026,B,ponte_preta,691685,Juan Rodri ...,juan_rodrigues_leopoldino,6,15,10,3,398,39.8
2026,B,ceara,459744,Mugni,lucas_andres_mugni,11,12,7,4,394,56.3
2026,B,america,348257,Emerson,emerson_raymundo_santos,2,14,6,5,393,65.5
2026,B,vila_nova,415027,Galdino,everton_galdino_moreira,17,9,6,5,392,65.3
2026,B,operario,369639,Caio,caio,25,24,18,4,391,21.7
2026,B,sao_bernardo,325581,Daniel Amorim,daniel_amorim,89,11,7,5,391,55.9
2026,B,ceara,374077,Juan Alano,juan_alano,10,16,11,3,390,35.5
2026,B,sao_bernardo,542491,Pedrinho,pedrinho,29,9,7,4,388,55.4
2026,B,america,872812,Fernando E ...,fernando_e,5,19,10,4,387,38.7
2026,B,botafogo,595616,Luizao,luizao,21,9,7,5,382,54.6
2026,B,sao_bernardo_saf,408983,Pedro Vitor,pedro_vitor,11,8,8,4,379,47.4
2026,B,athletic_club,616854,Jota,jota,15,5,5,5,378,75.6
2026,B,cuiaba,434393,Pedro,pedro,96,9,7,4,374,53.4
2026,B,fortaleza_saf,512737,Welliton,welliton,31,26,14,3,369,26.4
2026,B,america,718794,Julio Cesar,julio_cesar,37,7,5,5,368,73.6
2026,B,criciuma,413857,Romarinho,romarinho,11,22,12,3,368,30.7
2026,B,ceara,922981,Renzo,renzo_lopez_patron,7,7,7,3,367,52.4
2026,B,fortaleza_saf,600270,Ronald,ronald_cardoso_falkoski,8,22,7,4,365,52.1
2026,B,botafogo,533292,Felipe,felipe_vieira_augusto,26,25,8,4,364,45.5
2026,B,londrina_saf,294486,Tarik,tarik,5,11,6,5,362,60.3
2026,B,athletic_club,338625,Luan Polli,luan_polli_gomes,1,4,4,4,360,90.0
2026,B,athletic_club,441948,Jhonatan,jhonatan_paulo_da_silva,3,4,4,4,360,90.0
2026,B,cuiaba_saf,316223,Marlon,marlon,6,5,4,4,360,90.0
2026,B,cuiaba_saf,567417,Hernandes,hernandes,10,5,5,4,360,72.0
2026,B,ponte_preta,616325,Guilherme,guilherme_viana_sant_ana,30,24,4,4,360,90.0
2026,B,londrina_saf,609797,André Dho ...,andre_dho,13,13,6,4,358,59.7
2026,B,sao_bernardo_saf,335286,Mario Sergio,mario_sergio_valerio,33,11,6,3,357,59.5
2026,B,cuiaba_saf,321898,Pepe,joao_pedro_vilardi_pinto,8,5,5,5,354,70.8
2026,B,crb,356684,Luizao,luizao,50,24,8,4,352,44.0
2026,B,cuiaba_saf,294407,Joao Basso,joao_othavio_basso,13,5,4,4,350,87.5
2026,B,fortaleza_saf,333318,Neris,hueglo_dos_santos_neris,23,10,5,4,348,69.6
2026,B,nautico,321012,Juninho,juninho,11,8,6,5,348,58.0
2026,B,operario,360921,Elias,elias_martello_curzel,1,24,4,3,348,87.0
2026,B,avai,549877,Gabriel,gabriel_pereira_simples,4,17,5,4,346,69.2
2026,B,ceara,376246,Giovanni,giovanni,21,11,6,5,345,57.5
2026,B,atletico_goianiense_saf,542471,Henrique,henrique_freitas_alves,19,8,5,5,341,68.2
2026,B,vila_nova,318679,Rafael,rafael_da_silva,9,5,4,4,341,85.2
2026,B,botafogo,604967,Carlão,carlao,14,4,4,4,340,85.0
2026,B,vila_nova,427004,Higor,higor_matheus_meritao,21,12,6,4,338,56.3
2026,B,athletic_saf,749762,FELIPE VIEIRA,felipe_vieira_da_silva,4,16,7,3,336,48.0
2026,B,america,622068,Jorge Jimenez,jorge_andres_roa_jimenez,93,16,11,2,335,30.5
2026,B,atletico_goianiense_saf,523730,Gustavo Maia,gustavo_maia_da_silva,22,8,7,3,335,47.9
2026,B,sao_bernardo_saf,463502,Echaporã,luis_otavio_de_oliveira,27,9,5,5,335,67.0
2026,B,nautico,527542,Ryan,ryan,6,8,5,3,334,66.8
2026,B,america,631866,Otavio,otavio,55,8,6,4,332,55.3
2026,B,athletic_club,621745,Ruan Assis,ruan_lucas_de_assis,11,4,4,4,331,82.8
2026,B,sport_recife,733551,Fabio,fabio,47,10,6,4,330,55.0
2026,B,athletic_club,610404,Ian,ian_luccas_baroni_boetto,5,4,4,4,329,82.2
2026,B,crb,302377,Luiz,luiz,19,15,13,2,326,25.1
2026,B,gremio_novorizontino_saf,415367,Nicolas Ca ...,nicolas_mores_da_cruz,30,18,10,4,324,32.4
2026,B,avai,944445,Felipe Ave ...,felipe_ave,9,8,6,4,316,52.7
2026,B,criciuma,378268,Jean,jean,41,20,11,2,315,28.6
2026,B,fortaleza_saf,568353,Paulo Baya,paulo_baya,77,26,12,1,314,26.2
2026,B,gremio_novorizontino_saf,747387,Alemão,alemao,21,11,6,2,310,51.7
2026,B,athletic_club,609749,Kauan Rodr ...,kauan_rodrigues_da_silva,17,5,5,3,309,61.8
2026,B,operario,943400,EDWIN,edwin,29,12,7,3,309,44.1
2026,B,londrina_saf,621864,Rafael Mon ...,rafael_monteiro_reis,6,17,6,2,307,51.2
2026,B,vila_nova,421778,Igor Carius,igor_aquino_da_silva,16,12,4,4,303,75.8
2026,B,america,444950,Val,val,97,8,5,3,302,60.4
2026,B,athletic_club,628603,Bruninho,otavio_bruno_dos_santos,7,5,4,4,302,75.5
2026,B,avai,724749,William,william,56,9,7,4,299,42.7
2026,B,crb,544247,Luis,luis,20,24,10,2,298,29.8
2026,B,atletico_goianiense_saf,582447,Nata Felipe,nata_felipe,13,23,8,3,296,37.0
2026,B,fortaleza_saf,316748,Lucas Crispim,lucas_crispim,10,21,10,2,295,29.5
2026,B,sport_recife,374077,Juan Alano,juan_alano,8,6,6,4,290,48.3
2026,B,crb,793846,WALLACE,wallace,82,11,4,3,284,71.0
2026,B,atletico_goianiense_saf,531144,Leo Tocantins,leo_tocantins,22,17,8,2,282,35.2
2026,B,sao_bernardo,304434,Hyoran,hyoran_kaue_dalmoro,42,9,7,3,281,40.1
2026,B,botafogo,444249,Thiago,thiago_henrique_moraes,29,25,12,2,277,23.1
2026,B,londrina_saf,837415,EMILIANO R ...,emiliano_r,19,7,6,3,277,46.2
2026,B,ponte_preta,168008,David Braz,david_braz,33,4,4,4,275,68.8
2026,B,america,637237,Fábio,fabio,31,7,4,3,273,68.2
2026,B,nautico,178294,Paulo Sergio,paulo_sergio,9,5,5,3,271,54.2
2026,B,juventude,559363,Pedro,pedro,12,26,3,3,270,90.0
2026,B,londrina_saf,183977,Nino Paraiba,nino_paraiba,2,12,5,3,270,54.0
2026,B,ponte_preta,947442,RODRIGO SA ...,rodrigo_sa,6,5,3,3,270,90.0
2026,B,sao_bernardo,294095,Helder,helder_gomes_maciel,3,6,3,3,270,90.0
2026,B,sao_bernardo,316480,Matheus,matheus_salustiano_pires,5,4,3,3,270,90.0
2026,B,sao_bernardo,315834,Pablo Dyego,pablo_dyego_da_silva_rosa,22,11,6,2,268,44.7
2026,B,ponte_preta,808288,Matheus,matheus_souza_santos,13,7,4,3,267,66.8
2026,B,cuiaba_saf,525042,Vitor Mendes,vitor_mendes_alves,4,5,4,4,264,66.0
2026,B,avai,422333,Quaresma,mateus_quaresma_correia,66,13,4,3,262,65.5
2026,B,botafogo,536040,Marco Antonio,marco_antonio,28,18,10,2,262,26.2
2026,B,sao_bernardo,337894,Fabricio,fabricio_daniel_de_souza,10,7,6,3,258,43.0
2026,B,cuiaba,322930,Wesley,wesley_dias_claudino,70,9,5,2,257,51.4
2026,B,vila_nova,432666,Bruno,bruno_cesar_xavier_sislo,33,23,7,2,256,36.6
2026,B,atletico_goianiense_saf,755466,Klebert,klebert,15,10,8,2,254,31.8
2026,B,nautico,742989,luiz,luiz,16,15,10,0,253,25.3
2026,B,avai,387443,Bilu,rafael_bilu_mudesto,7,5,5,3,252,50.4
2026,B,avai,464173,Leo Chu,leonardo_alves_chu_franco,7,7,5,2,247,49.4
2026,B,botafogo,336063,Guilherme  ...,guilherme,17,17,8,1,247,30.9
2026,B,athletic_saf,974359,WILINTON,wilinton_aponza_carabali,20,9,5,2,245,49.0
2026,B,ponte_preta,302451,Cafu,jonathan_renato_barbosa,19,13,8,2,245,30.6
2026,B,operario,427774,Emaxwell,emaxwell_souza_de_lima,77,9,9,2,242,26.9
2026,B,athletic_saf,615494,Yago,yago_santos_de_andrade,11,8,4,3,241,60.2
2026,B,america,377697,Artur,artur,96,5,3,3,239,79.7
2026,B,america,615494,Yago,yago_santos_de_andrade,33,3,3,3,238,79.3
2026,B,sao_bernardo_saf,669955,Daniel,daniel_davi_simao_roque,37,13,8,1,237,29.6
2026,B,athletic_club,943529,Cabezas,cabezas,8,5,4,3,235,58.8
2026,B,sport_recife,532649,Claudinho,claudio_coelho_salvatico,27,8,5,3,234,46.8
2026,B,operario,544426,Mingotti,mingotti,9,11,8,1,233,29.1
2026,B,crb,531707,Pato,guilherme_nunes_rodrigues,11,25,14,0,231,16.5
2026,B,athletic_saf,628603,Bruninho,otavio_bruno_dos_santos,7,16,9,0,228,25.3
2026,B,juventude,615123,Allanzinho,allanzinho,20,10,8,2,226,28.2
2026,B,operario,323819,Felipe Aug ...,felipe_aug,7,16,12,0,226,18.8
2026,B,vila_nova,718315,GUSTAVO LEMOS,gustavo_lemos,19,24,9,2,226,25.1
2026,B,ponte_preta,462610,Luis Phelipe,luis_phelipe,11,8,5,3,225,45.0
2026,B,cuiaba_saf,777655,Vinicius P ...,vinicius_p,29,6,5,2,222,44.4
2026,B,criciuma,582600,Cauê,caue_vinicius_dos_santos,88,17,7,2,218,31.1
2026,B,gremio_novorizontino_saf,605436,HELIO,helio_cunha_borges,77,17,6,2,218,36.3
2026,B,atletico_goianiense_saf,930248,João Pedro,joao_pedro_sousa_silva,18,8,7,1,217,31.0
2026,B,ceara,291651,Luiz,luiz,13,22,6,1,217,36.2
2026,B,sao_bernardo,345210,Marcos,marcos,77,12,8,1,217,27.1
2026,B,crb,396317,Geovane,geovane_da_silva_de_souza,18,16,11,0,213,19.4
2026,B,cuiaba,641068,Eric,eric_almeida_de_melo,14,13,6,1,210,35.0
2026,B,ponte_preta,521915,Rodriguinho,rodriguinho,90,15,7,2,205,29.3
2026,B,cuiaba_saf,783335,Luis,luis,91,5,5,1,204,40.8
2026,B,ponte_preta,293529,Rodrigo,rodrigo_de_souza_fonseca,5,11,6,2,203,33.8
2026,B,athletic_saf,539206,Gustavo,gustavo,10,17,4,2,200,50.0
2026,B,america,614903,PAULO,paulo,6,7,3,2,197,65.7
2026,B,avai,641968,Cipriano,cipriano,39,8,6,2,197,32.8
2026,B,ponte_preta,691697,Gustavo Lopes,gustavo_lopes_telles,35,20,8,1,197,24.6
2026,B,juventude,974451,Luis Amarilla,luis_amarilla,18,4,3,3,194,64.7
2026,B,fortaleza_saf,787393,Lucas Emanoel,lucas_emanoel,19,17,3,3,192,64.0
2026,B,cuiaba,374917,Otavio,otavio,97,16,7,1,190,27.1
2026,B,goias,363229,Bruno Savio,bruno_savio_da_silva,11,9,8,1,189,23.6
2026,B,sao_bernardo_saf,325581,Daniel Amorim,daniel_amorim,89,13,9,1,189,21.0
2026,B,cuiaba_saf,641068,Eric,eric_almeida_de_melo,14,6,4,2,187,46.8
2026,B,gremio_novorizontino_saf,501491,Diego Mathias,diego_mathias_de_almeida,27,15,4,2,186,46.5
2026,B,goias,307285,Wellington ...,wellington,27,7,6,1,183,30.5
2026,B,criciuma,719175,HIAGO,hiago,31,24,8,0,181,22.6
2026,B,sao_bernardo,708728,Lucas,lucas,7,9,5,1,181,36.2
2026,B,america,726447,Dahora,filipe_pereira_dahora,32,8,3,2,180,60.0
2026,B,criciuma,355827,Alisson,alisson,1,13,2,2,180,90.0
2026,B,cuiaba,183977,Nino Paraiba,nino_paraiba,2,5,2,2,180,90.0
2026,B,fortaleza,433923,Brenno,brenno,12,2,2,2,180,90.0
2026,B,fortaleza,438977,Lucas Gazal,lucas_xavier_gazal,3,2,2,2,180,90.0
2026,B,fortaleza,451607,Luiz Fernando,luiz_fernando,32,2,2,2,180,90.0
2026,B,fortaleza,775569,Britez,emanuel_britez,2,2,2,2,180,90.0
2026,B,goias,374251,Marcos Vin ...,marcos_vin,63,7,5,0,180,36.0
2026,B,londrina_saf,390675,Igor Bahia,igor_bahia,99,2,2,2,180,90.0
2026,B,nautico,502791,Saraiva,saraiva,98,10,6,1,180,30.0
2026,B,nautico,611583,Vitinho,vitinho,22,9,5,2,180,36.0
2026,B,vila_nova,350723,Jonathan C ...,jonathan_c,4,3,2,2,180,90.0
2026,B,athletic_saf,616199,KAUAN,kauan,19,13,4,2,172,43.0
2026,B,ceara,689159,Gustavo Prado,gustavo_prado_alves,30,11,3,2,171,57.0
2026,B,fortaleza,180632,Lucas Sasha,lucas_pacheco_affini,88,2,2,2,171,85.5
2026,B,fortaleza_saf,694335,Kaio,kaio,12,4,3,2,171,57.0
2026,B,avai,544673,Del Piage,del_piage,5,14,5,1,170,34.0
2026,B,vila_nova,619065,EMERSON,emerson_lima_freitas,70,17,12,0,170,14.2
2026,B,londrina_saf,385655,Rai,rai,28,7,5,1,169,33.8
2026,B,juventude,319888,Gabriel Pires,gabriel_appelt_pires,29,8,5,1,168,33.6
2026,B,ponte_preta,717433,João Victor,joao_victor,9,8,6,1,168,28.0
2026,B,botafogo,640575,GUILHERME,guilherme_mariano_barbosa,15,12,3,2,167,55.7
2026,B,cuiaba_saf,768403,Martins,lorenzo_silva_martins,36,4,3,2,165,55.0
2026,B,londrina_saf,688766,João Andrade,joao_andrade,17,4,3,2,164,54.7
2026,B,fortaleza,793676,Pochettino,tomas_pochettino,7,2,2,2,163,81.5
2026,B,londrina_saf,528997,Herbert,herbert,99,3,2,2,163,81.5
2026,B,america,973367,Rodrigo Pi ...,rodrigo_pi,14,7,6,1,162,27.0
2026,B,crb,628715,Guilherme  ...,guilherme,14,9,6,0,158,26.3
2026,B,goias,639695,Clemente,clemente,11,4,3,3,155,51.7
2026,B,atletico_goianiense_saf,367731,Netinho,netinho,20,7,4,1,152,38.0
2026,B,cuiaba,462514,Mateus Santos,mateus_barbosa_santos,19,5,3,1,152,50.7
2026,B,athletic_club,718391,GABRIEL QU ...,gabriel_qu,13,5,3,1,151,50.3
2026,B,cuiaba,783335,Luis,luis,91,18,4,1,151,37.8
2026,B,sport_recife,523730,Gustavo Maia,gustavo_maia_da_silva,11,15,3,1,150,50.0
2026,B,athletic_club,943816,Dixon,dixon_jair_vera_rodriguez,7,3,3,2,148,49.3
2026,B,fortaleza,883478,Fuentes,fuentes,18,2,2,2,147,73.5
2026,B,juventude,568345,Pablo,pablo,7,12,4,1,147,36.8
2026,B,athletic_saf,403321,Pedro,pedro,18,14,5,1,142,28.4
2026,B,operario,527541,Pedrinho,pedro_veronez_vilhena,30,22,10,0,142,14.2
2026,B,ponte_preta,552578,Weverton,weverton_silva_de_andrade,15,6,2,1,142,71.0
2026,B,ceara,302136,Pedro,pedro,7,4,3,1,140,46.7
2026,B,criciuma,424790,Yuri,yuri,33,7,4,1,140,35.0
2026,B,goias,418882,Brayann,brayann_brito_batista,88,21,6,0,139,23.2
2026,B,ceara,552216,Thalisson  ...,thalisson,3,2,2,2,138,69.0
2026,B,sport_recife,334457,Zé Roberto,ze_roberto,99,12,7,2,138,19.7
2026,B,athletic_saf,653692,Gabriel,gabriel_da_silva_moyses,22,9,5,1,137,27.4
2026,B,atletico_goianiense_saf,398805,Matheusinho,matheusinho,10,5,3,1,136,45.3
2026,B,sport_recife,511659,Dudu,dudu,77,10,7,0,136,19.4
2026,B,criciuma,456884,Joao Carlos,joao_carlos_barros_lopes,21,21,8,0,134,16.8
2026,B,ponte_preta,613379,Justen,lucas_da_silva_justen,2,9,3,1,132,44.0
2026,B,ceara,755210,PEDRO ESLI,pedro_esli_da_silva,80,9,4,1,131,32.8
2026,B,sao_bernardo_saf,324490,Hugo,hugo,21,14,3,1,131,43.7
2026,B,america,681989,MARCELO,marcelo,99,6,4,1,130,32.5
2026,B,sao_bernardo,550505,Luiz Gustavo,luiz_gustavo,90,10,2,1,130,65.0
2026,B,athletic_saf,547650,Assis,assis,22,7,5,0,129,25.8
2026,B,nautico,666075,Léo Jance,leo_jance,66,10,3,1,124,41.3
2026,B,nautico,341763,Auremir,auremir,5,23,5,1,121,24.2
2026,B,goias,639870,Pedrinho,pedrinho,17,16,3,1,116,38.7
2026,B,sao_bernardo_saf,387534,Leo Jabá,leonardo_rodrigues_lima,98,6,6,0,113,18.8
2026,B,cuiaba_saf,708641,Weverson,weverson,53,6,6,0,110,18.3
2026,B,cuiaba,619739,Gabriel,gabriel_knesowitsch,44,6,2,1,108,54.0
2026,B,america,751722,Italo,italo,39,12,6,0,106,17.7
2026,B,athletic_saf,891213,Samuel,samuel,20,3,2,0,106,53.0
2026,B,londrina_saf,631069,Caio Rafael,caio_rafael_aquino_lima,55,13,5,0,105,21.0
2026,B,atletico_goianiense_saf,317384,Yuri,yuri,6,8,2,1,104,52.0
2026,B,ponte_preta,644070,Nicolas,nicolas_araujo_da_silva,7,6,5,1,104,20.8
2026,B,sao_bernardo,669955,Daniel,daniel_davi_simao_roque,37,6,5,0,104,20.8
2026,B,avai,742142,Isaías,isaias_pereira_da_silva,20,14,7,0,103,14.7
2026,B,fortaleza,554480,Rodrigo,rodrigo,29,2,2,1,102,51.0
2026,B,cuiaba,339900,Marcos Jr,marcos_jr,23,10,6,0,101,16.8
2026,B,londrina_saf,377697,Artur,artur,22,7,4,0,101,25.2
2026,B,atletico_goianiense_saf,655877,Gustavo Da ...,gustavo_da,15,10,2,1,100,50.0
2026,B,crb,598606,João Neto,joao_neto,9,7,5,0,95,19.0
2026,B,atletico_goianiense_saf,504667,Ariel,ariel,16,6,5,0,94,18.8
2026,B,vila_nova,392189,Dalberson,dalberson,29,26,2,1,94,47.0
2026,B,atletico_goianiense_saf,621412,Felipe Gui ...,felipe_gui,13,15,7,0,91,13.0
2026,B,america,328949,Maguinho,magno_jose_da_silva,26,1,1,1,90,90.0
2026,B,america,436507,William,william_arthur_assmann,19,19,1,1,90,90.0
2026,B,athletic_club,324829,Glauco,glauco,1,4,1,1,90,90.0
2026,B,atletico_goianiense_saf,180622,Vladimir,vladimir,12,5,1,1,90,90.0
2026,B,atletico_goianiense_saf,345678,Jean Dias,jean_dias_da_costa,11,1,1,1,90,90.0
2026,B,atletico_goianiense_saf,347014,Paulo Henr ...,paulo_henr,12,25,1,1,90,90.0
2026,B,ceara,415808,Matheus No ...,matheus_no,22,7,1,1,90,90.0
2026,B,ceara,688725,GABRIEL,gabriel,83,3,2,1,90,45.0
2026,B,cuiaba_saf,619739,Gabriel,gabriel_knesowitsch,44,2,1,1,90,90.0
2026,B,fortaleza,529729,Vitinho,vitinho,11,2,1,1,90,90.0
2026,B,fortaleza,532045,Mailton,mailton_dos_santos_de_sa,22,1,1,1,90,90.0
2026,B,fortaleza,600270,Ronald,ronald_cardoso_falkoski,8,2,1,1,90,90.0
2026,B,fortaleza_saf,340736,Rossetto,matheus_rossetto,20,7,1,1,90,90.0
2026,B,fortaleza_saf,433923,Brenno,brenno,12,6,1,1,90,90.0
2026,B,londrina_saf,337241,Luan,luan_fernandes_ribeiro,1,26,1,1,90,90.0
2026,B,ponte_preta,565090,Jonathan,jonathan_da_cruz_silva,6,1,1,1,90,90.0
2026,B,sao_bernardo,335286,Mario Sergio,mario_sergio_valerio,33,5,1,1,90,90.0
2026,B,sao_bernardo_saf,338365,Junior Oli ...,junior_oli,12,13,1,1,90,90.0
2026,B,sport_recife,402095,Ramon Menezes,ramon_menezes_roma,40,1,1,1,90,90.0
2026,B,fortaleza_saf,616543,Lucca Prior,lucca_prior_pimenta,38,18,7,0,88,12.6
2026,B,botafogo,676523,Badaró,badaro,33,16,3,0,83,27.7
2026,B,botafogo,340169,Jonathan,jonathan_francisco_lemos,2,9,5,1,82,16.4
2026,B,fortaleza,948275,Miritello,juan_bautista_miritello,9,2,2,1,82,41.0
2026,B,fortaleza_saf,461356,Nathan Fogaca,nathan_uiliam_fogaca,17,10,2,1,82,41.0
2026,B,crb,327114,Léo Campos,leonardo_de_campos,77,12,4,0,80,20.0
2026,B,cuiaba_saf,374917,Otavio,otavio,97,6,2,1,80,40.0
2026,B,sao_bernardo_saf,337894,Fabricio,fabricio_daniel_de_souza,10,9,6,0,80,13.3
2026,B,fortaleza,643371,mauricio j ...,mauricio_j,13,1,1,1,78,78.0
2026,B,ceara,680581,Gilmar,gilmar,63,13,1,1,76,76.0
2026,B,cuiaba_saf,693546,Kauan Cris ...,kauan_cris,41,5,2,1,76,38.0
2026,B,gremio_novorizontino_saf,702630,36 - Ronal ...,ronald_barcellos_arantes,7,17,6,0,76,12.7
2026,B,ceara,375896,Saulo,saulo_rodrigues_da_silva,73,1,1,1,75,75.0
2026,B,londrina_saf,650801,André Jr.,andre_jr,17,12,3,0,73,24.3
2026,B,londrina_saf,754872,Fabiano,fabiano,20,8,5,0,73,14.6
2026,B,cuiaba,634506,RAMON,ramon,7,4,3,0,71,23.7
2026,B,londrina_saf,647073,Willian Ch ...,willian_da_silva_santos,53,12,3,1,70,23.3
2026,B,nautico,697211,Índio,gabriel_severino_de_sousa,13,7,1,1,70,70.0
2026,B,athletic_saf,621745,Ruan Assis,ruan_lucas_de_assis,19,4,3,0,69,23.0
2026,B,cuiaba,639428,Victor Hugo,victor_hugo,17,8,4,0,69,17.2
2026,B,sao_bernardo,374303,Lucas,lucas_fernandes_da_silva,31,6,3,0,69,23.0
2026,B,botafogo,548477,Marcio,marcio,19,11,5,0,67,13.4
2026,B,fortaleza,609716,RYAN,ryan_gustavo_de_lima,37,2,2,1,66,33.0
2026,B,juventude,320581,Leonardo,leonardo,15,12,3,0,65,21.7
2026,B,vila_nova,608822,Enzo,enzo_bizzotto_costa,18,27,3,0,65,21.7
2026,B,avai,432199,Rildo,rildo,37,1,1,1,64,64.0
2026,B,avai,777545,Caio,caio,19,1,1,1,64,64.0
2026,B,ponte_preta,713863,Ryan,ryan,8,3,1,1,64,64.0
2026,B,cuiaba_saf,462514,Mateus Santos,mateus_barbosa_santos,19,4,3,0,62,20.7
2026,B,fortaleza_saf,716661,KAYKE,kayke_gouvea_queiroz,99,7,3,0,62,20.7
2026,B,sao_bernardo_saf,315834,Pablo Dyego,pablo_dyego_da_silva_rosa,22,1,1,1,60,60.0
2026,B,atletico_goianiense_saf,896148,KEVIN RAMIREZ,kevin_ramirez,7,1,1,1,59,59.0
2026,B,juventude,800164,Iba Ly,iba_ly,26,19,5,0,59,11.8
2026,B,athletic_club,464173,Leo Chu,leonardo_alves_chu_franco,19,4,2,0,58,29.0
2026,B,juventude,590203,Lucas Alves,lucas_alves,72,11,4,0,58,14.5
2026,B,fortaleza,616543,Lucca Prior,lucca_prior_pimenta,38,2,1,1,57,57.0
2026,B,cuiaba,895218,Yamil Asad,yamil_rodrigo_asad,7,3,2,0,56,28.0
2026,B,nautico,355149,Ramon Carv ...,ramon_rodrigo_de_carvalho,40,9,4,0,56,14.0
2026,B,sport_recife,453232,Patrick de ...,patrick_de_paula_carreiro,7,2,2,0,53,26.5
2026,B,athletic_saf,716709,YARLEN,yarlen_faustino_augusto,7,5,3,0,52,17.3
2026,B,america,691394,JHONATAN LIMA,jhonatan_lima,88,5,3,0,51,17.0
2026,B,athletic_saf,709935,Luis Fernando,luis_fernando,7,5,3,0,51,17.0
2026,B,londrina_saf,694054,Juninho,juninho,77,12,4,0,51,12.8
2026,B,avai,618515,Hyan,hyan,18,17,5,0,50,10.0
2026,B,sao_bernardo,292357,Junior Urso,ocimar_de_almeida_junior,30,10,2,0,49,24.5
2026,B,sao_bernardo_saf,345210,Marcos,marcos,77,11,5,0,49,9.8
2026,B,avai,652504,Kauã Gabriel,kaua_gabriel,30,2,2,0,47,23.5
2026,B,ceara,553984,Lenny,lenny,77,5,2,0,47,23.5
2026,B,nautico,943625,PATRICIO,patricio_leonardo_nunez,22,7,3,0,47,15.7
2026,B,avai,771074,JAMERSON,jamerson,16,15,4,0,46,11.5
2026,B,athletic_club,403321,Pedro,pedro,21,5,4,0,43,10.8
2026,B,ponte_preta,310101,Bruno,bruno_henrique_lopes,77,2,2,0,43,21.5
2026,B,athletic_club,528636,MARCELINHO,marcelinho,23,3,2,0,42,21.0
2026,B,ceara,660251,Kauã,kaua_ziegler_da_silva,90,8,3,0,42,14.0
2026,B,avai,172917,Cristiano,cristiano_da_silva,30,9,2,0,41,20.5
2026,B,nautico,567661,Felipe,felipe_cardoso,30,8,2,0,41,20.5
2026,B,sao_bernardo,429655,Rodrigo An ...,rodrigo_an,32,1,1,1,41,41.0
2026,B,nautico,306706,Luiz Paulo,luiz_paulo,60,2,2,0,39,19.5
2026,B,atletico_goianiense_saf,766227,GABRIEL PAE,gabriel_dias_pae,19,3,3,0,38,12.7
2026,B,ponte_preta,717667,EMANUELL F ...,emanuell_silva_ferreira,7,1,1,0,37,37.0
2026,B,ceara,780746,Caio Araújo,caio_araujo,88,11,2,0,36,18.0
2026,B,gremio_novorizontino_saf,294484,Marlon,marlon_adriano_prezotti,28,14,5,0,36,7.2
2026,B,londrina_saf,646773,Caio Maia,caio_da_silva_maia,28,9,3,0,36,12.0
2026,B,londrina_saf,622572,Murilo,murilo,27,16,2,0,35,17.5
2026,B,athletic_club,691009,MIGUEL,miguel,16,5,2,0,34,17.0
2026,B,criciuma,620577,Léo Mana,leonardo_mana_hernandes,2,6,2,0,34,17.0
2026,B,ponte_preta,721631,Thevyn,thevyn_dos_anjos_souza,18,4,2,0,34,17.0
2026,B,avai,704744,MARCIO VITOR,marcio_vitor,29,5,1,0,33,33.0
2026,B,fortaleza,316748,Lucas Crispim,lucas_crispim,10,2,1,0,33,33.0
2026,B,fortaleza,540989,Rodriguinho,rodriguinho,75,2,1,0,33,33.0
2026,B,fortaleza,787393,Lucas Emanoel,lucas_emanoel,19,2,1,0,33,33.0
2026,B,operario,894752,ZULUAGA,zuluaga,8,10,2,0,33,16.5
2026,B,botafogo,674843,Thalles,thalles,32,2,1,0,32,32.0
2026,B,crb,606086,David Braw,david_medeiros_dos_santos,16,4,1,0,31,31.0
2026,B,juventude,768551,Carlos,carlos,29,6,3,0,31,10.3
2026,B,sao_bernardo,324490,Hugo,hugo,21,12,2,0,31,15.5
2026,B,ceara,604807,Rian,rian_bonfim_de_santana,16,1,1,0,30,30.0
2026,B,goias,745239,Halerrandrio,halerrandrio,11,8,2,0,30,15.0
2026,B,cuiaba_saf,577475,Eliel,eliel,11,2,1,0,29,29.0
2026,B,goias,733856,Danilo,danilo_cunha_da_silva,66,10,2,0,29,14.5
2026,B,avai,731998,Filipe,filipe,59,1,1,0,26,26.0
2026,B,fortaleza_saf,372030,Chico,francisco_da_costa_aragao,91,1,1,0,26,26.0
2026,B,londrina_saf,543147,Cachoeira,cachoeira,27,1,1,0,26,26.0
2026,B,ponte_preta,656308,Cauã,caua_felipi_silva_coelho,19,4,1,0,26,26.0
2026,B,fortaleza,568353,Paulo Baya,paulo_baya,77,2,1,0,25,25.0
2026,B,ponte_preta,618624,Denis,denis_alves_borges,19,1,1,0,25,25.0
2026,B,sport_recife,647285,Patrick,patrick,63,7,1,0,24,24.0
2026,B,america,699037,Kaique,kaique,70,2,1,0,23,23.0
2026,B,crb,553452,Estevao,estevao,26,8,3,0,23,7.7
2026,B,ponte_preta,794753,Caio Vinicius,caio_vinicius,32,6,1,0,23,23.0
2026,B,america,464569,Gabriel Do ...,gabriel_domingos_de_moura,6,3,2,0,22,11.0
2026,B,atletico_goianiense_saf,595734,JADER,jader,19,8,2,0,22,11.0
2026,B,botafogo,622874,Felipe Penha,felipe_penha_de_souza,26,1,1,0,22,22.0
2026,B,cuiaba_saf,183977,Nino Paraiba,nino_paraiba,2,6,2,0,22,11.0
2026,B,nautico,781593,Rosa,rosa,31,5,2,0,22,11.0
2026,B,sao_bernardo_saf,374303,Lucas,lucas_fernandes_da_silva,31,6,1,0,22,22.0
2026,B,america,749888,Luidy,luidy_montes_carneiro,30,15,1,0,21,21.0
2026,B,cuiaba_saf,744246,Gabriel,gabriel,21,2,1,0,21,21.0
2026,B,athletic_club,891213,Samuel,samuel,23,4,1,0,20,20.0
2026,B,avai,658553,Vinicius,vinicius_miguel_immig,26,3,1,0,20,20.0
2026,B,juventude,695470,Ray,ray_breno_silva_valentim,27,13,2,0,20,10.0
2026,B,nautico,716657,CAIO SOARES,caio_soares,88,6,1,0,20,20.0
2026,B,sport_recife,668004,Micael,micael_de_barros_viturino,77,4,1,0,19,19.0
2026,B,sport_recife,719333,Dede,dede,65,4,1,0,19,19.0
2026,B,atletico_goianiense_saf,694341,GH,gh,18,1,1,0,18,18.0
2026,B,botafogo,711904,Jadson,jadson_alves_de_lima,21,3,2,0,17,8.5
2026,B,sao_bernardo,633359,Manzoli,manzoli,25,9,1,0,17,17.0
2026,B,sport_recife,399713,Fernando,fernando,88,2,1,0,17,17.0
2026,B,cuiaba,847020,Aiyran,aiyran_vieira_de_lima,57,1,1,0,16,16.0
2026,B,vila_nova,771652,Rodrigo,rodrigo,14,2,1,0,16,16.0
2026,B,athletic_saf,919679,RONALDO,ronaldo_rodrigues_tavares,9,1,1,1,15,15.0
2026,B,crb,685578,GUILHERME,guilherme,17,7,1,0,15,15.0
2026,B,sao_bernardo_saf,550505,Luiz Gustavo,luiz_gustavo,90,9,2,0,15,7.5
2026,B,sao_bernardo_saf,689766,Breno,breno_ruan_melo_almeida,30,5,1,0,15,15.0
2026,B,botafogo,532185,Marco Júnior,marco_junior,20,9,1,0,14,14.0
2026,B,ceara,719213,ALOISIO,aloisio,86,4,2,0,14,7.0
2026,B,londrina_saf,694239,Fellipe,fellipe_da_silva_resende,21,1,1,0,14,14.0
2026,B,vila_nova,536958,Caique,caique_jesus_da_silva,19,2,1,0,13,13.0
2026,B,ponte_preta,754563,Gabriel Ci ...,gabriel_ci,2,4,1,0,12,12.0
2026,B,atletico_goianiense_saf,529724,Vitinho,vitinho,22,1,1,0,10,10.0
2026,B,sport_recife,673267,FILLIPY,fillipy,71,2,1,0,10,10.0
2026,B,america,752999,Gabriel,gabriel,61,7,1,0,9,9.0
2026,B,criciuma,731705,Carlos Edu ...,carlos_edu,20,4,1,0,9,9.0
2026,B,gremio_novorizontino_saf,943560,JHILMAR LORA,jhilmar_lora,24,12,1,0,9,9.0
2026,B,gremio_novorizontino_saf,675275,Jardiel,jardiel,40,6,1,0,8,8.0
2026,B,operario,308871,Charles,charles,3,18,1,0,8,8.0
2026,B,operario,597168,Léo Gaúcho,leo_gaucho,99,1,1,0,8,8.0
2026,B,sport_recife,383352,Neto,neto,19,1,1,0,8,8.0
2026,B,botafogo,653437,Erik,erik_rebello_de_castro,34,5,1,0,7,7.0
2026,B,vila_nova,752454,SAMUEL,samuel,14,14,1,0,7,7.0
2026,B,goias,738382,Assis,assis,19,5,1,0,6,6.0
2026,B,nautico,764954,Wendell,wendell_miranda_azevedo,17,3,1,0,6,6.0
2026,B,sport_recife,548252,Max,max_alves_da_silva,8,11,2,0,6,3.0
2026,B,athletic_saf,351794,Philipe,philipe_sampaio_azevedo,13,3,1,0,5,5.0
2026,B,vila_nova,608651,Ruan Ribeiro,ruan_ribeiro_rodrigues,7,3,1,0,5,5.0
2026,B,america,634636,Heitor,heitor,13,7,1,0,4,4.0
2026,B,america,730563,Murilo,murilo_rodrigues_povoa,38,3,1,0,4,4.0
2026,B,nautico,500492,Danielzinho,danielzinho,78,2,1,0,4,4.0
2026,B,nautico,682864,RIKELME,rikelme,37,6,1,0,4,4.0
2026,B,sport_recife,700644,ADRIEL,adriel,54,4,1,0,3,3.0
2026,B,athletic_club,646604,Alexandre,alexandre,18,3,1,0,2,2.0
2026,B,sao_bernardo_saf,600540,REIS,lucas_dos_santos_reis,70,4,1,0,2,2.0
2026,B,athletic_saf,646604,Alexandre,alexandre,15,9,1,0,1,1.0
2026,B,botafogo,612779,Darlan,darlan,27,5,1,0,1,1.0
2026,B,operario,882317,JHAN POOL,jhan_pool_torres_canate,18,9,1,0,1,1.0
2026,B,america,508857,Wesley,wesley_augusto_henn_marth,43,2,0,0,0,
2026,B,america,649076,ENRICO,enrico,18,1,0,0,0,
2026,B,america,658375,SAMUEL ALVES,samuel_alves_barroso,12,3,0,0,0,
2026,B,america,671548,THALLYSON,thallyson,44,2,0,0,0,
2026,B,america,694317,Italo,italo,52,2,0,0,0,
2026,B,america,716709,YARLEN,yarlen_faustino_augusto,67,2,0,0,0,
2026,B,america,744211,Geovane,geovane,80,1,0,0,0,
2026,B,athletic_club,311346,Jhonatan,jhonatan_luiz_da_siqueira,12,1,0,0,0,
2026,B,athletic_club,539206,Gustavo,gustavo,20,4,0,0,0,
2026,B,athletic_club,616199,KAUAN,kauan,10,2,0,0,0,
2026,B,athletic_club,630721,Eduardo Fr ...,eduardo_freire_de_andrade,12,1,0,0,0,
2026,B,athletic_club,653692,Gabriel,gabriel_da_silva_moyses,22,3,0,0,0,
2026,B,athletic_club,749762,FELIPE VIEIRA,felipe_vieira_da_silva,14,2,0,0,0,
2026,B,athletic_saf,311346,Jhonatan,jhonatan_luiz_da_siqueira,12,8,0,0,0,
2026,B,athletic_saf,324829,Glauco,glauco,26,6,0,0,0,
2026,B,athletic_saf,351454,Tony - 1,tony_1,12,8,0,0,0,
2026,B,athletic_saf,464173,Leo Chu,leonardo_alves_chu_franco,19,1,0,0,0,
2026,B,athletic_saf,630721,Eduardo Fr ...,eduardo_freire_de_andrade,26,1,0,0,0,
2026,B,athletic_saf,652258,Morais,gustavo_morais_melo,3,3,0,0,0,
2026,B,athletic_saf,711232,Eduardo Fi ...,eduardo_fi,10,1,0,0,0,
2026,B,athletic_saf,730645,Matheus,matheus,13,1,0,0,0,
2026,B,atletico_goianiense_saf,175223,Geovane,geovane_batista_de_faria,16,2,0,0,0,
2026,B,atletico_goianiense_saf,622717,Lima,gabriel_araujo_lima,17,1,0,0,0,
2026,B,atletico_goianiense_saf,633802,Daniel Alves,daniel_alves_de_lima,20,1,0,0,0,
2026,B,atletico_goianiense_saf,750387,Brenno Gomes,brenno_das_chagas_gomes,22,1,0,0,0,
2026,B,atletico_goianiense_saf,755284,Kaua Henrique,kaua_henrique_dos_santos,13,4,0,0,0,
2026,B,avai,341930,Otavio,otavio,21,16,0,0,0,
2026,B,avai,556082,Gaspar,gaspar,70,1,0,0,0,
2026,B,avai,619019,Pedrão,pedrao,35,3,0,0,0,
2026,B,avai,714073,Juan Rocha,juan_sousa_rocha_leandro,17,3,0,0,0,
2026,B,avai,744976,Caio Brazil,caio_brazil_fonseca,39,1,0,0,0,
2026,B,avai,763958,Kevin,kevin_da_silva_soares,90,1,0,0,0,
2026,B,avai,943549,Nicolas Ca ...,nicolas_joaquin_cabral,6,10,0,0,0,
2026,B,botafogo,628944,Pedro Tort ...,pedro_henrique_tortello,31,1,0,0,0,
2026,B,botafogo,647284,Brenno Faro,brenno_faro_klippel,25,4,0,0,0,
2026,B,botafogo,691208,Henrique,henrique_lovo_teles,32,2,0,0,0,
2026,B,botafogo,697174,Adriano Va ...,adriano_va,25,3,0,0,0,
2026,B,ceara,313131,Caique,caique_franca_godoy,23,2,0,0,0,
2026,B,ceara,616905,Jorge,jorge_meurer_bartholdy,23,1,0,0,0,
2026,B,ceara,694446,Vinicius,vinicius_menezes_uchella,45,6,0,0,0,
2026,B,ceara,721207,Gustavo Dias,gustavo_dias,41,11,0,0,0,
2026,B,crb,537477,Ygor Catatau,ygor_de_oliveira_ferreira,95,1,0,0,0,
2026,B,crb,621414,Fabio Henr ...,fabio_henr,23,20,0,0,0,
2026,B,crb,693895,RUY,ruy,31,5,0,0,0,
2026,B,crb,696275,João Pedro,joao_pedro,14,1,0,0,0,
2026,B,crb,699064,Maycon,maycon,60,10,0,0,0,
2026,B,crb,718788,Cauã Carva ...,caua_de_carvalho_gabriel,16,1,0,0,0,
2026,B,criciuma,451549,Roca,heitor_roca_santo,26,4,0,0,0,
2026,B,criciuma,541292,Sandry,sandry,38,3,0,0,0,
2026,B,criciuma,619677,Kauã,kaua_inacio_moroso,73,1,0,0,0,
2026,B,criciuma,730375,Lucas,lucas_de_noni_soratto,93,2,0,0,0,
2026,B,criciuma,779577,Lucas,lucas_vinicius_bugs,17,3,0,0,0,
2026,B,cuiaba,186958,Busatto,gustavo_busatto,12,4,0,0,0,
2026,B,cuiaba,567530,Jean,jean_carlos_batista,34,4,0,0,0,
2026,B,cuiaba,691626,JOÃO DA S ...,joao_victor_da_silva,26,4,0,0,0,
2026,B,cuiaba,711281,Nathan,nathan_cruz_da_silva_rosa,99,1,0,0,0,
2026,B,cuiaba,756007,Mansano,mansano,39,3,0,0,0,
2026,B,cuiaba,787492,Pedro Colen,pedro_colen,50,4,0,0,0,
2026,B,cuiaba,836155,Alemão,pedro_carminatti_jacomin,22,1,0,0,0,
2026,B,cuiaba_saf,174755,Joao Carlos,joao_carlos_heidemann,1,6,0,0,0,
2026,B,cuiaba_saf,567530,Jean,jean_carlos_batista,34,1,0,0,0,
2026,B,cuiaba_saf,691626,JOÃO DA S ...,joao_victor_da_silva,26,2,0,0,0,
2026,B,cuiaba_saf,745088,Araujo,araujo,49,1,0,0,0,
2026,B,cuiaba_saf,847020,Aiyran,aiyran_vieira_de_lima,57,1,0,0,0,
2026,B,cuiaba_saf,895218,Yamil Asad,yamil_rodrigo_asad,7,4,0,0,0,
2026,B,fortaleza,308661,Vinicius S ...,vinicius_s,25,2,0,0,0,
2026,B,fortaleza,512737,Welliton,welliton,31,2,0,0,0,
2026,B,fortaleza,540808,Luan Freitas,luan_freitas,4,2,0,0,0,
2026,B,fortaleza,614256,Bruninho,bruno_cesar_pereira_silva,35,1,0,0,0,
2026,B,fortaleza,630390,Paulinho,paulinho,28,1,0,0,0,
2026,B,fortaleza,750970,Kauã Rocha,kaua_rocha,33,2,0,0,0,
2026,B,fortaleza_saf,517526,Magrão,magrao,15,7,0,0,0,
2026,B,fortaleza_saf,630390,Paulinho,paulinho,28,10,0,0,0,
2026,B,goias,580984,Ezequiel,ezequiel,12,7,0,0,0,
2026,B,goias,620209,Júlio Gouvea,julio_gouvea,16,1,0,0,0,
2026,B,goias,731059,MURILLO,murillo_carvalho_victorio,32,9,0,0,0,
2026,B,goias,736805,MURILO,murilo,29,10,0,0,0,
2026,B,goias,752837,Hygor,hygor,16,4,0,0,0,
2026,B,gremio_novorizontino_saf,317267,Paulo,paulo,29,1,0,0,0,
2026,B,gremio_novorizontino_saf,335513,Renato,renato_palm_da_silveira,33,4,0,0,0,
2026,B,gremio_novorizontino_saf,433789,Lucas Pereira,lucas_pereira,1,2,0,0,0,
2026,B,gremio_novorizontino_saf,622059,João Scapin,joao_scapin,12,3,0,0,0,
2026,B,gremio_novorizontino_saf,670341,Miguel,miguel_tavares_contiero,36,1,0,0,0,
2026,B,gremio_novorizontino_saf,749258,Hector,hector_bianchi_rodrigues,35,3,0,0,0,
2026,B,juventude,187597,Alan Ruschel,alan_luciano_ruschel,28,3,0,0,0,
2026,B,juventude,295153,Ruan,ruan,21,15,0,0,0,
2026,B,juventude,551796,Juan Chris ...,juan_chris,70,1,0,0,0,
2026,B,juventude,695798,Davi Goes,davi_goes,88,2,0,0,0,
2026,B,juventude,757806,Kaynan,kaynan_fragoso_azevedo,53,1,0,0,0,
2026,B,juventude,775490,João Paulo,joao_paulo_scatolin,79,7,0,0,0,
2026,B,juventude,806600,Kaua Costa,kaua_oliveira_costa,99,4,0,0,0,
2026,B,londrina_saf,631727,ZANELLA,eduardo_alves_zanella,12,7,0,0,0,
2026,B,londrina_saf,633586,Joao Vitor,joao_vitor_gomes_lopes,53,2,0,0,0,
2026,B,londrina_saf,844197,RICHARLYSON,richarlyson,29,1,0,0,0,
2026,B,nautico,674822,Felipe Red ...,felipe_de_lima_redaelli,21,2,0,0,0,
2026,B,nautico,712781,Guilherme  ...,guilherme_da_silva_ramos,48,2,0,0,0,
2026,B,nautico,716534,Hector Silva,hector_silva,75,3,0,0,0,
2026,B,nautico,742350,HALANZINHO,halanzinho,18,7,0,0,0,
2026,B,nautico,773292,Matheus Uc ...,matheus_uc,35,1,0,0,0,
2026,B,nautico,806713,KEVYN,kevyn,20,1,0,0,0,
2026,B,nautico,823073,EVERSON,everson,28,1,0,0,0,
2026,B,nautico,839669,ISAQUE,isaque,99,4,0,0,0,
2026,B,nautico,925119,Guruceaga,gaston_guruceaga_fagundez,55,25,0,0,0,
2026,B,operario,418585,Diego Mont ...,diego_vermudt_monteiro,41,4,0,0,0,
2026,B,operario,599113,Favero,favero,80,3,0,0,0,
2026,B,operario,631139,Andre,andre,4,15,0,0,0,
2026,B,operario,671026,Brenno,brenno_pereira_silva,21,3,0,0,0,
2026,B,operario,696216,JOAO,joao,23,8,0,0,0,
2026,B,operario,730724,DUDU,eduardo_franzon_mosconi,28,7,0,0,0,
2026,B,operario,738540,Renan Gustavo,renan_gustavo,34,2,0,0,0,
2026,B,ponte_preta,465033,Vitor Ribeiro,vitor_ribeiro_fernandes,16,2,0,0,0,
2026,B,ponte_preta,530547,Gabriel Caran,gabriel_caran_de_oliveira,15,1,0,0,0,
2026,B,ponte_preta,748938,Guilherme  ...,guilherme,16,1,0,0,0,
2026,B,ponte_preta,788166,Kawann,kawann,15,1,0,0,0,
2026,B,ponte_preta,886018,FELIPE,felipe,32,1,0,0,0,
2026,B,sao_bernardo,338365,Junior Oli ...,junior_oli,12,6,0,0,0,
2026,B,sao_bernardo,384004,Neto Costa,neto_costa,19,3,0,0,0,
2026,B,sao_bernardo,415808,Matheus No ...,matheus_no,40,6,0,0,0,
2026,B,sao_bernardo,621445,JOÃO PEDRO,joao_pedro,16,3,0,0,0,
2026,B,sao_bernardo_saf,415808,Matheus No ...,matheus_no,40,1,0,0,0,
2026,B,sao_bernardo_saf,443489,Leonardo,leonardo_lang_lopes,22,1,0,0,0,
2026,B,sao_bernardo_saf,621445,JOÃO PEDRO,joao_pedro,16,2,0,0,0,
2026,B,sao_bernardo_saf,633359,Manzoli,manzoli,25,5,0,0,0,
2026,B,sao_bernardo_saf,648197,Hwaskar,hwaskar_fagundes_filho,39,1,0,0,0,
2026,B,sao_bernardo_saf,697285,João Victor,joao_victor,36,2,0,0,0,
2026,B,sport_recife,433923,Brenno,brenno,1,8,0,0,0,
2026,B,sport_recife,461723,Halls,halls,1,18,0,0,0,
2026,B,sport_recife,502619,Rai,rai_lopes_de_oliveira,76,1,0,0,0,
2026,B,sport_recife,590174,ADRIANO,adriano,42,4,0,0,0,
2026,B,sport_recife,591106,Matheus BA ...,matheus_ba,40,2,0,0,0,
2026,B,sport_recife,707288,Murilo,murilo,15,6,0,0,0,
2026,B,sport_recife,748259,Rafinha,rafael_lima_da_silva,66,2,0,0,0,
2026,B,sport_recife,757150,Arthur Maron,arthur_maron_cruz,75,6,0,0,0,
2026,B,sport_recife,771094,Caio Moura,caio_vitor_de_moura_silva,73,1,0,0,0,
2026,B,vila_nova,591115,Gabriel Á ...,gabriel_a,30,2,0,0,0,
2026,B,vila_nova,673194,Alex Haren,alex_haren_marins_ramiro,16,2,0,0,0,
2026,B,vila_nova,687235,Warley,warley_correa_maitan,11,1,0,0,0,
2026,B,vila_nova,711006,Gabriel Dias,gabriel_lima_dias,17,1,0,0,0,
2026,B,vila_nova,735455,Jackson Filho,jackson_teixeira_filho,19,1,0,0,0,
2026,B,vila_nova,745842,Kerlon,kerlon_da_silva_carvalho,22,8,0,0,0,
2026,B,vila_nova,746341,Lucas,lucas_henrique_soares,21,1,0,0,0,
