partida_id,temporada,rodada,clube,clube_slug,atleta,atleta_slug,minuto_continuo,minuto_nominal,acrescimo,periodo,tipo_de_gol
4607,2014,1,Fluminense,fluminense,Rafael Sóbis,rafael_sobis,31,31,0,1T,Normal
4607,2014,1,Fluminense,fluminense,Nirley da Silva Fonseca,nirley_da_silva_fonseca,59,59,0,2T,Gol Contra
4607,2014,1,Fluminense,fluminense,Fred,fred,45,45,0,1T,Penalty
4608,2014,1,Internacional,internacional,Charles Aránguiz,charles_aranguiz,6,6,0,1T,Normal
4612,2014,1,Cruzeiro,cruzeiro,Nílton Ferreira Júnior,nilton_ferreira_junior,63,63,0,2T,Normal
4612,2014,1,Bahia,bahia,Anderson Talisca,anderson_talisca,80,80,0,2T,Penalty
4612,2014,1,Cruzeiro,cruzeiro,Marcelo Moreno,marcelo_moreno,90,90,0,2T,Normal
4611,2014,1,Sao Paulo,sao_paulo,Douglas Pereira dos Santos,douglas_pereira_dos_santos,22,22,0,1T,Normal
4611,2014,1,Sao Paulo,sao_paulo,Luís Fabiano,luis_fabiano,56,56,0,2T,Normal
4611,2014,1,Sao Paulo,sao_paulo,Antônio Carlos dos Santos Aguiar,antonio_carlos_dos_santos_aguiar,13,13,0,1T,Normal
4610,2014,1,Athletico-PR,athletico_pr,Dráusio Luis Salla Gil,drausio_luis_salla_gil,16,16,0,1T,Normal
4615,2014,1,Santos,santos,Gabriel Barbosa,gabriel_barbosa,80,80,0,2T,Normal
4615,2014,1,Sport,sport,Neto Baiano,neto_baiano,73,73,0,2T,Normal
4616,2014,1,Palmeiras,palmeiras,Alan Kardec,alan_kardec,88,88,0,2T,Normal
4616,2014,1,Criciuma,criciuma,Paulo Baier,paulo_baier,12,12,0,1T,Normal
4616,2014,1,Palmeiras,palmeiras,Leandro,leandro,83,83,0,2T,Normal
4618,2014,2,Fluminense,fluminense,Rafael Sóbis,rafael_sobis,45,45,0,1T,Normal
4620,2014,2,Athletico-PR,athletico_pr,Mosquito,mosquito,78,78,0,2T,Normal
4620,2014,2,Athletico-PR,athletico_pr,Marcelo Cirino da Silva,marcelo_cirino_da_silva,83,83,0,2T,Normal
4620,2014,2,Vitoria,vitoria,Telmário de Araújo Sacramento,telmario_de_araujo_sacramento,11,11,0,1T,Normal
4620,2014,2,Vitoria,vitoria,José Welison,jose_welison,36,36,0,1T,Normal
4622,2014,2,Cruzeiro,cruzeiro,Júlio Baptista,julio_baptista,50,50,0,2T,Normal
4622,2014,2,Sao Paulo,sao_paulo,Antônio Carlos dos Santos Aguiar,antonio_carlos_dos_santos_aguiar,92,90,2,2T,Normal
4619,2014,2,Internacional,internacional,Rafael Moura,rafael_moura,9,9,0,1T,Normal
4619,2014,2,Internacional,internacional,Rafael Moura,rafael_moura,35,35,0,1T,Normal
4619,2014,2,Botafogo-RJ,botafogo_rj,Emerson Sheik,emerson_sheik,64,64,0,2T,Normal
4619,2014,2,Botafogo-RJ,botafogo_rj,Pablo Zeballos,pablo_zeballos,75,75,0,2T,Normal
4621,2014,2,Corinthians,corinthians,Guilherme dos Santos Torres,guilherme_dos_santos_torres,9,9,0,1T,Normal
4621,2014,2,Corinthians,corinthians,Carlos Gilberto do Nascimento Silva,carlos_gilberto_do_nascimento_silva,80,80,0,2T,Normal
4626,2014,2,Sport,sport,Rithely,rithely,12,12,0,1T,Normal
4626,2014,2,Sport,sport,Ananias Elói Castro Monteiro,ananias_eloi_castro_monteiro,38,38,0,1T,Normal
4626,2014,2,Chapecoense,chapecoense,Ricardo Conceição,ricardo_conceicao,37,37,0,1T,Normal
4623,2014,2,Bahia,bahia,Lincoln Cássio de Souza Soares,lincoln_cassio_de_souza_soares,8,8,0,1T,Normal
4623,2014,2,Bahia,bahia,Fahel,fahel,74,74,0,2T,Normal
4624,2014,2,Gremio,gremio,Alan Ruiz,alan_ruiz,11,11,0,1T,Normal
4624,2014,2,Gremio,gremio,Lucas Coelho,lucas_coelho,22,22,0,1T,Normal
4624,2014,2,Atletico-MG,atletico_mg,Luiz Fernando Pereira da Silva,luiz_fernando_pereira_da_silva,84,84,0,2T,Normal
4625,2014,2,Goias,goias,Willian José de Souza,willian_jose_de_souza,82,82,0,2T,Normal
4628,2014,3,Cruzeiro,cruzeiro,Elierce Barbosa de Souza,elierce_barbosa_de_souza,75,75,0,2T,Penalty
4628,2014,3,Athletico-PR,athletico_pr,Marcelo Cirino da Silva,marcelo_cirino_da_silva,40,40,0,1T,Normal
4628,2014,3,Cruzeiro,cruzeiro,Nílton Ferreira Júnior,nilton_ferreira_junior,36,36,0,1T,Normal
4628,2014,3,Cruzeiro,cruzeiro,Marcelo Moreno,marcelo_moreno,83,83,0,2T,Normal
4628,2014,3,Athletico-PR,athletico_pr,Éderson Alves Ribeiro Silva,ederson_alves_ribeiro_silva,24,24,0,1T,Normal
4629,2014,3,Sao Paulo,sao_paulo,Ademilson,ademilson,72,72,0,2T,Normal
4629,2014,3,Coritiba,coritiba,Róbson Michael Signorini,robson_michael_signorini,30,30,0,1T,Normal
4629,2014,3,Coritiba,coritiba,Luis Francisco Grando,luis_francisco_grando,61,61,0,2T,Normal
4629,2014,3,Sao Paulo,sao_paulo,Alexandre Pato,alexandre_pato,22,22,0,1T,Normal
4630,2014,3,Vitoria,vitoria,Marcos Antônio da Silva Gonçalves,marcos_antonio_da_silva_goncalves,54,54,0,2T,Normal
4630,2014,3,Vitoria,vitoria,Marcos Antônio da Silva Gonçalves,marcos_antonio_da_silva_goncalves,83,83,0,2T,Normal
4630,2014,3,Fluminense,fluminense,Wagner Ferreira dos Santos,wagner_ferreira_dos_santos,88,88,0,2T,Normal
4631,2014,3,Criciuma,criciuma,Silvinho,silvinho,14,14,0,1T,Normal
4634,2014,3,Flamengo,flamengo,Márcio Rodrigues Araújo,marcio_rodrigues_araujo,50,50,0,2T,Normal
4634,2014,3,Palmeiras,palmeiras,Henrique Dourado,henrique_dourado,31,31,0,1T,Normal
4634,2014,3,Flamengo,flamengo,Alecsandro,alecsandro,60,60,0,2T,Normal
4634,2014,3,Flamengo,flamengo,Alecsandro,alecsandro,73,73,0,2T,Normal
4634,2014,3,Flamengo,flamengo,Paulinho,paulinho,14,14,0,1T,Normal
4634,2014,3,Palmeiras,palmeiras,Wesley Lopes Beltrame,wesley_lopes_beltrame,11,11,0,1T,Normal
4633,2014,3,Bahia,bahia,Maxi Biancucchi,maxi_biancucchi,59,59,0,2T,Normal
4632,2014,3,Internacional,internacional,Charles Aránguiz,charles_aranguiz,46,45,1,1T,Normal
4632,2014,3,Sport,sport,Patric Cabral Lalau,patric_cabral_lalau,78,78,0,2T,Normal
4632,2014,3,Internacional,internacional,Andrés D'Alessandro,andres_d_alessandro,13,13,0,1T,Normal
4635,2014,3,Corinthians,corinthians,Paolo Guerrero,paolo_guerrero,78,78,0,2T,Normal
4636,2014,3,Goias,goias,David França Oliveira e Silva,david_franca_oliveira_e_silva,69,69,0,2T,Normal
4638,2014,4,Palmeiras,palmeiras,Lucimar da Silva Ferreira,lucimar_da_silva_ferreira,16,16,0,1T,Normal
4638,2014,4,Palmeiras,palmeiras,Henrique Dourado,henrique_dourado,32,32,0,1T,Normal
4637,2014,4,Internacional,internacional,Alan Patrick,alan_patrick,67,67,0,2T,Normal
4637,2014,4,Athletico-PR,athletico_pr,Marcos Guilherme,marcos_guilherme,52,52,0,2T,Normal
4637,2014,4,Internacional,internacional,Andrés D'Alessandro,andres_d_alessandro,54,54,0,2T,Normal
4639,2014,4,Botafogo-RJ,botafogo_rj,Emerson Sheik,emerson_sheik,23,23,0,1T,Normal
4639,2014,4,Botafogo-RJ,botafogo_rj,Daniel Corrêa Freitas,daniel_correa_freitas,73,73,0,2T,Normal
4639,2014,4,Botafogo-RJ,botafogo_rj,Emerson Sheik,emerson_sheik,52,52,0,2T,Normal
4639,2014,4,Botafogo-RJ,botafogo_rj,Wallyson,wallyson,81,81,0,2T,Normal
4639,2014,4,Botafogo-RJ,botafogo_rj,Daniel Corrêa Freitas,daniel_correa_freitas,55,55,0,2T,Normal
4639,2014,4,Botafogo-RJ,botafogo_rj,Daniel Corrêa Freitas,daniel_correa_freitas,57,57,0,2T,Normal
4642,2014,4,Cruzeiro,cruzeiro,Marcelo Moreno,marcelo_moreno,37,37,0,1T,Normal
4642,2014,4,Atletico-MG,atletico_mg,André Felipe Ribeiro de Souza,andre_felipe_ribeiro_de_souza,71,71,0,2T,Penalty
4642,2014,4,Atletico-MG,atletico_mg,Marion Silva Fernandes,marion_silva_fernandes,55,55,0,2T,Normal
4640,2014,4,Gremio,gremio,Hernán Barcos,hernan_barcos,65,65,0,2T,Normal
4640,2014,4,Chapecoense,chapecoense,Tiago Luís Martins,tiago_luis_martins,92,90,2,2T,Normal
4640,2014,4,Gremio,gremio,Hernán Barcos,hernan_barcos,30,30,0,1T,Normal
4641,2014,4,Fluminense,fluminense,Fred,fred,11,11,0,1T,Normal
4641,2014,4,Fluminense,fluminense,Francisco Souza dos Santos,francisco_souza_dos_santos,87,87,0,2T,Normal
4643,2014,4,Sao Paulo,sao_paulo,Luís Fabiano,luis_fabiano,81,81,0,2T,Normal
4643,2014,4,Corinthians,corinthians,Fagner,fagner,49,49,0,2T,Normal
4644,2014,4,Santos,santos,Arouca,arouca,62,62,0,2T,Normal
4644,2014,4,Santos,santos,Gabriel Barbosa,gabriel_barbosa,44,44,0,1T,Normal
4645,2014,4,Sport,sport,Rithely,rithely,86,86,0,2T,Normal
4646,2014,4,Bahia,bahia,Pará,para,91,90,1,2T,Normal
4646,2014,4,Vitoria,vitoria,Souza,souza,39,39,0,1T,Normal
4647,2014,5,Goias,goias,Ramón Rodrigo de Freitas,ramon_rodrigo_de_freitas,54,54,0,2T,Normal
4647,2014,5,Goias,goias,Danilo Lopes Cezario,danilo_lopes_cezario,70,70,0,2T,Normal
4648,2014,5,Cruzeiro,cruzeiro,Borges,borges,69,69,0,2T,Normal
4648,2014,5,Coritiba,coritiba,Alexsandro de Souza,alexsandro_de_souza,23,23,0,1T,Normal
4648,2014,5,Cruzeiro,cruzeiro,Ricardo Goulart,ricardo_goulart,11,11,0,1T,Normal
4648,2014,5,Coritiba,coritiba,Norberto Pereira Marinho Neto,norberto_pereira_marinho_neto,55,55,0,2T,Normal
4648,2014,5,Cruzeiro,cruzeiro,Ricardo Goulart,ricardo_goulart,46,45,1,1T,Normal
4651,2014,5,Sao Paulo,sao_paulo,Paulo Henrique Ganso,paulo_henrique_ganso,23,23,0,1T,Normal
4651,2014,5,Sao Paulo,sao_paulo,Paulo Henrique Ganso,paulo_henrique_ganso,91,90,1,2T,Normal
4649,2014,5,Gremio,gremio,Rodrigo Eduardo Costa Marinho,rodrigo_eduardo_costa_marinho,37,37,0,1T,Normal
4650,2014,5,Figueirense,figueirense,Giovanni Augusto,giovanni_augusto,48,48,0,2T,Normal
4652,2014,5,Chapecoense,chapecoense,Tiago Luís Martins,tiago_luis_martins,88,88,0,2T,Normal
4652,2014,5,Athletico-PR,athletico_pr,Cleberson Martins de Souza,cleberson_martins_de_souza,71,71,0,2T,Normal
4653,2014,5,Palmeiras,palmeiras,Marquinhos,marquinhos,49,49,0,2T,Normal
4655,2014,5,Atletico-MG,atletico_mg,André Felipe Ribeiro de Souza,andre_felipe_ribeiro_de_souza,81,81,0,2T,Normal
4655,2014,5,Santos,santos,Cícero Santos,cicero_santos,38,38,0,1T,Normal
4655,2014,5,Atletico-MG,atletico_mg,André Felipe Ribeiro de Souza,andre_felipe_ribeiro_de_souza,75,75,0,2T,Normal
4658,2014,6,Bahia,bahia,Anderson Talisca,anderson_talisca,92,90,2,2T,Normal
4658,2014,6,Flamengo,flamengo,Paulinho,paulinho,11,11,0,1T,Normal
4657,2014,6,Coritiba,coritiba,Alexsandro de Souza,alexsandro_de_souza,75,75,0,2T,Penalty
4657,2014,6,Internacional,internacional,Wellington Paulista,wellington_paulista,21,21,0,1T,Normal
4659,2014,6,Cruzeiro,cruzeiro,Ricardo Goulart,ricardo_goulart,51,51,0,2T,Normal
4659,2014,6,Cruzeiro,cruzeiro,Marcelo Moreno,marcelo_moreno,77,77,0,2T,Normal
4660,2014,6,Criciuma,criciuma,Silvinho,silvinho,23,23,0,1T,Normal
4662,2014,6,Sao Paulo,sao_paulo,Rogério Ceni,rogerio_ceni,26,26,0,1T,Penalty
4662,2014,6,Fluminense,fluminense,Rafael Sóbis,rafael_sobis,76,76,0,2T,Normal
4662,2014,6,Fluminense,fluminense,Walter Henrique da Silva,walter_henrique_da_silva,42,42,0,1T,Normal
4662,2014,6,Sao Paulo,sao_paulo,Alexandre Pato,alexandre_pato,45,45,0,1T,Normal
4662,2014,6,Fluminense,fluminense,Walter Henrique da Silva,walter_henrique_da_silva,66,66,0,2T,Normal
4662,2014,6,Fluminense,fluminense,Lucas Cavalcante Silva Afonso,lucas_cavalcante_silva_afonso,53,53,0,2T,Gol Contra
4662,2014,6,Fluminense,fluminense,Wagner Ferreira dos Santos,wagner_ferreira_dos_santos,73,73,0,2T,Normal
4663,2014,6,Botafogo-RJ,botafogo_rj,Pablo Zeballos,pablo_zeballos,6,6,0,1T,Normal
4663,2014,6,Gremio,gremio,Rodrigo Eduardo Costa Marinho,rodrigo_eduardo_costa_marinho,44,44,0,1T,Normal
4663,2014,6,Gremio,gremio,Maximiliano Rodríguez Maeso,maximiliano_rodriguez_maeso,81,81,0,2T,Normal
4661,2014,6,Athletico-PR,athletico_pr,Douglas Coutinho,douglas_coutinho,85,85,0,2T,Normal
4661,2014,6,Corinthians,corinthians,Jadson,jadson,59,59,0,2T,Penalty
4665,2014,6,Santos,santos,Geuvânio,geuvanio,9,9,0,1T,Normal
4665,2014,6,Santos,santos,Cícero Santos,cicero_santos,39,39,0,1T,Penalty
4665,2014,6,Goias,goias,Alex Alves Cardoso,alex_alves_cardoso,26,26,0,1T,Normal
4665,2014,6,Goias,goias,Erik Nascimento de Lima,erik_nascimento_de_lima,69,69,0,2T,Normal
4664,2014,6,Palmeiras,palmeiras,Henrique Dourado,henrique_dourado,37,37,0,1T,Normal
4666,2014,6,Atletico-MG,atletico_mg,Rafael Berger,rafael_berger,17,17,0,1T,Gol Contra
4666,2014,6,Atletico-MG,atletico_mg,Réver,rever,62,62,0,2T,Normal
4666,2014,6,Vitoria,vitoria,Telmário de Araújo Sacramento,telmario_de_araujo_sacramento,65,65,0,2T,Normal
4666,2014,6,Vitoria,vitoria,Willie Hortêncio Barbosa,willie_hortencio_barbosa,90,90,0,2T,Normal
4666,2014,6,Atletico-MG,atletico_mg,Jesús Dátolo,jesus_datolo,12,12,0,1T,Normal
4667,2014,7,Fluminense,fluminense,Kenedy,kenedy,4,4,0,1T,Normal
4668,2014,7,Sao Paulo,sao_paulo,Lucas Cavalcante Silva Afonso,lucas_cavalcante_silva_afonso,61,61,0,2T,Normal
4671,2014,7,Sport,sport,Augusto,augusto,28,28,0,1T,Normal
4671,2014,7,Corinthians,corinthians,Romarinho,romarinho,20,20,0,1T,Normal
4671,2014,7,Corinthians,corinthians,Jadson,jadson,55,55,0,2T,Penalty
4671,2014,7,Corinthians,corinthians,Romarinho,romarinho,68,68,0,2T,Normal
4671,2014,7,Corinthians,corinthians,Jadson,jadson,38,38,0,1T,Normal
4672,2014,7,Athletico-PR,athletico_pr,Marcos Guilherme,marcos_guilherme,56,56,0,2T,Normal
4672,2014,7,Athletico-PR,athletico_pr,Luccas Claro,luccas_claro,58,58,0,2T,Gol Contra
4670,2014,7,Goias,goias,Jackson de Souza,jackson_de_souza,5,5,0,1T,Normal
4673,2014,7,Cruzeiro,cruzeiro,Marcelo Moreno,marcelo_moreno,88,88,0,2T,Normal
4673,2014,7,Internacional,internacional,Wellington Aparecido Martins,wellington_aparecido_martins,39,39,0,1T,Normal
4673,2014,7,Cruzeiro,cruzeiro,Ricardo Goulart,ricardo_goulart,43,43,0,1T,Normal
4673,2014,7,Cruzeiro,cruzeiro,Willian Gomes de Siqueira,willian_gomes_de_siqueira,70,70,0,2T,Normal
4674,2014,7,Botafogo-RJ,botafogo_rj,Emerson Sheik,emerson_sheik,43,43,0,1T,Normal
4674,2014,7,Vitoria,vitoria,Telmário de Araújo Sacramento,telmario_de_araujo_sacramento,69,69,0,2T,Normal
4675,2014,7,Chapecoense,chapecoense,Derivaldo Beserra Cavalcante,derivaldo_beserra_cavalcante,47,47,0,2T,Normal
4675,2014,7,Chapecoense,chapecoense,Tiago Luís Martins,tiago_luis_martins,42,42,0,1T,Normal
4677,2014,8,Criciuma,criciuma,Fábio Ferreira,fabio_ferreira,58,58,0,2T,Normal
4678,2014,8,Botafogo-RJ,botafogo_rj,Mario Bolatti,mario_bolatti,61,61,0,2T,Normal
4678,2014,8,Botafogo-RJ,botafogo_rj,Pablo Zeballos,pablo_zeballos,94,90,4,2T,Normal
4680,2014,8,Internacional,internacional,Wellington Paulista,wellington_paulista,25,25,0,1T,Normal
4680,2014,8,Internacional,internacional,Wellington Paulista,wellington_paulista,79,79,0,2T,Normal
4682,2014,8,Corinthians,corinthians,Paolo Guerrero,paolo_guerrero,68,68,0,2T,Normal
4684,2014,8,Atletico-MG,atletico_mg,Jesús Dátolo,jesus_datolo,53,53,0,2T,Normal
4684,2014,8,Atletico-MG,atletico_mg,Diego Tardelli,diego_tardelli,65,65,0,2T,Normal
4683,2014,8,Athletico-PR,athletico_pr,Cléverson Gabriel Córdova,cleverson_gabriel_cordova,90,90,0,2T,Normal
4683,2014,8,Sao Paulo,sao_paulo,Luís Fabiano,luis_fabiano,92,90,2,2T,Normal
4683,2014,8,Sao Paulo,sao_paulo,Rogério Ceni,rogerio_ceni,76,76,0,2T,Penalty
4683,2014,8,Athletico-PR,athletico_pr,Renato Baruffi,renato_baruffi,30,30,0,1T,Normal
4685,2014,8,Flamengo,flamengo,Alecsandro,alecsandro,20,20,0,1T,Normal
4685,2014,8,Figueirense,figueirense,Everaldo Stum,everaldo_stum,22,22,0,1T,Normal
4686,2014,8,Santos,santos,Alan Santos da Silva,alan_santos_da_silva,62,62,0,2T,Normal
4686,2014,8,Santos,santos,Lucas Rafael Araújo Lima,lucas_rafael_araujo_lima,89,89,0,2T,Normal
4687,2014,9,Coritiba,coritiba,Alexsandro de Souza,alexsandro_de_souza,5,5,0,1T,Normal
4687,2014,9,Coritiba,coritiba,Keirrison,keirrison,15,15,0,1T,Normal
4687,2014,9,Coritiba,coritiba,Dener Assunção Braz,dener_assuncao_braz,44,44,0,1T,Normal
4688,2014,9,Sao Paulo,sao_paulo,Dorlan Pabón,dorlan_pabon,90,90,0,2T,Normal
4688,2014,9,Atletico-MG,atletico_mg,Josué Anunciado de Oliveira,josue_anunciado_de_oliveira,79,79,0,2T,Normal
4688,2014,9,Sao Paulo,sao_paulo,Luís Fabiano,luis_fabiano,11,11,0,1T,Normal
4689,2014,9,Sport,sport,Neto Baiano,neto_baiano,48,48,0,2T,Normal
4691,2014,9,Chapecoense,chapecoense,José Carlos Tofolo Júnior,jose_carlos_tofolo_junior,71,71,0,2T,Normal
4691,2014,9,Bahia,bahia,Demerson Bruno Costa,demerson_bruno_costa,86,86,0,2T,Normal
4691,2014,9,Chapecoense,chapecoense,Abuda,abuda,54,54,0,2T,Normal
4692,2014,9,Cruzeiro,cruzeiro,Borges,borges,46,45,1,1T,Normal
4692,2014,9,Cruzeiro,cruzeiro,Ricardo Goulart,ricardo_goulart,16,16,0,1T,Normal
4692,2014,9,Cruzeiro,cruzeiro,Éverton Ribeiro,everton_ribeiro,18,18,0,1T,Normal
4694,2014,9,Santos,santos,Diego Cardoso,diego_cardoso,18,18,0,1T,Normal
4694,2014,9,Santos,santos,Gabriel Barbosa,gabriel_barbosa,11,11,0,1T,Normal
4693,2014,9,Fluminense,fluminense,Jean Raphael Vanderlei Moreira,jean_raphael_vanderlei_moreira,31,31,0,1T,Normal
4693,2014,9,Internacional,internacional,Jorge Henrique,jorge_henrique,22,22,0,1T,Normal
4695,2014,9,Athletico-PR,athletico_pr,Douglas Coutinho,douglas_coutinho,93,90,3,2T,Normal
4695,2014,9,Figueirense,figueirense,Everaldo Stum,everaldo_stum,74,74,0,2T,Normal
4695,2014,9,Athletico-PR,athletico_pr,Douglas Coutinho,douglas_coutinho,47,45,2,1T,Normal
4695,2014,9,Athletico-PR,athletico_pr,Douglas Coutinho,douglas_coutinho,53,53,0,2T,Normal
4697,2014,28,Corinthians,corinthians,Jadson,jadson,25,25,0,1T,Normal
4697,2014,28,Botafogo-RJ,botafogo_rj,Edílson Mendes Guimarães,edilson_mendes_guimaraes,87,87,0,2T,Normal
4656,2014,5,Sport,sport,Mike dos Santos Nenatarvicius,mike_dos_santos_nenatarvicius,73,73,0,2T,Normal
4709,2014,10,Sport,sport,Neto Baiano,neto_baiano,44,44,0,1T,Normal
4708,2014,10,Figueirense,figueirense,Everaldo Stum,everaldo_stum,69,69,0,2T,Normal
4708,2014,10,Figueirense,figueirense,Thiago Heleno,thiago_heleno,5,5,0,1T,Normal
4712,2014,10,Athletico-PR,athletico_pr,Douglas Coutinho,douglas_coutinho,20,20,0,1T,Normal
4712,2014,10,Athletico-PR,athletico_pr,Cleberson Martins de Souza,cleberson_martins_de_souza,61,61,0,2T,Normal
4712,2014,10,Flamengo,flamengo,Samir,samir,35,35,0,1T,Normal
4711,2014,10,Sao Paulo,sao_paulo,Alan Kardec,alan_kardec,20,20,0,1T,Normal
4711,2014,10,Sao Paulo,sao_paulo,Rogério Ceni,rogerio_ceni,13,13,0,1T,Penalty
4710,2014,10,Fluminense,fluminense,Darío Conca,dario_conca,84,84,0,2T,Normal
4710,2014,10,Fluminense,fluminense,Matheus Carvalho,matheus_carvalho,85,85,0,2T,Normal
4710,2014,10,Criciuma,criciuma,Paulo Baier,paulo_baier,40,40,0,1T,Penalty
4710,2014,10,Criciuma,criciuma,Paulo Baier,paulo_baier,59,59,0,2T,Normal
4710,2014,10,Criciuma,criciuma,Sérgio Antônio Borges Júnior,sergio_antonio_borges_junior,67,67,0,2T,Normal
4714,2014,10,Santos,santos,Bruno Uvini,bruno_uvini,24,24,0,1T,Normal
4714,2014,10,Santos,santos,Alison Lopes Ferreira,alison_lopes_ferreira,69,69,0,2T,Normal
4713,2014,10,Internacional,internacional,Cláudio Winck,claudio_winck,91,90,1,2T,Normal
4713,2014,10,Corinthians,corinthians,Paolo Guerrero,paolo_guerrero,7,7,0,1T,Normal
4713,2014,10,Corinthians,corinthians,Fagner,fagner,10,10,0,1T,Normal
4715,2014,10,Cruzeiro,cruzeiro,Rafael Berger,rafael_berger,62,62,0,2T,Gol Contra
4715,2014,10,Cruzeiro,cruzeiro,Éverton Ribeiro,everton_ribeiro,76,76,0,2T,Normal
4715,2014,10,Vitoria,vitoria,Ayrton Ganino,ayrton_ganino,92,90,2,2T,Normal
4715,2014,10,Cruzeiro,cruzeiro,Ricardo Goulart,ricardo_goulart,72,72,0,2T,Normal
4717,2014,11,Chapecoense,chapecoense,Ricardo Conceição,ricardo_conceicao,57,57,0,2T,Normal
4718,2014,11,Gremio,gremio,Giuliano Victor de Paula,giuliano_victor_de_paula,4,4,0,1T,Normal
4719,2014,11,Atletico-MG,atletico_mg,Luan Madson Gedeão de Paiva,luan_madson_gedeao_de_paiva,66,66,0,2T,Normal
4719,2014,11,Bahia,bahia,Cristian Chagas Tarouco,cristian_chagas_tarouco,25,25,0,1T,Normal
4720,2014,11,Botafogo-RJ,botafogo_rj,Mario Bolatti,mario_bolatti,12,12,0,1T,Normal
4722,2014,11,Palmeiras,palmeiras,Fernando Tobio,fernando_tobio,54,54,0,2T,Normal
4722,2014,11,Cruzeiro,cruzeiro,Ricardo Goulart,ricardo_goulart,8,8,0,1T,Normal
4722,2014,11,Cruzeiro,cruzeiro,Manoel Messias Silva Carvalho,manoel_messias_silva_carvalho,10,10,0,1T,Normal
4721,2014,11,Internacional,internacional,Andrés D'Alessandro,andres_d_alessandro,48,45,3,1T,Penalty
4721,2014,11,Internacional,internacional,Rafael Moura,rafael_moura,16,16,0,1T,Normal
4721,2014,11,Internacional,internacional,Fabrício dos Santos Silva,fabricio_dos_santos_silva,58,58,0,2T,Normal
4721,2014,11,Internacional,internacional,Alex Raphael Meschini,alex_raphael_meschini,78,78,0,2T,Normal
4724,2014,11,Athletico-PR,athletico_pr,Douglas Coutinho,douglas_coutinho,59,59,0,2T,Normal
4724,2014,11,Athletico-PR,athletico_pr,Marcelo Cirino da Silva,marcelo_cirino_da_silva,53,53,0,2T,Normal
4725,2014,11,Fluminense,fluminense,Darío Conca,dario_conca,62,62,0,2T,Normal
4728,2014,12,Cruzeiro,cruzeiro,Dagoberto Pelentier,dagoberto_pelentier,79,79,0,2T,Normal
4728,2014,12,Cruzeiro,cruzeiro,Lucas Silva Borges,lucas_silva_borges,41,41,0,1T,Penalty
4728,2014,12,Cruzeiro,cruzeiro,Marcos Antônio da Silva Gonçalves,marcos_antonio_da_silva_goncalves,47,47,0,2T,Normal
4728,2014,12,Cruzeiro,cruzeiro,Dedé,dede,50,50,0,2T,Normal
4728,2014,12,Cruzeiro,cruzeiro,Ricardo Goulart,ricardo_goulart,72,72,0,2T,Normal
4727,2014,12,Santos,santos,Diego Cardoso,diego_cardoso,80,80,0,2T,Normal
4727,2014,12,Santos,santos,Rildo de Andrade Felicissimo,rildo_de_andrade_felicissimo,13,13,0,1T,Normal
4727,2014,12,Santos,santos,Gabriel Barbosa,gabriel_barbosa,52,52,0,2T,Normal
4729,2014,12,Vitoria,vitoria,Ayrton Ganino,ayrton_ganino,84,84,0,2T,Normal
4729,2014,12,Criciuma,criciuma,Sérgio Antônio Borges Júnior,sergio_antonio_borges_junior,90,90,0,2T,Normal
4729,2014,12,Vitoria,vitoria,Caio Canedo Corrêa,caio_canedo_correa,19,19,0,1T,Normal
4729,2014,12,Vitoria,vitoria,Caio Canedo Corrêa,caio_canedo_correa,67,67,0,2T,Normal
4730,2014,12,Internacional,internacional,Wellington do Nascimento Silva,wellington_do_nascimento_silva,66,66,0,2T,Normal
4734,2014,12,Sport,sport,Felipe Azevedo,felipe_azevedo,51,51,0,2T,Normal
4734,2014,12,Sport,sport,Durval,durval,69,69,0,2T,Normal
4734,2014,12,Atletico-MG,atletico_mg,Diego Tardelli,diego_tardelli,85,85,0,2T,Penalty
4731,2014,12,Sao Paulo,sao_paulo,Kaká,kaka,76,76,0,2T,Normal
4731,2014,12,Goias,goias,Willian José de Souza,willian_jose_de_souza,44,44,0,1T,Normal
4731,2014,12,Goias,goias,Bruno Mineiro,bruno_mineiro,49,49,0,2T,Normal
4733,2014,12,Corinthians,corinthians,Petros,petros,91,90,1,2T,Normal
4733,2014,12,Corinthians,corinthians,Paolo Guerrero,paolo_guerrero,51,51,0,2T,Normal
4732,2014,12,Fluminense,fluminense,Jean Raphael Vanderlei Moreira,jean_raphael_vanderlei_moreira,18,18,0,1T,Normal
4732,2014,12,Fluminense,fluminense,Darío Conca,dario_conca,35,35,0,1T,Penalty
4732,2014,12,Fluminense,fluminense,Cícero Santos,cicero_santos,65,65,0,2T,Normal
4736,2014,12,Gremio,gremio,Hernán Barcos,hernan_barcos,57,57,0,2T,Normal
4736,2014,12,Coritiba,coritiba,Alexsandro de Souza,alexsandro_de_souza,94,90,4,2T,Normal
4736,2014,12,Gremio,gremio,Hernán Barcos,hernan_barcos,65,65,0,2T,Normal
4736,2014,12,Coritiba,coritiba,Zé Love,ze_love,49,49,0,2T,Normal
4736,2014,12,Coritiba,coritiba,Zé Love,ze_love,73,73,0,2T,Normal
4735,2014,12,Flamengo,flamengo,Alecsandro,alecsandro,33,33,0,1T,Normal
4737,2014,13,Botafogo-RJ,botafogo_rj,Edílson Mendes Guimarães,edilson_mendes_guimaraes,25,25,0,1T,Normal
4737,2014,13,Cruzeiro,cruzeiro,Leonardo Renan Simões de Lacerda,leonardo_renan_simoes_de_lacerda,60,60,0,2T,Normal
4738,2014,13,Criciuma,criciuma,Rodrigo Souza,rodrigo_souza,80,80,0,2T,Normal
4738,2014,13,Sao Paulo,sao_paulo,Alan Kardec,alan_kardec,74,74,0,2T,Normal
4739,2014,13,Vitoria,vitoria,Caio Canedo Corrêa,caio_canedo_correa,59,59,0,2T,Normal
4739,2014,13,Vitoria,vitoria,Caio Canedo Corrêa,caio_canedo_correa,77,77,0,2T,Normal
4739,2014,13,Gremio,gremio,Hernán Barcos,hernan_barcos,11,11,0,1T,Normal
4740,2014,13,Palmeiras,palmeiras,Henrique Dourado,henrique_dourado,61,61,0,2T,Normal
4740,2014,13,Bahia,bahia,Kieza,kieza,63,63,0,2T,Normal
4741,2014,13,Chapecoense,chapecoense,Rafael Lima,rafael_lima,7,7,0,1T,Normal
4743,2014,13,Figueirense,figueirense,Clayton da Silveira da Silva,clayton_da_silveira_da_silva,76,76,0,2T,Normal
4743,2014,13,Figueirense,figueirense,Marco Antônio Miranda Filho,marco_antonio_miranda_filho,84,84,0,2T,Normal
4743,2014,13,Figueirense,figueirense,Léo Lisboa,leo_lisboa,42,42,0,1T,Normal
4745,2014,13,Fluminense,fluminense,David França Oliveira e Silva,david_franca_oliveira_e_silva,20,20,0,1T,Gol Contra
4745,2014,13,Fluminense,fluminense,Cícero Santos,cicero_santos,10,10,0,1T,Normal
4744,2014,13,Internacional,internacional,Rafael Moura,rafael_moura,57,57,0,2T,Normal
4746,2014,13,Atletico-MG,atletico_mg,Leonardo Silva,leonardo_silva,34,34,0,1T,Normal
4746,2014,13,Athletico-PR,athletico_pr,Marcos Guilherme,marcos_guilherme,56,56,0,2T,Normal
4746,2014,13,Atletico-MG,atletico_mg,Léo Pereira,leo_pereira,76,76,0,2T,Gol Contra
4746,2014,13,Atletico-MG,atletico_mg,Deivid Willian da Silva,deivid_willian_da_silva,87,87,0,2T,Gol Contra
4716,2014,10,Chapecoense,chapecoense,Jailton,jailton,42,42,0,1T,Normal
4716,2014,10,Atletico-MG,atletico_mg,Leonardo Silva,leonardo_silva,93,90,3,2T,Normal
4748,2014,14,Bahia,bahia,Fahel,fahel,31,31,0,1T,Normal
4749,2014,14,Coritiba,coritiba,Germano Borovicz Cardoso Schweger,germano_borovicz_cardoso_schweger,82,82,0,2T,Normal
4749,2014,14,Fluminense,fluminense,Elivélton,elivelton,25,25,0,1T,Normal
4750,2014,14,Flamengo,flamengo,Eduardo da Silva,eduardo_da_silva,85,85,0,2T,Normal
4752,2014,14,Athletico-PR,athletico_pr,Douglas Coutinho,douglas_coutinho,93,90,3,2T,Normal
4752,2014,14,Athletico-PR,athletico_pr,Cléverson Gabriel Córdova,cleverson_gabriel_cordova,46,45,1,1T,Normal
4751,2014,14,Corinthians,corinthians,Carlos Gilberto do Nascimento Silva,carlos_gilberto_do_nascimento_silva,84,84,0,2T,Normal
4753,2014,14,Internacional,internacional,Charles Aránguiz,charles_aranguiz,62,62,0,2T,Normal
4753,2014,14,Internacional,internacional,Cláudio Winck,claudio_winck,85,85,0,2T,Normal
4754,2014,14,Atletico-MG,atletico_mg,Jesús Dátolo,jesus_datolo,87,87,0,2T,Normal
4754,2014,14,Palmeiras,palmeiras,Henrique Dourado,henrique_dourado,54,54,0,2T,Normal
4754,2014,14,Atletico-MG,atletico_mg,Diego Tardelli,diego_tardelli,44,44,0,1T,Normal
4755,2014,14,Figueirense,figueirense,Marcos Roberto da Silva Barbosa,marcos_roberto_da_silva_barbosa,87,87,0,2T,Normal
4756,2014,14,Sao Paulo,sao_paulo,Alexandre Pato,alexandre_pato,39,39,0,1T,Normal
4756,2014,14,Sao Paulo,sao_paulo,Alan Kardec,alan_kardec,32,32,0,1T,Normal
4756,2014,14,Vitoria,vitoria,Kadu,kadu,47,45,2,1T,Normal
4756,2014,14,Sao Paulo,sao_paulo,Alexandre Pato,alexandre_pato,17,17,0,1T,Normal
4757,2014,15,Internacional,internacional,Pedro Henrique Pereira da Silva,pedro_henrique_pereira_da_silva,77,77,0,2T,Gol Contra
4758,2014,15,Bahia,bahia,Kieza,kieza,36,36,0,1T,Normal
4758,2014,15,Corinthians,corinthians,Carlos Gilberto do Nascimento Silva,carlos_gilberto_do_nascimento_silva,43,43,0,1T,Normal
4761,2014,15,Gremio,gremio,Lucas Coelho,lucas_coelho,49,49,0,2T,Normal
4761,2014,15,Gremio,gremio,Luan Guilherme de Jesus Vieira,luan_guilherme_de_jesus_vieira,11,11,0,1T,Penalty
4759,2014,15,Flamengo,flamengo,Éverton Cardoso da Silva,everton_cardoso_da_silva,17,17,0,1T,Normal
4762,2014,15,Cruzeiro,cruzeiro,Marcelo Moreno,marcelo_moreno,25,25,0,1T,Normal
4762,2014,15,Cruzeiro,cruzeiro,Ricardo Goulart,ricardo_goulart,48,48,0,2T,Normal
4762,2014,15,Cruzeiro,cruzeiro,Júlio Baptista,julio_baptista,88,88,0,2T,Normal
4760,2014,15,Palmeiras,palmeiras,Henrique Dourado,henrique_dourado,60,60,0,2T,Penalty
4760,2014,15,Sao Paulo,sao_paulo,Alexandre Pato,alexandre_pato,53,53,0,2T,Normal
4760,2014,15,Sao Paulo,sao_paulo,Alan Kardec,alan_kardec,89,89,0,2T,Normal
4764,2014,15,Botafogo-RJ,botafogo_rj,Daniel Corrêa Freitas,daniel_correa_freitas,65,65,0,2T,Normal
4764,2014,15,Botafogo-RJ,botafogo_rj,Pablo Zeballos,pablo_zeballos,68,68,0,2T,Normal
4766,2014,15,Figueirense,figueirense,Clayton da Silveira da Silva,clayton_da_silveira_da_silva,91,90,1,2T,Normal
4766,2014,15,Figueirense,figueirense,Leonardo Silva,leonardo_silva,25,25,0,1T,Gol Contra
4766,2014,15,Atletico-MG,atletico_mg,Jesús Dátolo,jesus_datolo,8,8,0,1T,Normal
4766,2014,15,Atletico-MG,atletico_mg,Diego Tardelli,diego_tardelli,74,74,0,2T,Penalty
4765,2014,15,Sport,sport,Régis,regis,40,40,0,1T,Normal
4765,2014,15,Athletico-PR,athletico_pr,Cleberson Martins de Souza,cleberson_martins_de_souza,25,25,0,1T,Normal
4767,2014,16,Sport,sport,Fábio Szymonek,fabio_szymonek,23,23,0,1T,Gol Contra
4767,2014,16,Sport,sport,Patric Cabral Lalau,patric_cabral_lalau,33,33,0,1T,Normal
4767,2014,16,Palmeiras,palmeiras,Henrique Dourado,henrique_dourado,14,14,0,1T,Normal
4768,2014,16,Figueirense,figueirense,Clayton da Silveira da Silva,clayton_da_silveira_da_silva,2,2,0,1T,Normal
4769,2014,16,Santos,santos,Leandro Damião,leandro_damiao,45,45,0,1T,Normal
4769,2014,16,Santos,santos,Thiago Ribeiro,thiago_ribeiro,67,67,0,2T,Normal
4770,2014,16,Coritiba,coritiba,Keirrison,keirrison,63,63,0,2T,Penalty
4770,2014,16,Coritiba,coritiba,Luiz Eduardo Figueiredo,luiz_eduardo_figueiredo,18,18,0,1T,Normal
4772,2014,16,Chapecoense,chapecoense,Camilo,camilo,60,60,0,2T,Normal
4773,2014,16,Flamengo,flamengo,Léo Moura,leo_moura,65,65,0,2T,Penalty
4773,2014,16,Flamengo,flamengo,Eduardo da Silva,eduardo_da_silva,71,71,0,2T,Normal
4773,2014,16,Atletico-MG,atletico_mg,Maicosuel,maicosuel,10,10,0,1T,Normal
4774,2014,16,Sao Paulo,sao_paulo,Paulo Henrique Ganso,paulo_henrique_ganso,36,36,0,1T,Normal
4775,2014,16,Corinthians,corinthians,Paolo Guerrero,paolo_guerrero,22,22,0,1T,Normal
4775,2014,16,Corinthians,corinthians,Luciano da Rocha Neves,luciano_da_rocha_neves,89,89,0,2T,Normal
4775,2014,16,Corinthians,corinthians,Elias Mendes Trindade,elias_mendes_trindade,65,65,0,2T,Normal
4775,2014,16,Goias,goias,Thiago Henrique Mendes Ribeiro,thiago_henrique_mendes_ribeiro,11,11,0,1T,Normal
4775,2014,16,Corinthians,corinthians,Luciano da Rocha Neves,luciano_da_rocha_neves,78,78,0,2T,Normal
4775,2014,16,Goias,goias,Jackson de Souza,jackson_de_souza,60,60,0,2T,Normal
4775,2014,16,Corinthians,corinthians,Luciano da Rocha Neves,luciano_da_rocha_neves,85,85,0,2T,Normal
4776,2014,16,Cruzeiro,cruzeiro,Dagoberto Pelentier,dagoberto_pelentier,86,86,0,2T,Normal
4777,2014,17,Atletico-MG,atletico_mg,Diego Tardelli,diego_tardelli,82,82,0,2T,Normal
4778,2014,17,Botafogo-RJ,botafogo_rj,Luis Ramírez,luis_ramirez,31,31,0,1T,Normal
4779,2014,17,Palmeiras,palmeiras,Juninho,juninho,14,14,0,1T,Normal
4780,2014,17,Gremio,gremio,Hernán Barcos,hernan_barcos,49,49,0,2T,Normal
4780,2014,17,Corinthians,corinthians,Paolo Guerrero,paolo_guerrero,62,62,0,2T,Normal
4780,2014,17,Gremio,gremio,Hernán Barcos,hernan_barcos,46,46,0,2T,Normal
4781,2014,17,Flamengo,flamengo,Lucas Mugni,lucas_mugni,78,78,0,2T,Penalty
4781,2014,17,Flamengo,flamengo,Eduardo da Silva,eduardo_da_silva,82,82,0,2T,Normal
4782,2014,17,Figueirense,figueirense,Everaldo Stum,everaldo_stum,75,75,0,2T,Normal
4783,2014,17,Sao Paulo,sao_paulo,Paulo Henrique Ganso,paulo_henrique_ganso,24,24,0,1T,Normal
4783,2014,17,Sao Paulo,sao_paulo,Alexandre Pato,alexandre_pato,88,88,0,2T,Normal
4783,2014,17,Santos,santos,Gabriel Barbosa,gabriel_barbosa,86,86,0,2T,Penalty
4784,2014,17,Fluminense,fluminense,Fred,fred,80,80,0,2T,Normal
4784,2014,17,Fluminense,fluminense,Darío Conca,dario_conca,50,50,0,2T,Normal
4784,2014,17,Fluminense,fluminense,Cícero Santos,cicero_santos,35,35,0,1T,Normal
4784,2014,17,Fluminense,fluminense,Fred,fred,43,43,0,1T,Normal
4785,2014,17,Cruzeiro,cruzeiro,Marcelo Moreno,marcelo_moreno,25,25,0,1T,Normal
4788,2014,18,Cruzeiro,cruzeiro,Leonardo Renan Simões de Lacerda,leonardo_renan_simoes_de_lacerda,50,50,0,2T,Normal
4788,2014,18,Chapecoense,chapecoense,Zezinho,zezinho,11,11,0,1T,Normal
4788,2014,18,Cruzeiro,cruzeiro,Marcelo Moreno,marcelo_moreno,52,52,0,2T,Normal
4788,2014,18,Chapecoense,chapecoense,Bruno Rangel,bruno_rangel,70,70,0,2T,Normal
4788,2014,18,Cruzeiro,cruzeiro,Marcelo Moreno,marcelo_moreno,71,71,0,2T,Normal
4788,2014,18,Cruzeiro,cruzeiro,Alisson Euler de Freitas Castro,alisson_euler_de_freitas_castro,58,58,0,2T,Normal
4787,2014,18,Internacional,internacional,Jorge Henrique,jorge_henrique,20,20,0,1T,Normal
4791,2014,18,Sport,sport,Danilo Barcelos,danilo_barcelos,52,52,0,2T,Normal
4791,2014,18,Sport,sport,Neto Baiano,neto_baiano,50,50,0,2T,Normal
4793,2014,18,Botafogo-RJ,botafogo_rj,Daniel Corrêa Freitas,daniel_correa_freitas,63,63,0,2T,Normal
4789,2014,18,Corinthians,corinthians,Romarinho,romarinho,74,74,0,2T,Normal
4789,2014,18,Fluminense,fluminense,Fred,fred,43,43,0,1T,Penalty
4792,2014,18,Sao Paulo,sao_paulo,Rogério Ceni,rogerio_ceni,76,76,0,2T,Penalty
4792,2014,18,Figueirense,figueirense,Giovanni Augusto,giovanni_augusto,48,48,0,2T,Normal
4794,2014,18,Gremio,gremio,Hernán Barcos,hernan_barcos,59,59,0,2T,Normal
4795,2014,18,Goias,goias,Erik Nascimento de Lima,erik_nascimento_de_lima,39,39,0,1T,Normal
4795,2014,18,Goias,goias,Erik Nascimento de Lima,erik_nascimento_de_lima,43,43,0,1T,Normal
4795,2014,18,Goias,goias,Erik Nascimento de Lima,erik_nascimento_de_lima,84,84,0,2T,Normal
4795,2014,18,Athletico-PR,athletico_pr,Cléverson Gabriel Córdova,cleverson_gabriel_cordova,63,63,0,2T,Normal
4796,2014,18,Vitoria,vitoria,Caio Canedo Corrêa,caio_canedo_correa,40,40,0,1T,Normal
4796,2014,18,Flamengo,flamengo,Alecsandro,alecsandro,71,71,0,2T,Penalty
4796,2014,18,Flamengo,flamengo,Marcelo Augusto Mathias da Silva,marcelo_augusto_mathias_da_silva,33,33,0,1T,Normal
4798,2014,19,Gremio,gremio,Luan Guilherme de Jesus Vieira,luan_guilherme_de_jesus_vieira,91,90,1,2T,Normal
4797,2014,19,Santos,santos,Leandro Damião,leandro_damiao,74,74,0,2T,Normal
4797,2014,19,Vitoria,vitoria,Telmário de Araújo Sacramento,telmario_de_araujo_sacramento,65,65,0,2T,Normal
4797,2014,19,Santos,santos,David Braz,david_braz,47,47,0,2T,Normal
4797,2014,19,Santos,santos,David Braz,david_braz,52,52,0,2T,Normal
4802,2014,19,Atletico-MG,atletico_mg,Leonardo Silva,leonardo_silva,70,70,0,2T,Normal
4800,2014,19,Sao Paulo,sao_paulo,Rithely,rithely,7,7,0,1T,Gol Contra
4800,2014,19,Sao Paulo,sao_paulo,Alexandre Pato,alexandre_pato,26,26,0,1T,Normal
4803,2014,19,Cruzeiro,cruzeiro,Júlio Baptista,julio_baptista,44,44,0,1T,Normal
4803,2014,19,Fluminense,fluminense,Wagner Ferreira dos Santos,wagner_ferreira_dos_santos,17,17,0,1T,Normal
4803,2014,19,Cruzeiro,cruzeiro,Marcelo Moreno,marcelo_moreno,58,58,0,2T,Normal
4803,2014,19,Cruzeiro,cruzeiro,Júlio Baptista,julio_baptista,14,14,0,1T,Penalty
4803,2014,19,Fluminense,fluminense,Cícero Santos,cicero_santos,23,23,0,1T,Normal
4803,2014,19,Fluminense,fluminense,Kenedy,kenedy,88,88,0,2T,Normal
4805,2014,19,Athletico-PR,athletico_pr,Guilherme Augusto Dellatorre,guilherme_augusto_dellatorre,29,29,0,1T,Normal
4805,2014,19,Palmeiras,palmeiras,Henrique Dourado,henrique_dourado,53,53,0,2T,Penalty
4806,2014,19,Internacional,internacional,Andrés D'Alessandro,andres_d_alessandro,18,18,0,1T,Penalty
4806,2014,19,Figueirense,figueirense,Everaldo Stum,everaldo_stum,51,51,0,2T,Normal
4806,2014,19,Figueirense,figueirense,Marco Antônio Miranda Filho,marco_antonio_miranda_filho,75,75,0,2T,Normal
4806,2014,19,Figueirense,figueirense,Giovanni Augusto,giovanni_augusto,76,76,0,2T,Normal
4806,2014,19,Internacional,internacional,Paulo Marcos de Jesus Ribeiro,paulo_marcos_de_jesus_ribeiro,35,35,0,1T,Normal
4807,2014,20,Gremio,gremio,Hernán Barcos,hernan_barcos,92,90,2,2T,Normal
4808,2014,20,Palmeiras,palmeiras,Jonatan Cristaldo,jonatan_cristaldo,82,82,0,2T,Normal
4809,2014,20,Figueirense,figueirense,Everaldo Stum,everaldo_stum,39,39,0,1T,Normal
4809,2014,20,Fluminense,fluminense,Cícero Santos,cicero_santos,85,85,0,2T,Normal
4810,2014,20,Sport,sport,Patric Cabral Lalau,patric_cabral_lalau,53,53,0,2T,Normal
4810,2014,20,Sport,sport,Patric Cabral Lalau,patric_cabral_lalau,91,90,1,2T,Normal
4810,2014,20,Santos,santos,Thiago Ribeiro,thiago_ribeiro,25,25,0,1T,Normal
4810,2014,20,Sport,sport,Patric Cabral Lalau,patric_cabral_lalau,41,41,0,1T,Normal
4811,2014,20,Coritiba,coritiba,Alejandro Martinuccio,alejandro_martinuccio,14,14,0,1T,Normal
4811,2014,20,Coritiba,coritiba,Joel Tagueu,joel_tagueu,76,76,0,2T,Normal
4811,2014,20,Coritiba,coritiba,Róbson Michael Signorini,robson_michael_signorini,1,1,0,1T,Normal
4812,2014,20,Goias,goias,Samuel,samuel,70,70,0,2T,Normal
4813,2014,20,Botafogo-RJ,botafogo_rj,André Bahia,andre_bahia,23,23,0,1T,Normal
4813,2014,20,Sao Paulo,sao_paulo,Alexandre Pato,alexandre_pato,81,81,0,2T,Normal
4813,2014,20,Sao Paulo,sao_paulo,Alan Kardec,alan_kardec,8,8,0,1T,Normal
4813,2014,20,Sao Paulo,sao_paulo,Josef de Souza Dias,josef_de_souza_dias,37,37,0,1T,Normal
4813,2014,20,Botafogo-RJ,botafogo_rj,Pablo Zeballos,pablo_zeballos,20,20,0,1T,Normal
4813,2014,20,Sao Paulo,sao_paulo,Josef de Souza Dias,josef_de_souza_dias,42,42,0,1T,Normal
4814,2014,20,Vitoria,vitoria,Richarlyson,richarlyson,8,8,0,1T,Normal
4814,2014,20,Vitoria,vitoria,Márcio José Oliveira,marcio_jose_oliveira,56,56,0,2T,Normal
4815,2014,20,Corinthians,corinthians,Petros,petros,14,14,0,1T,Normal
4816,2014,20,Cruzeiro,cruzeiro,Ricardo Goulart,ricardo_goulart,71,71,0,2T,Normal
4816,2014,20,Cruzeiro,cruzeiro,Éverton Ribeiro,everton_ribeiro,54,54,0,2T,Penalty
4816,2014,20,Bahia,bahia,Rafael Miranda,rafael_miranda,30,30,0,1T,Normal
4817,2014,21,Fluminense,fluminense,Fred,fred,35,35,0,1T,Penalty
4817,2014,21,Fluminense,fluminense,Fred,fred,7,7,0,1T,Normal
4817,2014,21,Fluminense,fluminense,Darío Conca,dario_conca,63,63,0,2T,Normal
4818,2014,21,Chapecoense,chapecoense,Douglas Grolli,douglas_grolli,42,42,0,1T,Normal
4818,2014,21,Chapecoense,chapecoense,Douglas Grolli,douglas_grolli,87,87,0,2T,Normal
4818,2014,21,Chapecoense,chapecoense,Tiago Luís Martins,tiago_luis_martins,46,46,0,2T,Normal
4818,2014,21,Sport,sport,Felipe Azevedo,felipe_azevedo,83,83,0,2T,Penalty
4819,2014,21,Santos,santos,Robinho,robinho,39,39,0,1T,Normal
4819,2014,21,Coritiba,coritiba,Luiz Eduardo Figueiredo,luiz_eduardo_figueiredo,88,88,0,2T,Normal
4819,2014,21,Santos,santos,Lucas Rafael Araújo Lima,lucas_rafael_araujo_lima,13,13,0,1T,Normal
4820,2014,21,Bahia,bahia,Maxi Biancucchi,maxi_biancucchi,84,84,0,2T,Normal
4820,2014,21,Bahia,bahia,Kieza,kieza,18,18,0,1T,Normal
4820,2014,21,Bahia,bahia,Kieza,kieza,25,25,0,1T,Normal
4822,2014,21,Flamengo,flamengo,Wallace Reis da Silva,wallace_reis_da_silva,65,65,0,2T,Normal
4821,2014,21,Internacional,internacional,Alex Raphael Meschini,alex_raphael_meschini,41,41,0,1T,Normal
4821,2014,21,Internacional,internacional,Eduardo Sasha,eduardo_sasha,59,59,0,2T,Normal
4823,2014,21,Sao Paulo,sao_paulo,Rogério Ceni,rogerio_ceni,36,36,0,1T,Penalty
4823,2014,21,Sao Paulo,sao_paulo,Alan Kardec,alan_kardec,71,71,0,2T,Normal
4824,2014,21,Athletico-PR,athletico_pr,Marcelo Cirino da Silva,marcelo_cirino_da_silva,30,30,0,1T,Normal
4824,2014,21,Athletico-PR,athletico_pr,Hernani Azevedo Junior,hernani_azevedo_junior,70,70,0,2T,Normal
4826,2014,21,Criciuma,criciuma,Luís Felipe Dias do Nascimento,luis_felipe_dias_do_nascimento,63,63,0,2T,Normal
4827,2014,22,Vitoria,vitoria,Telmário de Araújo Sacramento,telmario_de_araujo_sacramento,67,67,0,2T,Normal
4827,2014,22,Vitoria,vitoria,William Henrique,william_henrique,71,71,0,2T,Normal
4827,2014,22,Vitoria,vitoria,Vinícius Santos Silva,vinicius_santos_silva,76,76,0,2T,Normal
4827,2014,22,Fluminense,fluminense,Cícero Santos,cicero_santos,19,19,0,1T,Normal
4828,2014,22,Cruzeiro,cruzeiro,Alisson Euler de Freitas Castro,alisson_euler_de_freitas_castro,27,27,0,1T,Normal
4828,2014,22,Cruzeiro,cruzeiro,Marcelo Moreno,marcelo_moreno,55,55,0,2T,Normal
4830,2014,22,Figueirense,figueirense,Thiago Heleno,thiago_heleno,63,63,0,2T,Normal
4830,2014,22,Criciuma,criciuma,Silvinho,silvinho,46,45,1,1T,Normal
4831,2014,22,Bahia,bahia,Dankler,dankler,31,31,0,1T,Gol Contra
4831,2014,22,Botafogo-RJ,botafogo_rj,Emerson Sheik,emerson_sheik,29,29,0,1T,Normal
4831,2014,22,Botafogo-RJ,botafogo_rj,Emerson Sheik,emerson_sheik,43,43,0,1T,Penalty
4831,2014,22,Bahia,bahia,Maxi Biancucchi,maxi_biancucchi,73,73,0,2T,Normal
4831,2014,22,Bahia,bahia,Wellington Clayton Gonçalves dos Santos,wellington_clayton_goncalves_dos_santos,90,90,0,2T,Normal
4833,2014,22,Coritiba,coritiba,Joel Tagueu,joel_tagueu,63,63,0,2T,Normal
4833,2014,22,Coritiba,coritiba,Joel Tagueu,joel_tagueu,86,86,0,2T,Normal
4833,2014,22,Sao Paulo,sao_paulo,Michel Bastos,michel_bastos,46,45,1,1T,Normal
4833,2014,22,Coritiba,coritiba,Hélder,helder,60,60,0,2T,Normal
4832,2014,22,Palmeiras,palmeiras,Victor Luis,victor_luis,69,69,0,2T,Normal
4832,2014,22,Flamengo,flamengo,Héctor Canteros,hector_canteros,13,13,0,1T,Normal
4832,2014,22,Flamengo,flamengo,Alecsandro,alecsandro,32,32,0,1T,Normal
4832,2014,22,Palmeiras,palmeiras,Diogo Luís Santo,diogo_luis_santo,48,48,0,2T,Normal
4834,2014,22,Chapecoense,chapecoense,Wéverton Almeida Santos,weverton_almeida_santos,50,50,0,2T,Gol Contra
4834,2014,22,Corinthians,corinthians,Malcom Filipe Silva de Oliveira,malcom_filipe_silva_de_oliveira,10,10,0,1T,Normal
4835,2014,22,Goias,goias,Erik Nascimento de Lima,erik_nascimento_de_lima,79,79,0,2T,Normal
4835,2014,22,Atletico-MG,atletico_mg,Carlos Júnior,carlos_junior,45,45,0,1T,Normal
4835,2014,22,Goias,goias,Jackson de Souza,jackson_de_souza,93,90,3,2T,Normal
4835,2014,22,Atletico-MG,atletico_mg,Guilherme Milhomem Gusmão,guilherme_milhomem_gusmao,18,18,0,1T,Normal
4835,2014,22,Atletico-MG,atletico_mg,Guilherme Milhomem Gusmão,guilherme_milhomem_gusmao,42,42,0,1T,Normal
4837,2014,23,Internacional,internacional,Rafael Moura,rafael_moura,81,81,0,2T,Normal
4838,2014,23,Criciuma,criciuma,Paulo Baier,paulo_baier,68,68,0,2T,Penalty
4838,2014,23,Botafogo-RJ,botafogo_rj,Pablo Zeballos,pablo_zeballos,37,37,0,1T,Penalty
4839,2014,23,Atletico-MG,atletico_mg,Carlos Júnior,carlos_junior,39,39,0,1T,Normal
4839,2014,23,Atletico-MG,atletico_mg,Carlos Júnior,carlos_junior,91,90,1,2T,Normal
4839,2014,23,Atletico-MG,atletico_mg,Diego Tardelli,diego_tardelli,41,41,0,1T,Normal
4839,2014,23,Cruzeiro,cruzeiro,Ricardo Goulart,ricardo_goulart,47,45,2,1T,Normal
4839,2014,23,Cruzeiro,cruzeiro,Alisson Euler de Freitas Castro,alisson_euler_de_freitas_castro,52,52,0,2T,Normal
4843,2014,23,Vitoria,vitoria,Kadu,kadu,9,9,0,1T,Normal
4843,2014,23,Vitoria,vitoria,Luiz Gustavo,luiz_gustavo,53,53,0,2T,Normal
4843,2014,23,Bahia,bahia,Kieza,kieza,6,6,0,1T,Normal
4840,2014,23,Fluminense,fluminense,Fred,fred,45,45,0,1T,Normal
4840,2014,23,Flamengo,flamengo,Eduardo da Silva,eduardo_da_silva,27,27,0,1T,Normal
4842,2014,23,Corinthians,corinthians,Fábio Santos,fabio_santos,36,36,0,1T,Penalty
4842,2014,23,Sao Paulo,sao_paulo,Édson José da Silva,edson_jose_da_silva,45,45,0,1T,Normal
4842,2014,23,Corinthians,corinthians,Fábio Santos,fabio_santos,66,66,0,2T,Penalty
4842,2014,23,Corinthians,corinthians,Paolo Guerrero,paolo_guerrero,74,74,0,2T,Normal
4842,2014,23,Sao Paulo,sao_paulo,Josef de Souza Dias,josef_de_souza_dias,6,6,0,1T,Normal
4841,2014,23,Sport,sport,Felipe Azevedo,felipe_azevedo,75,75,0,2T,Normal
4845,2014,23,Goias,goias,Esquerdinha,esquerdinha,12,12,0,1T,Normal
4845,2014,23,Goias,goias,Welinton Júnior,welinton_junior,90,90,0,2T,Normal
4845,2014,23,Goias,goias,Erik Nascimento de Lima,erik_nascimento_de_lima,27,27,0,1T,Normal
4845,2014,23,Goias,goias,David França Oliveira e Silva,david_franca_oliveira_e_silva,37,37,0,1T,Normal
4845,2014,23,Goias,goias,Ramón Rodrigo de Freitas,ramon_rodrigo_de_freitas,7,7,0,1T,Normal
4845,2014,23,Goias,goias,Thiago Henrique Mendes Ribeiro,thiago_henrique_mendes_ribeiro,49,49,0,2T,Normal
4846,2014,23,Gremio,gremio,Eduardo Pereira Rodrigues,eduardo_pereira_rodrigues,8,8,0,1T,Normal
4844,2014,23,Santos,santos,Leandro Damião,leandro_damiao,41,41,0,1T,Normal
4844,2014,23,Santos,santos,Robinho,robinho,57,57,0,2T,Normal
4844,2014,23,Figueirense,figueirense,Giovanni Augusto,giovanni_augusto,48,45,3,1T,Penalty
4844,2014,23,Santos,santos,Lucas Rafael Araújo Lima,lucas_rafael_araujo_lima,89,89,0,2T,Normal
4847,2014,24,Internacional,internacional,Andrés D'Alessandro,andres_d_alessandro,52,52,0,2T,Normal
4847,2014,24,Internacional,internacional,Charles Aránguiz,charles_aranguiz,39,39,0,1T,Normal
4847,2014,24,Internacional,internacional,Eduardo Sasha,eduardo_sasha,48,48,0,2T,Normal
4848,2014,24,Coritiba,coritiba,Alejandro Martinuccio,alejandro_martinuccio,62,62,0,2T,Normal
4848,2014,24,Cruzeiro,cruzeiro,Éverton Ribeiro,everton_ribeiro,39,39,0,1T,Normal
4848,2014,24,Cruzeiro,cruzeiro,Marcelo Moreno,marcelo_moreno,8,8,0,1T,Penalty
4850,2014,24,Chapecoense,chapecoense,Bruno César Pereira da Silva,bruno_cesar_pereira_da_silva,10,10,0,1T,Normal
4850,2014,24,Chapecoense,chapecoense,Camilo,camilo,67,67,0,2T,Normal
4850,2014,24,Chapecoense,chapecoense,Leandro,leandro,89,89,0,2T,Normal
4849,2014,24,Bahia,bahia,Railan dos Santos Reis,railan_dos_santos_reis,72,72,0,2T,Normal
4852,2014,24,Figueirense,figueirense,Marcos Assis de Santana,marcos_assis_de_santana,84,84,0,2T,Normal
4851,2014,24,Sao Paulo,sao_paulo,Rogério Ceni,rogerio_ceni,18,18,0,1T,Penalty
4851,2014,24,Flamengo,flamengo,Éverton Cardoso da Silva,everton_cardoso_da_silva,35,35,0,1T,Normal
4851,2014,24,Flamengo,flamengo,Alecsandro,alecsandro,87,87,0,2T,Normal
4851,2014,24,Sao Paulo,sao_paulo,Luís Fabiano,luis_fabiano,90,90,0,2T,Normal
4855,2014,24,Botafogo-RJ,botafogo_rj,Fabian Guedes,fabian_guedes,62,62,0,2T,Normal
4854,2014,24,Palmeiras,palmeiras,Henrique Dourado,henrique_dourado,63,63,0,2T,Normal
4854,2014,24,Palmeiras,palmeiras,Lucimar da Silva Ferreira,lucimar_da_silva_ferreira,26,26,0,1T,Normal
4856,2014,24,Santos,santos,Thiago Ribeiro,thiago_ribeiro,60,60,0,2T,Normal
4856,2014,24,Santos,santos,Geuvânio,geuvanio,84,84,0,2T,Normal
4856,2014,24,Atletico-MG,atletico_mg,Neuciano Gusmão,neuciano_gusmao,24,24,0,1T,Gol Contra
4856,2014,24,Atletico-MG,atletico_mg,Diego Tardelli,diego_tardelli,12,12,0,1T,Normal
4856,2014,24,Atletico-MG,atletico_mg,Diego Tardelli,diego_tardelli,54,54,0,2T,Normal
4857,2014,25,Chapecoense,chapecoense,Leandro,leandro,24,24,0,1T,Normal
4857,2014,25,Criciuma,criciuma,Souza,souza,54,54,0,2T,Normal
4859,2014,25,Sao Paulo,sao_paulo,Alexandre Pato,alexandre_pato,57,57,0,2T,Normal
4859,2014,25,Fluminense,fluminense,Fred,fred,53,53,0,2T,Normal
4859,2014,25,Fluminense,fluminense,Wagner Ferreira dos Santos,wagner_ferreira_dos_santos,73,73,0,2T,Normal
4859,2014,25,Fluminense,fluminense,Darío Conca,dario_conca,90,90,0,2T,Normal
4862,2014,25,Gremio,gremio,Hernán Barcos,hernan_barcos,50,50,0,2T,Normal
4862,2014,25,Gremio,gremio,Hernán Barcos,hernan_barcos,77,77,0,2T,Normal
4860,2014,25,Bahia,bahia,Emanuel Biancucchi,emanuel_biancucchi,18,18,0,1T,Normal
4860,2014,25,Bahia,bahia,Emanuel Biancucchi,emanuel_biancucchi,49,49,0,2T,Penalty
4860,2014,25,Flamengo,flamengo,Eduardo da Silva,eduardo_da_silva,62,62,0,2T,Normal
4861,2014,25,Athletico-PR,athletico_pr,Cléverson Gabriel Córdova,cleverson_gabriel_cordova,42,42,0,1T,Penalty
4863,2014,25,Atletico-MG,atletico_mg,Diego Tardelli,diego_tardelli,86,86,0,2T,Normal
4863,2014,25,Atletico-MG,atletico_mg,Guilherme Milhomem Gusmão,guilherme_milhomem_gusmao,93,90,3,2T,Normal
4866,2014,25,Santos,santos,David Braz,david_braz,14,14,0,1T,Normal
4866,2014,25,Santos,santos,Geuvânio,geuvanio,63,63,0,2T,Normal
4864,2014,25,Figueirense,figueirense,Marcos Assis de Santana,marcos_assis_de_santana,81,81,0,2T,Normal
4864,2014,25,Palmeiras,palmeiras,Jonatan Cristaldo,jonatan_cristaldo,35,35,0,1T,Normal
4864,2014,25,Figueirense,figueirense,Clayton da Silveira da Silva,clayton_da_silveira_da_silva,76,76,0,2T,Normal
4864,2014,25,Figueirense,figueirense,Clayton da Silveira da Silva,clayton_da_silveira_da_silva,78,78,0,2T,Normal
4865,2014,25,Internacional,internacional,Eduardo Sasha,eduardo_sasha,44,44,0,1T,Normal
4865,2014,25,Internacional,internacional,Eduardo Sasha,eduardo_sasha,73,73,0,2T,Normal
4865,2014,25,Internacional,internacional,Andrés D'Alessandro,andres_d_alessandro,11,11,0,1T,Normal
4865,2014,25,Coritiba,coritiba,Leandro Almeida,leandro_almeida,15,15,0,1T,Normal
4865,2014,25,Internacional,internacional,Alex Raphael Meschini,alex_raphael_meschini,32,32,0,1T,Normal
4865,2014,25,Coritiba,coritiba,Zé Love,ze_love,64,64,0,2T,Normal
4867,2014,26,Palmeiras,palmeiras,Henrique Dourado,henrique_dourado,70,70,0,2T,Penalty
4867,2014,26,Chapecoense,chapecoense,Leandro,leandro,41,41,0,1T,Normal
4867,2014,26,Chapecoense,chapecoense,Leandro,leandro,92,90,2,2T,Normal
4867,2014,26,Palmeiras,palmeiras,Wesley Lopes Beltrame,wesley_lopes_beltrame,52,52,0,2T,Normal
4867,2014,26,Palmeiras,palmeiras,Henrique Dourado,henrique_dourado,66,66,0,2T,Penalty
4867,2014,26,Palmeiras,palmeiras,Henrique Dourado,henrique_dourado,58,58,0,2T,Normal
4868,2014,26,Santos,santos,Robinho,robinho,25,25,0,1T,Normal
4871,2014,26,Vitoria,vitoria,Márcio José Oliveira,marcio_jose_oliveira,52,52,0,2T,Penalty
4871,2014,26,Vitoria,vitoria,Márcio José Oliveira,marcio_jose_oliveira,74,74,0,2T,Normal
4871,2014,26,Botafogo-RJ,botafogo_rj,José Rogério de Oliveira Melo,jose_rogerio_de_oliveira_melo,68,68,0,2T,Normal
4869,2014,26,Bahia,bahia,Marcos Aurélio de Oliveira Lima,marcos_aurelio_de_oliveira_lima,83,83,0,2T,Normal
4869,2014,26,Fluminense,fluminense,Fred,fred,22,22,0,1T,Normal
4872,2014,26,Sao Paulo,sao_paulo,Rogério Ceni,rogerio_ceni,55,55,0,2T,Penalty
4870,2014,26,Coritiba,coritiba,Hélder,helder,46,46,0,2T,Normal
4875,2014,26,Criciuma,criciuma,Souza,souza,61,61,0,2T,Normal
4875,2014,26,Atletico-MG,atletico_mg,Carlos Júnior,carlos_junior,13,13,0,1T,Normal
4875,2014,26,Criciuma,criciuma,Rafael Pereira dos Santos,rafael_pereira_dos_santos,6,6,0,1T,Normal
4875,2014,26,Criciuma,criciuma,Souza,souza,19,19,0,1T,Normal
4873,2014,26,Corinthians,corinthians,Anderson Martins,anderson_martins,25,25,0,1T,Normal
4873,2014,26,Corinthians,corinthians,Paolo Guerrero,paolo_guerrero,73,73,0,2T,Normal
4873,2014,26,Corinthians,corinthians,Luciano da Rocha Neves,luciano_da_rocha_neves,93,90,3,2T,Normal
4874,2014,26,Cruzeiro,cruzeiro,Marcos Antônio da Silva Gonçalves,marcos_antonio_da_silva_goncalves,34,34,0,1T,Normal
4874,2014,26,Internacional,internacional,Alex Raphael Meschini,alex_raphael_meschini,56,56,0,2T,Normal
4874,2014,26,Cruzeiro,cruzeiro,Marcelo Moreno,marcelo_moreno,20,20,0,1T,Normal
4876,2014,26,Goias,goias,Ramón Rodrigo de Freitas,ramon_rodrigo_de_freitas,35,35,0,1T,Normal
4879,2014,27,Sao Paulo,sao_paulo,Maicon,maicon,6,6,0,1T,Normal
4877,2014,27,Palmeiras,palmeiras,Henrique Dourado,henrique_dourado,50,50,0,2T,Normal
4878,2014,27,Coritiba,coritiba,Luccas Claro,luccas_claro,47,45,2,1T,Normal
4880,2014,27,Goias,goias,Erik Nascimento de Lima,erik_nascimento_de_lima,73,73,0,2T,Normal
4880,2014,27,Goias,goias,Bruno Mineiro,bruno_mineiro,75,75,0,2T,Normal
4880,2014,27,Vitoria,vitoria,Edno,edno,3,3,0,1T,Normal
4880,2014,27,Vitoria,vitoria,Edno,edno,42,42,0,1T,Normal
4882,2014,27,Gremio,gremio,Eduardo Pereira Rodrigues,eduardo_pereira_rodrigues,76,76,0,2T,Normal
4882,2014,27,Gremio,gremio,Alan Ruiz,alan_ruiz,30,30,0,1T,Normal
4881,2014,27,Corinthians,corinthians,Luciano da Rocha Neves,luciano_da_rocha_neves,73,73,0,2T,Normal
4883,2014,27,Figueirense,figueirense,Marcelino Júnior Lopes Arruda,marcelino_junior_lopes_arruda,57,57,0,2T,Normal
4883,2014,27,Flamengo,flamengo,Eduardo da Silva,eduardo_da_silva,5,5,0,1T,Normal
4883,2014,27,Flamengo,flamengo,Nixon Darlanio Reis Cardoso,nixon_darlanio_reis_cardoso,93,90,3,2T,Normal
4884,2014,27,Santos,santos,Leandro Damião,leandro_damiao,11,11,0,1T,Normal
4886,2014,27,Chapecoense,chapecoense,Leandro,leandro,60,60,0,2T,Normal
4886,2014,27,Chapecoense,chapecoense,Diones,diones,36,36,0,1T,Normal
4886,2014,27,Chapecoense,chapecoense,Diones,diones,76,76,0,2T,Normal
4886,2014,27,Chapecoense,chapecoense,Camilo,camilo,89,89,0,2T,Penalty
4886,2014,27,Chapecoense,chapecoense,Leandro,leandro,40,40,0,1T,Normal
4696,2014,9,Botafogo-RJ,botafogo_rj,Wallyson,wallyson,29,29,0,1T,Penalty
4698,2014,28,Goias,goias,David França Oliveira e Silva,david_franca_oliveira_e_silva,25,25,0,1T,Normal
4698,2014,28,Goias,goias,Erik Nascimento de Lima,erik_nascimento_de_lima,53,53,0,2T,Normal
4698,2014,28,Goias,goias,Jackson de Souza,jackson_de_souza,10,10,0,1T,Normal
4699,2014,28,Gremio,gremio,Hernán Barcos,hernan_barcos,56,56,0,2T,Penalty
4699,2014,28,Palmeiras,palmeiras,Pablo Mouche,pablo_mouche,67,67,0,2T,Normal
4699,2014,28,Palmeiras,palmeiras,João Pedro Maturano dos Santos,joao_pedro_maturano_dos_santos,75,75,0,2T,Normal
4700,2014,28,Flamengo,flamengo,Héctor Canteros,hector_canteros,57,57,0,2T,Normal
4700,2014,28,Flamengo,flamengo,Gabriel Santana,gabriel_santana,62,62,0,2T,Normal
4700,2014,28,Flamengo,flamengo,Dedé,dede,15,15,0,1T,Gol Contra
4701,2014,28,Chapecoense,chapecoense,Tiago Luís Martins,tiago_luis_martins,39,39,0,1T,Normal
4702,2014,28,Internacional,internacional,Valdívia,valdivia,87,87,0,2T,Normal
4702,2014,28,Fluminense,fluminense,Fred,fred,86,86,0,2T,Normal
4702,2014,28,Internacional,internacional,Alex Raphael Meschini,alex_raphael_meschini,53,53,0,2T,Normal
4703,2014,28,Atletico-MG,atletico_mg,Luan Madson Gedeão de Paiva,luan_madson_gedeao_de_paiva,72,72,0,2T,Normal
4704,2014,28,Athletico-PR,athletico_pr,Guilherme Augusto Dellatorre,guilherme_augusto_dellatorre,91,90,1,2T,Normal
4704,2014,28,Athletico-PR,athletico_pr,Renato Baruffi,renato_baruffi,69,69,0,2T,Normal
4704,2014,28,Athletico-PR,athletico_pr,Guilherme Augusto Dellatorre,guilherme_augusto_dellatorre,50,50,0,2T,Normal
4706,2014,28,Criciuma,criciuma,Joílson de Jesus Cardoso,joilson_de_jesus_cardoso,17,17,0,1T,Normal
4706,2014,28,Criciuma,criciuma,Rodrigo Souza,rodrigo_souza,23,23,0,1T,Normal
4706,2014,28,Criciuma,criciuma,Lucca Borges de Brito,lucca_borges_de_brito,61,61,0,2T,Normal
4705,2014,28,Sport,sport,Diego Souza,diego_souza,41,41,0,1T,Normal
4705,2014,28,Vitoria,vitoria,Rithely,rithely,1,1,0,1T,Gol Contra
4705,2014,28,Vitoria,vitoria,Telmário de Araújo Sacramento,telmario_de_araujo_sacramento,28,28,0,1T,Normal
4888,2014,29,Sao Paulo,sao_paulo,Rogério Ceni,rogerio_ceni,40,40,0,1T,Normal
4888,2014,29,Sao Paulo,sao_paulo,Paulo Henrique Ganso,paulo_henrique_ganso,79,79,0,2T,Normal
4888,2014,29,Bahia,bahia,Fahel,fahel,88,88,0,2T,Normal
4889,2014,29,Fluminense,fluminense,Fred,fred,85,85,0,2T,Penalty
4889,2014,29,Fluminense,fluminense,Wagner Ferreira dos Santos,wagner_ferreira_dos_santos,47,45,2,1T,Normal
4889,2014,29,Criciuma,criciuma,Lucca Borges de Brito,lucca_borges_de_brito,69,69,0,2T,Normal
4889,2014,29,Fluminense,fluminense,Wagner Ferreira dos Santos,wagner_ferreira_dos_santos,50,50,0,2T,Normal
4889,2014,29,Fluminense,fluminense,Darío Conca,dario_conca,56,56,0,2T,Normal
4889,2014,29,Criciuma,criciuma,Ronaldo Alves,ronaldo_alves,45,45,0,1T,Normal
4890,2014,29,Atletico-MG,atletico_mg,Douglas Santos,douglas_santos,29,29,0,1T,Normal
4891,2014,29,Athletico-PR,athletico_pr,Cléverson Gabriel Córdova,cleverson_gabriel_cordova,46,45,1,1T,Penalty
4891,2014,29,Athletico-PR,athletico_pr,Cléverson Gabriel Córdova,cleverson_gabriel_cordova,17,17,0,1T,Normal
4891,2014,29,Flamengo,flamengo,Eduardo da Silva,eduardo_da_silva,8,8,0,1T,Normal
4892,2014,29,Figueirense,figueirense,Marcos Assis de Santana,marcos_assis_de_santana,73,73,0,2T,Normal
4892,2014,29,Figueirense,figueirense,Marcos Assis de Santana,marcos_assis_de_santana,90,90,0,2T,Normal
4892,2014,29,Figueirense,figueirense,Marco Antônio Miranda Filho,marco_antonio_miranda_filho,33,33,0,1T,Penalty
4892,2014,29,Figueirense,figueirense,Marcelino Júnior Lopes Arruda,marcelino_junior_lopes_arruda,88,88,0,2T,Normal
4893,2014,29,Corinthians,corinthians,Paolo Guerrero,paolo_guerrero,4,4,0,1T,Normal
4893,2014,29,Corinthians,corinthians,Carlos Gilberto do Nascimento Silva,carlos_gilberto_do_nascimento_silva,54,45,9,1T,Normal
4893,2014,29,Internacional,internacional,Nilmar,nilmar,73,73,0,2T,Normal
4894,2014,29,Santos,santos,Gabriel Barbosa,gabriel_barbosa,44,44,0,1T,Normal
4894,2014,29,Santos,santos,Gabriel Barbosa,gabriel_barbosa,49,49,0,2T,Normal
4894,2014,29,Palmeiras,palmeiras,Henrique Dourado,henrique_dourado,89,89,0,2T,Normal
4894,2014,29,Santos,santos,Geuvânio,geuvanio,41,41,0,1T,Normal
4896,2014,29,Sport,sport,Diego Souza,diego_souza,22,22,0,1T,Normal
4896,2014,29,Botafogo-RJ,botafogo_rj,Wallyson,wallyson,59,59,0,2T,Normal
4895,2014,29,Cruzeiro,cruzeiro,Dedé,dede,84,84,0,2T,Normal
4897,2014,30,Bahia,bahia,Guilherme Oliveira Santos,guilherme_oliveira_santos,85,85,0,2T,Normal
4897,2014,30,Atletico-MG,atletico_mg,Luan Madson Gedeão de Paiva,luan_madson_gedeao_de_paiva,54,54,0,2T,Normal
4901,2014,30,Cruzeiro,cruzeiro,Dagoberto Pelentier,dagoberto_pelentier,93,90,3,2T,Normal
4901,2014,30,Palmeiras,palmeiras,Pablo Mouche,pablo_mouche,89,89,0,2T,Normal
4898,2014,30,Corinthians,corinthians,Luciano da Rocha Neves,luciano_da_rocha_neves,80,80,0,2T,Normal
4898,2014,30,Vitoria,vitoria,Edno,edno,84,84,0,2T,Normal
4898,2014,30,Corinthians,corinthians,Fábio Santos,fabio_santos,19,19,0,1T,Normal
4899,2014,30,Flamengo,flamengo,Gabriel Santana,gabriel_santana,69,69,0,2T,Normal
4899,2014,30,Flamengo,flamengo,Gabriel Santana,gabriel_santana,91,90,1,2T,Normal
4900,2014,30,Athletico-PR,athletico_pr,Cléverson Gabriel Córdova,cleverson_gabriel_cordova,78,78,0,2T,Normal
4902,2014,30,Gremio,gremio,Hernán Barcos,hernan_barcos,38,38,0,1T,Penalty
4903,2014,30,Coritiba,coritiba,Alexsandro de Souza,alexsandro_de_souza,88,88,0,2T,Normal
4903,2014,30,Coritiba,coritiba,Joel Tagueu,joel_tagueu,29,29,0,1T,Normal
4905,2014,30,Fluminense,fluminense,Edson Felipe da Cruz,edson_felipe_da_cruz,91,90,1,2T,Normal
4906,2014,30,Goias,goias,Esquerdinha,esquerdinha,90,90,0,2T,Normal
4907,2014,31,Cruzeiro,cruzeiro,Marcos Antônio da Silva Gonçalves,marcos_antonio_da_silva_goncalves,36,36,0,1T,Normal
4907,2014,31,Figueirense,figueirense,Pablo Felipe Teixeira,pablo_felipe_teixeira,92,90,2,2T,Normal
4909,2014,31,Fluminense,fluminense,Fred,fred,92,90,2,2T,Normal
4909,2014,31,Athletico-PR,athletico_pr,Cleberson Martins de Souza,cleberson_martins_de_souza,91,90,1,2T,Normal
4909,2014,31,Fluminense,fluminense,Wagner Ferreira dos Santos,wagner_ferreira_dos_santos,48,48,0,2T,Normal
4908,2014,31,Palmeiras,palmeiras,Henrique Dourado,henrique_dourado,26,26,0,1T,Normal
4908,2014,31,Corinthians,corinthians,Danilo Gabriel de Andrade,danilo_gabriel_de_andrade,91,90,1,2T,Normal
4910,2014,31,Vitoria,vitoria,Edno,edno,86,86,0,2T,Penalty
4910,2014,31,Criciuma,criciuma,Rodrigo Souza,rodrigo_souza,67,67,0,2T,Normal
4910,2014,31,Vitoria,vitoria,Telmário de Araújo Sacramento,telmario_de_araujo_sacramento,63,63,0,2T,Normal
4910,2014,31,Vitoria,vitoria,Edno,edno,79,79,0,2T,Normal
4911,2014,31,Sport,sport,Rodrigo Mancha,rodrigo_mancha,18,18,0,1T,Normal
4911,2014,31,Atletico-MG,atletico_mg,Tiago Pagnussat,tiago_pagnussat,35,35,0,1T,Normal
4911,2014,31,Sport,sport,Danilo Barcelos,danilo_barcelos,79,79,0,2T,Normal
4911,2014,31,Atletico-MG,atletico_mg,Jesús Dátolo,jesus_datolo,48,48,0,2T,Normal
4911,2014,31,Atletico-MG,atletico_mg,Carlos Júnior,carlos_junior,69,69,0,2T,Normal
4912,2014,31,Chapecoense,chapecoense,Leandro,leandro,91,90,1,2T,Normal
4912,2014,31,Santos,santos,Bruno Uvini,bruno_uvini,13,13,0,1T,Normal
4913,2014,31,Coritiba,coritiba,Leandro Almeida,leandro_almeida,31,31,0,1T,Normal
4913,2014,31,Gremio,gremio,Cristian Riveros,cristian_riveros,85,85,0,2T,Normal
4914,2014,31,Internacional,internacional,Alan Patrick,alan_patrick,10,10,0,1T,Normal
4914,2014,31,Internacional,internacional,Nilmar,nilmar,39,39,0,1T,Normal
4915,2014,31,Botafogo-RJ,botafogo_rj,José Rogério de Oliveira Melo,jose_rogerio_de_oliveira_melo,34,34,0,1T,Normal
4915,2014,31,Botafogo-RJ,botafogo_rj,Wallyson,wallyson,67,67,0,2T,Normal
4915,2014,31,Flamengo,flamengo,Eduardo da Silva,eduardo_da_silva,75,75,0,2T,Normal
4916,2014,31,Sao Paulo,sao_paulo,Luís Fabiano,luis_fabiano,6,6,0,1T,Normal
4916,2014,31,Sao Paulo,sao_paulo,Alan Kardec,alan_kardec,59,59,0,2T,Normal
4916,2014,31,Sao Paulo,sao_paulo,Édson José da Silva,edson_jose_da_silva,3,3,0,1T,Normal
4918,2014,32,Gremio,gremio,Richarlyson,richarlyson,45,45,0,1T,Gol Contra
4917,2014,32,Fluminense,fluminense,Fred,fred,26,26,0,1T,Normal
4917,2014,32,Fluminense,fluminense,Darío Conca,dario_conca,89,89,0,2T,Normal
4919,2014,32,Corinthians,corinthians,Elias Mendes Trindade,elias_mendes_trindade,46,46,0,2T,Normal
4919,2014,32,Corinthians,corinthians,Bruno Henrique Corsini,bruno_henrique_corsini,95,90,5,2T,Normal
4919,2014,32,Coritiba,coritiba,Róbson Michael Signorini,robson_michael_signorini,25,25,0,1T,Normal
4919,2014,32,Coritiba,coritiba,Alexsandro de Souza,alexsandro_de_souza,32,32,0,1T,Normal
4920,2014,32,Santos,santos,Gabriel Barbosa,gabriel_barbosa,63,63,0,2T,Normal
4920,2014,32,Internacional,internacional,Charles Aránguiz,charles_aranguiz,25,25,0,1T,Normal
4920,2014,32,Internacional,internacional,Charles Aránguiz,charles_aranguiz,81,81,0,2T,Normal
4921,2014,32,Sport,sport,Diego Souza,diego_souza,64,64,0,2T,Penalty
4922,2014,32,Botafogo-RJ,botafogo_rj,Leonardo Renan Simões de Lacerda,leonardo_renan_simoes_de_lacerda,91,90,1,2T,Gol Contra
4922,2014,32,Cruzeiro,cruzeiro,Egídio de Araújo Pereira Júnior,egidio_de_araujo_pereira_junior,16,16,0,1T,Normal
4922,2014,32,Cruzeiro,cruzeiro,Marcos Antônio da Silva Gonçalves,marcos_antonio_da_silva_goncalves,5,5,0,1T,Normal
4923,2014,32,Criciuma,criciuma,Souza,souza,71,71,0,2T,Normal
4923,2014,32,Sao Paulo,sao_paulo,Édson José da Silva,edson_jose_da_silva,37,37,0,1T,Normal
4923,2014,32,Sao Paulo,sao_paulo,Alan Kardec,alan_kardec,83,83,0,2T,Normal
4925,2014,32,Flamengo,flamengo,Anderson Pico,anderson_pico,56,56,0,2T,Normal
4925,2014,32,Flamengo,flamengo,Nixon Darlanio Reis Cardoso,nixon_darlanio_reis_cardoso,61,61,0,2T,Normal
4925,2014,32,Flamengo,flamengo,Nixon Darlanio Reis Cardoso,nixon_darlanio_reis_cardoso,70,70,0,2T,Normal
4924,2014,32,Athletico-PR,athletico_pr,Paulinho Dias,paulinho_dias,1,1,0,1T,Normal
4926,2014,32,Palmeiras,palmeiras,Anderson da Silva,anderson_da_silva,36,36,0,1T,Normal
4927,2014,33,Coritiba,coritiba,Joel Tagueu,joel_tagueu,46,45,1,1T,Normal
4928,2014,33,Atletico-MG,atletico_mg,Tiago Pagnussat,tiago_pagnussat,39,39,0,1T,Normal
4928,2014,33,Atletico-MG,atletico_mg,Dodô,dodo,65,65,0,2T,Normal
4929,2014,33,Athletico-PR,athletico_pr,Cléverson Gabriel Córdova,cleverson_gabriel_cordova,28,28,0,1T,Normal
4929,2014,33,Athletico-PR,athletico_pr,Cléverson Gabriel Córdova,cleverson_gabriel_cordova,94,90,4,2T,Normal
4933,2014,33,Sport,sport,Mike dos Santos Nenatarvicius,mike_dos_santos_nenatarvicius,92,90,2,2T,Normal
4933,2014,33,Flamengo,flamengo,Márcio Rodrigues Araújo,marcio_rodrigues_araujo,9,9,0,1T,Normal
4933,2014,33,Flamengo,flamengo,Nixon Darlanio Reis Cardoso,nixon_darlanio_reis_cardoso,24,24,0,1T,Normal
4933,2014,33,Sport,sport,Danilo Barcelos,danilo_barcelos,89,89,0,2T,Normal
4930,2014,33,Sao Paulo,sao_paulo,Kaká,kaka,78,78,0,2T,Normal
4930,2014,33,Vitoria,vitoria,Kadu,kadu,56,56,0,2T,Normal
4930,2014,33,Sao Paulo,sao_paulo,Luís Fabiano,luis_fabiano,14,14,0,1T,Normal
4932,2014,33,Figueirense,figueirense,Marcos Assis de Santana,marcos_assis_de_santana,63,63,0,2T,Normal
4931,2014,33,Gremio,gremio,Alan Ruiz,alan_ruiz,82,82,0,2T,Normal
4931,2014,33,Gremio,gremio,Luan Guilherme de Jesus Vieira,luan_guilherme_de_jesus_vieira,28,28,0,1T,Normal
4931,2014,33,Internacional,internacional,Rafael Moura,rafael_moura,61,61,0,2T,Normal
4931,2014,33,Gremio,gremio,Ramiro Moschen Benetti,ramiro_moschen_benetti,49,49,0,2T,Normal
4931,2014,33,Gremio,gremio,Alan Ruiz,alan_ruiz,76,76,0,2T,Normal
4935,2014,33,Cruzeiro,cruzeiro,Marcelo Moreno,marcelo_moreno,59,59,0,2T,Normal
4935,2014,33,Cruzeiro,cruzeiro,Ricardo Goulart,ricardo_goulart,64,64,0,2T,Normal
4935,2014,33,Cruzeiro,cruzeiro,Willian Gomes de Siqueira,willian_gomes_de_siqueira,90,90,0,2T,Normal
4935,2014,33,Criciuma,criciuma,Lucca Borges de Brito,lucca_borges_de_brito,3,3,0,1T,Normal
4936,2014,33,Goias,goias,Erik Nascimento de Lima,erik_nascimento_de_lima,63,63,0,2T,Normal
4936,2014,33,Goias,goias,Erik Nascimento de Lima,erik_nascimento_de_lima,70,70,0,2T,Normal
4936,2014,33,Goias,goias,Thiago Henrique Mendes Ribeiro,thiago_henrique_mendes_ribeiro,76,76,0,2T,Normal
4934,2014,33,Corinthians,corinthians,Paolo Guerrero,paolo_guerrero,7,7,0,1T,Normal
4937,2014,35,Internacional,internacional,Paulo Marcos de Jesus Ribeiro,paulo_marcos_de_jesus_ribeiro,18,18,0,1T,Normal
4937,2014,35,Sao Paulo,sao_paulo,Luís Fabiano,luis_fabiano,49,49,0,2T,Normal
4947,2014,34,Gremio,gremio,Hernán Barcos,hernan_barcos,38,38,0,1T,Normal
4947,2014,34,Gremio,gremio,Ramiro Moschen Benetti,ramiro_moschen_benetti,66,66,0,2T,Normal
4947,2014,34,Gremio,gremio,Eduardo Pereira Rodrigues,eduardo_pereira_rodrigues,13,13,0,1T,Normal
4948,2014,34,Fluminense,fluminense,Edson Felipe da Cruz,edson_felipe_da_cruz,74,74,0,2T,Normal
4950,2014,34,Sport,sport,Diego Souza,diego_souza,54,54,0,2T,Normal
4951,2014,34,Flamengo,flamengo,Éverton Cardoso da Silva,everton_cardoso_da_silva,58,58,0,2T,Normal
4951,2014,34,Flamengo,flamengo,Nixon Darlanio Reis Cardoso,nixon_darlanio_reis_cardoso,81,81,0,2T,Normal
4951,2014,34,Coritiba,coritiba,Joel Tagueu,joel_tagueu,67,67,0,2T,Normal
4951,2014,34,Flamengo,flamengo,Lucas Mugni,lucas_mugni,18,18,0,1T,Normal
4951,2014,34,Coritiba,coritiba,Joel Tagueu,joel_tagueu,84,84,0,2T,Normal
4953,2014,34,Internacional,internacional,Paulo Marcos de Jesus Ribeiro,paulo_marcos_de_jesus_ribeiro,79,79,0,2T,Normal
4952,2014,34,Cruzeiro,cruzeiro,Ricardo Goulart,ricardo_goulart,53,53,0,2T,Normal
4949,2014,34,Corinthians,corinthians,Malcom Filipe Silva de Oliveira,malcom_filipe_silva_de_oliveira,25,25,0,1T,Normal
4949,2014,34,Corinthians,corinthians,Renato Augusto,renato_augusto,84,84,0,2T,Normal
4949,2014,34,Bahia,bahia,Kieza,kieza,70,70,0,2T,Normal
4956,2014,34,Atletico-MG,atletico_mg,Dodô,dodo,52,52,0,2T,Normal
4956,2014,34,Figueirense,figueirense,Jefferson Nogueira,jefferson_nogueira,46,45,1,1T,Normal
4954,2014,34,Vitoria,vitoria,Telmário de Araújo Sacramento,telmario_de_araujo_sacramento,81,81,0,2T,Normal
4955,2014,34,Sao Paulo,sao_paulo,Rafael Tolói,rafael_toloi,79,79,0,2T,Normal
4955,2014,34,Sao Paulo,sao_paulo,Luís Fabiano,luis_fabiano,22,22,0,1T,Normal
4939,2014,35,Athletico-PR,athletico_pr,Cleberson Martins de Souza,cleberson_martins_de_souza,50,50,0,2T,Normal
4939,2014,35,Santos,santos,Robinho,robinho,28,28,0,1T,Normal
4938,2014,35,Figueirense,figueirense,França,franca,51,51,0,2T,Normal
4940,2014,35,Corinthians,corinthians,Felipe Macedo,felipe_macedo,45,45,0,1T,Gol Contra
4941,2014,35,Vitoria,vitoria,Telmário de Araújo Sacramento,telmario_de_araujo_sacramento,19,19,0,1T,Normal
4941,2014,35,Coritiba,coritiba,Luccas Claro,luccas_claro,37,37,0,1T,Normal
4942,2014,35,Bahia,bahia,Guilherme Oliveira Santos,guilherme_oliveira_santos,52,52,0,2T,Normal
4943,2014,35,Atletico-MG,atletico_mg,Luan Madson Gedeão de Paiva,luan_madson_gedeao_de_paiva,63,63,0,2T,Normal
4943,2014,35,Atletico-MG,atletico_mg,Dodô,dodo,73,73,0,2T,Normal
4943,2014,35,Atletico-MG,atletico_mg,Diego Tardelli,diego_tardelli,45,45,0,1T,Penalty
4943,2014,35,Atletico-MG,atletico_mg,Luan Madson Gedeão de Paiva,luan_madson_gedeao_de_paiva,25,25,0,1T,Normal
4944,2014,35,Sport,sport,Ananias Elói Castro Monteiro,ananias_eloi_castro_monteiro,78,78,0,2T,Normal
4944,2014,35,Sport,sport,Patric Cabral Lalau,patric_cabral_lalau,90,90,0,2T,Normal
4945,2014,35,Chapecoense,chapecoense,Bruno César Pereira da Silva,bruno_cesar_pereira_da_silva,47,47,0,2T,Normal
4945,2014,35,Chapecoense,chapecoense,Bruno César Pereira da Silva,bruno_cesar_pereira_da_silva,84,84,0,2T,Normal
4945,2014,35,Fluminense,fluminense,Rafael Lima,rafael_lima,86,86,0,2T,Gol Contra
4945,2014,35,Chapecoense,chapecoense,Camilo,camilo,66,66,0,2T,Normal
4945,2014,35,Chapecoense,chapecoense,Leandro,leandro,71,71,0,2T,Normal
4946,2014,35,Gremio,gremio,Cristian Riveros,cristian_riveros,13,13,0,1T,Normal
4946,2014,35,Cruzeiro,cruzeiro,Ricardo Goulart,ricardo_goulart,66,66,0,2T,Normal
4946,2014,35,Cruzeiro,cruzeiro,Éverton Ribeiro,everton_ribeiro,76,76,0,2T,Normal
4957,2014,36,Internacional,internacional,Fabrício dos Santos Silva,fabricio_dos_santos_silva,94,90,4,2T,Normal
4957,2014,36,Atletico-MG,atletico_mg,Dodô,dodo,24,24,0,1T,Penalty
4957,2014,36,Internacional,internacional,Rafael Moura,rafael_moura,21,21,0,1T,Normal
4958,2014,36,Bahia,bahia,Henrique Almeida,henrique_almeida,73,73,0,2T,Normal
4958,2014,36,Athletico-PR,athletico_pr,Renato Baruffi,renato_baruffi,71,71,0,2T,Normal
4958,2014,36,Athletico-PR,athletico_pr,Fahel,fahel,62,62,0,2T,Gol Contra
4960,2014,36,Flamengo,flamengo,Elton Rodrigues Brandão,elton_rodrigues_brandao,38,38,0,1T,Normal
4960,2014,36,Criciuma,criciuma,Cléber Santana,cleber_santana,65,65,0,2T,Normal
4959,2014,36,Sao Paulo,sao_paulo,Gabriel Boschilia,gabriel_boschilia,55,55,0,2T,Normal
4961,2014,36,Fluminense,fluminense,Ewerton Páscoa,ewerton_pascoa,32,32,0,1T,Gol Contra
4961,2014,36,Fluminense,fluminense,Fred,fred,92,90,2,2T,Normal
4961,2014,36,Sport,sport,Mike dos Santos Nenatarvicius,mike_dos_santos_nenatarvicius,11,11,0,1T,Normal
4961,2014,36,Sport,sport,Joelinton Cassio Apolinário de Lira,joelinton_cassio_apolinario_de_lira,39,39,0,1T,Normal
4962,2014,36,Cruzeiro,cruzeiro,Ricardo Goulart,ricardo_goulart,13,13,0,1T,Normal
4962,2014,36,Cruzeiro,cruzeiro,Éverton Ribeiro,everton_ribeiro,63,63,0,2T,Normal
4962,2014,36,Goias,goias,Samuel,samuel,23,23,0,1T,Normal
4963,2014,36,Figueirense,figueirense,Pablo Felipe Teixeira,pablo_felipe_teixeira,17,17,0,1T,Normal
4963,2014,36,Figueirense,figueirense,Pablo Felipe Teixeira,pablo_felipe_teixeira,59,59,0,2T,Normal
4965,2014,36,Chapecoense,chapecoense,Leandro,leandro,63,63,0,2T,Normal
4965,2014,36,Chapecoense,chapecoense,Leandro,leandro,51,51,0,2T,Normal
4964,2014,36,Corinthians,corinthians,Paolo Guerrero,paolo_guerrero,83,83,0,2T,Normal
4966,2014,36,Coritiba,coritiba,Zé Love,ze_love,55,55,0,2T,Normal
4966,2014,36,Coritiba,coritiba,Joel Tagueu,joel_tagueu,71,71,0,2T,Normal
4967,2014,37,Criciuma,criciuma,Lucca Borges de Brito,lucca_borges_de_brito,68,68,0,2T,Normal
4967,2014,37,Sport,sport,Patric Cabral Lalau,patric_cabral_lalau,9,9,0,1T,Normal
4967,2014,37,Sport,sport,Ewerton Páscoa,ewerton_pascoa,58,58,0,2T,Normal
4967,2014,37,Criciuma,criciuma,Lucca Borges de Brito,lucca_borges_de_brito,48,48,0,2T,Normal
4968,2014,37,Internacional,internacional,Fabrício dos Santos Silva,fabricio_dos_santos_silva,65,65,0,2T,Normal
4968,2014,37,Internacional,internacional,Valdívia,valdivia,79,79,0,2T,Normal
4968,2014,37,Palmeiras,palmeiras,Renato Júnior,renato_junior,38,38,0,1T,Normal
4968,2014,37,Internacional,internacional,Taiberson Ruan Menezes Nunes,taiberson_ruan_menezes_nunes,24,24,0,1T,Normal
4969,2014,37,Flamengo,flamengo,Éverton Cardoso da Silva,everton_cardoso_da_silva,80,80,0,2T,Normal
4969,2014,37,Flamengo,flamengo,Kadu,kadu,28,28,0,1T,Gol Contra
4969,2014,37,Flamengo,flamengo,Nixon Darlanio Reis Cardoso,nixon_darlanio_reis_cardoso,86,86,0,2T,Normal
4969,2014,37,Flamengo,flamengo,Elton Rodrigues Brandão,elton_rodrigues_brandao,69,69,0,2T,Normal
4972,2014,37,Fluminense,fluminense,Fred,fred,65,65,0,2T,Penalty
4972,2014,37,Corinthians,corinthians,Paolo Guerrero,paolo_guerrero,5,5,0,1T,Normal
4972,2014,37,Fluminense,fluminense,Fred,fred,71,71,0,2T,Penalty
4972,2014,37,Corinthians,corinthians,Danilo Gabriel de Andrade,danilo_gabriel_de_andrade,84,84,0,2T,Normal
4972,2014,37,Fluminense,fluminense,Ralf de Souza Teles,ralf_de_souza_teles,40,40,0,1T,Gol Contra
4972,2014,37,Fluminense,fluminense,Edson Felipe da Cruz,edson_felipe_da_cruz,58,58,0,2T,Normal
4972,2014,37,Fluminense,fluminense,Darío Conca,dario_conca,92,90,2,2T,Normal
4973,2014,37,Chapecoense,chapecoense,Bruno Rangel,bruno_rangel,41,41,0,1T,Normal
4973,2014,37,Cruzeiro,cruzeiro,Hugo Ragelli,hugo_ragelli,72,72,0,2T,Normal
4971,2014,37,Santos,santos,Leandro Damião,leandro_damiao,48,48,0,2T,Normal
4971,2014,37,Santos,santos,Leandro Damião,leandro_damiao,90,90,0,2T,Normal
4970,2014,37,Sao Paulo,sao_paulo,Édson José da Silva,edson_jose_da_silva,70,70,0,2T,Normal
4970,2014,37,Figueirense,figueirense,Marcelino Júnior Lopes Arruda,marcelino_junior_lopes_arruda,84,84,0,2T,Normal
4975,2014,37,Athletico-PR,athletico_pr,Marcelo Cirino da Silva,marcelo_cirino_da_silva,62,62,0,2T,Normal
4974,2014,37,Atletico-MG,atletico_mg,Pedro Botelho,pedro_botelho,90,90,0,2T,Normal
4974,2014,37,Coritiba,coritiba,Carlos Emiliano Pereira,carlos_emiliano_pereira,6,6,0,1T,Normal
4974,2014,37,Coritiba,coritiba,Leandro Almeida,leandro_almeida,85,85,0,2T,Normal
4976,2014,37,Bahia,bahia,Rafael Galhardo,rafael_galhardo,32,32,0,1T,Normal
4977,2014,38,Corinthians,corinthians,Elias Mendes Trindade,elias_mendes_trindade,26,26,0,1T,Normal
4977,2014,38,Corinthians,corinthians,Fábio Santos,fabio_santos,72,72,0,2T,Normal
4977,2014,38,Criciuma,criciuma,Róger Guedes,roger_guedes,61,61,0,2T,Normal
4978,2014,38,Figueirense,figueirense,Pablo Felipe Teixeira,pablo_felipe_teixeira,50,50,0,2T,Normal
4978,2014,38,Internacional,internacional,Rafael Moura,rafael_moura,87,87,0,2T,Normal
4978,2014,38,Internacional,internacional,Wellington do Nascimento Silva,wellington_do_nascimento_silva,95,90,5,2T,Normal
4984,2014,38,Flamengo,flamengo,Luiz Antônio de Souza Soares,luiz_antonio_de_souza_soares,32,32,0,1T,Normal
4984,2014,38,Gremio,gremio,Luan Guilherme de Jesus Vieira,luan_guilherme_de_jesus_vieira,58,58,0,2T,Normal
4986,2014,38,Goias,goias,Erik Nascimento de Lima,erik_nascimento_de_lima,15,15,0,1T,Normal
4986,2014,38,Chapecoense,chapecoense,Abuda,abuda,28,28,0,1T,Normal
4986,2014,38,Goias,goias,Erik Nascimento de Lima,erik_nascimento_de_lima,91,90,1,2T,Normal
4986,2014,38,Goias,goias,Welinton Júnior,welinton_junior,41,41,0,1T,Normal
4986,2014,38,Chapecoense,chapecoense,Bruno Rangel,bruno_rangel,64,64,0,2T,Penalty
4986,2014,38,Goias,goias,David França Oliveira e Silva,david_franca_oliveira_e_silva,60,60,0,2T,Normal
4980,2014,38,Santos,santos,Thiago Ribeiro,thiago_ribeiro,94,90,4,2T,Normal
4981,2014,38,Sport,sport,Joelinton Cassio Apolinário de Lira,joelinton_cassio_apolinario_de_lira,4,4,0,1T,Normal
4979,2014,38,Coritiba,coritiba,Luiz Eduardo Figueiredo,luiz_eduardo_figueiredo,85,85,0,2T,Normal
4979,2014,38,Coritiba,coritiba,Keirrison,keirrison,95,90,5,2T,Normal
4979,2014,38,Bahia,bahia,Henrique Almeida,henrique_almeida,14,14,0,1T,Normal
4979,2014,38,Coritiba,coritiba,Zé Love,ze_love,35,35,0,1T,Normal
4979,2014,38,Bahia,bahia,Rômulo José Pacheco da Silva,romulo_jose_pacheco_da_silva,26,26,0,1T,Normal
4983,2014,38,Palmeiras,palmeiras,Henrique Dourado,henrique_dourado,19,19,0,1T,Penalty
4983,2014,38,Athletico-PR,athletico_pr,Ricardo Silva,ricardo_silva,10,10,0,1T,Normal
4985,2014,38,Cruzeiro,cruzeiro,Nílton Ferreira Júnior,nilton_ferreira_junior,45,45,0,1T,Normal
4985,2014,38,Cruzeiro,cruzeiro,Marcelo Moreno,marcelo_moreno,59,59,0,2T,Normal
4985,2014,38,Fluminense,fluminense,Fred,fred,34,34,0,1T,Normal
4987,2015,1,Chapecoense,chapecoense,Elicarlos,elicarlos,30,30,0,1T,Normal
4987,2015,1,Chapecoense,chapecoense,Roger Rodrigues da Silva,roger_rodrigues_da_silva,66,66,0,2T,Normal
4987,2015,1,Coritiba,coritiba,Rafhael Lucas,rafhael_lucas,3,3,0,1T,Normal
4988,2015,1,Palmeiras,palmeiras,Vitor Hugo Franchescoli de Souza,vitor_hugo_franchescoli_de_souza,82,82,0,2T,Normal
4988,2015,1,Palmeiras,palmeiras,Rafael Marques Mariano,rafael_marques_mariano,95,90,5,2T,Normal
4988,2015,1,Atletico-MG,atletico_mg,Patric Cabral Lalau,patric_cabral_lalau,51,51,0,2T,Normal
4988,2015,1,Atletico-MG,atletico_mg,Jô,jo,86,86,0,2T,Normal
4989,2015,1,Fluminense,fluminense,Vinícius,vinicius,88,88,0,2T,Normal
4990,2015,1,Ponte Preta,ponte_preta,Renato Cajá,renato_caja,62,62,0,2T,Normal
4990,2015,1,Gremio,gremio,Yuri Mamute,yuri_mamute,25,25,0,1T,Normal
4990,2015,1,Ponte Preta,ponte_preta,Rildo de Andrade Felicissimo,rildo_de_andrade_felicissimo,64,64,0,2T,Normal
4990,2015,1,Gremio,gremio,Yuri Mamute,yuri_mamute,54,54,0,2T,Normal
4990,2015,1,Ponte Preta,ponte_preta,Diego Oliveira,diego_oliveira,94,90,4,2T,Normal
4990,2015,1,Gremio,gremio,Matías Rodríguez,matias_rodriguez,78,78,0,2T,Normal
4993,2015,1,Corinthians,corinthians,Ángel Romero,angel_romero,82,82,0,2T,Normal
4994,2015,1,Figueirense,figueirense,Renê Rodrigues Martins,rene_rodrigues_martins,68,68,0,2T,Gol Contra
4994,2015,1,Sport,sport,Régis,regis,88,88,0,2T,Normal
4994,2015,1,Sport,sport,Diego Souza,diego_souza,64,64,0,2T,Penalty
4994,2015,1,Sport,sport,Diego Souza,diego_souza,78,78,0,2T,Penalty
4994,2015,1,Sport,sport,Matheus Ferraz Pereira,matheus_ferraz_pereira,20,20,0,1T,Normal
4991,2015,1,Athletico-PR,athletico_pr,Felipe de Oliveira Silva,felipe_de_oliveira_silva,66,66,0,2T,Penalty
4991,2015,1,Athletico-PR,athletico_pr,Paulo Marcos de Jesus Ribeiro,paulo_marcos_de_jesus_ribeiro,69,69,0,2T,Gol Contra
4991,2015,1,Athletico-PR,athletico_pr,Walter Henrique da Silva,walter_henrique_da_silva,14,14,0,1T,Normal
4992,2015,1,Sao Paulo,sao_paulo,Luís Fabiano,luis_fabiano,74,74,0,2T,Normal
4992,2015,1,Flamengo,flamengo,Éverton Cardoso da Silva,everton_cardoso_da_silva,86,86,0,2T,Penalty
4992,2015,1,Sao Paulo,sao_paulo,Alexandre Pato,alexandre_pato,80,80,0,2T,Normal
4995,2015,1,Santos,santos,Robinho,robinho,27,27,0,1T,Normal
4995,2015,1,Avai,avai,Marquinhos Santos,marquinhos_santos,64,64,0,2T,Normal
4997,2015,2,Goias,goias,Bruno Henrique,bruno_henrique,55,55,0,2T,Normal
4997,2015,2,Goias,goias,Bruno Henrique,bruno_henrique,81,81,0,2T,Normal
4998,2015,2,Coritiba,coritiba,Thiago Galhardo,thiago_galhardo,27,27,0,1T,Normal
4998,2015,2,Coritiba,coritiba,Frickson Erazo,frickson_erazo,34,34,0,1T,Gol Contra
4999,2015,2,Corinthians,corinthians,Fábio Santos,fabio_santos,28,28,0,1T,Normal
5001,2015,2,Atletico-MG,atletico_mg,Jesús Dátolo,jesus_datolo,53,53,0,2T,Normal
5001,2015,2,Fluminense,fluminense,Fred,fred,89,89,0,2T,Penalty
5001,2015,2,Atletico-MG,atletico_mg,Luan Madson Gedeão de Paiva,luan_madson_gedeao_de_paiva,81,81,0,2T,Normal
5001,2015,2,Atletico-MG,atletico_mg,Jemerson de Jesus Nascimento,jemerson_de_jesus_nascimento,7,7,0,1T,Normal
5001,2015,2,Atletico-MG,atletico_mg,Jemerson de Jesus Nascimento,jemerson_de_jesus_nascimento,37,37,0,1T,Normal
5002,2015,2,Sport,sport,José Élber Pimentel da Silva,jose_elber_pimentel_da_silva,69,69,0,2T,Normal
5002,2015,2,Sport,sport,Diego Souza,diego_souza,47,45,2,1T,Penalty
5002,2015,2,Flamengo,flamengo,Héctor Canteros,hector_canteros,74,74,0,2T,Normal
5002,2015,2,Flamengo,flamengo,Éverton Cardoso da Silva,everton_cardoso_da_silva,96,90,6,2T,Normal
5003,2015,2,Santos,santos,Geuvânio,geuvanio,45,45,0,1T,Normal
5006,2015,2,Internacional,internacional,Victor Vinícius Coelho Santos,victor_vinicius_coelho_santos,63,63,0,2T,Normal
5005,2015,2,Ponte Preta,ponte_preta,Renato Cajá,renato_caja,14,14,0,1T,Normal
5008,2015,3,Internacional,internacional,Nilmar,nilmar,46,45,1,1T,Normal
5008,2015,3,Vasco,vasco,Lucas Santos Siqueira,lucas_santos_siqueira,81,81,0,2T,Normal
5007,2015,3,Sao Paulo,sao_paulo,Matheus Dória Macedo,matheus_doria_macedo,11,11,0,1T,Normal
5007,2015,3,Sao Paulo,sao_paulo,Michel Bastos,michel_bastos,58,58,0,2T,Normal
5007,2015,3,Sao Paulo,sao_paulo,Alexandre Pato,alexandre_pato,86,86,0,2T,Normal
5009,2015,3,Gremio,gremio,Braian Rodríguez,braian_rodriguez,78,78,0,2T,Normal
5010,2015,3,Goias,goias,Victor Ramos,victor_ramos,76,76,0,2T,Gol Contra
5011,2015,3,Chapecoense,chapecoense,Apodi,apodi,21,21,0,1T,Normal
5012,2015,3,Athletico-PR,athletico_pr,Douglas Coutinho,douglas_coutinho,40,40,0,1T,Normal
5014,2015,3,Avai,avai,Hugo da Silva Cabral,hugo_da_silva_cabral,47,47,0,2T,Normal
5014,2015,3,Avai,avai,Hugo da Silva Cabral,hugo_da_silva_cabral,62,62,0,2T,Normal
5014,2015,3,Flamengo,flamengo,Gabriel Santana,gabriel_santana,51,51,0,2T,Normal
5015,2015,3,Ponte Preta,ponte_preta,Biro-Biro,biro_biro,85,85,0,2T,Normal
5015,2015,3,Cruzeiro,cruzeiro,Charles Fernando Basílio da Silva,charles_fernando_basilio_da_silva,82,82,0,2T,Normal
5016,2015,3,Sport,sport,Neto,neto,29,29,0,1T,Normal
5017,2015,4,Ponte Preta,ponte_preta,Renato Cajá,renato_caja,93,90,3,2T,Normal
5017,2015,4,Chapecoense,chapecoense,José Gildeixon Clemente de Paiva,jose_gildeixon_clemente_de_paiva,89,89,0,2T,Normal
5017,2015,4,Ponte Preta,ponte_preta,Tiago dos Santos Alves,tiago_dos_santos_alves,6,6,0,1T,Normal
5017,2015,4,Ponte Preta,ponte_preta,Biro-Biro,biro_biro,48,48,0,2T,Normal
5018,2015,4,Avai,avai,Roberto César Zardin Rodrigues,roberto_cesar_zardin_rodrigues,79,79,0,2T,Normal
5018,2015,4,Coritiba,coritiba,Paulinho Moccelin,paulinho_moccelin,50,50,0,2T,Normal
5018,2015,4,Avai,avai,Anderson Lopes,anderson_lopes,1,1,0,1T,Normal
5019,2015,4,Joinville,joinville,Rafael Costa,rafael_costa,65,65,0,2T,Normal
5019,2015,4,Athletico-PR,athletico_pr,Nikão,nikao,30,30,0,1T,Normal
5019,2015,4,Athletico-PR,athletico_pr,Douglas Coutinho,douglas_coutinho,33,33,0,1T,Normal
5020,2015,4,Santos,santos,Robinho,robinho,43,43,0,1T,Normal
5020,2015,4,Santos,santos,Werley Ananias da Silva,werley_ananias_da_silva,70,70,0,2T,Normal
5020,2015,4,Sport,sport,Joelinton Cassio Apolinário de Lira,joelinton_cassio_apolinario_de_lira,51,51,0,2T,Normal
5020,2015,4,Sport,sport,Samuel Xavier,samuel_xavier,93,90,3,2T,Normal
5022,2015,4,Atletico-MG,atletico_mg,Jesús Dátolo,jesus_datolo,20,20,0,1T,Normal
5022,2015,4,Atletico-MG,atletico_mg,Thiago Ribeiro,thiago_ribeiro,12,12,0,1T,Normal
5022,2015,4,Atletico-MG,atletico_mg,Thiago Ribeiro,thiago_ribeiro,44,44,0,1T,Normal
5021,2015,4,Goias,goias,Rodrigo Vasconcelos Oliveira,rodrigo_vasconcelos_oliveira,52,52,0,2T,Normal
5021,2015,4,Gremio,gremio,Giuliano Victor de Paula,giuliano_victor_de_paula,36,36,0,1T,Normal
5023,2015,4,Palmeiras,palmeiras,Rafael Marques Mariano,rafael_marques_mariano,25,25,0,1T,Normal
5023,2015,4,Palmeiras,palmeiras,Zé Roberto,ze_roberto,47,45,2,1T,Normal
5025,2015,4,Flamengo,flamengo,Eduardo da Silva,eduardo_da_silva,86,86,0,2T,Normal
5025,2015,4,Fluminense,fluminense,Fred,fred,46,46,0,2T,Normal
5025,2015,4,Fluminense,fluminense,Fred,fred,8,8,0,1T,Penalty
5025,2015,4,Fluminense,fluminense,Marcos Rogério Ricci Lopes,marcos_rogerio_ricci_lopes,33,33,0,1T,Gol Contra
5025,2015,4,Flamengo,flamengo,Alecsandro,alecsandro,37,37,0,1T,Normal
5026,2015,4,Cruzeiro,cruzeiro,Henrique Pacheco Lima,henrique_pacheco_lima,41,41,0,1T,Normal
5026,2015,4,Figueirense,figueirense,Marcos Roberto da Silva Barbosa,marcos_roberto_da_silva_barbosa,36,36,0,1T,Normal
5026,2015,4,Figueirense,figueirense,Carlos Alberto Gomes de Jesus,carlos_alberto_gomes_de_jesus,50,50,0,2T,Normal
5027,2015,5,Athletico-PR,athletico_pr,Nikão,nikao,20,20,0,1T,Normal
5028,2015,5,Ponte Preta,ponte_preta,Borges,borges,78,78,0,2T,Normal
5028,2015,5,Ponte Preta,ponte_preta,Diego Oliveira,diego_oliveira,1,1,0,1T,Normal
5028,2015,5,Ponte Preta,ponte_preta,Tiago dos Santos Alves,tiago_dos_santos_alves,39,39,0,1T,Normal
5029,2015,5,Chapecoense,chapecoense,Ananias Elói Castro Monteiro,ananias_eloi_castro_monteiro,11,11,0,1T,Normal
5029,2015,5,Chapecoense,chapecoense,Bruno César Pereira da Silva,bruno_cesar_pereira_da_silva,29,29,0,1T,Normal
5030,2015,5,Sao Paulo,sao_paulo,Paulo Miranda,paulo_miranda,50,50,0,2T,Normal
5030,2015,5,Santos,santos,Ricardo Oliveira,ricardo_oliveira,46,45,1,1T,Normal
5030,2015,5,Santos,santos,Ricardo Oliveira,ricardo_oliveira,47,47,0,2T,Normal
5030,2015,5,Sao Paulo,sao_paulo,Michel Bastos,michel_bastos,33,33,0,1T,Normal
5030,2015,5,Sao Paulo,sao_paulo,Rogério Ceni,rogerio_ceni,85,85,0,2T,Penalty
5033,2015,5,Gremio,gremio,Giuliano Victor de Paula,giuliano_victor_de_paula,3,3,0,1T,Normal
5033,2015,5,Gremio,gremio,Marcelo Oliveira Ferreira,marcelo_oliveira_ferreira,4,4,0,1T,Normal
5033,2015,5,Gremio,gremio,Luan Guilherme de Jesus Vieira,luan_guilherme_de_jesus_vieira,39,39,0,1T,Normal
5033,2015,5,Corinthians,corinthians,Stiven Mendoza,stiven_mendoza,23,23,0,1T,Normal
5032,2015,5,Atletico-MG,atletico_mg,Antonio Carlos Capocasali,antonio_carlos_capocasali,24,24,0,1T,Gol Contra
5032,2015,5,Avai,avai,André Lima,andre_lima,74,74,0,2T,Normal
5032,2015,5,Atletico-MG,atletico_mg,Carlos Júnior,carlos_junior,13,13,0,1T,Normal
5032,2015,5,Atletico-MG,atletico_mg,Carlos Júnior,carlos_junior,77,77,0,2T,Normal
5032,2015,5,Atletico-MG,atletico_mg,Lucas Pratto,lucas_pratto,68,68,0,2T,Normal
5031,2015,5,Cruzeiro,cruzeiro,Manoel Messias Silva Carvalho,manoel_messias_silva_carvalho,78,78,0,2T,Normal
5034,2015,5,Fluminense,fluminense,Vinícius,vinicius,30,30,0,1T,Normal
5034,2015,5,Fluminense,fluminense,Marcos Júnior,marcos_junior,88,88,0,2T,Normal
5035,2015,5,Sport,sport,Maikon Leite,maikon_leite,93,90,3,2T,Normal
5036,2015,5,Internacional,internacional,Rafael Moura,rafael_moura,76,76,0,2T,Normal
5036,2015,5,Palmeiras,palmeiras,Vitor Hugo Franchescoli de Souza,vitor_hugo_franchescoli_de_souza,64,64,0,2T,Normal
5038,2015,6,Flamengo,flamengo,Gabriel Santana,gabriel_santana,65,65,0,2T,Normal
5037,2015,6,Cruzeiro,cruzeiro,Jemerson de Jesus Nascimento,jemerson_de_jesus_nascimento,47,45,2,1T,Gol Contra
5037,2015,6,Atletico-MG,atletico_mg,Luan Madson Gedeão de Paiva,luan_madson_gedeao_de_paiva,13,13,0,1T,Normal
5037,2015,6,Cruzeiro,cruzeiro,Gabriel Xavier,gabriel_xavier,46,46,0,2T,Normal
5037,2015,6,Cruzeiro,cruzeiro,Marcos Antônio da Silva Gonçalves,marcos_antonio_da_silva_goncalves,72,72,0,2T,Normal
5039,2015,6,Santos,santos,Ricardo Oliveira,ricardo_oliveira,61,61,0,2T,Penalty
5039,2015,6,Santos,santos,Geuvânio,geuvanio,23,23,0,1T,Normal
5039,2015,6,Ponte Preta,ponte_preta,Felipe Azevedo,felipe_azevedo,53,53,0,2T,Normal
5039,2015,6,Ponte Preta,ponte_preta,Renato Cajá,renato_caja,72,72,0,2T,Normal
5041,2015,6,Corinthians,corinthians,Jadson,jadson,31,31,0,1T,Normal
5040,2015,6,Athletico-PR,athletico_pr,Ytalo José dos Santos,ytalo_jose_dos_santos,92,90,2,2T,Normal
5040,2015,6,Athletico-PR,athletico_pr,Nikão,nikao,60,60,0,2T,Penalty
5042,2015,6,Sao Paulo,sao_paulo,Luís Fabiano,luis_fabiano,27,27,0,1T,Normal
5042,2015,6,Sao Paulo,sao_paulo,Rogério Ceni,rogerio_ceni,56,56,0,2T,Penalty
5043,2015,6,Internacional,internacional,Nilmar,nilmar,36,36,0,1T,Normal
5043,2015,6,Internacional,internacional,Victor Vinícius Coelho Santos,victor_vinicius_coelho_santos,26,26,0,1T,Normal
5045,2015,6,Avai,avai,Rômulo,romulo,94,90,4,2T,Normal
5044,2015,6,Figueirense,figueirense,Carlos Alberto Gomes de Jesus,carlos_alberto_gomes_de_jesus,8,8,0,1T,Normal
5044,2015,6,Figueirense,figueirense,Thiago Santos Santana,thiago_santos_santana,62,62,0,2T,Normal
5044,2015,6,Palmeiras,palmeiras,Gabriel Girotto Franco,gabriel_girotto_franco,11,11,0,1T,Normal
5047,2015,7,Atletico-MG,atletico_mg,Jesús Dátolo,jesus_datolo,43,43,0,1T,Normal
5047,2015,7,Atletico-MG,atletico_mg,Werley Ananias da Silva,werley_ananias_da_silva,28,28,0,1T,Gol Contra
5047,2015,7,Santos,santos,Ricardo Oliveira,ricardo_oliveira,19,19,0,1T,Normal
5047,2015,7,Santos,santos,Gabriel Barbosa,gabriel_barbosa,54,54,0,2T,Normal
5050,2015,7,Internacional,internacional,Nilmar,nilmar,41,41,0,1T,Normal
5050,2015,7,Corinthians,corinthians,Jadson,jadson,51,51,0,2T,Normal
5050,2015,7,Corinthians,corinthians,Vágner Love,vagner_love,67,67,0,2T,Normal
5049,2015,7,Sao Paulo,sao_paulo,Josef de Souza Dias,josef_de_souza_dias,6,6,0,1T,Normal
5048,2015,7,Flamengo,flamengo,Eduardo da Silva,eduardo_da_silva,39,39,0,1T,Normal
5051,2015,7,Sport,sport,Maikon Leite,maikon_leite,16,16,0,1T,Normal
5051,2015,7,Sport,sport,Maikon Leite,maikon_leite,39,39,0,1T,Normal
5051,2015,7,Joinville,joinville,Marcelinho Paraíba,marcelinho_paraiba,79,79,0,2T,Normal
5052,2015,7,Vasco,vasco,Rodrigo Baldasso da Costa,rodrigo_baldasso_da_costa,88,88,0,2T,Normal
5052,2015,7,Cruzeiro,cruzeiro,Leandro Damião,leandro_damiao,38,38,0,1T,Normal
5052,2015,7,Cruzeiro,cruzeiro,Leandro Damião,leandro_damiao,74,74,0,2T,Normal
5052,2015,7,Cruzeiro,cruzeiro,Charles Fernando Basílio da Silva,charles_fernando_basilio_da_silva,58,58,0,2T,Normal
5055,2015,7,Fluminense,fluminense,Jean Raphael Vanderlei Moreira,jean_raphael_vanderlei_moreira,17,17,0,1T,Normal
5055,2015,7,Palmeiras,palmeiras,Rafael Marques Mariano,rafael_marques_mariano,47,45,2,1T,Normal
5055,2015,7,Palmeiras,palmeiras,Jonatan Cristaldo,jonatan_cristaldo,91,90,1,2T,Normal
5054,2015,7,Avai,avai,Anderson Lopes,anderson_lopes,36,36,0,1T,Normal
5054,2015,7,Figueirense,figueirense,Marcos Roberto da Silva Barbosa,marcos_roberto_da_silva_barbosa,15,15,0,1T,Normal
5056,2015,7,Gremio,gremio,Giuliano Victor de Paula,giuliano_victor_de_paula,33,33,0,1T,Normal
5056,2015,7,Gremio,gremio,Luiz Rhodolfo Dini Gaioto,luiz_rhodolfo_dini_gaioto,71,71,0,2T,Normal
5056,2015,7,Athletico-PR,athletico_pr,Hernani Azevedo Junior,hernani_azevedo_junior,52,52,0,2T,Normal
5058,2015,8,Sport,sport,André Felipe Ribeiro de Souza,andre_felipe_ribeiro_de_souza,20,20,0,1T,Normal
5058,2015,8,Sport,sport,Wendel Geraldo Maurício e Silva,wendel_geraldo_mauricio_e_silva,81,81,0,2T,Normal
5058,2015,8,Vasco,vasco,Duvier Riascos,duvier_riascos,42,42,0,1T,Normal
5059,2015,8,Atletico-MG,atletico_mg,Samir,samir,22,22,0,1T,Gol Contra
5059,2015,8,Atletico-MG,atletico_mg,Lucas Pratto,lucas_pratto,41,41,0,1T,Normal
5060,2015,8,Santos,santos,Ricardo Oliveira,ricardo_oliveira,10,10,0,1T,Normal
5061,2015,8,Gremio,gremio,Maicon,maicon,55,55,0,2T,Normal
5062,2015,8,Chapecoense,chapecoense,Camilo,camilo,36,36,0,1T,Normal
5063,2015,8,Joinville,joinville,Everton Kempes dos Santos Gonçalves,everton_kempes_dos_santos_goncalves,46,45,1,1T,Normal
5063,2015,8,Goias,goias,Wesley,wesley,26,26,0,1T,Normal
5063,2015,8,Joinville,joinville,Everton Kempes dos Santos Gonçalves,everton_kempes_dos_santos_goncalves,35,35,0,1T,Normal
5065,2015,8,Sao Paulo,sao_paulo,Josef de Souza Dias,josef_de_souza_dias,55,55,0,2T,Normal
5065,2015,8,Avai,avai,André Lima,andre_lima,89,89,0,2T,Normal
5064,2015,8,Coritiba,coritiba,Wellington Paulista,wellington_paulista,19,19,0,1T,Normal
5064,2015,8,Coritiba,coritiba,Ruy Franco de Almeida Junior,ruy_franco_de_almeida_junior,77,77,0,2T,Normal
5064,2015,8,Athletico-PR,athletico_pr,Walter Henrique da Silva,walter_henrique_da_silva,25,25,0,1T,Normal
5064,2015,8,Athletico-PR,athletico_pr,Edigar Junio,edigar_junio,82,82,0,2T,Normal
5066,2015,8,Fluminense,fluminense,Wellington do Nascimento Silva,wellington_do_nascimento_silva,55,55,0,2T,Normal
5066,2015,8,Fluminense,fluminense,Vinícius,vinicius,95,90,5,2T,Normal
5067,2015,9,Gremio,gremio,Pedro Rocha Neves,pedro_rocha_neves,1,1,0,1T,Normal
5067,2015,9,Gremio,gremio,Luan Guilherme de Jesus Vieira,luan_guilherme_de_jesus_vieira,10,10,0,1T,Normal
5067,2015,9,Avai,avai,Anderson Lopes,anderson_lopes,56,56,0,2T,Penalty
5068,2015,9,Chapecoense,chapecoense,Bruno Rangel,bruno_rangel,88,88,0,2T,Normal
5068,2015,9,Sport,sport,Rithely,rithely,29,29,0,1T,Normal
5069,2015,9,Corinthians,corinthians,Jadson,jadson,65,65,0,2T,Penalty
5069,2015,9,Corinthians,corinthians,Vágner Love,vagner_love,55,55,0,2T,Normal
5069,2015,9,Figueirense,figueirense,Thiago Santos Santana,thiago_santos_santana,73,73,0,2T,Normal
5070,2015,9,Atletico-MG,atletico_mg,Leonardo Silva,leonardo_silva,34,34,0,1T,Normal
5071,2015,9,Palmeiras,palmeiras,Jonatan Cristaldo,jonatan_cristaldo,72,72,0,2T,Normal
5071,2015,9,Palmeiras,palmeiras,Leandro,leandro,32,32,0,1T,Normal
5071,2015,9,Palmeiras,palmeiras,Victor Ramos,victor_ramos,41,41,0,1T,Normal
5071,2015,9,Palmeiras,palmeiras,Rafael Marques Mariano,rafael_marques_mariano,58,58,0,2T,Normal
5072,2015,9,Goias,goias,Erik Nascimento de Lima,erik_nascimento_de_lima,34,34,0,1T,Normal
5072,2015,9,Fluminense,fluminense,Wagner Ferreira dos Santos,wagner_ferreira_dos_santos,53,53,0,2T,Normal
5072,2015,9,Fluminense,fluminense,Edson Felipe da Cruz,edson_felipe_da_cruz,62,62,0,2T,Normal
5073,2015,9,Ponte Preta,ponte_preta,Renato Cajá,renato_caja,30,30,0,1T,Normal
5073,2015,9,Ponte Preta,ponte_preta,Felipe Azevedo,felipe_azevedo,70,70,0,2T,Normal
5073,2015,9,Athletico-PR,athletico_pr,Nikão,nikao,28,28,0,1T,Normal
5074,2015,9,Coritiba,coritiba,Rafhael Lucas,rafhael_lucas,62,62,0,2T,Normal
5075,2015,9,Vasco,vasco,Duvier Riascos,duvier_riascos,16,16,0,1T,Normal
5076,2015,9,Internacional,internacional,Valdívia,valdivia,77,77,0,2T,Normal
5077,2015,10,Sport,sport,André Felipe Ribeiro de Souza,andre_felipe_ribeiro_de_souza,10,10,0,1T,Penalty
5077,2015,10,Sport,sport,André Felipe Ribeiro de Souza,andre_felipe_ribeiro_de_souza,36,36,0,1T,Normal
5077,2015,10,Sport,sport,Jonathan Marlone,jonathan_marlone,30,30,0,1T,Normal
5078,2015,10,Vasco,vasco,Emanuel Biancucchi,emanuel_biancucchi,69,69,0,2T,Normal
5079,2015,10,Palmeiras,palmeiras,Egídio de Araújo Pereira Júnior,egidio_de_araujo_pereira_junior,28,28,0,1T,Normal
5079,2015,10,Palmeiras,palmeiras,Jonatan Cristaldo,jonatan_cristaldo,70,70,0,2T,Normal
5080,2015,10,Atletico-MG,atletico_mg,Thiago Ribeiro,thiago_ribeiro,67,67,0,2T,Normal
5080,2015,10,Atletico-MG,atletico_mg,Thiago Ribeiro,thiago_ribeiro,45,45,0,1T,Normal
5082,2015,10,Gremio,gremio,Douglas dos Santos,douglas_dos_santos,69,69,0,2T,Penalty
5081,2015,10,Flamengo,flamengo,Emerson Sheik,emerson_sheik,55,55,0,2T,Normal
5083,2015,10,Sao Paulo,sao_paulo,Ricardo Centurión,ricardo_centurion,72,72,0,2T,Normal
5083,2015,10,Athletico-PR,athletico_pr,Gustavo Schiavolin,gustavo_schiavolin,36,36,0,1T,Normal
5083,2015,10,Athletico-PR,athletico_pr,Marcos Guilherme,marcos_guilherme,58,58,0,2T,Normal
5085,2015,10,Figueirense,figueirense,Clayton da Silveira da Silva,clayton_da_silveira_da_silva,34,34,0,1T,Normal
5085,2015,10,Figueirense,figueirense,Paulo Roberto da Silva,paulo_roberto_da_silva,80,80,0,2T,Normal
5085,2015,10,Goias,goias,Felipe Menezes,felipe_menezes,47,47,0,2T,Normal
5085,2015,10,Figueirense,figueirense,Thiago Santos Santana,thiago_santos_santana,24,24,0,1T,Normal
5084,2015,10,Corinthians,corinthians,Jadson,jadson,41,41,0,1T,Normal
5084,2015,10,Corinthians,corinthians,Vágner Love,vagner_love,96,90,6,2T,Normal
5086,2015,10,Fluminense,fluminense,Lucas Gomes,lucas_gomes,80,80,0,2T,Normal
5086,2015,10,Santos,santos,Ricardo Oliveira,ricardo_oliveira,54,54,0,2T,Normal
5086,2015,10,Fluminense,fluminense,Fred,fred,40,40,0,1T,Normal
5089,2015,11,Cruzeiro,cruzeiro,Mário Sérgio Santos Costa,mario_sergio_santos_costa,73,73,0,2T,Normal
5089,2015,11,Cruzeiro,cruzeiro,Giorgian De Arrascaeta,giorgian_de_arrascaeta,41,41,0,1T,Normal
5088,2015,11,Chapecoense,chapecoense,Hélio Hermito Zampier Neto,helio_hermito_zampier_neto,75,75,0,2T,Normal
5090,2015,11,Avai,avai,Samuel Xavier,samuel_xavier,40,40,0,1T,Gol Contra
5090,2015,11,Avai,avai,Renan Martins Pereira,renan_martins_pereira,38,38,0,1T,Normal
5090,2015,11,Sport,sport,Diego Souza,diego_souza,21,21,0,1T,Normal
5090,2015,11,Sport,sport,André Felipe Ribeiro de Souza,andre_felipe_ribeiro_de_souza,93,90,3,2T,Penalty
5093,2015,11,Gremio,gremio,Pedro Rocha Neves,pedro_rocha_neves,4,4,0,1T,Normal
5093,2015,11,Gremio,gremio,Rafael Galhardo,rafael_galhardo,49,49,0,2T,Normal
5093,2015,11,Gremio,gremio,Yuri Mamute,yuri_mamute,81,81,0,2T,Normal
5093,2015,11,Santos,santos,Ricardo Oliveira,ricardo_oliveira,65,65,0,2T,Normal
5094,2015,11,Palmeiras,palmeiras,Eduardo Pereira Rodrigues,eduardo_pereira_rodrigues,40,40,0,1T,Normal
5094,2015,11,Palmeiras,palmeiras,Eduardo Pereira Rodrigues,eduardo_pereira_rodrigues,9,9,0,1T,Normal
5095,2015,11,Flamengo,flamengo,Alan Patrick,alan_patrick,47,47,0,2T,Normal
5095,2015,11,Figueirense,figueirense,Ricardo de Souza Silva,ricardo_de_souza_silva,61,61,0,2T,Normal
5095,2015,11,Figueirense,figueirense,Fabinho,fabinho,93,90,3,2T,Normal
5096,2015,11,Internacional,internacional,Lisandro López,lisandro_lopez,86,86,0,2T,Normal
5096,2015,11,Atletico-MG,atletico_mg,Maicosuel,maicosuel,59,59,0,2T,Normal
5096,2015,11,Atletico-MG,atletico_mg,Maicosuel,maicosuel,77,77,0,2T,Normal
5096,2015,11,Atletico-MG,atletico_mg,Thiago Ribeiro,thiago_ribeiro,79,79,0,2T,Normal
5098,2015,12,Goias,goias,Felipe Menezes,felipe_menezes,48,48,0,2T,Penalty
5098,2015,12,Goias,goias,Felipe Menezes,felipe_menezes,59,59,0,2T,Normal
5098,2015,12,Santos,santos,Ricardo Oliveira,ricardo_oliveira,90,90,0,2T,Penalty
5098,2015,12,Goias,goias,Fred,fred,52,52,0,2T,Normal
5098,2015,12,Goias,goias,Carlos Eduardo Ferreira de Souza,carlos_eduardo_ferreira_de_souza,62,62,0,2T,Normal
5097,2015,12,Chapecoense,chapecoense,Bruno Rangel,bruno_rangel,77,77,0,2T,Normal
5101,2015,12,Palmeiras,palmeiras,Jonatan Cristaldo,jonatan_cristaldo,89,89,0,2T,Normal
5101,2015,12,Palmeiras,palmeiras,Rafael Marques Mariano,rafael_marques_mariano,8,8,0,1T,Normal
5101,2015,12,Palmeiras,palmeiras,Lucas Rios Marques,lucas_rios_marques,65,65,0,2T,Normal
5100,2015,12,Joinville,joinville,Everton Kempes dos Santos Gonçalves,everton_kempes_dos_santos_goncalves,12,12,0,1T,Normal
5100,2015,12,Joinville,joinville,Everton Kempes dos Santos Gonçalves,everton_kempes_dos_santos_goncalves,61,61,0,2T,Normal
5102,2015,12,Atletico-MG,atletico_mg,Lucas Pratto,lucas_pratto,47,47,0,2T,Normal
5102,2015,12,Atletico-MG,atletico_mg,Giovanni Augusto,giovanni_augusto,54,54,0,2T,Normal
5102,2015,12,Sport,sport,Matheus Ferraz Pereira,matheus_ferraz_pereira,50,50,0,2T,Normal
5103,2015,12,Internacional,internacional,Ernando Rodrigues Lopes,ernando_rodrigues_lopes,93,90,3,2T,Normal
5103,2015,12,Flamengo,flamengo,Paolo Guerrero,paolo_guerrero,11,11,0,1T,Normal
5103,2015,12,Flamengo,flamengo,Éverton Cardoso da Silva,everton_cardoso_da_silva,66,66,0,2T,Normal
5104,2015,12,Sao Paulo,sao_paulo,Michel Bastos,michel_bastos,18,18,0,1T,Normal
5104,2015,12,Sao Paulo,sao_paulo,Wesley Lopes Beltrame,wesley_lopes_beltrame,49,49,0,2T,Normal
5104,2015,12,Sao Paulo,sao_paulo,Gabriel Boschilia,gabriel_boschilia,93,90,3,2T,Normal
5104,2015,12,Sao Paulo,sao_paulo,Alexandre Pato,alexandre_pato,13,13,0,1T,Normal
5105,2015,12,Corinthians,corinthians,Jadson,jadson,77,77,0,2T,Normal
5105,2015,12,Corinthians,corinthians,Elias Mendes Trindade,elias_mendes_trindade,34,34,0,1T,Normal
5106,2015,12,Fluminense,fluminense,Gustavo Scarpa,gustavo_scarpa,74,74,0,2T,Normal
5107,2015,13,Santos,santos,Gabriel Barbosa,gabriel_barbosa,63,63,0,2T,Normal
5107,2015,13,Santos,santos,David Braz,david_braz,31,31,0,1T,Normal
5107,2015,13,Santos,santos,Lucas Rafael Araújo Lima,lucas_rafael_araujo_lima,46,46,0,2T,Normal
5108,2015,13,Gremio,gremio,Anderson Salles,anderson_salles,60,60,0,2T,Gol Contra
5108,2015,13,Gremio,gremio,Pedro Rocha Neves,pedro_rocha_neves,81,81,0,2T,Normal
5109,2015,13,Atletico-MG,atletico_mg,Thiago Ribeiro,thiago_ribeiro,28,28,0,1T,Normal
5109,2015,13,Atletico-MG,atletico_mg,Giovanni Augusto,giovanni_augusto,88,88,0,2T,Normal
5110,2015,13,Sao Paulo,sao_paulo,Ricardo Centurión,ricardo_centurion,15,15,0,1T,Normal
5110,2015,13,Sao Paulo,sao_paulo,Alexandre Pato,alexandre_pato,46,45,1,1T,Normal
5110,2015,13,Sao Paulo,sao_paulo,Alexandre Pato,alexandre_pato,91,90,1,2T,Normal
5110,2015,13,Coritiba,coritiba,Marcos Aurélio de Oliveira Lima,marcos_aurelio_de_oliveira_lima,60,60,0,2T,Normal
5112,2015,13,Corinthians,corinthians,Elias Mendes Trindade,elias_mendes_trindade,26,26,0,1T,Normal
5112,2015,13,Corinthians,corinthians,Uendel Pereira Gonçalves,uendel_pereira_goncalves,49,45,4,1T,Normal
5112,2015,13,Corinthians,corinthians,Jadson,jadson,63,63,0,2T,Normal
5111,2015,13,Internacional,internacional,Réver,rever,33,33,0,1T,Normal
5111,2015,13,Internacional,internacional,Victor Vinícius Coelho Santos,victor_vinicius_coelho_santos,45,45,0,1T,Penalty
5113,2015,13,Athletico-PR,athletico_pr,Sidcley Ferreira Pereira,sidcley_ferreira_pereira,69,69,0,2T,Normal
5113,2015,13,Fluminense,fluminense,Gustavo Scarpa,gustavo_scarpa,52,52,0,2T,Normal
5113,2015,13,Fluminense,fluminense,Fred,fred,93,90,3,2T,Normal
5114,2015,13,Cruzeiro,cruzeiro,Joel Tagueu,joel_tagueu,38,38,0,1T,Normal
5115,2015,13,Sport,sport,Matheus Ferraz Pereira,matheus_ferraz_pereira,22,22,0,1T,Normal
5115,2015,13,Sport,sport,André Felipe Ribeiro de Souza,andre_felipe_ribeiro_de_souza,90,90,0,2T,Normal
5115,2015,13,Palmeiras,palmeiras,Leandro,leandro,44,44,0,1T,Normal
5115,2015,13,Palmeiras,palmeiras,Leandro,leandro,59,59,0,2T,Normal
5116,2015,13,Avai,avai,Emerson dos Santos da Silva,emerson_dos_santos_da_silva,10,10,0,1T,Normal
5116,2015,13,Avai,avai,William Júnior Salles de Lima Souza,william_junior_salles_de_lima_souza,19,19,0,1T,Normal
5116,2015,13,Chapecoense,chapecoense,Bruno Rangel,bruno_rangel,48,48,0,2T,Normal
5117,2015,14,Internacional,internacional,Eduardo Sasha,eduardo_sasha,88,88,0,2T,Normal
5117,2015,14,Goias,goias,Felipe Menezes,felipe_menezes,80,80,0,2T,Penalty
5117,2015,14,Internacional,internacional,Eduardo,eduardo,58,58,0,2T,Normal
5118,2015,14,Flamengo,flamengo,Paolo Guerrero,paolo_guerrero,41,41,0,1T,Normal
5119,2015,14,Corinthians,corinthians,Malcom Filipe Silva de Oliveira,malcom_filipe_silva_de_oliveira,42,42,0,1T,Normal
5120,2015,14,Athletico-PR,athletico_pr,Hernani Azevedo Junior,hernani_azevedo_junior,52,52,0,2T,Normal
5123,2015,14,Vasco,vasco,Jhon Cley,jhon_cley,70,70,0,2T,Normal
5123,2015,14,Fluminense,fluminense,Marcos Júnior,marcos_junior,59,59,0,2T,Normal
5123,2015,14,Vasco,vasco,Andrezinho,andrezinho,39,39,0,1T,Normal
5124,2015,14,Palmeiras,palmeiras,Leandro,leandro,15,15,0,1T,Normal
5122,2015,14,Sport,sport,José Élber Pimentel da Silva,jose_elber_pimentel_da_silva,34,34,0,1T,Normal
5122,2015,14,Sport,sport,Wéverton Almeida Santos,weverton_almeida_santos,93,90,3,2T,Normal
5125,2015,14,Cruzeiro,cruzeiro,Marcos Vinícius de Jesus Araújo,marcos_vinicius_de_jesus_araujo,13,13,0,1T,Normal
5125,2015,14,Avai,avai,André Lima,andre_lima,82,82,0,2T,Normal
5126,2015,14,Ponte Preta,ponte_preta,Fernando Paixão da Silva,fernando_paixao_da_silva,74,74,0,2T,Penalty
5126,2015,14,Joinville,joinville,Silvinho,silvinho,55,55,0,2T,Normal
5127,2015,15,Avai,avai,Rômulo,romulo,84,84,0,2T,Normal
5127,2015,15,Athletico-PR,athletico_pr,Marcos Guilherme,marcos_guilherme,43,43,0,1T,Normal
5127,2015,15,Athletico-PR,athletico_pr,Marcos Guilherme,marcos_guilherme,90,90,0,2T,Normal
5128,2015,15,Gremio,gremio,Pedro Rocha Neves,pedro_rocha_neves,45,45,0,1T,Normal
5128,2015,15,Sport,sport,Diego Souza,diego_souza,63,63,0,2T,Normal
5129,2015,15,Atletico-MG,atletico_mg,Lucas Pratto,lucas_pratto,63,63,0,2T,Penalty
5131,2015,15,Santos,santos,Gabriel Barbosa,gabriel_barbosa,4,4,0,1T,Normal
5131,2015,15,Santos,santos,Gabriel Barbosa,gabriel_barbosa,18,18,0,1T,Normal
5130,2015,15,Chapecoense,chapecoense,Bruno Rangel,bruno_rangel,90,90,0,2T,Penalty
5130,2015,15,Chapecoense,chapecoense,Bruno Rangel,bruno_rangel,27,27,0,1T,Normal
5130,2015,15,Fluminense,fluminense,Edson Felipe da Cruz,edson_felipe_da_cruz,29,29,0,1T,Normal
5135,2015,15,Flamengo,flamengo,Marcelo Cirino da Silva,marcelo_cirino_da_silva,72,72,0,2T,Normal
5133,2015,15,Coritiba,coritiba,Evandro da Silva,evandro_da_silva,92,90,2,2T,Normal
5133,2015,15,Corinthians,corinthians,Felipe Augusto de Almeida Monteiro,felipe_augusto_de_almeida_monteiro,41,41,0,1T,Normal
5134,2015,15,Sao Paulo,sao_paulo,Alexandre Pato,alexandre_pato,45,45,0,1T,Normal
5136,2015,15,Palmeiras,palmeiras,Leandro,leandro,55,55,0,2T,Normal
5136,2015,15,Palmeiras,palmeiras,Eduardo Pereira Rodrigues,eduardo_pereira_rodrigues,18,18,0,1T,Normal
5136,2015,15,Vasco,vasco,Duvier Riascos,duvier_riascos,69,69,0,2T,Normal
5136,2015,15,Palmeiras,palmeiras,Victor Ramos,victor_ramos,35,35,0,1T,Normal
5136,2015,15,Palmeiras,palmeiras,Leandro,leandro,4,4,0,1T,Normal
5137,2015,16,Corinthians,corinthians,Carlos Gilberto do Nascimento Silva,carlos_gilberto_do_nascimento_silva,61,61,0,2T,Normal
5137,2015,16,Corinthians,corinthians,Elias Mendes Trindade,elias_mendes_trindade,77,77,0,2T,Normal
5137,2015,16,Corinthians,corinthians,Renato Augusto,renato_augusto,47,47,0,2T,Normal
5138,2015,16,Atletico-MG,atletico_mg,Lucas Pratto,lucas_pratto,44,44,0,1T,Normal
5138,2015,16,Sao Paulo,sao_paulo,Alexandre Pato,alexandre_pato,59,59,0,2T,Normal
5138,2015,16,Atletico-MG,atletico_mg,Lucas Pratto,lucas_pratto,20,20,0,1T,Normal
5138,2015,16,Atletico-MG,atletico_mg,Lucas Pratto,lucas_pratto,26,26,0,1T,Normal
5139,2015,16,Fluminense,fluminense,Marcos Júnior,marcos_junior,77,77,0,2T,Normal
5141,2015,16,Athletico-PR,athletico_pr,Walter Henrique da Silva,walter_henrique_da_silva,77,77,0,2T,Normal
5140,2015,16,Goias,goias,Liniker da Silva Moreira,liniker_da_silva_moreira,69,69,0,2T,Normal
5140,2015,16,Coritiba,coritiba,Evandro da Silva,evandro_da_silva,90,90,0,2T,Normal
5142,2015,16,Joinville,joinville,Jeci,jeci,40,40,0,1T,Gol Contra
5142,2015,16,Joinville,joinville,Guti,guti,61,61,0,2T,Normal
5144,2015,16,Figueirense,figueirense,Marcos Roberto da Silva Barbosa,marcos_roberto_da_silva_barbosa,74,74,0,2T,Normal
5144,2015,16,Figueirense,figueirense,Dudu,dudu,92,90,2,2T,Normal
5144,2015,16,Ponte Preta,ponte_preta,Renato de Araújo Chaves Júnior,renato_de_araujo_chaves_junior,51,51,0,2T,Normal
5144,2015,16,Figueirense,figueirense,João Vitor Lima Gomes,joao_vitor_lima_gomes,4,4,0,1T,Normal
5145,2015,16,Flamengo,flamengo,Emerson Sheik,emerson_sheik,42,42,0,1T,Normal
5145,2015,16,Santos,santos,Ricardo Oliveira,ricardo_oliveira,52,52,0,2T,Normal
5145,2015,16,Santos,santos,Lucas Rafael Araújo Lima,lucas_rafael_araujo_lima,72,72,0,2T,Normal
5145,2015,16,Flamengo,flamengo,Alan Patrick,alan_patrick,40,40,0,1T,Normal
5147,2015,17,Avai,avai,André Lima,andre_lima,6,6,0,1T,Normal
5148,2015,17,Santos,santos,Geuvânio,geuvanio,20,20,0,1T,Normal
5148,2015,17,Santos,santos,Ricardo Oliveira,ricardo_oliveira,60,60,0,2T,Normal
5148,2015,17,Santos,santos,Ivan Aparecido Martins,ivan_aparecido_martins,43,43,0,1T,Gol Contra
5149,2015,17,Athletico-PR,athletico_pr,Christián Vilches,christian_vilches,98,90,8,2T,Normal
5149,2015,17,Sport,sport,Jonathan Marlone,jonathan_marlone,16,16,0,1T,Normal
5153,2015,17,Ponte Preta,ponte_preta,Pablo Castro,pablo_castro,71,71,0,2T,Normal
5152,2015,17,Palmeiras,palmeiras,Jonatan Cristaldo,jonatan_cristaldo,74,74,0,2T,Normal
5152,2015,17,Cruzeiro,cruzeiro,Alisson Euler de Freitas Castro,alisson_euler_de_freitas_castro,5,5,0,1T,Normal
5152,2015,17,Cruzeiro,cruzeiro,Giorgian De Arrascaeta,giorgian_de_arrascaeta,82,82,0,2T,Normal
5151,2015,17,Sao Paulo,sao_paulo,Luís Fabiano,luis_fabiano,48,48,0,2T,Normal
5151,2015,17,Corinthians,corinthians,Luciano da Rocha Neves,luciano_da_rocha_neves,21,21,0,1T,Normal
5155,2015,17,Gremio,gremio,Réver,rever,84,84,0,2T,Gol Contra
5155,2015,17,Gremio,gremio,Luan Guilherme de Jesus Vieira,luan_guilherme_de_jesus_vieira,49,49,0,2T,Normal
5155,2015,17,Gremio,gremio,Luiz Fernando Pereira da Silva,luiz_fernando_pereira_da_silva,76,76,0,2T,Normal
5155,2015,17,Gremio,gremio,Giuliano Victor de Paula,giuliano_victor_de_paula,35,35,0,1T,Normal
5155,2015,17,Gremio,gremio,Luan Guilherme de Jesus Vieira,luan_guilherme_de_jesus_vieira,43,43,0,1T,Normal
5156,2015,17,Figueirense,figueirense,Dudu,dudu,83,83,0,2T,Normal
5156,2015,17,Figueirense,figueirense,Marcos Assis de Santana,marcos_assis_de_santana,89,89,0,2T,Normal
5156,2015,17,Chapecoense,chapecoense,Bruno Rangel,bruno_rangel,50,50,0,2T,Normal
5156,2015,17,Chapecoense,chapecoense,Tiago Luís Martins,tiago_luis_martins,56,56,0,2T,Normal
5158,2015,18,Athletico-PR,athletico_pr,Hernani Azevedo Junior,hernani_azevedo_junior,25,25,0,1T,Normal
5158,2015,18,Flamengo,flamengo,Wallace Reis da Silva,wallace_reis_da_silva,12,12,0,1T,Normal
5158,2015,18,Athletico-PR,athletico_pr,Kadu,kadu,65,65,0,2T,Normal
5158,2015,18,Flamengo,flamengo,Emerson Sheik,emerson_sheik,40,40,0,1T,Normal
5158,2015,18,Flamengo,flamengo,Alan Patrick,alan_patrick,45,45,0,1T,Normal
5157,2015,18,Palmeiras,palmeiras,Rafael Marques Mariano,rafael_marques_mariano,46,46,0,2T,Normal
5157,2015,18,Coritiba,coritiba,Henrique Almeida,henrique_almeida,18,18,0,1T,Normal
5157,2015,18,Coritiba,coritiba,Henrique Almeida,henrique_almeida,82,82,0,2T,Normal
5159,2015,18,Santos,santos,Victor Ferraz,victor_ferraz,49,49,0,2T,Normal
5161,2015,18,Sao Paulo,sao_paulo,Rogério Ceni,rogerio_ceni,27,27,0,1T,Penalty
5161,2015,18,Sao Paulo,sao_paulo,Alexandre Pato,alexandre_pato,14,14,0,1T,Normal
5162,2015,18,Internacional,internacional,Victor Vinícius Coelho Santos,victor_vinicius_coelho_santos,82,82,0,2T,Normal
5163,2015,18,Corinthians,corinthians,Jadson,jadson,87,87,0,2T,Penalty
5163,2015,18,Sport,sport,Hernane Vidal de Souza,hernane_vidal_de_souza,72,72,0,2T,Normal
5163,2015,18,Corinthians,corinthians,Samuel Xavier,samuel_xavier,60,60,0,2T,Gol Contra
5163,2015,18,Corinthians,corinthians,Luciano da Rocha Neves,luciano_da_rocha_neves,13,13,0,1T,Normal
5163,2015,18,Sport,sport,Hernane Vidal de Souza,hernane_vidal_de_souza,77,77,0,2T,Normal
5163,2015,18,Corinthians,corinthians,Luciano da Rocha Neves,luciano_da_rocha_neves,47,45,2,1T,Normal
5163,2015,18,Sport,sport,André Felipe Ribeiro de Souza,andre_felipe_ribeiro_de_souza,17,17,0,1T,Normal
5164,2015,18,Ponte Preta,ponte_preta,Borges,borges,60,60,0,2T,Normal
5164,2015,18,Ponte Preta,ponte_preta,Felipe Azevedo,felipe_azevedo,73,73,0,2T,Normal
5166,2015,18,Gremio,gremio,Luan Guilherme de Jesus Vieira,luan_guilherme_de_jesus_vieira,55,55,0,2T,Normal
5166,2015,18,Gremio,gremio,Douglas dos Santos,douglas_dos_santos,41,41,0,1T,Normal
5165,2015,18,Joinville,joinville,Marcelinho Paraíba,marcelinho_paraiba,14,14,0,1T,Normal
5165,2015,18,Joinville,joinville,Bruno Aguiar,bruno_aguiar,27,27,0,1T,Normal
5165,2015,18,Joinville,joinville,Mariano Trípodi,mariano_tripodi,72,72,0,2T,Normal
5167,2015,19,Coritiba,coritiba,Evandro da Silva,evandro_da_silva,93,90,3,2T,Normal
5169,2015,19,Goias,goias,Erik Nascimento de Lima,erik_nascimento_de_lima,77,77,0,2T,Normal
5169,2015,19,Goias,goias,Felipe Menezes,felipe_menezes,27,27,0,1T,Normal
5169,2015,19,Goias,goias,Erik Nascimento de Lima,erik_nascimento_de_lima,45,45,0,1T,Normal
5170,2015,19,Flamengo,flamengo,Ederson Honorato Campos,ederson_honorato_campos,51,51,0,2T,Normal
5170,2015,19,Palmeiras,palmeiras,Jackson de Souza,jackson_de_souza,6,6,0,1T,Normal
5170,2015,19,Flamengo,flamengo,Ederson Honorato Campos,ederson_honorato_campos,57,57,0,2T,Normal
5170,2015,19,Palmeiras,palmeiras,Samir,samir,58,58,0,2T,Gol Contra
5170,2015,19,Palmeiras,palmeiras,Eduardo Pereira Rodrigues,eduardo_pereira_rodrigues,66,66,0,2T,Normal
5170,2015,19,Palmeiras,palmeiras,Alecsandro,alecsandro,71,71,0,2T,Normal
5172,2015,19,Figueirense,figueirense,Clayton da Silveira da Silva,clayton_da_silveira_da_silva,41,41,0,1T,Penalty
5172,2015,19,Fluminense,fluminense,Cícero Santos,cicero_santos,49,49,0,2T,Normal
5172,2015,19,Fluminense,fluminense,Fred,fred,65,65,0,2T,Normal
5174,2015,19,Ponte Preta,ponte_preta,Borges,borges,82,82,0,2T,Normal
5174,2015,19,Sport,sport,Diego Souza,diego_souza,10,10,0,1T,Normal
5171,2015,19,Corinthians,corinthians,Luciano da Rocha Neves,luciano_da_rocha_neves,87,87,0,2T,Normal
5171,2015,19,Avai,avai,André Lima,andre_lima,15,15,0,1T,Normal
5171,2015,19,Corinthians,corinthians,Luciano da Rocha Neves,luciano_da_rocha_neves,48,45,3,1T,Normal
5175,2015,19,Gremio,gremio,Frickson Erazo,frickson_erazo,61,61,0,2T,Normal
5175,2015,19,Gremio,gremio,Rafael Galhardo,rafael_galhardo,84,84,0,2T,Normal
5175,2015,19,Joinville,joinville,Bruno Aguiar,bruno_aguiar,3,3,0,1T,Normal
5176,2015,19,Chapecoense,chapecoense,Cléber Santana,cleber_santana,41,41,0,1T,Normal
5176,2015,19,Chapecoense,chapecoense,Apodi,apodi,78,78,0,2T,Normal
5176,2015,19,Atletico-MG,atletico_mg,Hélio Hermito Zampier Neto,helio_hermito_zampier_neto,64,64,0,2T,Gol Contra
5177,2015,20,Goias,goias,Erik Nascimento de Lima,erik_nascimento_de_lima,17,17,0,1T,Penalty
5177,2015,20,Goias,goias,Zé Love,ze_love,4,4,0,1T,Normal
5177,2015,20,Goias,goias,Erik Nascimento de Lima,erik_nascimento_de_lima,77,77,0,2T,Penalty
5178,2015,20,Santos,santos,Lucas Rafael Araújo Lima,lucas_rafael_araujo_lima,92,90,2,2T,Penalty
5178,2015,20,Santos,santos,Thiago Maia,thiago_maia,14,14,0,1T,Normal
5178,2015,20,Avai,avai,Léo Gamalho,leo_gamalho,83,83,0,2T,Normal
5178,2015,20,Santos,santos,Ricardo Oliveira,ricardo_oliveira,48,48,0,2T,Normal
5178,2015,20,Santos,santos,Nilson,nilson,81,81,0,2T,Normal
5178,2015,20,Santos,santos,Gabriel Barbosa,gabriel_barbosa,11,11,0,1T,Normal
5178,2015,20,Avai,avai,Léo Gamalho,leo_gamalho,29,29,0,1T,Normal
5179,2015,20,Figueirense,figueirense,Dudu,dudu,63,63,0,2T,Normal
5179,2015,20,Figueirense,figueirense,Bruno Alves,bruno_alves,70,70,0,2T,Normal
5179,2015,20,Sport,sport,Renê Rodrigues Martins,rene_rodrigues_martins,32,32,0,1T,Normal
5180,2015,20,Coritiba,coritiba,Henrique Almeida,henrique_almeida,24,24,0,1T,Normal
5182,2015,20,Joinville,joinville,Marlon,marlon,91,90,1,2T,Gol Contra
5182,2015,20,Joinville,joinville,Mario Sérgio,mario_sergio,83,83,0,2T,Normal
5182,2015,20,Fluminense,fluminense,Cícero Santos,cicero_santos,71,71,0,2T,Normal
5183,2015,20,Internacional,internacional,Paulo Marcos de Jesus Ribeiro,paulo_marcos_de_jesus_ribeiro,70,70,0,2T,Normal
5183,2015,20,Internacional,internacional,Valdívia,valdivia,4,4,0,1T,Normal
5184,2015,20,Corinthians,corinthians,Vágner Love,vagner_love,15,15,0,1T,Normal
5184,2015,20,Corinthians,corinthians,Vágner Love,vagner_love,48,48,0,2T,Normal
5184,2015,20,Corinthians,corinthians,Jadson,jadson,44,44,0,1T,Normal
5185,2015,20,Flamengo,flamengo,Ederson Honorato Campos,ederson_honorato_campos,42,42,0,1T,Normal
5185,2015,20,Flamengo,flamengo,Paolo Guerrero,paolo_guerrero,48,48,0,2T,Normal
5185,2015,20,Sao Paulo,sao_paulo,Luiz Eduardo,luiz_eduardo,36,36,0,1T,Normal
5186,2015,20,Palmeiras,palmeiras,Andrei Girotto,andrei_girotto,5,5,0,1T,Normal
5186,2015,20,Atletico-MG,atletico_mg,Lucas Pratto,lucas_pratto,37,37,0,1T,Penalty
5186,2015,20,Atletico-MG,atletico_mg,Lucas Pratto,lucas_pratto,18,18,0,1T,Normal
5187,2015,21,Figueirense,figueirense,Marcos Assis de Santana,marcos_assis_de_santana,93,90,3,2T,Normal
5188,2015,21,Sao Paulo,sao_paulo,Wilder Guisao,wilder_guisao,53,53,0,2T,Normal
5188,2015,21,Sao Paulo,sao_paulo,Michel Bastos,michel_bastos,35,35,0,1T,Normal
5188,2015,21,Sao Paulo,sao_paulo,Paulo Henrique Ganso,paulo_henrique_ganso,50,50,0,2T,Normal
5190,2015,21,Avai,avai,Léo Gamalho,leo_gamalho,84,84,0,2T,Normal
5190,2015,21,Avai,avai,Léo Gamalho,leo_gamalho,69,69,0,2T,Penalty
5190,2015,21,Avai,avai,Néstor Camacho,nestor_camacho,96,90,6,2T,Normal
5191,2015,21,Palmeiras,palmeiras,Gabriel Jesus,gabriel_jesus,68,68,0,2T,Normal
5191,2015,21,Palmeiras,palmeiras,Eduardo Pereira Rodrigues,eduardo_pereira_rodrigues,24,24,0,1T,Normal
5191,2015,21,Joinville,joinville,Marcelinho Paraíba,marcelinho_paraiba,27,27,0,1T,Normal
5191,2015,21,Palmeiras,palmeiras,Gabriel Jesus,gabriel_jesus,1,1,0,1T,Normal
5191,2015,21,Joinville,joinville,Marcelinho Paraíba,marcelinho_paraiba,28,28,0,1T,Normal
5192,2015,21,Fluminense,fluminense,Wellington Paulista,wellington_paulista,47,47,0,2T,Normal
5192,2015,21,Atletico-MG,atletico_mg,Giovanni Augusto,giovanni_augusto,22,22,0,1T,Normal
5192,2015,21,Atletico-MG,atletico_mg,Patric Cabral Lalau,patric_cabral_lalau,83,83,0,2T,Normal
5193,2015,21,Flamengo,flamengo,Éverton Cardoso da Silva,everton_cardoso_da_silva,5,5,0,1T,Normal
5194,2015,21,Chapecoense,chapecoense,Bruno Rangel,bruno_rangel,48,45,3,1T,Normal
5194,2015,21,Corinthians,corinthians,Elias Mendes Trindade,elias_mendes_trindade,10,10,0,1T,Normal
5194,2015,21,Corinthians,corinthians,Vágner Love,vagner_love,14,14,0,1T,Normal
5194,2015,21,Corinthians,corinthians,Jadson,jadson,90,90,0,2T,Penalty
5195,2015,21,Santos,santos,Ricardo Oliveira,ricardo_oliveira,43,43,0,1T,Normal
5196,2015,21,Athletico-PR,athletico_pr,Walter Henrique da Silva,walter_henrique_da_silva,78,78,0,2T,Penalty
5196,2015,21,Athletico-PR,athletico_pr,Walter Henrique da Silva,walter_henrique_da_silva,27,27,0,1T,Normal
5196,2015,21,Athletico-PR,athletico_pr,Ewandro,ewandro,90,90,0,2T,Normal
5198,2015,22,Cruzeiro,cruzeiro,Vinícius Vasconcelos Araújo,vinicius_vasconcelos_araujo,94,90,4,2T,Normal
5198,2015,22,Ponte Preta,ponte_preta,Biro-Biro,biro_biro,59,59,0,2T,Normal
5198,2015,22,Cruzeiro,cruzeiro,Willians Domingos Fernandes,willians_domingos_fernandes,43,43,0,1T,Normal
5199,2015,22,Internacional,internacional,Lisandro López,lisandro_lopez,91,90,1,2T,Normal
5199,2015,22,Internacional,internacional,Ernando Rodrigues Lopes,ernando_rodrigues_lopes,11,11,0,1T,Normal
5199,2015,22,Internacional,internacional,Valdívia,valdivia,58,58,0,2T,Normal
5199,2015,22,Internacional,internacional,Eduardo Sasha,eduardo_sasha,40,40,0,1T,Normal
5199,2015,22,Internacional,internacional,Nílton Ferreira Júnior,nilton_ferreira_junior,63,63,0,2T,Normal
5199,2015,22,Internacional,internacional,Lisandro López,lisandro_lopez,53,53,0,2T,Normal
5201,2015,22,Athletico-PR,athletico_pr,Walter Henrique da Silva,walter_henrique_da_silva,58,58,0,2T,Penalty
5200,2015,22,Flamengo,flamengo,Kayke Moreno,kayke_moreno,55,55,0,2T,Normal
5200,2015,22,Flamengo,flamengo,Kayke Moreno,kayke_moreno,76,76,0,2T,Normal
5200,2015,22,Flamengo,flamengo,Alan Patrick,alan_patrick,31,31,0,1T,Normal
5204,2015,22,Goias,goias,Bruno Henrique,bruno_henrique,63,63,0,2T,Normal
5203,2015,22,Corinthians,corinthians,Marciel Silva da Silva,marciel_silva_da_silva,5,5,0,1T,Normal
5203,2015,22,Corinthians,corinthians,Ralf de Souza Teles,ralf_de_souza_teles,71,71,0,2T,Normal
5205,2015,22,Chapecoense,chapecoense,Hélio Hermito Zampier Neto,helio_hermito_zampier_neto,83,83,0,2T,Normal
5205,2015,22,Santos,santos,Ricardo Oliveira,ricardo_oliveira,16,16,0,1T,Normal
5205,2015,22,Santos,santos,Ricardo Oliveira,ricardo_oliveira,76,76,0,2T,Normal
5205,2015,22,Santos,santos,Geuvânio,geuvanio,58,58,0,2T,Normal
5206,2015,22,Gremio,gremio,Deyvison Rogério da Silva,deyvison_rogerio_da_silva,7,7,0,1T,Normal
5206,2015,22,Gremio,gremio,Pedro Rocha Neves,pedro_rocha_neves,78,78,0,2T,Normal
5207,2015,23,Sao Paulo,sao_paulo,Michel Bastos,michel_bastos,72,72,0,2T,Normal
5207,2015,23,Sao Paulo,sao_paulo,José Rogério de Oliveira Melo,jose_rogerio_de_oliveira_melo,49,49,0,2T,Normal
5208,2015,23,Atletico-MG,atletico_mg,Jesús Dátolo,jesus_datolo,43,43,0,1T,Normal
5208,2015,23,Vasco,vasco,Nenê,nene,74,74,0,2T,Penalty
5208,2015,23,Atletico-MG,atletico_mg,Lucas Pratto,lucas_pratto,24,24,0,1T,Penalty
5210,2015,23,Cruzeiro,cruzeiro,Willian Gomes de Siqueira,willian_gomes_de_siqueira,72,72,0,2T,Normal
5210,2015,23,Cruzeiro,cruzeiro,Willian Gomes de Siqueira,willian_gomes_de_siqueira,75,75,0,2T,Normal
5210,2015,23,Cruzeiro,cruzeiro,Willian Gomes de Siqueira,willian_gomes_de_siqueira,4,4,0,1T,Normal
5210,2015,23,Cruzeiro,cruzeiro,Vinícius Vasconcelos Araújo,vinicius_vasconcelos_araujo,61,61,0,2T,Normal
5210,2015,23,Cruzeiro,cruzeiro,Willian Gomes de Siqueira,willian_gomes_de_siqueira,28,28,0,1T,Normal
5210,2015,23,Figueirense,figueirense,Marquinhos Pedroso,marquinhos_pedroso,66,66,0,2T,Normal
5212,2015,23,Gremio,gremio,Douglas dos Santos,douglas_dos_santos,52,52,0,2T,Normal
5212,2015,23,Gremio,gremio,Everton Sousa Soares,everton_sousa_soares,83,83,0,2T,Normal
5212,2015,23,Goias,goias,Bruno Henrique,bruno_henrique,44,44,0,1T,Normal
5213,2015,23,Palmeiras,palmeiras,Róbson Michael Signorini,robson_michael_signorini,26,26,0,1T,Normal
5213,2015,23,Corinthians,corinthians,Willian José de Souza,willian_jose_de_souza,38,38,0,1T,Gol Contra
5213,2015,23,Palmeiras,palmeiras,Eduardo Pereira Rodrigues,eduardo_pereira_rodrigues,42,42,0,1T,Normal
5213,2015,23,Corinthians,corinthians,Guilherme Arana,guilherme_arana,25,25,0,1T,Normal
5213,2015,23,Palmeiras,palmeiras,Lucas Rios Marques,lucas_rios_marques,19,19,0,1T,Normal
5213,2015,23,Corinthians,corinthians,Vágner Love,vagner_love,79,79,0,2T,Normal
5215,2015,23,Fluminense,fluminense,Jean Raphael Vanderlei Moreira,jean_raphael_vanderlei_moreira,58,58,0,2T,Penalty
5215,2015,23,Flamengo,flamengo,Paulinho,paulinho,68,68,0,2T,Normal
5215,2015,23,Flamengo,flamengo,Emerson Sheik,emerson_sheik,10,10,0,1T,Normal
5215,2015,23,Flamengo,flamengo,Kayke Moreno,kayke_moreno,15,15,0,1T,Normal
5214,2015,23,Coritiba,coritiba,Henrique Almeida,henrique_almeida,65,65,0,2T,Normal
5214,2015,23,Coritiba,coritiba,Henrique Almeida,henrique_almeida,83,83,0,2T,Normal
5216,2015,23,Sport,sport,André Felipe Ribeiro de Souza,andre_felipe_ribeiro_de_souza,27,27,0,1T,Normal
5216,2015,23,Santos,santos,Ricardo Oliveira,ricardo_oliveira,21,21,0,1T,Normal
5217,2015,24,Vasco,vasco,Leandro Costa Miranda Moraes,leandro_costa_miranda_moraes,75,75,0,2T,Normal
5218,2015,24,Atletico-MG,atletico_mg,Luan Madson Gedeão de Paiva,luan_madson_gedeao_de_paiva,12,12,0,1T,Normal
5218,2015,24,Atletico-MG,atletico_mg,Leonardo Silva,leonardo_silva,30,30,0,1T,Normal
5219,2015,24,Internacional,internacional,Nílton Ferreira Júnior,nilton_ferreira_junior,20,20,0,1T,Normal
5220,2015,24,Figueirense,figueirense,Clayton da Silveira da Silva,clayton_da_silveira_da_silva,44,44,0,1T,Penalty
5220,2015,24,Athletico-PR,athletico_pr,Walter Henrique da Silva,walter_henrique_da_silva,41,41,0,1T,Normal
5222,2015,24,Santos,santos,Ricardo Oliveira,ricardo_oliveira,52,52,0,2T,Normal
5222,2015,24,Santos,santos,David Braz,david_braz,32,32,0,1T,Normal
5222,2015,24,Santos,santos,Rafael Longuine,rafael_longuine,43,43,0,1T,Normal
5223,2015,24,Corinthians,corinthians,Renato Augusto,renato_augusto,66,66,0,2T,Normal
5223,2015,24,Gremio,gremio,Deyvison Rogério da Silva,deyvison_rogerio_da_silva,59,59,0,2T,Normal
5221,2015,24,Coritiba,coritiba,Henrique Almeida,henrique_almeida,29,29,0,1T,Normal
5221,2015,24,Fluminense,fluminense,Marcos Júnior,marcos_junior,60,60,0,2T,Normal
5224,2015,24,Goias,goias,Carlos Eduardo Ferreira de Souza,carlos_eduardo_ferreira_de_souza,80,80,0,2T,Normal
5226,2015,24,Flamengo,flamengo,Alan Patrick,alan_patrick,46,45,1,1T,Normal
5226,2015,24,Flamengo,flamengo,Luiz Antônio de Souza Soares,luiz_antonio_de_souza_soares,69,69,0,2T,Normal
5227,2015,25,Internacional,internacional,Victor Vinícius Coelho Santos,victor_vinicius_coelho_santos,49,45,4,1T,Normal
5228,2015,25,Palmeiras,palmeiras,Zé Roberto,ze_roberto,88,88,0,2T,Penalty
5228,2015,25,Palmeiras,palmeiras,Jackson de Souza,jackson_de_souza,46,46,0,2T,Normal
5230,2015,25,Corinthians,corinthians,Malcom Filipe Silva de Oliveira,malcom_filipe_silva_de_oliveira,39,39,0,1T,Normal
5230,2015,25,Corinthians,corinthians,Uendel Pereira Gonçalves,uendel_pereira_goncalves,58,58,0,2T,Normal
5230,2015,25,Corinthians,corinthians,Vágner Love,vagner_love,88,88,0,2T,Normal
5229,2015,25,Ponte Preta,ponte_preta,Renato Baruffi,renato_baruffi,9,9,0,1T,Normal
5229,2015,25,Ponte Preta,ponte_preta,Luiz Antonio Linhares Garcia,luiz_antonio_linhares_garcia,23,23,0,1T,Normal
5229,2015,25,Ponte Preta,ponte_preta,Borges,borges,44,44,0,1T,Normal
5229,2015,25,Santos,santos,Rafael Longuine,rafael_longuine,93,90,3,2T,Normal
5231,2015,25,Atletico-MG,atletico_mg,Carlos Júnior,carlos_junior,89,89,0,2T,Normal
5231,2015,25,Cruzeiro,cruzeiro,Willian Gomes de Siqueira,willian_gomes_de_siqueira,38,38,0,1T,Normal
5232,2015,25,Gremio,gremio,Everton Sousa Soares,everton_sousa_soares,93,90,3,2T,Normal
5232,2015,25,Sao Paulo,sao_paulo,Alexandre Pato,alexandre_pato,35,35,0,1T,Normal
5232,2015,25,Sao Paulo,sao_paulo,José Rogério de Oliveira Melo,jose_rogerio_de_oliveira_melo,91,90,1,2T,Normal
5233,2015,25,Flamengo,flamengo,Paulinho,paulinho,11,11,0,1T,Normal
5233,2015,25,Flamengo,flamengo,Héctor Canteros,hector_canteros,33,33,0,1T,Normal
5233,2015,25,Flamengo,flamengo,Kayke Moreno,kayke_moreno,88,88,0,2T,Normal
5233,2015,25,Chapecoense,chapecoense,Bruno Rangel,bruno_rangel,81,81,0,2T,Penalty
5234,2015,25,Vasco,vasco,Nenê,nene,48,48,0,2T,Penalty
5234,2015,25,Vasco,vasco,Júlio César Coelho Moraes Júnior,julio_cesar_coelho_moraes_junior,5,5,0,1T,Normal
5236,2015,25,Sport,sport,Danilo Barcelos,danilo_barcelos,18,18,0,1T,Normal
5235,2015,25,Avai,avai,Emerson dos Santos da Silva,emerson_dos_santos_da_silva,85,85,0,2T,Normal
5235,2015,25,Avai,avai,André Lima,andre_lima,93,90,3,2T,Normal
5235,2015,25,Goias,goias,Bruno Henrique,bruno_henrique,29,29,0,1T,Normal
5239,2015,26,Ponte Preta,ponte_preta,Biro-Biro,biro_biro,6,6,0,1T,Normal
5239,2015,26,Ponte Preta,ponte_preta,Alexandro da Silva Batista,alexandro_da_silva_batista,81,81,0,2T,Normal
5239,2015,26,Goias,goias,Fred,fred,26,26,0,1T,Normal
5237,2015,26,Joinville,joinville,Edigar Junio,edigar_junio,39,39,0,1T,Normal
5237,2015,26,Sport,sport,André Felipe Ribeiro de Souza,andre_felipe_ribeiro_de_souza,90,90,0,2T,Normal
5238,2015,26,Palmeiras,palmeiras,Lucas Barrios,lucas_barrios,90,90,0,2T,Normal
5238,2015,26,Palmeiras,palmeiras,Lucas Barrios,lucas_barrios,93,90,3,2T,Normal
5238,2015,26,Fluminense,fluminense,Jean Raphael Vanderlei Moreira,jean_raphael_vanderlei_moreira,37,37,0,1T,Normal
5238,2015,26,Palmeiras,palmeiras,Gabriel Jesus,gabriel_jesus,76,76,0,2T,Normal
5238,2015,26,Palmeiras,palmeiras,Lucas Barrios,lucas_barrios,69,69,0,2T,Normal
5241,2015,26,Gremio,gremio,Douglas dos Santos,douglas_dos_santos,32,32,0,1T,Normal
5241,2015,26,Gremio,gremio,Luan Guilherme de Jesus Vieira,luan_guilherme_de_jesus_vieira,47,47,0,2T,Normal
5241,2015,26,Athletico-PR,athletico_pr,Ewandro,ewandro,78,78,0,2T,Normal
5240,2015,26,Avai,avai,Renan Oliveira,renan_oliveira,81,81,0,2T,Normal
5242,2015,26,Santos,santos,Ricardo Oliveira,ricardo_oliveira,71,71,0,2T,Normal
5242,2015,26,Santos,santos,Marquinhos,marquinhos,92,90,2,2T,Normal
5242,2015,26,Santos,santos,Gabriel Barbosa,gabriel_barbosa,38,38,0,1T,Normal
5242,2015,26,Santos,santos,Gabriel Barbosa,gabriel_barbosa,55,55,0,2T,Normal
5243,2015,26,Corinthians,corinthians,Malcom Filipe Silva de Oliveira,malcom_filipe_silva_de_oliveira,18,18,0,1T,Normal
5243,2015,26,Internacional,internacional,Réver,rever,38,38,0,1T,Normal
5243,2015,26,Internacional,internacional,Valdívia,valdivia,74,74,0,2T,Normal
5244,2015,26,Vasco,vasco,Rafael Silva dos Santos,rafael_silva_dos_santos,81,81,0,2T,Normal
5244,2015,26,Cruzeiro,cruzeiro,Willian Gomes de Siqueira,willian_gomes_de_siqueira,27,27,0,1T,Normal
5244,2015,26,Cruzeiro,cruzeiro,Alisson Euler de Freitas Castro,alisson_euler_de_freitas_castro,42,42,0,1T,Normal
5244,2015,26,Vasco,vasco,Rafael Silva dos Santos,rafael_silva_dos_santos,25,25,0,1T,Normal
5246,2015,26,Coritiba,coritiba,Kléber,kleber,9,9,0,1T,Penalty
5246,2015,26,Coritiba,coritiba,Henrique Almeida,henrique_almeida,25,25,0,1T,Normal
5248,2015,27,Figueirense,figueirense,Thiago Santos Santana,thiago_santos_santana,76,76,0,2T,Normal
5248,2015,27,Internacional,internacional,Alex Raphael Meschini,alex_raphael_meschini,37,37,0,1T,Penalty
5247,2015,27,Palmeiras,palmeiras,Rafael Marques Mariano,rafael_marques_mariano,59,59,0,2T,Normal
5247,2015,27,Gremio,gremio,Luan Guilherme de Jesus Vieira,luan_guilherme_de_jesus_vieira,20,20,0,1T,Normal
5247,2015,27,Gremio,gremio,Luan Guilherme de Jesus Vieira,luan_guilherme_de_jesus_vieira,86,86,0,2T,Penalty
5247,2015,27,Palmeiras,palmeiras,Vitor Hugo Franchescoli de Souza,vitor_hugo_franchescoli_de_souza,7,7,0,1T,Normal
5247,2015,27,Palmeiras,palmeiras,Lucas Barrios,lucas_barrios,32,32,0,1T,Normal
5249,2015,27,Ponte Preta,ponte_preta,Fernando Paixão da Silva,fernando_paixao_da_silva,26,26,0,1T,Penalty
5249,2015,27,Fluminense,fluminense,Gustavo Scarpa,gustavo_scarpa,47,47,0,2T,Normal
5249,2015,27,Ponte Preta,ponte_preta,Marlon,marlon,42,42,0,1T,Gol Contra
5249,2015,27,Ponte Preta,ponte_preta,Borges,borges,8,8,0,1T,Normal
5250,2015,27,Goias,goias,Erik Nascimento de Lima,erik_nascimento_de_lima,73,73,0,2T,Penalty
5250,2015,27,Goias,goias,Fred,fred,19,19,0,1T,Normal
5250,2015,27,Goias,goias,Erik Nascimento de Lima,erik_nascimento_de_lima,88,88,0,2T,Normal
5251,2015,27,Corinthians,corinthians,Jadson,jadson,86,86,0,2T,Penalty
5251,2015,27,Corinthians,corinthians,Jadson,jadson,88,88,0,2T,Normal
5253,2015,27,Atletico-MG,atletico_mg,Jemerson de Jesus Nascimento,jemerson_de_jesus_nascimento,55,55,0,2T,Normal
5253,2015,27,Atletico-MG,atletico_mg,Jesús Dátolo,jesus_datolo,71,71,0,2T,Normal
5253,2015,27,Flamengo,flamengo,Paulinho,paulinho,19,19,0,1T,Normal
5253,2015,27,Atletico-MG,atletico_mg,Marcelo Augusto Mathias da Silva,marcelo_augusto_mathias_da_silva,16,16,0,1T,Gol Contra
5253,2015,27,Atletico-MG,atletico_mg,Jemerson de Jesus Nascimento,jemerson_de_jesus_nascimento,26,26,0,1T,Normal
5252,2015,27,Vasco,vasco,Nenê,nene,2,2,0,1T,Normal
5252,2015,27,Vasco,vasco,Rafael Vaz,rafael_vaz,49,49,0,2T,Normal
5252,2015,27,Sport,sport,José Élber Pimentel da Silva,jose_elber_pimentel_da_silva,40,40,0,1T,Normal
5254,2015,27,Avai,avai,Anderson Lopes,anderson_lopes,71,71,0,2T,Normal
5254,2015,27,Sao Paulo,sao_paulo,Breno Vinícius Rodrigues Borges,breno_vinicius_rodrigues_borges,43,43,0,1T,Normal
5254,2015,27,Avai,avai,Marquinhos Santos,marquinhos_santos,18,18,0,1T,Normal
5256,2015,27,Coritiba,coritiba,Negueba,negueba,45,45,0,1T,Normal
5256,2015,27,Coritiba,coritiba,Henrique Almeida,henrique_almeida,13,13,0,1T,Normal
5255,2015,27,Cruzeiro,cruzeiro,Rafael Lima,rafael_lima,24,24,0,1T,Gol Contra
5255,2015,27,Cruzeiro,cruzeiro,Fabiano,fabiano,11,11,0,1T,Normal
5257,2015,28,Fluminense,fluminense,Fred,fred,29,29,0,1T,Normal
5257,2015,28,Fluminense,fluminense,Gustavo Scarpa,gustavo_scarpa,50,50,0,2T,Normal
5258,2015,28,Gremio,gremio,Giuliano Victor de Paula,giuliano_victor_de_paula,24,24,0,1T,Normal
5258,2015,28,Gremio,gremio,Maximiliano Rodríguez Maeso,maximiliano_rodriguez_maeso,76,76,0,2T,Normal
5258,2015,28,Avai,avai,André Lima,andre_lima,64,64,0,2T,Normal
5258,2015,28,Gremio,gremio,Giuliano Victor de Paula,giuliano_victor_de_paula,12,12,0,1T,Normal
5259,2015,28,Ponte Preta,ponte_preta,Biro-Biro,biro_biro,15,15,0,1T,Normal
5259,2015,28,Ponte Preta,ponte_preta,Biro-Biro,biro_biro,64,64,0,2T,Normal
5259,2015,28,Athletico-PR,athletico_pr,Bruno da Mota,bruno_da_mota,29,29,0,1T,Normal
5260,2015,28,Internacional,internacional,Valdívia,valdivia,27,27,0,1T,Penalty
5260,2015,28,Santos,santos,Marquinhos,marquinhos,37,37,0,1T,Normal
5260,2015,28,Santos,santos,Gabriel Barbosa,gabriel_barbosa,60,60,0,2T,Penalty
5260,2015,28,Santos,santos,Leandro,leandro,90,90,0,2T,Normal
5261,2015,28,Flamengo,flamengo,Emerson Sheik,emerson_sheik,12,12,0,1T,Normal
5261,2015,28,Vasco,vasco,Nenê,nene,62,62,0,2T,Penalty
5261,2015,28,Vasco,vasco,Rodrigo Baldasso da Costa,rodrigo_baldasso_da_costa,58,58,0,2T,Normal
5262,2015,28,Atletico-MG,atletico_mg,Luan Madson Gedeão de Paiva,luan_madson_gedeao_de_paiva,52,52,0,2T,Normal
5262,2015,28,Atletico-MG,atletico_mg,Thiago Ribeiro,thiago_ribeiro,82,82,0,2T,Normal
5262,2015,28,Joinville,joinville,Everton Kempes dos Santos Gonçalves,everton_kempes_dos_santos_goncalves,62,62,0,2T,Normal
5262,2015,28,Joinville,joinville,Willian Popp,willian_popp,83,83,0,2T,Normal
5263,2015,28,Corinthians,corinthians,Carlos Gilberto do Nascimento Silva,carlos_gilberto_do_nascimento_silva,67,67,0,2T,Normal
5263,2015,28,Corinthians,corinthians,Renato Augusto,renato_augusto,83,83,0,2T,Normal
5263,2015,28,Figueirense,figueirense,Leandro Silva,leandro_silva,91,90,1,2T,Normal
5263,2015,28,Corinthians,corinthians,Elias Mendes Trindade,elias_mendes_trindade,15,15,0,1T,Normal
5264,2015,28,Sao Paulo,sao_paulo,Carlos Andrade Souza,carlos_andrade_souza,60,60,0,2T,Normal
5264,2015,28,Palmeiras,palmeiras,Róbson Michael Signorini,robson_michael_signorini,93,90,3,2T,Normal
5265,2015,28,Sport,sport,Diego Souza,diego_souza,25,25,0,1T,Normal
5265,2015,28,Sport,sport,Apodi,apodi,78,78,0,2T,Gol Contra
5265,2015,28,Sport,sport,Régis,regis,84,84,0,2T,Normal
5266,2015,28,Cruzeiro,cruzeiro,Ceará,ceara,22,22,0,1T,Normal
5266,2015,28,Cruzeiro,cruzeiro,Willian Gomes de Siqueira,willian_gomes_de_siqueira,66,66,0,2T,Normal
5267,2015,29,Internacional,internacional,Lisandro López,lisandro_lopez,65,65,0,2T,Normal
5267,2015,29,Internacional,internacional,Rodrigo Dourado,rodrigo_dourado,82,82,0,2T,Normal
5267,2015,29,Sport,sport,José Élber Pimentel da Silva,jose_elber_pimentel_da_silva,80,80,0,2T,Normal
5268,2015,29,Atletico-MG,atletico_mg,Leandro Silva,leandro_silva,41,41,0,1T,Gol Contra
5268,2015,29,Atletico-MG,atletico_mg,Lucas Pratto,lucas_pratto,85,85,0,2T,Penalty
5268,2015,29,Atletico-MG,atletico_mg,Giovanni Augusto,giovanni_augusto,66,66,0,2T,Normal
5269,2015,29,Sao Paulo,sao_paulo,José Rogério de Oliveira Melo,jose_rogerio_de_oliveira_melo,72,72,0,2T,Normal
5271,2015,29,Flamengo,flamengo,Ayrton Ganino,ayrton_ganino,57,57,0,2T,Normal
5271,2015,29,Flamengo,flamengo,Gabriel Santana,gabriel_santana,82,82,0,2T,Normal
5270,2015,29,Avai,avai,André Lima,andre_lima,86,86,0,2T,Normal
5270,2015,29,Vasco,vasco,Nenê,nene,45,45,0,1T,Penalty
5274,2015,29,Goias,goias,Zé Love,ze_love,50,45,5,1T,Penalty
5274,2015,29,Figueirense,figueirense,Dudu,dudu,57,57,0,2T,Normal
5274,2015,29,Figueirense,figueirense,Dudu,dudu,60,60,0,2T,Normal
5274,2015,29,Figueirense,figueirense,Rafael Bastos,rafael_bastos,87,87,0,2T,Normal
5274,2015,29,Goias,goias,Leandro Silva,leandro_silva,67,67,0,2T,Gol Contra
5275,2015,29,Ponte Preta,ponte_preta,Felipe Azevedo,felipe_azevedo,64,64,0,2T,Normal
5275,2015,29,Corinthians,corinthians,Jadson,jadson,43,43,0,1T,Normal
5275,2015,29,Corinthians,corinthians,Rodrigo Eduardo Costa Marinho,rodrigo_eduardo_costa_marinho,84,84,0,2T,Normal
5275,2015,29,Ponte Preta,ponte_preta,Elton Junior Melo Ataíde,elton_junior_melo_ataide,61,61,0,2T,Normal
5272,2015,29,Santos,santos,Lucas Rafael Araújo Lima,lucas_rafael_araujo_lima,5,5,0,1T,Normal
5272,2015,29,Santos,santos,Marquinhos,marquinhos,11,11,0,1T,Normal
5272,2015,29,Santos,santos,Neto Berola,neto_berola,84,84,0,2T,Normal
5272,2015,29,Fluminense,fluminense,Robert Gonçalves Santos,robert_goncalves_santos,92,90,2,2T,Normal
5276,2015,29,Chapecoense,chapecoense,Camilo,camilo,23,23,0,1T,Normal
5276,2015,29,Palmeiras,palmeiras,Eduardo Pereira Rodrigues,eduardo_pereira_rodrigues,58,58,0,2T,Normal
5276,2015,29,Chapecoense,chapecoense,Túlio de Melo,tulio_de_melo,55,55,0,2T,Normal
5276,2015,29,Chapecoense,chapecoense,Apodi,apodi,65,65,0,2T,Normal
5276,2015,29,Chapecoense,chapecoense,Hélio Hermito Zampier Neto,helio_hermito_zampier_neto,5,5,0,1T,Normal
5276,2015,29,Chapecoense,chapecoense,Ananias Elói Castro Monteiro,ananias_eloi_castro_monteiro,86,86,0,2T,Normal
5277,2015,30,Atletico-MG,atletico_mg,Lucas Pratto,lucas_pratto,17,17,0,1T,Penalty
5277,2015,30,Atletico-MG,atletico_mg,Marcos Rocha,marcos_rocha,70,70,0,2T,Normal
5277,2015,30,Internacional,internacional,Paulo Marcos de Jesus Ribeiro,paulo_marcos_de_jesus_ribeiro,39,39,0,1T,Normal
5278,2015,30,Sport,sport,André Felipe Ribeiro de Souza,andre_felipe_ribeiro_de_souza,63,63,0,2T,Normal
5278,2015,30,Sport,sport,André Felipe Ribeiro de Souza,andre_felipe_ribeiro_de_souza,84,84,0,2T,Normal
5278,2015,30,Sport,sport,Régis,regis,61,61,0,2T,Normal
5279,2015,30,Joinville,joinville,Marcelinho Paraíba,marcelinho_paraiba,32,32,0,1T,Penalty
5279,2015,30,Joinville,joinville,Rafael Donato,rafael_donato,57,57,0,2T,Normal
5279,2015,30,Coritiba,coritiba,Henrique Almeida,henrique_almeida,89,89,0,2T,Penalty
5279,2015,30,Joinville,joinville,Carlos Eduardo Antônio dos Santos,carlos_eduardo_antonio_dos_santos,73,73,0,2T,Normal
5280,2015,30,Figueirense,figueirense,Clayton da Silveira da Silva,clayton_da_silveira_da_silva,22,22,0,1T,Normal
5280,2015,30,Figueirense,figueirense,Clayton da Silveira da Silva,clayton_da_silveira_da_silva,66,66,0,2T,Normal
5280,2015,30,Figueirense,figueirense,Dudu,dudu,89,89,0,2T,Normal
5281,2015,30,Ponte Preta,ponte_preta,Fernando Paixão da Silva,fernando_paixao_da_silva,28,28,0,1T,Penalty
5282,2015,30,Fluminense,fluminense,Marcos Júnior,marcos_junior,49,49,0,2T,Normal
5282,2015,30,Fluminense,fluminense,Fred,fred,31,31,0,1T,Normal
5283,2015,30,Cruzeiro,cruzeiro,Giorgian De Arrascaeta,giorgian_de_arrascaeta,85,85,0,2T,Normal
5283,2015,30,Athletico-PR,athletico_pr,Ewandro,ewandro,36,36,0,1T,Normal
5283,2015,30,Athletico-PR,athletico_pr,Bruno Pereirinha,bruno_pereirinha,79,79,0,2T,Normal
5283,2015,30,Cruzeiro,cruzeiro,Fabrício dos Santos Silva,fabricio_dos_santos_silva,74,74,0,2T,Normal
5285,2015,30,Corinthians,corinthians,Rodrigo Eduardo Costa Marinho,rodrigo_eduardo_costa_marinho,88,88,0,2T,Normal
5285,2015,30,Corinthians,corinthians,Edu Dracena,edu_dracena,16,16,0,1T,Normal
5285,2015,30,Corinthians,corinthians,Malcom Filipe Silva de Oliveira,malcom_filipe_silva_de_oliveira,26,26,0,1T,Normal
5284,2015,30,Chapecoense,chapecoense,Bruno Rangel,bruno_rangel,86,86,0,2T,Penalty
5284,2015,30,Vasco,vasco,Rodrigo Baldasso da Costa,rodrigo_baldasso_da_costa,72,72,0,2T,Normal
5286,2015,30,Gremio,gremio,Bressan,bressan,27,27,0,1T,Normal
5287,2015,31,Palmeiras,palmeiras,Jonatan Cristaldo,jonatan_cristaldo,60,60,0,2T,Normal
5287,2015,31,Palmeiras,palmeiras,Eduardo Pereira Rodrigues,eduardo_pereira_rodrigues,78,78,0,2T,Normal
5287,2015,31,Avai,avai,André Lima,andre_lima,69,69,0,2T,Normal
5287,2015,31,Palmeiras,palmeiras,Gabriel Jesus,gabriel_jesus,17,17,0,1T,Normal
5288,2015,31,Joinville,joinville,Everton Kempes dos Santos Gonçalves,everton_kempes_dos_santos_goncalves,54,54,0,2T,Normal
5290,2015,31,Cruzeiro,cruzeiro,Willian Gomes de Siqueira,willian_gomes_de_siqueira,28,28,0,1T,Normal
5290,2015,31,Cruzeiro,cruzeiro,Willian Gomes de Siqueira,willian_gomes_de_siqueira,47,47,0,2T,Normal
5289,2015,31,Ponte Preta,ponte_preta,Alexandro da Silva Batista,alexandro_da_silva_batista,88,88,0,2T,Normal
5289,2015,31,Ponte Preta,ponte_preta,Biro-Biro,biro_biro,94,90,4,2T,Normal
5289,2015,31,Ponte Preta,ponte_preta,Alexandro da Silva Batista,alexandro_da_silva_batista,50,50,0,2T,Normal
5291,2015,31,Athletico-PR,athletico_pr,Bruno da Mota,bruno_da_mota,56,56,0,2T,Normal
5291,2015,31,Corinthians,corinthians,Vágner Love,vagner_love,62,62,0,2T,Normal
5291,2015,31,Corinthians,corinthians,Renato Augusto,renato_augusto,17,17,0,1T,Normal
5291,2015,31,Corinthians,corinthians,Renato Augusto,renato_augusto,46,45,1,1T,Normal
5291,2015,31,Corinthians,corinthians,Vágner Love,vagner_love,29,29,0,1T,Normal
5293,2015,31,Vasco,vasco,Rodrigo Baldasso da Costa,rodrigo_baldasso_da_costa,63,63,0,2T,Normal
5293,2015,31,Vasco,vasco,Nenê,nene,46,45,1,1T,Penalty
5293,2015,31,Sao Paulo,sao_paulo,Luís Fabiano,luis_fabiano,1,1,0,1T,Normal
5293,2015,31,Sao Paulo,sao_paulo,Rodrigo Caio,rodrigo_caio,88,88,0,2T,Normal
5292,2015,31,Internacional,internacional,Ernando Rodrigues Lopes,ernando_rodrigues_lopes,18,18,0,1T,Normal
5294,2015,31,Chapecoense,chapecoense,Apodi,apodi,95,90,5,2T,Normal
5294,2015,31,Gremio,gremio,Douglas dos Santos,douglas_dos_santos,5,5,0,1T,Normal
5294,2015,31,Gremio,gremio,Deyvison Rogério da Silva,deyvison_rogerio_da_silva,34,34,0,1T,Normal
5294,2015,31,Chapecoense,chapecoense,Túlio de Melo,tulio_de_melo,57,57,0,2T,Penalty
5294,2015,31,Chapecoense,chapecoense,Túlio de Melo,tulio_de_melo,78,78,0,2T,Normal
5295,2015,31,Goias,goias,David França Oliveira e Silva,david_franca_oliveira_e_silva,49,49,0,2T,Normal
5295,2015,31,Santos,santos,Werley Ananias da Silva,werley_ananias_da_silva,12,12,0,1T,Normal
5295,2015,31,Santos,santos,Ricardo Oliveira,ricardo_oliveira,15,15,0,1T,Normal
5295,2015,31,Santos,santos,Ricardo Oliveira,ricardo_oliveira,46,45,1,1T,Normal
5296,2015,31,Atletico-MG,atletico_mg,Thiago Ribeiro,thiago_ribeiro,84,84,0,2T,Penalty
5296,2015,31,Sport,sport,Maikon Leite,maikon_leite,54,54,0,2T,Normal
5296,2015,31,Sport,sport,Matheus Ferraz Pereira,matheus_ferraz_pereira,7,7,0,1T,Normal
5296,2015,31,Sport,sport,Diego Souza,diego_souza,23,23,0,1T,Normal
5296,2015,31,Sport,sport,José Élber Pimentel da Silva,jose_elber_pimentel_da_silva,27,27,0,1T,Normal
5297,2015,32,Athletico-PR,athletico_pr,Walter Henrique da Silva,walter_henrique_da_silva,60,60,0,2T,Normal
5298,2015,32,Internacional,internacional,Victor Vinícius Coelho Santos,victor_vinicius_coelho_santos,65,65,0,2T,Normal
5300,2015,32,Sport,sport,André Felipe Ribeiro de Souza,andre_felipe_ribeiro_de_souza,59,59,0,2T,Penalty
5300,2015,32,Sport,sport,Jonathan Marlone,jonathan_marlone,16,16,0,1T,Normal
5301,2015,32,Corinthians,corinthians,Vágner Love,vagner_love,47,45,2,1T,Normal
5302,2015,32,Coritiba,coritiba,Luis Cáceres,luis_caceres,45,45,0,1T,Normal
5302,2015,32,Sao Paulo,sao_paulo,Alan Kardec,alan_kardec,25,25,0,1T,Normal
5302,2015,32,Sao Paulo,sao_paulo,Alexandre Pato,alexandre_pato,64,64,0,2T,Normal
5305,2015,32,Cruzeiro,cruzeiro,Giorgian De Arrascaeta,giorgian_de_arrascaeta,51,51,0,2T,Normal
5306,2015,32,Atletico-MG,atletico_mg,Luan Madson Gedeão de Paiva,luan_madson_gedeao_de_paiva,51,51,0,2T,Normal
5306,2015,32,Atletico-MG,atletico_mg,Giovanni Augusto,giovanni_augusto,56,56,0,2T,Normal
5306,2015,32,Ponte Preta,ponte_preta,Renato de Araújo Chaves Júnior,renato_de_araujo_chaves_junior,92,90,2,2T,Normal
5307,2015,33,Sao Paulo,sao_paulo,Paulo Henrique Ganso,paulo_henrique_ganso,19,19,0,1T,Normal
5307,2015,33,Sao Paulo,sao_paulo,Luís Fabiano,luis_fabiano,43,43,0,1T,Normal
5307,2015,33,Sao Paulo,sao_paulo,Michel Bastos,michel_bastos,64,64,0,2T,Normal
5308,2015,33,Cruzeiro,cruzeiro,Leandro Damião,leandro_damiao,75,75,0,2T,Normal
5308,2015,33,Avai,avai,Rômulo,romulo,52,52,0,2T,Normal
5309,2015,33,Ponte Preta,ponte_preta,Guti,guti,55,55,0,2T,Gol Contra
5310,2015,33,Coritiba,coritiba,Juan Maldonado Jaimez Júnior,juan_maldonado_jaimez_junior,24,24,0,1T,Normal
5310,2015,33,Figueirense,figueirense,Yago Rocha,yago_rocha,40,40,0,1T,Normal
5313,2015,33,Gremio,gremio,Everton Sousa Soares,everton_sousa_soares,52,52,0,2T,Normal
5313,2015,33,Gremio,gremio,Deyvison Rogério da Silva,deyvison_rogerio_da_silva,85,85,0,2T,Normal
5314,2015,33,Corinthians,corinthians,Malcom Filipe Silva de Oliveira,malcom_filipe_silva_de_oliveira,68,68,0,2T,Normal
5314,2015,33,Corinthians,corinthians,Vágner Love,vagner_love,75,75,0,2T,Normal
5314,2015,33,Corinthians,corinthians,Lucca Borges de Brito,lucca_borges_de_brito,85,85,0,2T,Normal
5312,2015,33,Santos,santos,Ricardo Oliveira,ricardo_oliveira,49,49,0,2T,Normal
5312,2015,33,Palmeiras,palmeiras,Eduardo Pereira Rodrigues,eduardo_pereira_rodrigues,75,75,0,2T,Normal
5312,2015,33,Santos,santos,Thiago Maia,thiago_maia,27,27,0,1T,Normal
5315,2015,33,Fluminense,fluminense,Gerson Santos da Silva,gerson_santos_da_silva,48,45,3,1T,Normal
5316,2015,33,Goias,goias,Zé Love,ze_love,48,48,0,2T,Normal
5316,2015,33,Goias,goias,Bruno Henrique,bruno_henrique,51,51,0,2T,Normal
5316,2015,33,Internacional,internacional,Valdívia,valdivia,20,20,0,1T,Normal
5317,2015,34,Internacional,internacional,Victor Vinícius Coelho Santos,victor_vinicius_coelho_santos,88,88,0,2T,Normal
5318,2015,34,Corinthians,corinthians,Lucca Borges de Brito,lucca_borges_de_brito,88,88,0,2T,Normal
5318,2015,34,Coritiba,coritiba,Negueba,negueba,47,47,0,2T,Normal
5318,2015,34,Corinthians,corinthians,Jadson,jadson,16,16,0,1T,Penalty
5319,2015,34,Avai,avai,Anderson Lopes,anderson_lopes,59,59,0,2T,Normal
5319,2015,34,Athletico-PR,athletico_pr,Walter Henrique da Silva,walter_henrique_da_silva,35,35,0,1T,Normal
5319,2015,34,Athletico-PR,athletico_pr,Sidcley Ferreira Pereira,sidcley_ferreira_pereira,43,43,0,1T,Normal
5320,2015,34,Chapecoense,chapecoense,Camilo,camilo,64,64,0,2T,Normal
5320,2015,34,Fluminense,fluminense,Gustavo Scarpa,gustavo_scarpa,48,48,0,2T,Normal
5320,2015,34,Chapecoense,chapecoense,Túlio de Melo,tulio_de_melo,30,30,0,1T,Normal
5320,2015,34,Fluminense,fluminense,Jean Raphael Vanderlei Moreira,jean_raphael_vanderlei_moreira,20,20,0,1T,Penalty
5320,2015,34,Chapecoense,chapecoense,Thiego,thiego,34,34,0,1T,Normal
5322,2015,34,Flamengo,flamengo,Alan Patrick,alan_patrick,48,48,0,2T,Normal
5322,2015,34,Flamengo,flamengo,Kayke Moreno,kayke_moreno,51,51,0,2T,Normal
5322,2015,34,Flamengo,flamengo,Kayke Moreno,kayke_moreno,64,64,0,2T,Normal
5322,2015,34,Flamengo,flamengo,Alan Patrick,alan_patrick,19,19,0,1T,Normal
5322,2015,34,Goias,goias,Erik Nascimento de Lima,erik_nascimento_de_lima,47,45,2,1T,Normal
5323,2015,34,Cruzeiro,cruzeiro,Willian Gomes de Siqueira,willian_gomes_de_siqueira,33,33,0,1T,Normal
5323,2015,34,Cruzeiro,cruzeiro,Leandro Damião,leandro_damiao,81,81,0,2T,Normal
5323,2015,34,Sao Paulo,sao_paulo,Luís Fabiano,luis_fabiano,31,31,0,1T,Normal
5324,2015,34,Atletico-MG,atletico_mg,Jesús Dátolo,jesus_datolo,90,90,0,2T,Normal
5321,2015,34,Vasco,vasco,Rafael Silva dos Santos,rafael_silva_dos_santos,35,35,0,1T,Normal
5321,2015,34,Vasco,vasco,Nenê,nene,40,40,0,1T,Normal
5326,2015,34,Sport,sport,André Felipe Ribeiro de Souza,andre_felipe_ribeiro_de_souza,69,69,0,2T,Normal
5327,2015,35,Cruzeiro,cruzeiro,Willians Domingos Fernandes,willians_domingos_fernandes,59,59,0,2T,Penalty
5327,2015,35,Cruzeiro,cruzeiro,Durval,durval,61,61,0,2T,Gol Contra
5327,2015,35,Cruzeiro,cruzeiro,Marcos Vinícius de Jesus Araújo,marcos_vinicius_de_jesus_araujo,66,66,0,2T,Normal
5328,2015,35,Coritiba,coritiba,João Paulo Silva,joao_paulo_silva,48,45,3,1T,Normal
5328,2015,35,Coritiba,coritiba,Henrique Almeida,henrique_almeida,93,90,3,2T,Normal
5328,2015,35,Goias,goias,Fred,fred,80,80,0,2T,Normal
5328,2015,35,Coritiba,coritiba,Juan Maldonado Jaimez Júnior,juan_maldonado_jaimez_junior,1,1,0,1T,Normal
5329,2015,35,Figueirense,figueirense,Clayton da Silveira da Silva,clayton_da_silveira_da_silva,14,14,0,1T,Penalty
5331,2015,35,Palmeiras,palmeiras,Róbson Michael Signorini,robson_michael_signorini,54,54,0,2T,Normal
5331,2015,35,Athletico-PR,athletico_pr,Marcos Guilherme,marcos_guilherme,2,2,0,1T,Normal
5331,2015,35,Palmeiras,palmeiras,Jackson de Souza,jackson_de_souza,74,74,0,2T,Normal
5331,2015,35,Athletico-PR,athletico_pr,Ewandro,ewandro,84,84,0,2T,Normal
5331,2015,35,Palmeiras,palmeiras,Alecsandro,alecsandro,95,90,5,2T,Normal
5331,2015,35,Athletico-PR,athletico_pr,Ewandro,ewandro,86,86,0,2T,Normal
5330,2015,35,Joinville,joinville,Fernando Viana,fernando_viana,42,42,0,1T,Normal
5330,2015,35,Avai,avai,André Lima,andre_lima,19,19,0,1T,Normal
5330,2015,35,Avai,avai,Éverton Silva,everton_silva,88,88,0,2T,Normal
5332,2015,35,Gremio,gremio,Luan Guilherme de Jesus Vieira,luan_guilherme_de_jesus_vieira,60,60,0,2T,Penalty
5333,2015,35,Chapecoense,chapecoense,Ananias Elói Castro Monteiro,ananias_eloi_castro_monteiro,64,64,0,2T,Normal
5334,2015,35,Sao Paulo,sao_paulo,Alan Kardec,alan_kardec,69,69,0,2T,Normal
5334,2015,35,Atletico-MG,atletico_mg,Jesús Dátolo,jesus_datolo,70,70,0,2T,Normal
5334,2015,35,Sao Paulo,sao_paulo,Alan Kardec,alan_kardec,85,85,0,2T,Normal
5334,2015,35,Sao Paulo,sao_paulo,Michel Bastos,michel_bastos,75,75,0,2T,Normal
5334,2015,35,Sao Paulo,sao_paulo,Luís Fabiano,luis_fabiano,91,90,1,2T,Penalty
5334,2015,35,Atletico-MG,atletico_mg,Luan Madson Gedeão de Paiva,luan_madson_gedeao_de_paiva,57,57,0,2T,Normal
5336,2015,35,Vasco,vasco,Júlio César Coelho Moraes Júnior,julio_cesar_coelho_moraes_junior,72,72,0,2T,Normal
5336,2015,35,Corinthians,corinthians,Vágner Love,vagner_love,82,82,0,2T,Normal
5337,2015,36,Cruzeiro,cruzeiro,Marcos Vinícius de Jesus Araújo,marcos_vinicius_de_jesus_araujo,20,20,0,1T,Normal
5337,2015,36,Palmeiras,palmeiras,Lucas Barrios,lucas_barrios,71,71,0,2T,Normal
5339,2015,36,Atletico-MG,atletico_mg,Luan Madson Gedeão de Paiva,luan_madson_gedeao_de_paiva,23,23,0,1T,Normal
5339,2015,36,Atletico-MG,atletico_mg,Marcos Rocha,marcos_rocha,57,57,0,2T,Normal
5339,2015,36,Goias,goias,Erik Nascimento de Lima,erik_nascimento_de_lima,39,39,0,1T,Normal
5339,2015,36,Goias,goias,Bruno Henrique,bruno_henrique,60,60,0,2T,Normal
5340,2015,36,Internacional,internacional,Victor Vinícius Coelho Santos,victor_vinicius_coelho_santos,53,53,0,2T,Normal
5342,2015,36,Corinthians,corinthians,Cristian Baroni,cristian_baroni,76,76,0,2T,Penalty
5342,2015,36,Corinthians,corinthians,Edu Dracena,edu_dracena,46,45,1,1T,Normal
5342,2015,36,Corinthians,corinthians,Bruno Henrique Corsini,bruno_henrique_corsini,27,27,0,1T,Normal
5342,2015,36,Corinthians,corinthians,Lucca Borges de Brito,lucca_borges_de_brito,61,61,0,2T,Normal
5342,2015,36,Corinthians,corinthians,Ángel Romero,angel_romero,29,29,0,1T,Normal
5342,2015,36,Sao Paulo,sao_paulo,Carlos Andrade Souza,carlos_andrade_souza,70,70,0,2T,Normal
5342,2015,36,Corinthians,corinthians,Ángel Romero,angel_romero,64,64,0,2T,Normal
5338,2015,36,Joinville,joinville,Rafael Donato,rafael_donato,81,81,0,2T,Normal
5338,2015,36,Vasco,vasco,Nenê,nene,5,5,0,1T,Normal
5338,2015,36,Vasco,vasco,Duvier Riascos,duvier_riascos,10,10,0,1T,Normal
5343,2015,36,Ponte Preta,ponte_preta,Diego Oliveira,diego_oliveira,77,77,0,2T,Normal
5343,2015,36,Flamengo,flamengo,Gabriel Santana,gabriel_santana,56,56,0,2T,Normal
5344,2015,36,Avai,avai,Léo Gamalho,leo_gamalho,90,90,0,2T,Normal
5344,2015,36,Fluminense,fluminense,Gum,gum,21,21,0,1T,Normal
5344,2015,36,Fluminense,fluminense,Osvaldo Filho,osvaldo_filho,75,75,0,2T,Normal
5344,2015,36,Fluminense,fluminense,Fred,fred,86,86,0,2T,Normal
5345,2015,36,Coritiba,coritiba,Henrique Almeida,henrique_almeida,58,58,0,2T,Normal
5347,2015,37,Sao Paulo,sao_paulo,Thiago Henrique Mendes Ribeiro,thiago_henrique_mendes_ribeiro,94,90,4,2T,Normal
5347,2015,37,Figueirense,figueirense,Clayton da Silveira da Silva,clayton_da_silveira_da_silva,28,28,0,1T,Normal
5347,2015,37,Sao Paulo,sao_paulo,Luís Fabiano,luis_fabiano,11,11,0,1T,Normal
5347,2015,37,Figueirense,figueirense,Carlos Alberto Gomes de Jesus,carlos_alberto_gomes_de_jesus,75,75,0,2T,Normal
5347,2015,37,Sao Paulo,sao_paulo,Alan Kardec,alan_kardec,91,90,1,2T,Normal
5348,2015,37,Fluminense,fluminense,Cícero Santos,cicero_santos,74,74,0,2T,Penalty
5348,2015,37,Internacional,internacional,Victor Vinícius Coelho Santos,victor_vinicius_coelho_santos,4,4,0,1T,Normal
5349,2015,37,Avai,avai,Antonio Carlos Capocasali,antonio_carlos_capocasali,66,66,0,2T,Normal
5351,2015,37,Cruzeiro,cruzeiro,Charles Fernando Basílio da Silva,charles_fernando_basilio_da_silva,40,40,0,1T,Normal
5351,2015,37,Cruzeiro,cruzeiro,Alisson Euler de Freitas Castro,alisson_euler_de_freitas_castro,64,64,0,2T,Normal
5351,2015,37,Cruzeiro,cruzeiro,Willian Gomes de Siqueira,willian_gomes_de_siqueira,35,35,0,1T,Normal
5352,2015,37,Atletico-MG,atletico_mg,Lucas Pratto,lucas_pratto,42,42,0,1T,Penalty
5352,2015,37,Gremio,gremio,Everton Sousa Soares,everton_sousa_soares,30,30,0,1T,Normal
5352,2015,37,Gremio,gremio,Luan Guilherme de Jesus Vieira,luan_guilherme_de_jesus_vieira,69,69,0,2T,Normal
5350,2015,37,Sport,sport,Matheus Ferraz Pereira,matheus_ferraz_pereira,24,24,0,1T,Normal
5350,2015,37,Sport,sport,André Felipe Ribeiro de Souza,andre_felipe_ribeiro_de_souza,91,90,1,2T,Normal
5355,2015,37,Coritiba,coritiba,Henrique Almeida,henrique_almeida,94,90,4,2T,Normal
5355,2015,37,Coritiba,coritiba,Juan Maldonado Jaimez Júnior,juan_maldonado_jaimez_junior,24,24,0,1T,Normal
5353,2015,37,Chapecoense,chapecoense,Túlio de Melo,tulio_de_melo,46,46,0,2T,Normal
5353,2015,37,Goias,goias,Fred,fred,33,33,0,1T,Normal
5353,2015,37,Goias,goias,Fred,fred,78,78,0,2T,Normal
5353,2015,37,Goias,goias,Erik Nascimento de Lima,erik_nascimento_de_lima,29,29,0,1T,Penalty
5354,2015,37,Vasco,vasco,Nenê,nene,45,45,0,1T,Penalty
5356,2015,37,Athletico-PR,athletico_pr,Roberto Heuchayer,roberto_heuchayer,13,13,0,1T,Normal
5356,2015,37,Athletico-PR,athletico_pr,Cleberson Martins de Souza,cleberson_martins_de_souza,33,33,0,1T,Normal
5356,2015,37,Athletico-PR,athletico_pr,Cleberson Martins de Souza,cleberson_martins_de_souza,67,67,0,2T,Normal
5365,2015,38,Gremio,gremio,Deyvison Rogério da Silva,deyvison_rogerio_da_silva,60,60,0,2T,Normal
5365,2015,38,Gremio,gremio,Marcelo Oliveira Ferreira,marcelo_oliveira_ferreira,6,6,0,1T,Normal
5358,2015,38,Palmeiras,palmeiras,Vitor Hugo Franchescoli de Souza,vitor_hugo_franchescoli_de_souza,90,90,0,2T,Normal
5358,2015,38,Flamengo,flamengo,Marcos Rogério Ricci Lopes,marcos_rogerio_ricci_lopes,76,76,0,2T,Normal
5358,2015,38,Palmeiras,palmeiras,Eduardo Pereira Rodrigues,eduardo_pereira_rodrigues,72,72,0,2T,Normal
5360,2015,38,Santos,santos,Gabriel Barbosa,gabriel_barbosa,29,29,0,1T,Normal
5360,2015,38,Santos,santos,Gabriel Barbosa,gabriel_barbosa,60,60,0,2T,Normal
5360,2015,38,Santos,santos,Geuvânio,geuvanio,14,14,0,1T,Normal
5360,2015,38,Santos,santos,Vitor Bueno,vitor_bueno,73,73,0,2T,Normal
5360,2015,38,Santos,santos,Geuvânio,geuvanio,80,80,0,2T,Normal
5360,2015,38,Athletico-PR,athletico_pr,Cleberson Martins de Souza,cleberson_martins_de_souza,12,12,0,1T,Normal
5364,2015,38,Atletico-MG,atletico_mg,Thiago Ribeiro,thiago_ribeiro,39,39,0,1T,Normal
5364,2015,38,Atletico-MG,atletico_mg,Leonardo Silva,leonardo_silva,51,51,0,2T,Normal
5364,2015,38,Atletico-MG,atletico_mg,Patric Cabral Lalau,patric_cabral_lalau,68,68,0,2T,Normal
5361,2015,38,Sport,sport,Diego Souza,diego_souza,62,62,0,2T,Normal
5357,2015,38,Internacional,internacional,Victor Vinícius Coelho Santos,victor_vinicius_coelho_santos,26,26,0,1T,Normal
5357,2015,38,Internacional,internacional,Victor Vinícius Coelho Santos,victor_vinicius_coelho_santos,62,62,0,2T,Normal
5359,2015,38,Figueirense,figueirense,Marcos Assis de Santana,marcos_assis_de_santana,49,49,0,2T,Normal
5362,2015,38,Sao Paulo,sao_paulo,José Rogério de Oliveira Melo,jose_rogerio_de_oliveira_melo,93,90,3,2T,Normal
5363,2015,38,Corinthians,corinthians,Vágner Love,vagner_love,78,78,0,2T,Normal
5363,2015,38,Avai,avai,Claudinei Junio de Souza,claudinei_junio_de_souza,57,57,0,2T,Normal
5368,2016,1,Flamengo,flamengo,Éverton Cardoso da Silva,everton_cardoso_da_silva,5,5,0,1T,Normal
5367,2016,1,Palmeiras,palmeiras,Thiago Martins Bueno,thiago_martins_bueno,52,52,0,2T,Normal
5367,2016,1,Palmeiras,palmeiras,Róger Guedes,roger_guedes,19,19,0,1T,Normal
5367,2016,1,Palmeiras,palmeiras,Gabriel Jesus,gabriel_jesus,46,46,0,2T,Normal
5367,2016,1,Palmeiras,palmeiras,Gabriel Jesus,gabriel_jesus,87,87,0,2T,Normal
5369,2016,1,Atletico-MG,atletico_mg,Juan Cazares,juan_cazares,15,15,0,1T,Normal
5370,2016,1,Coritiba,coritiba,Kléber,kleber,71,71,0,2T,Normal
5371,2016,1,Santa Cruz,santa_cruz,Grafite,grafite,28,28,0,1T,Normal
5371,2016,1,Santa Cruz,santa_cruz,Keno,keno,87,87,0,2T,Penalty
5371,2016,1,Santa Cruz,santa_cruz,Grafite,grafite,44,44,0,1T,Normal
5371,2016,1,Santa Cruz,santa_cruz,Fernando Gabriel Vougado Ribeiro,fernando_gabriel_vougado_ribeiro,85,85,0,2T,Normal
5371,2016,1,Vitoria,vitoria,Kieza,kieza,80,80,0,2T,Normal
5372,2016,1,Sao Paulo,sao_paulo,Lucas Fernandes,lucas_fernandes,22,22,0,1T,Normal
5375,2016,1,Fluminense,fluminense,Fred,fred,39,39,0,1T,Normal
5377,2016,2,Palmeiras,palmeiras,Moisés Lima Magalhães,moises_lima_magalhaes,91,90,1,2T,Normal
5377,2016,2,Ponte Preta,ponte_preta,Felipe Azevedo,felipe_azevedo,24,24,0,1T,Normal
5377,2016,2,Ponte Preta,ponte_preta,Felipe Azevedo,felipe_azevedo,33,33,0,1T,Normal
5378,2016,2,Santa Cruz,santa_cruz,Grafite,grafite,53,53,0,2T,Normal
5378,2016,2,Fluminense,fluminense,Gustavo Scarpa,gustavo_scarpa,57,57,0,2T,Normal
5378,2016,2,Santa Cruz,santa_cruz,Grafite,grafite,83,83,0,2T,Penalty
5378,2016,2,Fluminense,fluminense,Gum,gum,60,60,0,2T,Normal
5379,2016,2,Figueirense,figueirense,Rafael Moura,rafael_moura,55,55,0,2T,Normal
5379,2016,2,Cruzeiro,cruzeiro,José Élber Pimentel da Silva,jose_elber_pimentel_da_silva,56,56,0,2T,Normal
5379,2016,2,Cruzeiro,cruzeiro,Douglas Coutinho,douglas_coutinho,63,63,0,2T,Normal
5379,2016,2,Figueirense,figueirense,Rafael Moura,rafael_moura,41,41,0,1T,Normal
5380,2016,2,Santos,santos,Vitor Bueno,vitor_bueno,62,62,0,2T,Normal
5380,2016,2,Santos,santos,Renato Dirnei Florêncio,renato_dirnei_florencio,97,90,7,2T,Normal
5380,2016,2,Coritiba,coritiba,Kléber,kleber,20,20,0,1T,Normal
5381,2016,2,Athletico-PR,athletico_pr,André Lima,andre_lima,10,10,0,1T,Normal
5381,2016,2,Atletico-MG,atletico_mg,Juan Cazares,juan_cazares,77,77,0,2T,Penalty
5382,2016,2,Corinthians,corinthians,Uendel Pereira Gonçalves,uendel_pereira_goncalves,26,26,0,1T,Normal
5382,2016,2,Vitoria,vitoria,Leandro Domingues,leandro_domingues,30,30,0,1T,Normal
5382,2016,2,Corinthians,corinthians,Fagner,fagner,39,39,0,1T,Normal
5382,2016,2,Vitoria,vitoria,Mário Sérgio Santos Costa,mario_sergio_santos_costa,56,56,0,2T,Normal
5382,2016,2,Vitoria,vitoria,Kieza,kieza,64,64,0,2T,Normal
5383,2016,2,Chapecoense,chapecoense,Bruno Rangel,bruno_rangel,48,48,0,2T,Penalty
5383,2016,2,America-MG,america_mg,Rafael Bastos,rafael_bastos,20,20,0,1T,Penalty
5383,2016,2,Chapecoense,chapecoense,Bruno Rangel,bruno_rangel,78,78,0,2T,Normal
5383,2016,2,Chapecoense,chapecoense,Silvinho,silvinho,77,77,0,2T,Normal
5384,2016,2,Sao Paulo,sao_paulo,Diego Lugano,diego_lugano,87,87,0,2T,Normal
5384,2016,2,Internacional,internacional,Eduardo Sasha,eduardo_sasha,37,37,0,1T,Normal
5384,2016,2,Internacional,internacional,Eduardo Sasha,eduardo_sasha,89,89,0,2T,Normal
5385,2016,2,Gremio,gremio,Fred,fred,54,54,0,2T,Normal
5386,2016,2,Sport,sport,Diego Souza,diego_souza,17,17,0,1T,Normal
5386,2016,2,Botafogo-RJ,botafogo_rj,Fernandes,fernandes,29,29,0,1T,Normal
5387,2016,3,Figueirense,figueirense,Rafael Moura,rafael_moura,38,38,0,1T,Normal
5387,2016,3,Santos,santos,Vitor Bueno,vitor_bueno,42,42,0,1T,Penalty
5387,2016,3,Figueirense,figueirense,Gustavo Ermel,gustavo_ermel,92,90,2,2T,Normal
5387,2016,3,Santos,santos,Joel Tagueu,joel_tagueu,57,57,0,2T,Penalty
5388,2016,3,Botafogo-RJ,botafogo_rj,Ribamar,ribamar,18,18,0,1T,Normal
5388,2016,3,Botafogo-RJ,botafogo_rj,Neilton Mestzk,neilton_mestzk,73,73,0,2T,Normal
5388,2016,3,Athletico-PR,athletico_pr,Vinícius,vinicius,58,58,0,2T,Normal
5389,2016,3,Chapecoense,chapecoense,Hyoran,hyoran,80,80,0,2T,Normal
5389,2016,3,Flamengo,flamengo,Alan Patrick,alan_patrick,96,90,6,2T,Penalty
5389,2016,3,Chapecoense,chapecoense,Bruno Rangel,bruno_rangel,13,13,0,1T,Penalty
5389,2016,3,Flamengo,flamengo,Felipe Vizeu,felipe_vizeu,8,8,0,1T,Normal
5390,2016,3,America-MG,america_mg,Victor Rangel,victor_rangel,74,74,0,2T,Normal
5390,2016,3,Vitoria,vitoria,Kieza,kieza,85,85,0,2T,Normal
5391,2016,3,Santa Cruz,santa_cruz,Arthur Caike do Nascimento Cruz,arthur_caike_do_nascimento_cruz,77,77,0,2T,Normal
5391,2016,3,Santa Cruz,santa_cruz,Keno,keno,90,90,0,2T,Normal
5391,2016,3,Cruzeiro,cruzeiro,Giorgian De Arrascaeta,giorgian_de_arrascaeta,53,53,0,2T,Normal
5391,2016,3,Santa Cruz,santa_cruz,Grafite,grafite,20,20,0,1T,Penalty
5391,2016,3,Santa Cruz,santa_cruz,Grafite,grafite,64,64,0,2T,Normal
5393,2016,3,Coritiba,coritiba,Alan Santos da Silva,alan_santos_da_silva,63,63,0,2T,Normal
5393,2016,3,Sao Paulo,sao_paulo,José Rogério de Oliveira Melo,jose_rogerio_de_oliveira_melo,79,79,0,2T,Normal
5392,2016,3,Palmeiras,palmeiras,Alecsandro,alecsandro,59,59,0,2T,Normal
5392,2016,3,Palmeiras,palmeiras,Vitor Hugo Franchescoli de Souza,vitor_hugo_franchescoli_de_souza,57,57,0,2T,Normal
5394,2016,3,Corinthians,corinthians,Guilherme Milhomem Gusmão,guilherme_milhomem_gusmao,79,79,0,2T,Normal
5394,2016,3,Corinthians,corinthians,Kadu,kadu,15,15,0,1T,Gol Contra
5394,2016,3,Corinthians,corinthians,Bruno Henrique Corsini,bruno_henrique_corsini,22,22,0,1T,Normal
5395,2016,3,Internacional,internacional,Renê Rodrigues Martins,rene_rodrigues_martins,58,58,0,2T,Gol Contra
5396,2016,3,Gremio,gremio,Marcelo Oliveira Ferreira,marcelo_oliveira_ferreira,18,18,0,1T,Normal
5396,2016,3,Gremio,gremio,Luan Guilherme de Jesus Vieira,luan_guilherme_de_jesus_vieira,26,26,0,1T,Normal
5396,2016,3,Gremio,gremio,Luan Guilherme de Jesus Vieira,luan_guilherme_de_jesus_vieira,48,45,3,1T,Normal
5397,2016,4,Cruzeiro,cruzeiro,Giorgian De Arrascaeta,giorgian_de_arrascaeta,82,82,0,2T,Normal
5397,2016,4,America-MG,america_mg,Victor Rangel,victor_rangel,29,29,0,1T,Normal
5398,2016,4,Figueirense,figueirense,Bruno Alves,bruno_alves,74,74,0,2T,Normal
5398,2016,4,Athletico-PR,athletico_pr,Ewandro,ewandro,23,23,0,1T,Normal
5398,2016,4,Athletico-PR,athletico_pr,Thiago Heleno,thiago_heleno,44,44,0,1T,Normal
5399,2016,4,Chapecoense,chapecoense,Tiago da Costa Silva,tiago_da_costa_silva,84,84,0,2T,Gol Contra
5399,2016,4,Santa Cruz,santa_cruz,Arthur Caike do Nascimento Cruz,arthur_caike_do_nascimento_cruz,38,38,0,1T,Normal
5400,2016,4,Flamengo,flamengo,Felipe Azevedo,felipe_azevedo,21,21,0,1T,Gol Contra
5400,2016,4,Ponte Preta,ponte_preta,Wellington Paulista,wellington_paulista,12,12,0,1T,Normal
5400,2016,4,Flamengo,flamengo,Jorge Marco de Oliveira Moraes,jorge_marco_de_oliveira_moraes,42,42,0,1T,Normal
5401,2016,4,Corinthians,corinthians,Lucca Borges de Brito,lucca_borges_de_brito,70,70,0,2T,Normal
5401,2016,4,Corinthians,corinthians,Marquinhos,marquinhos,79,79,0,2T,Normal
5402,2016,4,Fluminense,fluminense,Fred,fred,51,51,0,2T,Normal
5403,2016,4,Atletico-MG,atletico_mg,Patric Cabral Lalau,patric_cabral_lalau,37,37,0,1T,Normal
5403,2016,4,Vitoria,vitoria,Kieza,kieza,79,79,0,2T,Normal
5404,2016,4,Sao Paulo,sao_paulo,Paulo Henrique Ganso,paulo_henrique_ganso,12,12,0,1T,Normal
5405,2016,4,Gremio,gremio,Everton Sousa Soares,everton_sousa_soares,40,40,0,1T,Normal
5405,2016,4,Gremio,gremio,Luan Guilherme de Jesus Vieira,luan_guilherme_de_jesus_vieira,68,68,0,2T,Penalty
5406,2016,4,Internacional,internacional,Aylon,aylon,84,84,0,2T,Normal
5407,2016,5,Internacional,internacional,Victor Vinícius Coelho Santos,victor_vinicius_coelho_santos,39,39,0,1T,Normal
5410,2016,5,Coritiba,coritiba,Jorge Ortega,jorge_ortega,67,67,0,2T,Normal
5410,2016,5,Chapecoense,chapecoense,Bruno Rangel,bruno_rangel,24,24,0,1T,Penalty
5410,2016,5,Coritiba,coritiba,José Carlos Ferreira Júnior,jose_carlos_ferreira_junior,94,90,4,2T,Normal
5410,2016,5,Chapecoense,chapecoense,Bruno Rangel,bruno_rangel,40,40,0,1T,Penalty
5410,2016,5,Chapecoense,chapecoense,Bruno Rangel,bruno_rangel,82,82,0,2T,Normal
5410,2016,5,Coritiba,coritiba,Rafael Marques Pinto,rafael_marques_pinto,9,9,0,1T,Normal
5410,2016,5,Chapecoense,chapecoense,Lucas Gomes,lucas_gomes,89,89,0,2T,Normal
5409,2016,5,Sport,sport,Edmilson dos Santos Silva,edmilson_dos_santos_silva,9,9,0,1T,Normal
5408,2016,5,Corinthians,corinthians,Giovanni Augusto,giovanni_augusto,82,82,0,2T,Normal
5411,2016,5,Atletico-MG,atletico_mg,Tiago Pagnussat,tiago_pagnussat,2,2,0,1T,Normal
5411,2016,5,Fluminense,fluminense,Gustavo Scarpa,gustavo_scarpa,31,31,0,1T,Normal
5413,2016,5,Cruzeiro,cruzeiro,José Élber Pimentel da Silva,jose_elber_pimentel_da_silva,27,27,0,1T,Normal
5412,2016,5,Figueirense,figueirense,Rafael Moura,rafael_moura,16,16,0,1T,Normal
5414,2016,5,America-MG,america_mg,Danilo Barcelos,danilo_barcelos,24,24,0,1T,Normal
5414,2016,5,Ponte Preta,ponte_preta,Felipe Azevedo,felipe_azevedo,6,6,0,1T,Normal
5414,2016,5,Ponte Preta,ponte_preta,Clayson Henrique da Silva Vieira,clayson_henrique_da_silva_vieira,19,19,0,1T,Normal
5416,2016,5,Flamengo,flamengo,Felipe Vizeu,felipe_vizeu,64,64,0,2T,Normal
5415,2016,5,Palmeiras,palmeiras,Róger Guedes,roger_guedes,57,57,0,2T,Normal
5415,2016,5,Gremio,gremio,Giuliano Victor de Paula,giuliano_victor_de_paula,55,55,0,2T,Normal
5415,2016,5,Palmeiras,palmeiras,Vitor Hugo Franchescoli de Souza,vitor_hugo_franchescoli_de_souza,73,73,0,2T,Normal
5415,2016,5,Gremio,gremio,Edílson Mendes Guimarães,edilson_mendes_guimaraes,91,90,1,2T,Normal
5415,2016,5,Palmeiras,palmeiras,Thiago dos Santos,thiago_dos_santos,84,84,0,2T,Normal
5415,2016,5,Palmeiras,palmeiras,Gabriel Jesus,gabriel_jesus,2,2,0,1T,Normal
5415,2016,5,Gremio,gremio,Giuliano Victor de Paula,giuliano_victor_de_paula,50,45,5,1T,Normal
5417,2016,6,Athletico-PR,athletico_pr,Deivid Willian da Silva,deivid_willian_da_silva,59,59,0,2T,Normal
5419,2016,6,Corinthians,corinthians,André Felipe Ribeiro de Souza,andre_felipe_ribeiro_de_souza,89,89,0,2T,Normal
5419,2016,6,Corinthians,corinthians,Uendel Pereira Gonçalves,uendel_pereira_goncalves,95,90,5,2T,Normal
5419,2016,6,Coritiba,coritiba,Negueba,negueba,47,45,2,1T,Normal
5420,2016,6,America-MG,america_mg,Osman,osman,71,71,0,2T,Normal
5421,2016,6,Santos,santos,Vitor Bueno,vitor_bueno,11,11,0,1T,Normal
5421,2016,6,Santos,santos,Paulinho,paulinho,35,35,0,1T,Normal
5421,2016,6,Santos,santos,Bruno César Pereira da Silva,bruno_cesar_pereira_da_silva,70,70,0,2T,Gol Contra
5422,2016,6,Vitoria,vitoria,Mário Sérgio Santos Costa,mario_sergio_santos_costa,4,4,0,1T,Normal
5423,2016,6,Sport,sport,Gabriel Xavier,gabriel_xavier,45,45,0,1T,Normal
5423,2016,6,Atletico-MG,atletico_mg,Patric Cabral Lalau,patric_cabral_lalau,42,42,0,1T,Normal
5423,2016,6,Sport,sport,Edmilson dos Santos Silva,edmilson_dos_santos_silva,73,73,0,2T,Normal
5423,2016,6,Sport,sport,Diego Souza,diego_souza,76,76,0,2T,Normal
5423,2016,6,Atletico-MG,atletico_mg,Robinho,robinho,30,30,0,1T,Penalty
5423,2016,6,Sport,sport,Rithely,rithely,26,26,0,1T,Normal
5423,2016,6,Atletico-MG,atletico_mg,Júnior Urso,junior_urso,22,22,0,1T,Normal
5423,2016,6,Atletico-MG,atletico_mg,Robinho,robinho,48,45,3,1T,Penalty
5425,2016,6,Gremio,gremio,Luan Guilherme de Jesus Vieira,luan_guilherme_de_jesus_vieira,94,90,4,2T,Normal
5424,2016,6,Palmeiras,palmeiras,Jean Raphael Vanderlei Moreira,jean_raphael_vanderlei_moreira,72,72,0,2T,Penalty
5424,2016,6,Flamengo,flamengo,Alan Patrick,alan_patrick,6,6,0,1T,Normal
5424,2016,6,Palmeiras,palmeiras,Gabriel Jesus,gabriel_jesus,4,4,0,1T,Normal
5426,2016,6,Sao Paulo,sao_paulo,Ytalo José dos Santos,ytalo_jose_dos_santos,23,23,0,1T,Normal
5427,2016,7,America-MG,america_mg,Adalberto dos Santos Rodrigues,adalberto_dos_santos_rodrigues,20,20,0,1T,Normal
5427,2016,7,Internacional,internacional,Aylon,aylon,3,3,0,1T,Normal
5427,2016,7,Internacional,internacional,Aylon,aylon,6,6,0,1T,Normal
5427,2016,7,Internacional,internacional,Ernando Rodrigues Lopes,ernando_rodrigues_lopes,73,73,0,2T,Normal
5428,2016,7,Ponte Preta,ponte_preta,Felipe Azevedo,felipe_azevedo,48,45,3,1T,Normal
5428,2016,7,Ponte Preta,ponte_preta,William Pottker,william_pottker,90,90,0,2T,Normal
5428,2016,7,Chapecoense,chapecoense,Arthur Brasiliano Maia,arthur_brasiliano_maia,79,79,0,2T,Normal
5429,2016,7,Fluminense,fluminense,Marcos Júnior,marcos_junior,75,75,0,2T,Normal
5429,2016,7,Gremio,gremio,Marcelo Hermes,marcelo_hermes,41,41,0,1T,Normal
5430,2016,7,Athletico-PR,athletico_pr,Hernani Azevedo Junior,hernani_azevedo_junior,88,88,0,2T,Normal
5430,2016,7,Sao Paulo,sao_paulo,Maicon Pereira Roque,maicon_pereira_roque,41,41,0,1T,Normal
5430,2016,7,Athletico-PR,athletico_pr,Otávio Henrique Santos,otavio_henrique_santos,66,66,0,2T,Normal
5432,2016,7,Botafogo-RJ,botafogo_rj,Luiz Ricardo Alves,luiz_ricardo_alves,52,52,0,2T,Normal
5432,2016,7,Vitoria,vitoria,Victor Ramos,victor_ramos,92,90,2,2T,Normal
5431,2016,7,Sport,sport,Diego Souza,diego_souza,25,25,0,1T,Normal
5431,2016,7,Coritiba,coritiba,Ruy Franco de Almeida Junior,ruy_franco_de_almeida_junior,37,37,0,1T,Normal
5431,2016,7,Sport,sport,Diego Souza,diego_souza,52,52,0,2T,Normal
5431,2016,7,Coritiba,coritiba,Kléber,kleber,48,48,0,2T,Normal
5431,2016,7,Coritiba,coritiba,Luccas Claro,luccas_claro,70,70,0,2T,Normal
5433,2016,7,Atletico-MG,atletico_mg,Rafael de Souza Pereira,rafael_de_souza_pereira,14,14,0,1T,Normal
5433,2016,7,Cruzeiro,cruzeiro,Bruno Rodrigo,bruno_rodrigo,62,62,0,2T,Normal
5433,2016,7,Atletico-MG,atletico_mg,Fred,fred,56,56,0,2T,Normal
5433,2016,7,Cruzeiro,cruzeiro,Alisson Euler de Freitas Castro,alisson_euler_de_freitas_castro,19,19,0,1T,Normal
5433,2016,7,Cruzeiro,cruzeiro,Duvier Riascos,duvier_riascos,49,49,0,2T,Normal
5434,2016,7,Palmeiras,palmeiras,Cleiton Xavier,cleiton_xavier,48,48,0,2T,Normal
5435,2016,7,Figueirense,figueirense,Rafael Moura,rafael_moura,42,42,0,1T,Normal
5436,2016,7,Santos,santos,Joel Tagueu,joel_tagueu,65,65,0,2T,Normal
5436,2016,7,Santos,santos,José Carlos Cracco Neto,jose_carlos_cracco_neto,45,45,0,1T,Normal
5439,2016,8,Ponte Preta,ponte_preta,Fábio Ferreira,fabio_ferreira,3,3,0,1T,Normal
5439,2016,8,Athletico-PR,athletico_pr,Walter Henrique da Silva,walter_henrique_da_silva,93,90,3,2T,Normal
5439,2016,8,Ponte Preta,ponte_preta,Reinaldo Manoel da Silva,reinaldo_manoel_da_silva,62,62,0,2T,Normal
5439,2016,8,Ponte Preta,ponte_preta,Jeferson,jeferson,69,69,0,2T,Normal
5439,2016,8,Athletico-PR,athletico_pr,Paulo André,paulo_andre,11,11,0,1T,Normal
5438,2016,8,Chapecoense,chapecoense,Thiego,thiego,81,81,0,2T,Normal
5438,2016,8,Gremio,gremio,Pedro Geromel,pedro_geromel,3,3,0,1T,Normal
5438,2016,8,Chapecoense,chapecoense,Bruno Rangel,bruno_rangel,26,26,0,1T,Penalty
5438,2016,8,Gremio,gremio,Jailson Marques Siqueira,jailson_marques_siqueira,42,42,0,1T,Normal
5438,2016,8,Chapecoense,chapecoense,Thiego,thiego,18,18,0,1T,Normal
5438,2016,8,Gremio,gremio,Giuliano Victor de Paula,giuliano_victor_de_paula,83,83,0,2T,Normal
5437,2016,8,Sao Paulo,sao_paulo,Jonathan Calleri,jonathan_calleri,76,76,0,2T,Normal
5437,2016,8,Sao Paulo,sao_paulo,Diego Lugano,diego_lugano,86,86,0,2T,Normal
5442,2016,8,Botafogo-RJ,botafogo_rj,Luiz Ricardo Alves,luiz_ricardo_alves,32,32,0,1T,Normal
5442,2016,8,America-MG,america_mg,Bruno Sávio,bruno_savio,48,48,0,2T,Normal
5442,2016,8,Botafogo-RJ,botafogo_rj,Luiz Ricardo Alves,luiz_ricardo_alves,24,24,0,1T,Penalty
5442,2016,8,Botafogo-RJ,botafogo_rj,Luiz Ricardo Alves,luiz_ricardo_alves,39,39,0,1T,Penalty
5441,2016,8,Santa Cruz,santa_cruz,Wesley de Jesus Correia,wesley_de_jesus_correia,26,26,0,1T,Normal
5440,2016,8,Santos,santos,Gabriel Barbosa,gabriel_barbosa,66,66,0,2T,Normal
5440,2016,8,Santos,santos,Vitor Bueno,vitor_bueno,88,88,0,2T,Normal
5443,2016,8,Palmeiras,palmeiras,Róger Guedes,roger_guedes,7,7,0,1T,Normal
5443,2016,8,Palmeiras,palmeiras,Jonatan Cristaldo,jonatan_cristaldo,69,69,0,2T,Normal
5443,2016,8,Coritiba,coritiba,João Paulo Silva,joao_paulo_silva,20,20,0,1T,Normal
5443,2016,8,Coritiba,coritiba,Leandro,leandro,95,90,5,2T,Normal
5444,2016,8,Flamengo,flamengo,Réver,rever,43,43,0,1T,Normal
5445,2016,8,Internacional,internacional,Victor Vinícius Coelho Santos,victor_vinicius_coelho_santos,75,75,0,2T,Normal
5445,2016,8,Internacional,internacional,Eduardo Sasha,eduardo_sasha,35,35,0,1T,Normal
5446,2016,8,Fluminense,fluminense,Cícero Santos,cicero_santos,63,63,0,2T,Normal
5447,2016,9,Palmeiras,palmeiras,Jean Raphael Vanderlei Moreira,jean_raphael_vanderlei_moreira,47,45,2,1T,Normal
5447,2016,9,Santa Cruz,santa_cruz,Grafite,grafite,51,51,0,2T,Normal
5447,2016,9,Palmeiras,palmeiras,Eduardo Pereira Rodrigues,eduardo_pereira_rodrigues,29,29,0,1T,Normal
5447,2016,9,Palmeiras,palmeiras,Eduardo Pereira Rodrigues,eduardo_pereira_rodrigues,65,65,0,2T,Normal
5448,2016,9,Athletico-PR,athletico_pr,Paulo André,paulo_andre,88,88,0,2T,Normal
5449,2016,9,America-MG,america_mg,Borges,borges,58,58,0,2T,Normal
5449,2016,9,Coritiba,coritiba,Kléber,kleber,50,50,0,2T,Normal
5449,2016,9,America-MG,america_mg,Adalberto dos Santos Rodrigues,adalberto_dos_santos_rodrigues,55,55,0,2T,Normal
5451,2016,9,Atletico-MG,atletico_mg,Leandro Donizete,leandro_donizete,24,24,0,1T,Normal
5451,2016,9,Atletico-MG,atletico_mg,Juan Cazares,juan_cazares,28,28,0,1T,Normal
5451,2016,9,Atletico-MG,atletico_mg,Carlos Júnior,carlos_junior,85,85,0,2T,Normal
5450,2016,9,Chapecoense,chapecoense,Thiego,thiego,76,76,0,2T,Normal
5450,2016,9,Vitoria,vitoria,Mário Sérgio Santos Costa,mario_sergio_santos_costa,73,73,0,2T,Normal
5450,2016,9,Chapecoense,chapecoense,Sérgio Manoel Barbosa Santos,sergio_manoel_barbosa_santos,72,72,0,2T,Normal
5452,2016,9,Corinthians,corinthians,Bruno Henrique Corsini,bruno_henrique_corsini,24,24,0,1T,Normal
5452,2016,9,Corinthians,corinthians,Bruno Henrique Corsini,bruno_henrique_corsini,89,89,0,2T,Normal
5452,2016,9,Corinthians,corinthians,Marquinhos,marquinhos,52,52,0,2T,Normal
5452,2016,9,Botafogo-RJ,botafogo_rj,Leandrinho,leandrinho,28,28,0,1T,Normal
5455,2016,9,Sport,sport,Diego Souza,diego_souza,90,90,0,2T,Normal
5455,2016,9,Fluminense,fluminense,Magno Alves,magno_alves,85,85,0,2T,Normal
5455,2016,9,Sport,sport,Gabriel Xavier,gabriel_xavier,40,40,0,1T,Normal
5453,2016,9,Flamengo,flamengo,Willian Arão,willian_arao,59,59,0,2T,Normal
5453,2016,9,Sao Paulo,sao_paulo,Jonathan Calleri,jonathan_calleri,12,12,0,1T,Normal
5453,2016,9,Sao Paulo,sao_paulo,Jonathan Calleri,jonathan_calleri,51,51,0,2T,Normal
5453,2016,9,Flamengo,flamengo,Rodrigo Caio,rodrigo_caio,22,22,0,1T,Gol Contra
5454,2016,9,Figueirense,figueirense,Wéverton Almeida Santos,weverton_almeida_santos,73,73,0,2T,Normal
5454,2016,9,Figueirense,figueirense,Renato Baruffi,renato_baruffi,41,41,0,1T,Penalty
5454,2016,9,Internacional,internacional,Victor Vinícius Coelho Santos,victor_vinicius_coelho_santos,65,65,0,2T,Normal
5454,2016,9,Internacional,internacional,Victor Vinícius Coelho Santos,victor_vinicius_coelho_santos,83,83,0,2T,Normal
5454,2016,9,Figueirense,figueirense,Renato Baruffi,renato_baruffi,80,80,0,2T,Normal
5456,2016,9,Gremio,gremio,Luan Guilherme de Jesus Vieira,luan_guilherme_de_jesus_vieira,44,44,0,1T,Normal
5456,2016,9,Gremio,gremio,Douglas dos Santos,douglas_dos_santos,52,52,0,2T,Normal
5457,2016,10,Palmeiras,palmeiras,Gabriel Jesus,gabriel_jesus,19,19,0,1T,Normal
5457,2016,10,Palmeiras,palmeiras,Gabriel Jesus,gabriel_jesus,27,27,0,1T,Normal
5458,2016,10,Cruzeiro,cruzeiro,Giorgian De Arrascaeta,giorgian_de_arrascaeta,55,55,0,2T,Penalty
5458,2016,10,Cruzeiro,cruzeiro,Henrique Pacheco Lima,henrique_pacheco_lima,8,8,0,1T,Normal
5458,2016,10,Cruzeiro,cruzeiro,Alisson Euler de Freitas Castro,alisson_euler_de_freitas_castro,78,78,0,2T,Penalty
5458,2016,10,Cruzeiro,cruzeiro,Giorgian De Arrascaeta,giorgian_de_arrascaeta,21,21,0,1T,Normal
5460,2016,10,Flamengo,flamengo,Willian Arão,willian_arao,15,15,0,1T,Normal
5461,2016,10,Santos,santos,Gabriel Barbosa,gabriel_barbosa,48,45,3,1T,Normal
5461,2016,10,Fluminense,fluminense,Marcos Júnior,marcos_junior,14,14,0,1T,Normal
5461,2016,10,Santos,santos,Gabriel Barbosa,gabriel_barbosa,51,51,0,2T,Normal
5461,2016,10,Fluminense,fluminense,Marcos Júnior,marcos_junior,66,66,0,2T,Normal
5461,2016,10,Santos,santos,Luiz Felipe,luiz_felipe,73,73,0,2T,Normal
5461,2016,10,Santos,santos,Rodrigão,rodrigao,39,39,0,1T,Normal
5462,2016,10,Atletico-MG,atletico_mg,Juan Cazares,juan_cazares,83,83,0,2T,Normal
5462,2016,10,Corinthians,corinthians,Lucca Borges de Brito,lucca_borges_de_brito,90,90,0,2T,Normal
5462,2016,10,Atletico-MG,atletico_mg,Fred,fred,67,67,0,2T,Normal
5464,2016,10,Gremio,gremio,Victor Ramos,victor_ramos,56,56,0,2T,Gol Contra
5464,2016,10,Vitoria,vitoria,Kieza,kieza,26,26,0,1T,Normal
5464,2016,10,Vitoria,vitoria,Diego Renan,diego_renan,32,32,0,1T,Penalty
5466,2016,10,Internacional,internacional,Anderson Luís de Abreu Oliveira,anderson_luis_de_abreu_oliveira,34,34,0,1T,Normal
5466,2016,10,Coritiba,coritiba,Nery Bareiro,nery_bareiro,70,70,0,2T,Normal
5467,2016,11,Cruzeiro,cruzeiro,Willian Gomes de Siqueira,willian_gomes_de_siqueira,15,15,0,1T,Normal
5467,2016,11,Cruzeiro,cruzeiro,Willian Gomes de Siqueira,willian_gomes_de_siqueira,47,47,0,2T,Normal
5467,2016,11,Palmeiras,palmeiras,Gabriel Jesus,gabriel_jesus,11,11,0,1T,Normal
5468,2016,11,Corinthians,corinthians,Luciano da Rocha Neves,luciano_da_rocha_neves,27,27,0,1T,Normal
5468,2016,11,Corinthians,corinthians,Ángel Romero,angel_romero,37,37,0,1T,Normal
5468,2016,11,Santa Cruz,santa_cruz,Grafite,grafite,52,52,0,2T,Normal
5469,2016,11,Atletico-MG,atletico_mg,Robinho,robinho,4,4,0,1T,Normal
5470,2016,11,Flamengo,flamengo,Paolo Guerrero,paolo_guerrero,58,58,0,2T,Normal
5470,2016,11,Fluminense,fluminense,Willian Arão,willian_arao,48,48,0,2T,Gol Contra
5470,2016,11,Fluminense,fluminense,Richarlison,richarlison,76,76,0,2T,Normal
5471,2016,11,Vitoria,vitoria,Kieza,kieza,22,22,0,1T,Normal
5471,2016,11,Ponte Preta,ponte_preta,William Pottker,william_pottker,9,9,0,1T,Normal
5473,2016,11,Botafogo-RJ,botafogo_rj,Fernandes,fernandes,8,8,0,1T,Normal
5473,2016,11,Botafogo-RJ,botafogo_rj,Neilton Mestzk,neilton_mestzk,15,15,0,1T,Normal
5473,2016,11,Internacional,internacional,Eduardo Sasha,eduardo_sasha,70,70,0,2T,Normal
5473,2016,11,Botafogo-RJ,botafogo_rj,Camilo,camilo,71,71,0,2T,Normal
5473,2016,11,Internacional,internacional,Ernando Rodrigues Lopes,ernando_rodrigues_lopes,74,74,0,2T,Normal
5472,2016,11,Athletico-PR,athletico_pr,Hernani Azevedo Junior,hernani_azevedo_junior,54,54,0,2T,Normal
5472,2016,11,Athletico-PR,athletico_pr,André Lima,andre_lima,68,68,0,2T,Normal
5474,2016,11,Santos,santos,Rodrigão,rodrigao,39,39,0,1T,Normal
5474,2016,11,Santos,santos,Lucas Rafael Araújo Lima,lucas_rafael_araujo_lima,90,90,0,2T,Normal
5474,2016,11,Santos,santos,Vitor Bueno,vitor_bueno,1,1,0,1T,Normal
5475,2016,11,Sport,sport,Rithely,rithely,54,54,0,2T,Normal
5475,2016,11,Sport,sport,Diego Souza,diego_souza,64,64,0,2T,Normal
5475,2016,11,Sport,sport,Rodney Wallace,rodney_wallace,10,10,0,1T,Normal
5475,2016,11,Sport,sport,Ronaldo,ronaldo,77,77,0,2T,Normal
5475,2016,11,Sport,sport,Rodney Wallace,rodney_wallace,57,57,0,2T,Normal
5475,2016,11,Chapecoense,chapecoense,Ananias Elói Castro Monteiro,ananias_eloi_castro_monteiro,46,46,0,2T,Normal
5478,2016,12,Sport,sport,Matheus Ferraz Pereira,matheus_ferraz_pereira,18,18,0,1T,Normal
5478,2016,12,Vitoria,vitoria,Vander Luiz Silva Souza,vander_luiz_silva_souza,45,45,0,1T,Normal
5478,2016,12,Sport,sport,Matheus Ferraz Pereira,matheus_ferraz_pereira,78,78,0,2T,Normal
5478,2016,12,Vitoria,vitoria,Euller,euller,61,61,0,2T,Normal
5478,2016,12,Vitoria,vitoria,Nickson Gabriel Reis Silva,nickson_gabriel_reis_silva,64,64,0,2T,Normal
5477,2016,12,Flamengo,flamengo,Ederson Honorato Campos,ederson_honorato_campos,19,19,0,1T,Normal
5479,2016,12,Gremio,gremio,Marcelo Hermes,marcelo_hermes,89,89,0,2T,Normal
5479,2016,12,Santos,santos,Jonathan Copete,jonathan_copete,65,65,0,2T,Normal
5479,2016,12,Gremio,gremio,Giuliano Victor de Paula,giuliano_victor_de_paula,3,3,0,1T,Normal
5479,2016,12,Santos,santos,José Carlos Cracco Neto,jose_carlos_cracco_neto,83,83,0,2T,Normal
5479,2016,12,Gremio,gremio,Douglas dos Santos,douglas_dos_santos,45,45,0,1T,Normal
5480,2016,12,Coritiba,coritiba,Colin Kâzım-Richards,colin_kazm_richards,81,81,0,2T,Normal
5481,2016,12,Chapecoense,chapecoense,Silvinho,silvinho,42,42,0,1T,Normal
5481,2016,12,Cruzeiro,cruzeiro,Fabrício Bruno,fabricio_bruno,84,84,0,2T,Normal
5481,2016,12,Chapecoense,chapecoense,Arthur Brasiliano Maia,arthur_brasiliano_maia,69,69,0,2T,Normal
5481,2016,12,Chapecoense,chapecoense,Everton Kempes dos Santos Gonçalves,everton_kempes_dos_santos_goncalves,89,89,0,2T,Normal
5481,2016,12,Cruzeiro,cruzeiro,Matías Pisano,matias_pisano,7,7,0,1T,Normal
5483,2016,12,Corinthians,corinthians,Marquinhos,marquinhos,75,75,0,2T,Penalty
5483,2016,12,Corinthians,corinthians,Ángel Romero,angel_romero,10,10,0,1T,Normal
5482,2016,12,Fluminense,fluminense,Cícero Santos,cicero_santos,53,53,0,2T,Penalty
5482,2016,12,Sao Paulo,sao_paulo,João Schmidt,joao_schmidt,2,2,0,1T,Normal
5482,2016,12,Sao Paulo,sao_paulo,Alan Kardec,alan_kardec,40,40,0,1T,Normal
5485,2016,12,Palmeiras,palmeiras,Eduardo Pereira Rodrigues,eduardo_pereira_rodrigues,43,43,0,1T,Normal
5485,2016,12,Palmeiras,palmeiras,Gabriel Jesus,gabriel_jesus,56,56,0,2T,Normal
5485,2016,12,Palmeiras,palmeiras,Gabriel Jesus,gabriel_jesus,91,90,1,2T,Normal
5485,2016,12,Palmeiras,palmeiras,Moisés Lima Magalhães,moises_lima_magalhaes,8,8,0,1T,Normal
5484,2016,12,Ponte Preta,ponte_preta,William Pottker,william_pottker,21,21,0,1T,Normal
5484,2016,12,Ponte Preta,ponte_preta,William Pottker,william_pottker,39,39,0,1T,Normal
5484,2016,12,Ponte Preta,ponte_preta,Felipe Azevedo,felipe_azevedo,70,70,0,2T,Normal
5486,2016,12,Atletico-MG,atletico_mg,Juan Cazares,juan_cazares,78,78,0,2T,Normal
5486,2016,12,Botafogo-RJ,botafogo_rj,Gervásio Núñez,gervasio_nunez,89,89,0,2T,Normal
5486,2016,12,Atletico-MG,atletico_mg,Robinho,robinho,47,45,2,1T,Normal
5486,2016,12,Botafogo-RJ,botafogo_rj,Bruno César Pereira da Silva,bruno_cesar_pereira_da_silva,92,90,2,2T,Normal
5486,2016,12,Atletico-MG,atletico_mg,Fred,fred,48,48,0,2T,Normal
5486,2016,12,Botafogo-RJ,botafogo_rj,Luiz Ricardo Alves,luiz_ricardo_alves,73,73,0,2T,Penalty
5486,2016,12,Atletico-MG,atletico_mg,Juan Cazares,juan_cazares,1,1,0,1T,Normal
5486,2016,12,Atletico-MG,atletico_mg,Carlos Júnior,carlos_junior,89,89,0,2T,Normal
5488,2016,13,Athletico-PR,athletico_pr,Nikão,nikao,53,53,0,2T,Normal
5489,2016,13,Cruzeiro,cruzeiro,Giorgian De Arrascaeta,giorgian_de_arrascaeta,54,54,0,2T,Normal
5489,2016,13,Vitoria,vitoria,Vander Luiz Silva Souza,vander_luiz_silva_souza,83,83,0,2T,Normal
5489,2016,13,Cruzeiro,cruzeiro,Alisson Euler de Freitas Castro,alisson_euler_de_freitas_castro,24,24,0,1T,Normal
5489,2016,13,Vitoria,vitoria,Diego Renan,diego_renan,65,65,0,2T,Penalty
5490,2016,13,Gremio,gremio,Douglas dos Santos,douglas_dos_santos,20,20,0,1T,Normal
5493,2016,13,Corinthians,corinthians,Ángel Romero,angel_romero,89,89,0,2T,Normal
5493,2016,13,Corinthians,corinthians,Guilherme Milhomem Gusmão,guilherme_milhomem_gusmao,78,78,0,2T,Normal
5493,2016,13,Corinthians,corinthians,Rildo de Andrade Felicissimo,rildo_de_andrade_felicissimo,80,80,0,2T,Normal
5493,2016,13,Corinthians,corinthians,Ángel Romero,angel_romero,59,59,0,2T,Normal
5491,2016,13,Santos,santos,Jonathan Copete,jonathan_copete,65,65,0,2T,Normal
5491,2016,13,Santos,santos,Yuri Oliveira Lima,yuri_oliveira_lima,87,87,0,2T,Normal
5491,2016,13,Santos,santos,Rodrigão,rodrigao,61,61,0,2T,Normal
5492,2016,13,Ponte Preta,ponte_preta,Clayson Henrique da Silva Vieira,clayson_henrique_da_silva_vieira,57,57,0,2T,Normal
5494,2016,13,Botafogo-RJ,botafogo_rj,Neilton Mestzk,neilton_mestzk,18,18,0,1T,Normal
5494,2016,13,Santa Cruz,santa_cruz,João Paulo,joao_paulo,49,49,0,2T,Normal
5494,2016,13,Botafogo-RJ,botafogo_rj,Luiz Ricardo Alves,luiz_ricardo_alves,2,2,0,1T,Normal
5495,2016,13,Figueirense,figueirense,Gustavo Ermel,gustavo_ermel,52,52,0,2T,Normal
5495,2016,13,Atletico-MG,atletico_mg,Fred,fred,8,8,0,1T,Normal
5496,2016,13,Sport,sport,Gabriel Xavier,gabriel_xavier,59,59,0,2T,Normal
5496,2016,13,Palmeiras,palmeiras,Cleiton Xavier,cleiton_xavier,72,72,0,2T,Penalty
5496,2016,13,Palmeiras,palmeiras,Erik Nascimento de Lima,erik_nascimento_de_lima,11,11,0,1T,Normal
5496,2016,13,Palmeiras,palmeiras,Gabriel Jesus,gabriel_jesus,66,66,0,2T,Normal
5497,2016,14,Corinthians,corinthians,Marquinhos,marquinhos,92,90,2,2T,Normal
5497,2016,14,Corinthians,corinthians,Rodrigo Eduardo Costa Marinho,rodrigo_eduardo_costa_marinho,60,60,0,2T,Normal
5499,2016,14,Ponte Preta,ponte_preta,William Pottker,william_pottker,17,17,0,1T,Normal
5499,2016,14,Ponte Preta,ponte_preta,Douglas Grolli,douglas_grolli,79,79,0,2T,Normal
5499,2016,14,Sport,sport,José Rogério de Oliveira Melo,jose_rogerio_de_oliveira_melo,10,10,0,1T,Normal
5500,2016,14,Gremio,gremio,Walace,walace,45,45,0,1T,Normal
5500,2016,14,Gremio,gremio,Deyvison Rogério da Silva,deyvison_rogerio_da_silva,93,90,3,2T,Normal
5500,2016,14,Figueirense,figueirense,Ayrton Ganino,ayrton_ganino,76,76,0,2T,Normal
5501,2016,14,Flamengo,flamengo,Felipe Vizeu,felipe_vizeu,57,57,0,2T,Normal
5501,2016,14,Flamengo,flamengo,Felipe Vizeu,felipe_vizeu,12,12,0,1T,Normal
5503,2016,14,Sao Paulo,sao_paulo,Lyanco,lyanco,43,43,0,1T,Normal
5503,2016,14,Sao Paulo,sao_paulo,Alan Kardec,alan_kardec,34,34,0,1T,Normal
5503,2016,14,Sao Paulo,sao_paulo,Alan Kardec,alan_kardec,60,60,0,2T,Normal
5502,2016,14,Santa Cruz,santa_cruz,Keno,keno,47,45,2,1T,Normal
5505,2016,14,Athletico-PR,athletico_pr,Pablo Felipe Teixeira,pablo_felipe_teixeira,65,65,0,2T,Normal
5505,2016,14,Athletico-PR,athletico_pr,André Lima,andre_lima,68,68,0,2T,Normal
5505,2016,14,Athletico-PR,athletico_pr,André Lima,andre_lima,82,82,0,2T,Normal
5506,2016,14,Palmeiras,palmeiras,Yerry Mina,yerry_mina,6,6,0,1T,Normal
5506,2016,14,Santos,santos,Gabriel Barbosa,gabriel_barbosa,56,56,0,2T,Normal
5507,2016,15,Botafogo-RJ,botafogo_rj,Juan Manuel Salgueiro,juan_manuel_salgueiro,83,83,0,2T,Normal
5507,2016,15,Flamengo,flamengo,Éverton Cardoso da Silva,everton_cardoso_da_silva,24,24,0,1T,Normal
5507,2016,15,Botafogo-RJ,botafogo_rj,Diogo Barbosa,diogo_barbosa,34,34,0,1T,Normal
5507,2016,15,Flamengo,flamengo,Jorge Marco de Oliveira Moraes,jorge_marco_de_oliveira_moraes,57,57,0,2T,Normal
5507,2016,15,Botafogo-RJ,botafogo_rj,Neilton Mestzk,neilton_mestzk,80,80,0,2T,Normal
5507,2016,15,Flamengo,flamengo,Paolo Guerrero,paolo_guerrero,68,68,0,2T,Normal
5508,2016,15,Santos,santos,Victor Ferraz,victor_ferraz,22,22,0,1T,Normal
5508,2016,15,Santos,santos,Vitor Bueno,vitor_bueno,56,56,0,2T,Normal
5508,2016,15,Santos,santos,Gabriel Barbosa,gabriel_barbosa,72,72,0,2T,Normal
5508,2016,15,Ponte Preta,ponte_preta,Roger Rodrigues da Silva,roger_rodrigues_da_silva,84,84,0,2T,Normal
5509,2016,15,Santa Cruz,santa_cruz,Tiago da Costa Silva,tiago_da_costa_silva,9,9,0,1T,Normal
5509,2016,15,Santa Cruz,santa_cruz,Marcílio,marcilio,16,16,0,1T,Normal
5509,2016,15,Santa Cruz,santa_cruz,Arthur Caike do Nascimento Cruz,arthur_caike_do_nascimento_cruz,56,56,0,2T,Normal
5511,2016,15,Chapecoense,chapecoense,Dener Assunção Braz,dener_assuncao_braz,71,71,0,2T,Normal
5511,2016,15,Figueirense,figueirense,Rafael Moura,rafael_moura,46,45,1,1T,Penalty
5512,2016,15,Fluminense,fluminense,Cícero Santos,cicero_santos,7,7,0,1T,Normal
5512,2016,15,Fluminense,fluminense,Marcos Júnior,marcos_junior,26,26,0,1T,Penalty
5514,2016,15,Sao Paulo,sao_paulo,Christian Cueva,christian_cueva,15,15,0,1T,Penalty
5514,2016,15,Corinthians,corinthians,Bruno Henrique Corsini,bruno_henrique_corsini,22,22,0,1T,Normal
5510,2016,15,Palmeiras,palmeiras,Erik Nascimento de Lima,erik_nascimento_de_lima,11,11,0,1T,Normal
5513,2016,15,Athletico-PR,athletico_pr,Pablo Felipe Teixeira,pablo_felipe_teixeira,45,45,0,1T,Normal
5513,2016,15,Vitoria,vitoria,Diego Renan,diego_renan,71,71,0,2T,Penalty
5515,2016,15,Sport,sport,Sérgio Antônio Borges Júnior,sergio_antonio_borges_junior,22,22,0,1T,Normal
5515,2016,15,Gremio,gremio,Pedro Geromel,pedro_geromel,63,63,0,2T,Normal
5515,2016,15,Sport,sport,Diego Souza,diego_souza,39,39,0,1T,Normal
5515,2016,15,Sport,sport,Diego Souza,diego_souza,75,75,0,2T,Penalty
5515,2016,15,Sport,sport,Edmilson dos Santos Silva,edmilson_dos_santos_silva,68,68,0,2T,Normal
5515,2016,15,Gremio,gremio,Pedro Geromel,pedro_geromel,46,46,0,2T,Normal
5516,2016,15,Atletico-MG,atletico_mg,Robinho,robinho,41,41,0,1T,Normal
5516,2016,15,Atletico-MG,atletico_mg,Robinho,robinho,85,85,0,2T,Normal
5516,2016,15,Coritiba,coritiba,Carlos Emiliano Pereira,carlos_emiliano_pereira,76,76,0,2T,Normal
5517,2016,16,Corinthians,corinthians,Danilo Gabriel de Andrade,danilo_gabriel_de_andrade,84,84,0,2T,Normal
5517,2016,16,Figueirense,figueirense,Dodô,dodo,59,59,0,2T,Normal
5518,2016,16,Coritiba,coritiba,Kléber,kleber,33,33,0,1T,Normal
5519,2016,16,Atletico-MG,atletico_mg,Leandro Donizete,leandro_donizete,60,60,0,2T,Normal
5520,2016,16,Ponte Preta,ponte_preta,Roger Rodrigues da Silva,roger_rodrigues_da_silva,43,43,0,1T,Normal
5520,2016,16,Ponte Preta,ponte_preta,Wendel Geraldo Maurício e Silva,wendel_geraldo_mauricio_e_silva,46,46,0,2T,Normal
5520,2016,16,Internacional,internacional,Valdívia,valdivia,26,26,0,1T,Normal
5520,2016,16,Internacional,internacional,Ariel Nahuelpán,ariel_nahuelpan,82,82,0,2T,Normal
5524,2016,16,Chapecoense,chapecoense,Hyoran,hyoran,25,25,0,1T,Normal
5524,2016,16,Chapecoense,chapecoense,Lucas Gomes,lucas_gomes,88,88,0,2T,Normal
5524,2016,16,Botafogo-RJ,botafogo_rj,Camilo,camilo,86,86,0,2T,Normal
5521,2016,16,Gremio,gremio,Douglas dos Santos,douglas_dos_santos,53,53,0,2T,Normal
5523,2016,16,Sport,sport,José Rogério de Oliveira Melo,jose_rogerio_de_oliveira_melo,51,51,0,2T,Normal
5523,2016,16,Cruzeiro,cruzeiro,Willian Gomes de Siqueira,willian_gomes_de_siqueira,92,90,2,2T,Normal
5523,2016,16,Sport,sport,José Rogério de Oliveira Melo,jose_rogerio_de_oliveira_melo,38,38,0,1T,Normal
5522,2016,16,Athletico-PR,athletico_pr,Hernani Azevedo Junior,hernani_azevedo_junior,34,34,0,1T,Normal
5525,2016,16,Vitoria,vitoria,Antônio Eduardo Pereira dos Santos,antonio_eduardo_pereira_dos_santos,30,30,0,1T,Normal
5525,2016,16,Santos,santos,Jean Mota Oliveira de Souza,jean_mota_oliveira_de_souza,82,82,0,2T,Normal
5525,2016,16,Vitoria,vitoria,Vander Luiz Silva Souza,vander_luiz_silva_souza,71,71,0,2T,Normal
5525,2016,16,Santos,santos,Vitor Bueno,vitor_bueno,20,20,0,1T,Normal
5525,2016,16,Santos,santos,Jonathan Copete,jonathan_copete,32,32,0,1T,Normal
5526,2016,16,Flamengo,flamengo,Paolo Guerrero,paolo_guerrero,56,56,0,2T,Normal
5526,2016,16,America-MG,america_mg,Juninho,juninho,77,77,0,2T,Normal
5526,2016,16,Flamengo,flamengo,Alan Patrick,alan_patrick,60,60,0,2T,Penalty
5527,2016,17,Figueirense,figueirense,Dodô,dodo,15,15,0,1T,Normal
5528,2016,17,Sport,sport,Edmilson dos Santos Silva,edmilson_dos_santos_silva,53,53,0,2T,Normal
5528,2016,17,Sport,sport,Diego Souza,diego_souza,17,17,0,1T,Penalty
5529,2016,17,Atletico-MG,atletico_mg,Robinho,robinho,22,22,0,1T,Normal
5529,2016,17,Atletico-MG,atletico_mg,Fred,fred,67,67,0,2T,Normal
5529,2016,17,Atletico-MG,atletico_mg,Luan Madson Gedeão de Paiva,luan_madson_gedeao_de_paiva,71,71,0,2T,Normal
5531,2016,17,Fluminense,fluminense,Cícero Santos,cicero_santos,55,55,0,2T,Normal
5531,2016,17,Fluminense,fluminense,Wellington Alves da Silva,wellington_alves_da_silva,70,70,0,2T,Normal
5531,2016,17,Fluminense,fluminense,Cícero Santos,cicero_santos,20,20,0,1T,Normal
5530,2016,17,Sao Paulo,sao_paulo,Christian Cueva,christian_cueva,61,61,0,2T,Normal
5530,2016,17,Sao Paulo,sao_paulo,Christian Cueva,christian_cueva,86,86,0,2T,Penalty
5530,2016,17,Chapecoense,chapecoense,Everton Kempes dos Santos Gonçalves,everton_kempes_dos_santos_goncalves,5,5,0,1T,Normal
5530,2016,17,Chapecoense,chapecoense,Thiego,thiego,12,12,0,1T,Normal
5532,2016,17,Flamengo,flamengo,Paolo Guerrero,paolo_guerrero,52,52,0,2T,Normal
5532,2016,17,Flamengo,flamengo,Marcelo Cirino da Silva,marcelo_cirino_da_silva,89,89,0,2T,Normal
5533,2016,17,Corinthians,corinthians,Elias Mendes Trindade,elias_mendes_trindade,42,42,0,1T,Normal
5534,2016,17,Santos,santos,Vitor Bueno,vitor_bueno,61,61,0,2T,Normal
5534,2016,17,Santos,santos,Lucas Rios Marques,lucas_rios_marques,74,74,0,2T,Gol Contra
5535,2016,17,Palmeiras,palmeiras,Erik Nascimento de Lima,erik_nascimento_de_lima,78,78,0,2T,Normal
5535,2016,17,Botafogo-RJ,botafogo_rj,Camilo,camilo,87,87,0,2T,Penalty
5535,2016,17,Botafogo-RJ,botafogo_rj,Neilton Mestzk,neilton_mestzk,19,19,0,1T,Normal
5535,2016,17,Botafogo-RJ,botafogo_rj,Neilton Mestzk,neilton_mestzk,35,35,0,1T,Normal
5537,2016,18,Vitoria,vitoria,Mário Sérgio Santos Costa,mario_sergio_santos_costa,88,88,0,2T,Normal
5537,2016,18,Vitoria,vitoria,Kieza,kieza,93,90,3,2T,Normal
5537,2016,18,Vitoria,vitoria,José Carlos Ferreira Júnior,jose_carlos_ferreira_junior,60,60,0,2T,Gol Contra
5537,2016,18,Coritiba,coritiba,Raphael Cavalcante Veiga,raphael_cavalcante_veiga,48,48,0,2T,Normal
5538,2016,18,Sport,sport,Mark González,mark_gonzalez,93,90,3,2T,Normal
5538,2016,18,America-MG,america_mg,Danilo Barcelos,danilo_barcelos,40,40,0,1T,Normal
5540,2016,18,Athletico-PR,athletico_pr,Walter Henrique da Silva,walter_henrique_da_silva,76,76,0,2T,Normal
5540,2016,18,Athletico-PR,athletico_pr,Walter Henrique da Silva,walter_henrique_da_silva,87,87,0,2T,Normal
5541,2016,18,Ponte Preta,ponte_preta,William Pottker,william_pottker,30,30,0,1T,Normal
5541,2016,18,Ponte Preta,ponte_preta,Reinaldo Manoel da Silva,reinaldo_manoel_da_silva,85,85,0,2T,Normal
5543,2016,18,Atletico-MG,atletico_mg,Lucas Pratto,lucas_pratto,20,20,0,1T,Normal
5543,2016,18,Sao Paulo,sao_paulo,Andrés Chávez,andres_chavez,3,3,0,1T,Normal
5543,2016,18,Atletico-MG,atletico_mg,Maicosuel,maicosuel,11,11,0,1T,Normal
5544,2016,18,Cruzeiro,cruzeiro,Ramón Ábila,ramon_abila,17,17,0,1T,Normal
5544,2016,18,Cruzeiro,cruzeiro,Rafael Sóbis,rafael_sobis,14,14,0,1T,Normal
5544,2016,18,Internacional,internacional,Luis Manuel Seijas,luis_manuel_seijas,2,2,0,1T,Normal
5544,2016,18,Cruzeiro,cruzeiro,Rafael Sóbis,rafael_sobis,41,41,0,1T,Normal
5544,2016,18,Internacional,internacional,Alex Raphael Meschini,alex_raphael_meschini,73,73,0,2T,Penalty
5544,2016,18,Cruzeiro,cruzeiro,Rafael Sóbis,rafael_sobis,53,53,0,2T,Normal
5545,2016,18,Chapecoense,chapecoense,Everton Kempes dos Santos Gonçalves,everton_kempes_dos_santos_goncalves,30,30,0,1T,Normal
5545,2016,18,Palmeiras,palmeiras,Jean Raphael Vanderlei Moreira,jean_raphael_vanderlei_moreira,85,85,0,2T,Penalty
5547,2016,19,Flamengo,flamengo,Federico Mancuello,federico_mancuello,61,61,0,2T,Normal
5548,2016,19,America-MG,america_mg,Juninho,juninho,90,90,0,2T,Normal
5550,2016,19,Vitoria,vitoria,Thiago Martins Bueno,thiago_martins_bueno,75,75,0,2T,Gol Contra
5550,2016,19,Palmeiras,palmeiras,Lucas Barrios,lucas_barrios,37,37,0,1T,Normal
5550,2016,19,Palmeiras,palmeiras,Cleiton Xavier,cleiton_xavier,50,50,0,2T,Normal
5549,2016,19,Ponte Preta,ponte_preta,Rhayner,rhayner,43,43,0,1T,Normal
5549,2016,19,Coritiba,coritiba,Juan Maldonado Jaimez Júnior,juan_maldonado_jaimez_junior,80,80,0,2T,Penalty
5549,2016,19,Coritiba,coritiba,Kléber,kleber,40,40,0,1T,Normal
5549,2016,19,Coritiba,coritiba,Luccas Claro,luccas_claro,63,63,0,2T,Normal
5551,2016,19,Sao Paulo,sao_paulo,Andrés Chávez,andres_chavez,39,39,0,1T,Normal
5551,2016,19,Sao Paulo,sao_paulo,Andrés Chávez,andres_chavez,64,64,0,2T,Normal
5551,2016,19,Santa Cruz,santa_cruz,Keno,keno,84,84,0,2T,Normal
5552,2016,19,Fluminense,fluminense,Gustavo Scarpa,gustavo_scarpa,3,3,0,1T,Normal
5552,2016,19,Fluminense,fluminense,Gustavo Scarpa,gustavo_scarpa,64,64,0,2T,Normal
5552,2016,19,Internacional,internacional,Luis Manuel Seijas,luis_manuel_seijas,48,45,3,1T,Normal
5552,2016,19,Internacional,internacional,Fernando Paixão da Silva,fernando_paixao_da_silva,78,78,0,2T,Normal
5553,2016,19,Sport,sport,Túlio de Melo,tulio_de_melo,82,82,0,2T,Penalty
5553,2016,19,Figueirense,figueirense,Carlos Alberto Gomes de Jesus,carlos_alberto_gomes_de_jesus,46,46,0,2T,Normal
5554,2016,19,Atletico-MG,atletico_mg,Robinho,robinho,43,43,0,1T,Normal
5554,2016,19,Atletico-MG,atletico_mg,Maicosuel,maicosuel,79,79,0,2T,Normal
5554,2016,19,Chapecoense,chapecoense,Bruno Rangel,bruno_rangel,91,90,1,2T,Normal
5554,2016,19,Atletico-MG,atletico_mg,Carlos César Neves,carlos_cesar_neves,21,21,0,1T,Normal
5555,2016,19,Cruzeiro,cruzeiro,Ramón Ábila,ramon_abila,66,66,0,2T,Normal
5555,2016,19,Corinthians,corinthians,Giovanni Augusto,giovanni_augusto,2,2,0,1T,Normal
5557,2016,20,Sport,sport,Edmilson dos Santos Silva,edmilson_dos_santos_silva,24,24,0,1T,Normal
5558,2016,20,Ponte Preta,ponte_preta,Wendel Geraldo Maurício e Silva,wendel_geraldo_mauricio_e_silva,51,51,0,2T,Normal
5558,2016,20,Ponte Preta,ponte_preta,Roger Rodrigues da Silva,roger_rodrigues_da_silva,83,83,0,2T,Normal
5559,2016,20,Fluminense,fluminense,Henrique Dourado,henrique_dourado,47,47,0,2T,Normal
5560,2016,20,Gremio,gremio,Pedro Rocha Neves,pedro_rocha_neves,17,17,0,1T,Normal
5560,2016,20,Gremio,gremio,Everton Sousa Soares,everton_sousa_soares,48,48,0,2T,Normal
5560,2016,20,Gremio,gremio,Miller Bolaños,miller_bolanos,61,61,0,2T,Normal
5563,2016,20,Santa Cruz,santa_cruz,Tiago da Costa Silva,tiago_da_costa_silva,37,37,0,1T,Normal
5563,2016,20,Santa Cruz,santa_cruz,Matías Pisano,matias_pisano,83,83,0,2T,Normal
5563,2016,20,Vitoria,vitoria,Diego Renan,diego_renan,5,5,0,1T,Normal
5563,2016,20,Vitoria,vitoria,Willian Farias,willian_farias,48,48,0,2T,Normal
5561,2016,20,Cruzeiro,cruzeiro,Ramón Ábila,ramon_abila,50,50,0,2T,Normal
5561,2016,20,Coritiba,coritiba,Colin Kâzım-Richards,colin_kazm_richards,20,20,0,1T,Normal
5561,2016,20,Coritiba,coritiba,Juan Maldonado Jaimez Júnior,juan_maldonado_jaimez_junior,27,27,0,1T,Normal
5561,2016,20,Cruzeiro,cruzeiro,Rafael da Silva Francisco,rafael_da_silva_francisco,3,3,0,1T,Normal
5562,2016,20,Santos,santos,Ricardo Oliveira,ricardo_oliveira,69,69,0,2T,Normal
5562,2016,20,Santos,santos,Ricardo Oliveira,ricardo_oliveira,94,90,4,2T,Normal
5562,2016,20,Santos,santos,Gustavo Henrique Vernes,gustavo_henrique_vernes,12,12,0,1T,Normal
5564,2016,20,Botafogo-RJ,botafogo_rj,Luiz Ricardo Alves,luiz_ricardo_alves,93,90,3,2T,Normal
5565,2016,20,Palmeiras,palmeiras,Vitor Hugo Franchescoli de Souza,vitor_hugo_franchescoli_de_souza,44,44,0,1T,Normal
5566,2016,20,Chapecoense,chapecoense,Alejandro Martinuccio,alejandro_martinuccio,91,90,1,2T,Normal
5567,2016,21,Chapecoense,chapecoense,Alison Wágner Lira Ferreira,alison_wagner_lira_ferreira,92,90,2,2T,Gol Contra
5567,2016,21,Chapecoense,chapecoense,Lucas Gomes,lucas_gomes,72,72,0,2T,Normal
5567,2016,21,America-MG,america_mg,Gilson Gomes do Nascimento,gilson_gomes_do_nascimento,46,45,1,1T,Penalty
5568,2016,21,Botafogo-RJ,botafogo_rj,Camilo,camilo,92,90,2,2T,Normal
5568,2016,21,Botafogo-RJ,botafogo_rj,Luiz Ricardo Alves,luiz_ricardo_alves,47,45,2,1T,Normal
5568,2016,21,Botafogo-RJ,botafogo_rj,Luiz Ricardo Alves,luiz_ricardo_alves,52,52,0,2T,Normal
5570,2016,21,Atletico-MG,atletico_mg,Robinho,robinho,40,40,0,1T,Penalty
5569,2016,21,Flamengo,flamengo,Diego Ribas,diego_ribas,70,70,0,2T,Normal
5569,2016,21,Gremio,gremio,Henrique Almeida,henrique_almeida,72,72,0,2T,Normal
5569,2016,21,Flamengo,flamengo,Leandro Damião,leandro_damiao,30,30,0,1T,Penalty
5573,2016,21,Palmeiras,palmeiras,Rafael Marques Mariano,rafael_marques_mariano,16,16,0,1T,Normal
5573,2016,21,Palmeiras,palmeiras,Thiago Martins Bueno,thiago_martins_bueno,70,70,0,2T,Normal
5573,2016,21,Ponte Preta,ponte_preta,Wellington Paulista,wellington_paulista,52,52,0,2T,Normal
5573,2016,21,Ponte Preta,ponte_preta,William Pottker,william_pottker,73,73,0,2T,Normal
5572,2016,21,Fluminense,fluminense,Henrique Dourado,henrique_dourado,30,30,0,1T,Normal
5571,2016,21,Sao Paulo,sao_paulo,Christian Cueva,christian_cueva,37,37,0,1T,Penalty
5571,2016,21,Internacional,internacional,Eugenio Mena,eugenio_mena,85,85,0,2T,Gol Contra
5574,2016,21,Coritiba,coritiba,Kléber,kleber,73,73,0,2T,Normal
5574,2016,21,Coritiba,coritiba,Iago Dias,iago_dias,86,86,0,2T,Normal
5574,2016,21,Santos,santos,Ricardo Oliveira,ricardo_oliveira,59,59,0,2T,Normal
5575,2016,21,Cruzeiro,cruzeiro,Henrique Pacheco Lima,henrique_pacheco_lima,3,3,0,1T,Normal
5575,2016,21,Cruzeiro,cruzeiro,Ramón Ábila,ramon_abila,48,48,0,2T,Normal
5575,2016,21,Figueirense,figueirense,Wéverton Almeida Santos,weverton_almeida_santos,88,88,0,2T,Normal
5576,2016,21,Corinthians,corinthians,Jonathan Marlone,jonathan_marlone,51,51,0,2T,Normal
5576,2016,21,Vitoria,vitoria,Yago Fernando da Silva,yago_fernando_da_silva,43,43,0,1T,Gol Contra
5576,2016,21,Corinthians,corinthians,Marquinhos,marquinhos,71,71,0,2T,Normal
5577,2016,22,Ponte Preta,ponte_preta,Roger Rodrigues da Silva,roger_rodrigues_da_silva,36,36,0,1T,Normal
5577,2016,22,Ponte Preta,ponte_preta,Clayson Henrique da Silva Vieira,clayson_henrique_da_silva_vieira,50,50,0,2T,Normal
5579,2016,22,Figueirense,figueirense,Rafael Moura,rafael_moura,48,48,0,2T,Penalty
5578,2016,22,Cruzeiro,cruzeiro,Róbson Michael Signorini,robson_michael_signorini,49,49,0,2T,Normal
5578,2016,22,Cruzeiro,cruzeiro,Ramón Ábila,ramon_abila,53,53,0,2T,Normal
5580,2016,22,Gremio,gremio,Luan Guilherme de Jesus Vieira,luan_guilherme_de_jesus_vieira,53,53,0,2T,Normal
5580,2016,22,Atletico-MG,atletico_mg,Robinho,robinho,87,87,0,2T,Normal
5581,2016,22,Palmeiras,palmeiras,Eduardo Pereira Rodrigues,eduardo_pereira_rodrigues,19,19,0,1T,Normal
5581,2016,22,Palmeiras,palmeiras,Jean Raphael Vanderlei Moreira,jean_raphael_vanderlei_moreira,25,25,0,1T,Normal
5582,2016,22,Chapecoense,chapecoense,Everton Kempes dos Santos Gonçalves,everton_kempes_dos_santos_goncalves,42,42,0,1T,Normal
5582,2016,22,Flamengo,flamengo,Diego Ribas,diego_ribas,9,9,0,1T,Normal
5582,2016,22,Flamengo,flamengo,Federico Mancuello,federico_mancuello,91,90,1,2T,Normal
5582,2016,22,Flamengo,flamengo,Leandro Damião,leandro_damiao,71,71,0,2T,Penalty
5584,2016,22,Internacional,internacional,Luis Manuel Seijas,luis_manuel_seijas,9,9,0,1T,Penalty
5584,2016,22,Sport,sport,Vinícius Vasconcelos Araújo,vinicius_vasconcelos_araujo,89,89,0,2T,Normal
5585,2016,22,Vitoria,vitoria,Marcelo Machado dos Santos,marcelo_machado_dos_santos,37,37,0,1T,Normal
5585,2016,22,Vitoria,vitoria,David Corrêa da Fonseca,david_correa_da_fonseca,64,64,0,2T,Normal
5585,2016,22,America-MG,america_mg,Danilo Barcelos,danilo_barcelos,86,86,0,2T,Normal
5586,2016,22,Athletico-PR,athletico_pr,Hernani Azevedo Junior,hernani_azevedo_junior,7,7,0,1T,Normal
5546,2016,18,Fluminense,fluminense,Renato de Araújo Chaves Júnior,renato_de_araujo_chaves_junior,20,20,0,1T,Normal
5546,2016,18,Fluminense,fluminense,Magno Alves,magno_alves,79,79,0,2T,Normal
5546,2016,18,Figueirense,figueirense,Carlos Alberto Gomes de Jesus,carlos_alberto_gomes_de_jesus,48,48,0,2T,Normal
5546,2016,18,Fluminense,fluminense,Gustavo Scarpa,gustavo_scarpa,14,14,0,1T,Normal
5546,2016,18,Figueirense,figueirense,Nirley da Silva Fonseca,nirley_da_silva_fonseca,61,61,0,2T,Normal
5556,2016,19,Botafogo-RJ,botafogo_rj,Camilo,camilo,21,21,0,1T,Normal
5556,2016,19,Botafogo-RJ,botafogo_rj,Luiz Ricardo Alves,luiz_ricardo_alves,29,29,0,1T,Normal
5556,2016,19,Gremio,gremio,Matheus dos Santos Batista,matheus_dos_santos_batista,80,80,0,2T,Normal
5587,2016,23,Santa Cruz,santa_cruz,Arthur Caike do Nascimento Cruz,arthur_caike_do_nascimento_cruz,57,57,0,2T,Normal
5587,2016,23,Santa Cruz,santa_cruz,Bruno Eduardo Moraes,bruno_eduardo_moraes,64,64,0,2T,Normal
5587,2016,23,Chapecoense,chapecoense,Bruno Rangel,bruno_rangel,87,87,0,2T,Penalty
5587,2016,23,Chapecoense,chapecoense,Everton Kempes dos Santos Gonçalves,everton_kempes_dos_santos_goncalves,28,28,0,1T,Normal
5589,2016,23,Botafogo-RJ,botafogo_rj,Neilton Mestzk,neilton_mestzk,50,50,0,2T,Normal
5588,2016,23,Figueirense,figueirense,Lins Lima de Brito,lins_lima_de_brito,4,4,0,1T,Normal
5590,2016,23,Atletico-MG,atletico_mg,Fred,fred,46,45,1,1T,Normal
5590,2016,23,Atletico-MG,atletico_mg,Fred,fred,63,63,0,2T,Normal
5590,2016,23,Vitoria,vitoria,Antônio Eduardo Pereira dos Santos,antonio_eduardo_pereira_dos_santos,59,59,0,2T,Normal
5591,2016,23,Palmeiras,palmeiras,Yerry Mina,yerry_mina,56,56,0,2T,Normal
5591,2016,23,Palmeiras,palmeiras,Vitor Hugo Franchescoli de Souza,vitor_hugo_franchescoli_de_souza,71,71,0,2T,Normal
5591,2016,23,Sao Paulo,sao_paulo,Andrés Chávez,andres_chavez,48,48,0,2T,Normal
5593,2016,23,Coritiba,coritiba,Raphael Cavalcante Veiga,raphael_cavalcante_veiga,35,35,0,1T,Normal
5593,2016,23,Coritiba,coritiba,Neto Berola,neto_berola,39,39,0,1T,Normal
5593,2016,23,Coritiba,coritiba,Walisson,walisson,22,22,0,1T,Normal
5593,2016,23,Coritiba,coritiba,Leandro,leandro,31,31,0,1T,Normal
5592,2016,23,Flamengo,flamengo,Luiz Fernando Pereira da Silva,luiz_fernando_pereira_da_silva,90,90,0,2T,Normal
5592,2016,23,Ponte Preta,ponte_preta,William Pottker,william_pottker,67,67,0,2T,Normal
5592,2016,23,Flamengo,flamengo,Gabriel Santana,gabriel_santana,14,14,0,1T,Normal
5594,2016,23,Corinthians,corinthians,Vilson Xavier de Menezes Júnior,vilson_xavier_de_menezes_junior,62,62,0,2T,Normal
5594,2016,23,Corinthians,corinthians,Rodrigo Eduardo Costa Marinho,rodrigo_eduardo_costa_marinho,47,47,0,2T,Normal
5594,2016,23,Corinthians,corinthians,Léo Príncipe,leo_principe,54,54,0,2T,Normal
5595,2016,23,Cruzeiro,cruzeiro,Giorgian De Arrascaeta,giorgian_de_arrascaeta,21,21,0,1T,Normal
5595,2016,23,Cruzeiro,cruzeiro,Ramón Ábila,ramon_abila,70,70,0,2T,Normal
5596,2016,23,Internacional,internacional,Aylon,aylon,62,62,0,2T,Normal
5596,2016,23,Santos,santos,Ricardo Oliveira,ricardo_oliveira,28,28,0,1T,Normal
5596,2016,23,Internacional,internacional,Luis Manuel Seijas,luis_manuel_seijas,43,43,0,1T,Normal
5597,2016,24,Flamengo,flamengo,Gabriel Santana,gabriel_santana,60,60,0,2T,Normal
5597,2016,24,Vitoria,vitoria,Zé Love,ze_love,22,22,0,1T,Normal
5597,2016,24,Flamengo,flamengo,Luiz Fernando Pereira da Silva,luiz_fernando_pereira_da_silva,44,44,0,1T,Normal
5599,2016,24,Sao Paulo,sao_paulo,Kelvin Mateus de Oliveira,kelvin_mateus_de_oliveira,73,73,0,2T,Normal
5599,2016,24,Sao Paulo,sao_paulo,Andrés Chávez,andres_chavez,31,31,0,1T,Normal
5599,2016,24,Figueirense,figueirense,Carlos Alberto Gomes de Jesus,carlos_alberto_gomes_de_jesus,87,87,0,2T,Penalty
5599,2016,24,Sao Paulo,sao_paulo,Christian Cueva,christian_cueva,66,66,0,2T,Normal
5598,2016,24,Chapecoense,chapecoense,Everton Kempes dos Santos Gonçalves,everton_kempes_dos_santos_goncalves,71,71,0,2T,Normal
5600,2016,24,Botafogo-RJ,botafogo_rj,Gustavo Canales,gustavo_canales,66,66,0,2T,Normal
5600,2016,24,Botafogo-RJ,botafogo_rj,Camilo,camilo,80,80,0,2T,Normal
5602,2016,24,Athletico-PR,athletico_pr,Pablo Felipe Teixeira,pablo_felipe_teixeira,46,46,0,2T,Normal
5602,2016,24,Internacional,internacional,Valdívia,valdivia,2,2,0,1T,Normal
5602,2016,24,Athletico-PR,athletico_pr,Pablo Felipe Teixeira,pablo_felipe_teixeira,40,40,0,1T,Normal
5601,2016,24,Sport,sport,Rodney Wallace,rodney_wallace,70,70,0,2T,Normal
5601,2016,24,Santa Cruz,santa_cruz,Keno,keno,6,6,0,1T,Normal
5601,2016,24,Sport,sport,Luis Carlos Ruiz,luis_carlos_ruiz,80,80,0,2T,Normal
5601,2016,24,Santa Cruz,santa_cruz,João Paulo,joao_paulo,50,50,0,2T,Normal
5601,2016,24,Sport,sport,Vinícius Vasconcelos Araújo,vinicius_vasconcelos_araujo,90,90,0,2T,Normal
5601,2016,24,Santa Cruz,santa_cruz,Bruno Eduardo Moraes,bruno_eduardo_moraes,72,72,0,2T,Normal
5601,2016,24,Sport,sport,Durval,durval,53,53,0,2T,Normal
5601,2016,24,Sport,sport,Everton Felipe,everton_felipe,92,90,2,2T,Normal
5603,2016,24,Santos,santos,Renato Dirnei Florêncio,renato_dirnei_florencio,85,85,0,2T,Normal
5603,2016,24,Corinthians,corinthians,Jonathan Marlone,jonathan_marlone,37,37,0,1T,Normal
5603,2016,24,Santos,santos,Vitor Bueno,vitor_bueno,71,71,0,2T,Penalty
5604,2016,24,Ponte Preta,ponte_preta,William Pottker,william_pottker,44,44,0,1T,Normal
5604,2016,24,America-MG,america_mg,Jonas Jessué da Silva Júnior,jonas_jessue_da_silva_junior,58,58,0,2T,Normal
5606,2016,24,Fluminense,fluminense,Gustavo Scarpa,gustavo_scarpa,77,77,0,2T,Normal
5606,2016,24,Fluminense,fluminense,Francinilson Santos Meirelles,francinilson_santos_meirelles,92,90,2,2T,Normal
5606,2016,24,Fluminense,fluminense,Douglas Augusto Soares Gomes,douglas_augusto_soares_gomes,49,49,0,2T,Normal
5606,2016,24,Atletico-MG,atletico_mg,Robinho,robinho,28,28,0,1T,Normal
5606,2016,24,Fluminense,fluminense,Marquinho,marquinho,73,73,0,2T,Normal
5606,2016,24,Atletico-MG,atletico_mg,Rómulo Otero,romulo_otero,88,88,0,2T,Normal
5607,2016,25,Santos,santos,José Carlos Cracco Neto,jose_carlos_cracco_neto,4,4,0,1T,Normal
5608,2016,25,Figueirense,figueirense,Dodô,dodo,38,38,0,1T,Penalty
5608,2016,25,Figueirense,figueirense,Lins Lima de Brito,lins_lima_de_brito,15,15,0,1T,Normal
5608,2016,25,America-MG,america_mg,Jonas Jessué da Silva Júnior,jonas_jessue_da_silva_junior,44,44,0,1T,Normal
5608,2016,25,America-MG,america_mg,Osman,osman,80,80,0,2T,Normal
5610,2016,25,Santa Cruz,santa_cruz,Bruno Eduardo Moraes,bruno_eduardo_moraes,91,90,1,2T,Normal
5609,2016,25,Ponte Preta,ponte_preta,Fábio Ferreira,fabio_ferreira,53,53,0,2T,Normal
5609,2016,25,Ponte Preta,ponte_preta,Roger Rodrigues da Silva,roger_rodrigues_da_silva,76,76,0,2T,Normal
5609,2016,25,Ponte Preta,ponte_preta,William Pottker,william_pottker,95,90,5,2T,Penalty
5611,2016,25,Coritiba,coritiba,Leandro,leandro,28,28,0,1T,Penalty
5611,2016,25,Corinthians,corinthians,Jonathan Marlone,jonathan_marlone,15,15,0,1T,Normal
5612,2016,25,Palmeiras,palmeiras,Gabriel Jesus,gabriel_jesus,82,82,0,2T,Normal
5612,2016,25,Flamengo,flamengo,Alan Patrick,alan_patrick,62,62,0,2T,Normal
5614,2016,25,Chapecoense,chapecoense,Dener Assunção Braz,dener_assuncao_braz,54,54,0,2T,Normal
5614,2016,25,Chapecoense,chapecoense,Lourency do Nascimento Rodrigues,lourency_do_nascimento_rodrigues,89,89,0,2T,Normal
5614,2016,25,Fluminense,fluminense,Cícero Santos,cicero_santos,4,4,0,1T,Normal
5613,2016,25,Atletico-MG,atletico_mg,Júnior Urso,junior_urso,59,59,0,2T,Normal
5616,2016,25,Vitoria,vitoria,Antônio Eduardo Pereira dos Santos,antonio_eduardo_pereira_dos_santos,47,47,0,2T,Normal
5615,2016,25,Sao Paulo,sao_paulo,Wesley Lopes Beltrame,wesley_lopes_beltrame,43,43,0,1T,Normal
5617,2016,26,Palmeiras,palmeiras,Moisés Lima Magalhães,moises_lima_magalhaes,5,5,0,1T,Normal
5617,2016,26,Palmeiras,palmeiras,Yerry Mina,yerry_mina,76,76,0,2T,Normal
5618,2016,26,Flamengo,flamengo,Willian Arão,willian_arao,37,37,0,1T,Normal
5618,2016,26,Flamengo,flamengo,Diego Ribas,diego_ribas,71,71,0,2T,Penalty
5619,2016,26,Atletico-MG,atletico_mg,Clayton da Silveira da Silva,clayton_da_silveira_da_silva,31,31,0,1T,Normal
5619,2016,26,Cruzeiro,cruzeiro,Róbson Michael Signorini,robson_michael_signorini,76,76,0,2T,Normal
5621,2016,26,Fluminense,fluminense,Gustavo Scarpa,gustavo_scarpa,40,40,0,1T,Normal
5623,2016,26,Athletico-PR,athletico_pr,Pablo Felipe Teixeira,pablo_felipe_teixeira,80,80,0,2T,Normal
5620,2016,26,Coritiba,coritiba,Willian José de Souza,willian_jose_de_souza,31,31,0,1T,Normal
5622,2016,26,Chapecoense,chapecoense,Tiaguinho,tiaguinho,43,43,0,1T,Normal
5622,2016,26,Ponte Preta,ponte_preta,Fábio Ferreira,fabio_ferreira,33,33,0,1T,Normal
5622,2016,26,Ponte Preta,ponte_preta,Roger Rodrigues da Silva,roger_rodrigues_da_silva,56,56,0,2T,Normal
5622,2016,26,Chapecoense,chapecoense,Tiaguinho,tiaguinho,12,12,0,1T,Normal
5624,2016,26,Santos,santos,Jonathan Copete,jonathan_copete,5,5,0,1T,Normal
5624,2016,26,Santa Cruz,santa_cruz,Keno,keno,101,90,11,2T,Normal
5624,2016,26,Santos,santos,Jean Mota Oliveira de Souza,jean_mota_oliveira_de_souza,88,88,0,2T,Normal
5624,2016,26,Santos,santos,Vitor Bueno,vitor_bueno,103,90,13,2T,Normal
5624,2016,26,Santa Cruz,santa_cruz,Keno,keno,56,56,0,2T,Normal
5625,2016,26,Botafogo-RJ,botafogo_rj,Rodrigo Pimpão,rodrigo_pimpao,45,45,0,1T,Normal
5626,2016,26,America-MG,america_mg,Michael Vinicius Silva de Morais,michael_vinicius_silva_de_morais,90,90,0,2T,Normal
5627,2016,27,Palmeiras,palmeiras,Yerry Mina,yerry_mina,57,57,0,2T,Normal
5627,2016,27,Coritiba,coritiba,Iago Dias,iago_dias,76,76,0,2T,Normal
5627,2016,27,Palmeiras,palmeiras,Leandro,leandro,51,51,0,2T,Normal
5628,2016,27,Sport,sport,José Rogério de Oliveira Melo,jose_rogerio_de_oliveira_melo,11,11,0,1T,Normal
5629,2016,27,America-MG,america_mg,Jonas Jessué da Silva Júnior,jonas_jessue_da_silva_junior,65,65,0,2T,Normal
5630,2016,27,Athletico-PR,athletico_pr,Thiago Heleno,thiago_heleno,78,78,0,2T,Normal
5630,2016,27,Athletico-PR,athletico_pr,Thiago Heleno,thiago_heleno,47,45,2,1T,Penalty
5630,2016,27,Athletico-PR,athletico_pr,Leonardo Moreira Morais,leonardo_moreira_morais,67,67,0,2T,Normal
5631,2016,27,Figueirense,figueirense,Danny Morais,danny_morais,60,60,0,2T,Gol Contra
5631,2016,27,Santa Cruz,santa_cruz,Keno,keno,66,66,0,2T,Normal
5631,2016,27,Figueirense,figueirense,Ayrton Ganino,ayrton_ganino,1,1,0,1T,Normal
5631,2016,27,Figueirense,figueirense,Lins Lima de Brito,lins_lima_de_brito,38,38,0,1T,Normal
5632,2016,27,Vitoria,vitoria,Lyanco,lyanco,72,72,0,2T,Gol Contra
5632,2016,27,Vitoria,vitoria,Mário Sérgio Santos Costa,mario_sergio_santos_costa,52,52,0,2T,Normal
5633,2016,27,Fluminense,fluminense,Cícero Santos,cicero_santos,94,90,4,2T,Normal
5635,2016,27,Gremio,gremio,Pedro Rocha Neves,pedro_rocha_neves,10,10,0,1T,Normal
5634,2016,27,Flamengo,flamengo,Federico Mancuello,federico_mancuello,89,89,0,2T,Normal
5634,2016,27,Cruzeiro,cruzeiro,Rafael da Silva Francisco,rafael_da_silva_francisco,74,74,0,2T,Normal
5634,2016,27,Flamengo,flamengo,Paolo Guerrero,paolo_guerrero,84,84,0,2T,Normal
5636,2016,27,Atletico-MG,atletico_mg,Clayton da Silveira da Silva,clayton_da_silveira_da_silva,29,29,0,1T,Normal
5636,2016,27,Atletico-MG,atletico_mg,Lucas Pratto,lucas_pratto,81,81,0,2T,Normal
5636,2016,27,Internacional,internacional,Gustavo Ferrareis,gustavo_ferrareis,31,31,0,1T,Normal
5636,2016,27,Atletico-MG,atletico_mg,Fred,fred,15,15,0,1T,Normal
5637,2016,28,Fluminense,fluminense,Richarlison,richarlison,66,66,0,2T,Normal
5637,2016,28,Fluminense,fluminense,Gustavo Scarpa,gustavo_scarpa,87,87,0,2T,Normal
5637,2016,28,Sport,sport,Gum,gum,11,11,0,1T,Gol Contra
5637,2016,28,Fluminense,fluminense,Marcos Júnior,marcos_junior,54,54,0,2T,Normal
5639,2016,28,Vitoria,vitoria,Zé Love,ze_love,26,26,0,1T,Normal
5639,2016,28,Vitoria,vitoria,Marcelo Machado dos Santos,marcelo_machado_dos_santos,16,16,0,1T,Normal
5639,2016,28,Chapecoense,chapecoense,Tiaguinho,tiaguinho,55,55,0,2T,Normal
5639,2016,28,Vitoria,vitoria,Kieza,kieza,40,40,0,1T,Normal
5639,2016,28,Vitoria,vitoria,Zé Love,ze_love,9,9,0,1T,Normal
5640,2016,28,Santos,santos,Ricardo Oliveira,ricardo_oliveira,31,31,0,1T,Penalty
5640,2016,28,Santos,santos,Paulinho,paulinho,83,83,0,2T,Normal
5641,2016,28,Botafogo-RJ,botafogo_rj,Neilton Mestzk,neilton_mestzk,24,24,0,1T,Normal
5641,2016,28,Botafogo-RJ,botafogo_rj,Diogo Barbosa,diogo_barbosa,38,38,0,1T,Normal
5642,2016,28,Atletico-MG,atletico_mg,Clayton da Silveira da Silva,clayton_da_silveira_da_silva,38,38,0,1T,Normal
5642,2016,28,Ponte Preta,ponte_preta,Roger Rodrigues da Silva,roger_rodrigues_da_silva,79,79,0,2T,Normal
5642,2016,28,Atletico-MG,atletico_mg,Júnior Urso,junior_urso,16,16,0,1T,Normal
5643,2016,28,Cruzeiro,cruzeiro,Henrique Pacheco Lima,henrique_pacheco_lima,72,72,0,2T,Normal
5644,2016,28,Internacional,internacional,Victor Vinícius Coelho Santos,victor_vinicius_coelho_santos,5,5,0,1T,Normal
5645,2016,28,Palmeiras,palmeiras,Zé Roberto,ze_roberto,33,33,0,1T,Normal
5645,2016,28,Palmeiras,palmeiras,Leandro,leandro,66,66,0,2T,Normal
5645,2016,28,Palmeiras,palmeiras,Róger Guedes,roger_guedes,80,80,0,2T,Normal
5645,2016,28,Santa Cruz,santa_cruz,Grafite,grafite,70,70,0,2T,Penalty
5645,2016,28,Santa Cruz,santa_cruz,Arthur Caike do Nascimento Cruz,arthur_caike_do_nascimento_cruz,56,56,0,2T,Normal
5646,2016,28,Coritiba,coritiba,Juan Maldonado Jaimez Júnior,juan_maldonado_jaimez_junior,49,49,0,2T,Normal
5646,2016,28,Coritiba,coritiba,Juan Maldonado Jaimez Júnior,juan_maldonado_jaimez_junior,73,73,0,2T,Normal
5646,2016,28,Coritiba,coritiba,Colin Kâzım-Richards,colin_kazm_richards,13,13,0,1T,Normal
5648,2016,29,Gremio,gremio,Jailson Marques Siqueira,jailson_marques_siqueira,53,53,0,2T,Normal
5647,2016,29,Chapecoense,chapecoense,Filipe Machado,filipe_machado,19,19,0,1T,Normal
5647,2016,29,Athletico-PR,athletico_pr,Pablo Felipe Teixeira,pablo_felipe_teixeira,84,84,0,2T,Normal
5647,2016,29,Athletico-PR,athletico_pr,Matheus Rossetto,matheus_rossetto,88,88,0,2T,Normal
5647,2016,29,Athletico-PR,athletico_pr,Hernani Azevedo Junior,hernani_azevedo_junior,42,42,0,1T,Penalty
5650,2016,29,Fluminense,fluminense,Wellington do Nascimento Silva,wellington_do_nascimento_silva,64,64,0,2T,Normal
5650,2016,29,Santos,santos,Jonathan Copete,jonathan_copete,48,48,0,2T,Normal
5650,2016,29,Santos,santos,Ricardo Oliveira,ricardo_oliveira,80,80,0,2T,Normal
5651,2016,29,Sport,sport,Diego Souza,diego_souza,43,43,0,1T,Normal
5651,2016,29,Sao Paulo,sao_paulo,Thiago Henrique Mendes Ribeiro,thiago_henrique_mendes_ribeiro,25,25,0,1T,Normal
5652,2016,29,Internacional,internacional,Victor Vinícius Coelho Santos,victor_vinicius_coelho_santos,87,87,0,2T,Penalty
5653,2016,29,Cruzeiro,cruzeiro,Róbson Michael Signorini,robson_michael_signorini,81,81,0,2T,Normal
5653,2016,29,Cruzeiro,cruzeiro,Ramón Ábila,ramon_abila,12,12,0,1T,Normal
5654,2016,29,Flamengo,flamengo,Felipe Vizeu,felipe_vizeu,6,6,0,1T,Normal
5654,2016,29,Flamengo,flamengo,Willian Arão,willian_arao,57,57,0,2T,Normal
5654,2016,29,Flamengo,flamengo,Marcelo Cirino da Silva,marcelo_cirino_da_silva,87,87,0,2T,Normal
5655,2016,29,Palmeiras,palmeiras,Danilo Neves,danilo_neves,3,3,0,1T,Normal
5655,2016,29,Palmeiras,palmeiras,Alecsandro,alecsandro,88,88,0,2T,Normal
5656,2016,29,Botafogo-RJ,botafogo_rj,Bruno César Pereira da Silva,bruno_cesar_pereira_da_silva,92,90,2,2T,Normal
5657,2016,30,Chapecoense,chapecoense,Ananias Elói Castro Monteiro,ananias_eloi_castro_monteiro,57,57,0,2T,Normal
5657,2016,30,Chapecoense,chapecoense,Everton Kempes dos Santos Gonçalves,everton_kempes_dos_santos_goncalves,90,90,0,2T,Normal
5657,2016,30,Chapecoense,chapecoense,Thiego,thiego,44,44,0,1T,Normal
5659,2016,30,Corinthians,corinthians,Guilherme Milhomem Gusmão,guilherme_milhomem_gusmao,38,38,0,1T,Normal
5659,2016,30,Corinthians,corinthians,Guilherme Milhomem Gusmão,guilherme_milhomem_gusmao,55,55,0,2T,Normal
5659,2016,30,Santa Cruz,santa_cruz,Grafite,grafite,30,30,0,1T,Normal
5659,2016,30,Corinthians,corinthians,Jonathan Marlone,jonathan_marlone,48,48,0,2T,Normal
5659,2016,30,Santa Cruz,santa_cruz,Keno,keno,81,81,0,2T,Normal
5659,2016,30,Corinthians,corinthians,Lucca Borges de Brito,lucca_borges_de_brito,92,90,2,2T,Normal
5660,2016,30,Botafogo-RJ,botafogo_rj,Luiz Ricardo Alves,luiz_ricardo_alves,85,85,0,2T,Penalty
5662,2016,30,Ponte Preta,ponte_preta,Rhayner,rhayner,24,24,0,1T,Normal
5662,2016,30,Ponte Preta,ponte_preta,Wendel Geraldo Maurício e Silva,wendel_geraldo_mauricio_e_silva,37,37,0,1T,Normal
5663,2016,30,Atletico-MG,atletico_mg,Lucas Pratto,lucas_pratto,85,85,0,2T,Normal
5663,2016,30,Atletico-MG,atletico_mg,Fred,fred,36,36,0,1T,Normal
5663,2016,30,Atletico-MG,atletico_mg,Carlos César Neves,carlos_cesar_neves,65,65,0,2T,Normal
5666,2016,30,Gremio,gremio,Pedro Rocha Neves,pedro_rocha_neves,47,45,2,1T,Normal
5664,2016,30,Fluminense,fluminense,Marcos Júnior,marcos_junior,47,47,0,2T,Normal
5664,2016,30,Flamengo,flamengo,Luiz Fernando Pereira da Silva,luiz_fernando_pereira_da_silva,54,54,0,2T,Normal
5664,2016,30,Flamengo,flamengo,William Matheus,william_matheus,12,12,0,1T,Gol Contra
5665,2016,30,Santos,santos,Jonathan Copete,jonathan_copete,46,46,0,2T,Normal
5667,2016,31,Atletico-MG,atletico_mg,Fred,fred,51,51,0,2T,Normal
5667,2016,31,Botafogo-RJ,botafogo_rj,Bruno César Pereira da Silva,bruno_cesar_pereira_da_silva,5,5,0,1T,Normal
5667,2016,31,Atletico-MG,atletico_mg,Leonardo Silva,leonardo_silva,70,70,0,2T,Normal
5667,2016,31,Botafogo-RJ,botafogo_rj,Rodrigo Pimpão,rodrigo_pimpao,35,35,0,1T,Normal
5667,2016,31,Botafogo-RJ,botafogo_rj,Dudu Cearense,dudu_cearense,91,90,1,2T,Normal
5669,2016,31,Athletico-PR,athletico_pr,Matheus Rossetto,matheus_rossetto,20,20,0,1T,Normal
5669,2016,31,Athletico-PR,athletico_pr,Pablo Felipe Teixeira,pablo_felipe_teixeira,68,68,0,2T,Normal
5670,2016,31,Internacional,internacional,Eduardo Sasha,eduardo_sasha,66,66,0,2T,Normal
5670,2016,31,Internacional,internacional,Victor Vinícius Coelho Santos,victor_vinicius_coelho_santos,81,81,0,2T,Normal
5670,2016,31,Flamengo,flamengo,Réver,rever,57,57,0,2T,Normal
5671,2016,31,Palmeiras,palmeiras,Jean Raphael Vanderlei Moreira,jean_raphael_vanderlei_moreira,84,84,0,2T,Normal
5671,2016,31,Palmeiras,palmeiras,Jean Raphael Vanderlei Moreira,jean_raphael_vanderlei_moreira,57,57,0,2T,Penalty
5671,2016,31,Figueirense,figueirense,Rafael Silva dos Santos,rafael_silva_dos_santos,86,86,0,2T,Normal
5672,2016,31,Corinthians,corinthians,Ángel Romero,angel_romero,17,17,0,1T,Normal
5672,2016,31,Corinthians,corinthians,Rodrigo Eduardo Costa Marinho,rodrigo_eduardo_costa_marinho,39,39,0,1T,Normal
5673,2016,31,Ponte Preta,ponte_preta,Maycon de Andrade Barberan,maycon_de_andrade_barberan,70,70,0,2T,Normal
5673,2016,31,Ponte Preta,ponte_preta,William Pottker,william_pottker,74,74,0,2T,Normal
5673,2016,31,Ponte Preta,ponte_preta,Roger Rodrigues da Silva,roger_rodrigues_da_silva,51,51,0,2T,Normal
5675,2016,31,Sport,sport,Diego Souza,diego_souza,6,6,0,1T,Normal
5674,2016,31,Santos,santos,Fabián Noguera,fabian_noguera,21,21,0,1T,Normal
5674,2016,31,Gremio,gremio,Everton Sousa Soares,everton_sousa_soares,10,10,0,1T,Normal
5676,2016,31,Sao Paulo,sao_paulo,Thiago Henrique Mendes Ribeiro,thiago_henrique_mendes_ribeiro,72,72,0,2T,Normal
5676,2016,31,Sao Paulo,sao_paulo,Rodrigo Caio,rodrigo_caio,81,81,0,2T,Normal
5676,2016,31,Fluminense,fluminense,Wellington Alves da Silva,wellington_alves_da_silva,31,31,0,1T,Penalty
5677,2016,32,Botafogo-RJ,botafogo_rj,Rodrigo Pimpão,rodrigo_pimpao,87,87,0,2T,Normal
5678,2016,32,Sao Paulo,sao_paulo,David Neres Campos,david_neres_campos,82,82,0,2T,Normal
5678,2016,32,Sao Paulo,sao_paulo,Christian Cueva,christian_cueva,11,11,0,1T,Penalty
5679,2016,32,Corinthians,corinthians,Rodrigo Eduardo Costa Marinho,rodrigo_eduardo_costa_marinho,46,45,1,1T,Normal
5679,2016,32,Flamengo,flamengo,Paolo Guerrero,paolo_guerrero,15,15,0,1T,Normal
5679,2016,32,Flamengo,flamengo,Paolo Guerrero,paolo_guerrero,59,59,0,2T,Normal
5679,2016,32,Corinthians,corinthians,Guilherme Milhomem Gusmão,guilherme_milhomem_gusmao,6,6,0,1T,Normal
5680,2016,32,Cruzeiro,cruzeiro,Ariel Cabral,ariel_cabral,40,40,0,1T,Normal
5681,2016,32,Sport,sport,José Rogério de Oliveira Melo,jose_rogerio_de_oliveira_melo,32,32,0,1T,Normal
5681,2016,32,Palmeiras,palmeiras,Eduardo Pereira Rodrigues,eduardo_pereira_rodrigues,21,21,0,1T,Normal
5681,2016,32,Palmeiras,palmeiras,Danilo Neves,danilo_neves,46,45,1,1T,Normal
5683,2016,32,Coritiba,coritiba,Leandro,leandro,64,64,0,2T,Normal
5683,2016,32,Fluminense,fluminense,Gum,gum,15,15,0,1T,Normal
5684,2016,32,Atletico-MG,atletico_mg,Júnior Urso,junior_urso,88,88,0,2T,Normal
5684,2016,32,Atletico-MG,atletico_mg,Fred,fred,90,90,0,2T,Normal
5684,2016,32,Atletico-MG,atletico_mg,Rómulo Otero,romulo_otero,16,16,0,1T,Normal
5685,2016,32,Santos,santos,Lucas Rafael Araújo Lima,lucas_rafael_araujo_lima,4,4,0,1T,Normal
5686,2016,32,America-MG,america_mg,Éder Lima dos Santos,eder_lima_dos_santos,85,85,0,2T,Normal
5687,2016,33,Sport,sport,José Rogério de Oliveira Melo,jose_rogerio_de_oliveira_melo,54,54,0,2T,Normal
5688,2016,33,Fluminense,fluminense,Cícero Santos,cicero_santos,48,45,3,1T,Normal
5688,2016,33,Fluminense,fluminense,Richarlison,richarlison,37,37,0,1T,Penalty
5688,2016,33,Vitoria,vitoria,Marcelo Machado dos Santos,marcelo_machado_dos_santos,31,31,0,1T,Normal
5688,2016,33,Vitoria,vitoria,Mário Sérgio Santos Costa,mario_sergio_santos_costa,88,88,0,2T,Normal
5689,2016,33,Atletico-MG,atletico_mg,Lucas Pratto,lucas_pratto,87,87,0,2T,Normal
5689,2016,33,Flamengo,flamengo,Diego Ribas,diego_ribas,33,33,0,1T,Normal
5689,2016,33,Flamengo,flamengo,Paolo Guerrero,paolo_guerrero,90,90,0,2T,Normal
5689,2016,33,Atletico-MG,atletico_mg,Robinho,robinho,82,82,0,2T,Penalty
5691,2016,33,Chapecoense,chapecoense,Bruno Rangel,bruno_rangel,84,84,0,2T,Penalty
5691,2016,33,Corinthians,corinthians,Giovanni Augusto,giovanni_augusto,74,74,0,2T,Penalty
5690,2016,33,Athletico-PR,athletico_pr,Manoel Messias Silva Carvalho,manoel_messias_silva_carvalho,14,14,0,1T,Gol Contra
5693,2016,33,Santa Cruz,santa_cruz,Léo Moura,leo_moura,32,32,0,1T,Normal
5693,2016,33,Internacional,internacional,Victor Vinícius Coelho Santos,victor_vinicius_coelho_santos,7,7,0,1T,Normal
5695,2016,33,Santos,santos,Jonathan Copete,jonathan_copete,67,67,0,2T,Normal
5696,2016,33,America-MG,america_mg,Michael Vinicius Silva de Morais,michael_vinicius_silva_de_morais,27,27,0,1T,Normal
5698,2016,34,Sao Paulo,sao_paulo,Andrés Chávez,andres_chavez,67,67,0,2T,Normal
5698,2016,34,Sao Paulo,sao_paulo,Luiz Araújo,luiz_araujo,93,90,3,2T,Normal
5698,2016,34,Sao Paulo,sao_paulo,Christian Cueva,christian_cueva,14,14,0,1T,Penalty
5698,2016,34,Sao Paulo,sao_paulo,David Neres Campos,david_neres_campos,61,61,0,2T,Normal
5699,2016,34,Santos,santos,Ricardo Oliveira,ricardo_oliveira,67,67,0,2T,Normal
5699,2016,34,Ponte Preta,ponte_preta,William Pottker,william_pottker,22,22,0,1T,Penalty
5699,2016,34,Santos,santos,Jonathan Copete,jonathan_copete,89,89,0,2T,Normal
5700,2016,34,Santa Cruz,santa_cruz,Léo Moura,leo_moura,33,33,0,1T,Normal
5702,2016,34,Palmeiras,palmeiras,Cleiton Xavier,cleiton_xavier,17,17,0,1T,Normal
5703,2016,34,Vitoria,vitoria,Mário Sérgio Santos Costa,mario_sergio_santos_costa,82,82,0,2T,Normal
5703,2016,34,Vitoria,vitoria,David Corrêa da Fonseca,david_correa_da_fonseca,69,69,0,2T,Normal
5703,2016,34,Athletico-PR,athletico_pr,Pablo Felipe Teixeira,pablo_felipe_teixeira,30,30,0,1T,Normal
5703,2016,34,Vitoria,vitoria,Mário Sérgio Santos Costa,mario_sergio_santos_costa,5,5,0,1T,Normal
5703,2016,34,Athletico-PR,athletico_pr,Pablo Felipe Teixeira,pablo_felipe_teixeira,43,43,0,1T,Normal
5701,2016,34,Cruzeiro,cruzeiro,Alisson Euler de Freitas Castro,alisson_euler_de_freitas_castro,51,51,0,2T,Normal
5701,2016,34,Fluminense,fluminense,Ramón Ábila,ramon_abila,93,90,3,2T,Gol Contra
5701,2016,34,Cruzeiro,cruzeiro,Rafael Sóbis,rafael_sobis,26,26,0,1T,Normal
5701,2016,34,Fluminense,fluminense,Richarlison,richarlison,9,9,0,1T,Normal
5701,2016,34,Cruzeiro,cruzeiro,Willian Gomes de Siqueira,willian_gomes_de_siqueira,45,45,0,1T,Normal
5701,2016,34,Cruzeiro,cruzeiro,Giorgian De Arrascaeta,giorgian_de_arrascaeta,46,46,0,2T,Normal
5704,2016,34,Coritiba,coritiba,Raphael Cavalcante Veiga,raphael_cavalcante_veiga,53,53,0,2T,Normal
5704,2016,34,Coritiba,coritiba,Kléber,kleber,93,90,3,2T,Penalty
5705,2016,34,Chapecoense,chapecoense,Everton Kempes dos Santos Gonçalves,everton_kempes_dos_santos_goncalves,76,76,0,2T,Normal
5706,2016,34,Sport,sport,José Rogério de Oliveira Melo,jose_rogerio_de_oliveira_melo,47,47,0,2T,Normal
5706,2016,34,Sport,sport,Diego Souza,diego_souza,45,45,0,1T,Normal
5706,2016,34,Sport,sport,Diego Souza,diego_souza,90,90,0,2T,Normal
5707,2016,35,Athletico-PR,athletico_pr,Hernani Azevedo Junior,hernani_azevedo_junior,62,62,0,2T,Penalty
5707,2016,35,Fluminense,fluminense,Cícero Santos,cicero_santos,29,29,0,1T,Normal
5708,2016,35,Chapecoense,chapecoense,Everton Kempes dos Santos Gonçalves,everton_kempes_dos_santos_goncalves,33,33,0,1T,Normal
5708,2016,35,Chapecoense,chapecoense,Sérgio Manoel Barbosa Santos,sergio_manoel_barbosa_santos,65,65,0,2T,Normal
5709,2016,35,Coritiba,coritiba,Leandro,leandro,75,75,0,2T,Normal
5710,2016,35,Cruzeiro,cruzeiro,Henrique Pacheco Lima,henrique_pacheco_lima,43,43,0,1T,Normal
5711,2016,35,Flamengo,flamengo,Éverton Cardoso da Silva,everton_cardoso_da_silva,33,33,0,1T,Normal
5712,2016,35,Corinthians,corinthians,Guilherme Camacho,guilherme_camacho,44,44,0,1T,Normal
5712,2016,35,Figueirense,figueirense,Rafael Moura,rafael_moura,93,90,3,2T,Normal
5713,2016,35,Santos,santos,Jonathan Copete,jonathan_copete,35,35,0,1T,Normal
5713,2016,35,Santos,santos,Ricardo Oliveira,ricardo_oliveira,68,68,0,2T,Penalty
5713,2016,35,Santos,santos,Jonathan Copete,jonathan_copete,84,84,0,2T,Normal
5713,2016,35,Vitoria,vitoria,Mário Sérgio Santos Costa,mario_sergio_santos_costa,62,62,0,2T,Penalty
5713,2016,35,Vitoria,vitoria,Serginho,serginho,93,90,3,2T,Normal
5714,2016,35,Sao Paulo,sao_paulo,Andrés Chávez,andres_chavez,12,12,0,1T,Normal
5714,2016,35,Gremio,gremio,Ramiro Moschen Benetti,ramiro_moschen_benetti,66,66,0,2T,Normal
5715,2016,35,Internacional,internacional,Valdívia,valdivia,13,13,0,1T,Normal
5715,2016,35,Ponte Preta,ponte_preta,Antonio Carlos Capocasali,antonio_carlos_capocasali,57,57,0,2T,Normal
5716,2016,35,Atletico-MG,atletico_mg,Lucas Pratto,lucas_pratto,59,59,0,2T,Normal
5716,2016,35,Palmeiras,palmeiras,Gabriel Jesus,gabriel_jesus,27,27,0,1T,Normal
5717,2016,36,Vitoria,vitoria,Kieza,kieza,57,57,0,2T,Normal
5717,2016,36,Vitoria,vitoria,Mário Sérgio Santos Costa,mario_sergio_santos_costa,61,61,0,2T,Normal
5717,2016,36,Vitoria,vitoria,Willian Farias,willian_farias,23,23,0,1T,Normal
5717,2016,36,Vitoria,vitoria,Zé Love,ze_love,46,46,0,2T,Normal
5718,2016,36,Santos,santos,Ricardo Oliveira,ricardo_oliveira,48,48,0,2T,Normal
5718,2016,36,Cruzeiro,cruzeiro,Giorgian De Arrascaeta,giorgian_de_arrascaeta,22,22,0,1T,Normal
5718,2016,36,Cruzeiro,cruzeiro,Manoel Messias Silva Carvalho,manoel_messias_silva_carvalho,89,89,0,2T,Normal
5718,2016,36,Santos,santos,Ricardo Oliveira,ricardo_oliveira,62,62,0,2T,Penalty
5719,2016,36,Palmeiras,palmeiras,Eduardo Pereira Rodrigues,eduardo_pereira_rodrigues,63,63,0,2T,Normal
5721,2016,36,Gremio,gremio,Negueba,negueba,25,25,0,1T,Normal
5721,2016,36,Gremio,gremio,Miller Bolaños,miller_bolanos,65,65,0,2T,Normal
5721,2016,36,Gremio,gremio,Fred,fred,11,11,0,1T,Normal
5722,2016,36,Ponte Preta,ponte_preta,Wendel Geraldo Maurício e Silva,wendel_geraldo_mauricio_e_silva,42,42,0,1T,Normal
5720,2016,36,Athletico-PR,athletico_pr,Thiago Heleno,thiago_heleno,35,35,0,1T,Penalty
5720,2016,36,Athletico-PR,athletico_pr,André Lima,andre_lima,22,22,0,1T,Normal
5723,2016,36,Flamengo,flamengo,Diego Ribas,diego_ribas,29,29,0,1T,Normal
5723,2016,36,Coritiba,coritiba,Willian José de Souza,willian_jose_de_souza,43,43,0,1T,Normal
5723,2016,36,Coritiba,coritiba,Kléber,kleber,88,88,0,2T,Normal
5723,2016,36,Flamengo,flamengo,Gabriel Santana,gabriel_santana,2,2,0,1T,Normal
5724,2016,36,Chapecoense,chapecoense,Tiaguinho,tiaguinho,46,45,1,1T,Normal
5724,2016,36,Chapecoense,chapecoense,Dener Assunção Braz,dener_assuncao_braz,39,39,0,1T,Normal
5725,2016,36,Atletico-MG,atletico_mg,Clayton da Silveira da Silva,clayton_da_silveira_da_silva,55,55,0,2T,Normal
5725,2016,36,Santa Cruz,santa_cruz,Keno,keno,31,31,0,1T,Normal
5725,2016,36,Atletico-MG,atletico_mg,Hyuri,hyuri,80,80,0,2T,Normal
5725,2016,36,Santa Cruz,santa_cruz,Grafite,grafite,14,14,0,1T,Penalty
5725,2016,36,Santa Cruz,santa_cruz,Cícero Vítor dos Santos Júnior,cicero_vitor_dos_santos_junior,59,59,0,2T,Normal
5725,2016,36,Atletico-MG,atletico_mg,Fred,fred,6,6,0,1T,Normal
5726,2016,36,Corinthians,corinthians,Jonathan Marlone,jonathan_marlone,56,56,0,2T,Penalty
5728,2016,37,Botafogo-RJ,botafogo_rj,Luiz Ricardo Alves,luiz_ricardo_alves,17,17,0,1T,Normal
5728,2016,37,Ponte Preta,ponte_preta,William Pottker,william_pottker,66,66,0,2T,Normal
5727,2016,37,Sport,sport,Rodney Wallace,rodney_wallace,12,12,0,1T,Normal
5727,2016,37,Sport,sport,Ronaldo Alves,ronaldo_alves,80,80,0,2T,Normal
5727,2016,37,America-MG,america_mg,Danilo Barcelos,danilo_barcelos,53,53,0,2T,Normal
5727,2016,37,America-MG,america_mg,Michael Vinicius Silva de Morais,michael_vinicius_silva_de_morais,64,64,0,2T,Normal
5733,2016,37,Internacional,internacional,Valdívia,valdivia,75,75,0,2T,Normal
5730,2016,37,Atletico-MG,atletico_mg,Hyuri,hyuri,23,23,0,1T,Normal
5730,2016,37,Sao Paulo,sao_paulo,Maicon Pereira Roque,maicon_pereira_roque,25,25,0,1T,Normal
5730,2016,37,Sao Paulo,sao_paulo,Gilberto Oliveira Souza Junior,gilberto_oliveira_souza_junior,91,90,1,2T,Normal
5732,2016,37,Flamengo,flamengo,Paolo Guerrero,paolo_guerrero,5,5,0,1T,Normal
5732,2016,37,Flamengo,flamengo,Diego Ribas,diego_ribas,87,87,0,2T,Normal
5731,2016,37,Palmeiras,palmeiras,Fabiano,fabiano,26,26,0,1T,Normal
5735,2016,37,Santa Cruz,santa_cruz,Grafite,grafite,49,49,0,2T,Normal
5735,2016,37,Santa Cruz,santa_cruz,Arthur Caike do Nascimento Cruz,arthur_caike_do_nascimento_cruz,90,90,0,2T,Normal
5735,2016,37,Santa Cruz,santa_cruz,Grafite,grafite,88,88,0,2T,Normal
5735,2016,37,Gremio,gremio,Miller Bolaños,miller_bolanos,53,53,0,2T,Normal
5735,2016,37,Santa Cruz,santa_cruz,Léo Moura,leo_moura,61,61,0,2T,Normal
5735,2016,37,Santa Cruz,santa_cruz,Roberto Heuchayer,roberto_heuchayer,86,86,0,2T,Normal
5734,2016,37,Figueirense,figueirense,Marcos Roberto da Silva Barbosa,marcos_roberto_da_silva_barbosa,18,18,0,1T,Normal
5736,2016,37,Vitoria,vitoria,Mário Sérgio Santos Costa,mario_sergio_santos_costa,11,11,0,1T,Normal
5741,2016,38,Cruzeiro,cruzeiro,Giorgian De Arrascaeta,giorgian_de_arrascaeta,24,24,0,1T,Normal
5741,2016,38,Corinthians,corinthians,Jonathan Marlone,jonathan_marlone,55,55,0,2T,Normal
5741,2016,38,Cruzeiro,cruzeiro,Ezequiel,ezequiel,57,57,0,2T,Normal
5741,2016,38,Cruzeiro,cruzeiro,Róbson Michael Signorini,robson_michael_signorini,59,59,0,2T,Normal
5741,2016,38,Corinthians,corinthians,Guilherme Milhomem Gusmão,guilherme_milhomem_gusmao,8,8,0,1T,Normal
5738,2016,38,Fluminense,fluminense,Douglas Augusto Soares Gomes,douglas_augusto_soares_gomes,72,72,0,2T,Normal
5738,2016,38,Internacional,internacional,Gustavo Ferrareis,gustavo_ferrareis,88,88,0,2T,Normal
5739,2016,38,Botafogo-RJ,botafogo_rj,Bruno César Pereira da Silva,bruno_cesar_pereira_da_silva,17,17,0,1T,Normal
5740,2016,38,Sao Paulo,sao_paulo,Gilberto Oliveira Souza Junior,gilberto_oliveira_souza_junior,30,30,0,1T,Normal
5740,2016,38,Sao Paulo,sao_paulo,Andrés Chávez,andres_chavez,58,58,0,2T,Normal
5740,2016,38,Sao Paulo,sao_paulo,Andrés Chávez,andres_chavez,73,73,0,2T,Normal
5740,2016,38,Sao Paulo,sao_paulo,David Neres Campos,david_neres_campos,1,1,0,1T,Normal
5740,2016,38,Sao Paulo,sao_paulo,Luiz Araújo,luiz_araujo,82,82,0,2T,Normal
5744,2016,38,Palmeiras,palmeiras,Gabriel Girotto Franco,gabriel_girotto_franco,16,16,0,1T,Normal
5744,2016,38,Palmeiras,palmeiras,Alecsandro,alecsandro,46,45,1,1T,Normal
5744,2016,38,Vitoria,vitoria,Mário Sérgio Santos Costa,mario_sergio_santos_costa,13,13,0,1T,Normal
5745,2016,38,Ponte Preta,ponte_preta,Ravanelli Ferreira dos Santos,ravanelli_ferreira_dos_santos,65,65,0,2T,Normal
5745,2016,38,Ponte Preta,ponte_preta,William Pottker,william_pottker,60,60,0,2T,Penalty
5737,2016,38,Santos,santos,Ricardo Oliveira,ricardo_oliveira,49,49,0,2T,Normal
5742,2016,38,Sport,sport,José Rogério de Oliveira Melo,jose_rogerio_de_oliveira_melo,47,47,0,2T,Normal
5742,2016,38,Sport,sport,Diego Souza,diego_souza,89,89,0,2T,Normal
5746,2017,1,Atletico-MG,atletico_mg,Elias Mendes Trindade,elias_mendes_trindade,59,59,0,2T,Normal
5746,2017,1,Flamengo,flamengo,Matheus Sávio,matheus_savio,24,24,0,1T,Normal
5747,2017,1,Corinthians,corinthians,Jô,jo,22,22,0,1T,Normal
5747,2017,1,Chapecoense,chapecoense,Wellington Paulista,wellington_paulista,56,56,0,2T,Normal
5748,2017,1,Fluminense,fluminense,Junior Sornoza,junior_sornoza,58,58,0,2T,Normal
5748,2017,1,Fluminense,fluminense,Henrique Dourado,henrique_dourado,48,45,3,1T,Penalty
5748,2017,1,Santos,santos,Victor Ferraz,victor_ferraz,39,39,0,1T,Normal
5748,2017,1,Santos,santos,Vladimir Hernández,vladimir_hernandez,87,87,0,2T,Normal
5748,2017,1,Fluminense,fluminense,Henrique Dourado,henrique_dourado,4,4,0,1T,Normal
5749,2017,1,Cruzeiro,cruzeiro,Ramón Ábila,ramon_abila,48,48,0,2T,Normal
5751,2017,1,Ponte Preta,ponte_preta,Lucca Borges de Brito,lucca_borges_de_brito,40,40,0,1T,Normal
5751,2017,1,Ponte Preta,ponte_preta,Clayson Henrique da Silva Vieira,clayson_henrique_da_silva_vieira,73,73,0,2T,Penalty
5751,2017,1,Ponte Preta,ponte_preta,Nino Paraíba,nino_paraiba,45,45,0,1T,Normal
5751,2017,1,Ponte Preta,ponte_preta,Clayson Henrique da Silva Vieira,clayson_henrique_da_silva_vieira,92,90,2,2T,Normal
5750,2017,1,Bahia,bahia,Tiago Pagnussat,tiago_pagnussat,33,33,0,1T,Normal
5750,2017,1,Bahia,bahia,Edigar Junio,edigar_junio,44,44,0,1T,Normal
5750,2017,1,Bahia,bahia,José Rafael Vivian,jose_rafael_vivian,40,40,0,1T,Normal
5750,2017,1,Bahia,bahia,Edson Felipe da Cruz,edson_felipe_da_cruz,72,72,0,2T,Normal
5750,2017,1,Bahia,bahia,Régis,regis,42,42,0,1T,Normal
5750,2017,1,Athletico-PR,athletico_pr,Guilherme Milhomem Gusmão,guilherme_milhomem_gusmao,15,15,0,1T,Normal
5750,2017,1,Bahia,bahia,Régis,regis,47,45,2,1T,Normal
5750,2017,1,Athletico-PR,athletico_pr,Marcos do Nascimento Teixeira,marcos_do_nascimento_teixeira,38,38,0,1T,Normal
5753,2017,1,Palmeiras,palmeiras,Miguel Borja,miguel_borja,46,46,0,2T,Normal
5753,2017,1,Palmeiras,palmeiras,Jean Raphael Vanderlei Moreira,jean_raphael_vanderlei_moreira,6,6,0,1T,Penalty
5753,2017,1,Palmeiras,palmeiras,Miguel Borja,miguel_borja,80,80,0,2T,Penalty
5753,2017,1,Palmeiras,palmeiras,Alejandro Guerra,alejandro_guerra,41,41,0,1T,Normal
5754,2017,1,Gremio,gremio,Ramiro Moschen Benetti,ramiro_moschen_benetti,46,45,1,1T,Normal
5754,2017,1,Gremio,gremio,Ramiro Moschen Benetti,ramiro_moschen_benetti,54,54,0,2T,Normal
5755,2017,1,Coritiba,coritiba,Neto Berola,neto_berola,35,35,0,1T,Normal
5755,2017,1,Coritiba,coritiba,Tomas Almino da Silva Bastos,tomas_almino_da_silva_bastos,66,66,0,2T,Normal
5755,2017,1,Coritiba,coritiba,Tomas Almino da Silva Bastos,tomas_almino_da_silva_bastos,71,71,0,2T,Normal
5755,2017,1,Coritiba,coritiba,Henrique Almeida,henrique_almeida,32,32,0,1T,Normal
5755,2017,1,Atletico-GO,atletico_go,Walter Henrique da Silva,walter_henrique_da_silva,63,63,0,2T,Normal
5756,2017,2,Santos,santos,David Braz,david_braz,7,7,0,1T,Normal
5757,2017,2,Flamengo,flamengo,Éverton Cardoso da Silva,everton_cardoso_da_silva,40,40,0,1T,Normal
5757,2017,2,Flamengo,flamengo,Leandro Damião,leandro_damiao,50,50,0,2T,Normal
5757,2017,2,Flamengo,flamengo,Rodinei de Almeida,rodinei_de_almeida,64,64,0,2T,Normal
5758,2017,2,Chapecoense,chapecoense,Luiz Antônio de Souza Soares,luiz_antonio_de_souza_soares,73,73,0,2T,Normal
5759,2017,2,Vasco,vasco,Yago Pikachu,yago_pikachu,54,54,0,2T,Normal
5759,2017,2,Vasco,vasco,Luís Fabiano,luis_fabiano,75,75,0,2T,Normal
5759,2017,2,Bahia,bahia,Gustavo,gustavo,83,83,0,2T,Normal
5761,2017,2,Corinthians,corinthians,Jô,jo,75,75,0,2T,Normal
5760,2017,2,Gremio,gremio,Luan Guilherme de Jesus Vieira,luan_guilherme_de_jesus_vieira,46,46,0,2T,Normal
5760,2017,2,Gremio,gremio,Lucas Barrios,lucas_barrios,59,59,0,2T,Normal
5762,2017,2,Fluminense,fluminense,Henrique Dourado,henrique_dourado,36,36,0,1T,Penalty
5762,2017,2,Fluminense,fluminense,Richarlison,richarlison,38,38,0,1T,Normal
5762,2017,2,Atletico-MG,atletico_mg,Gabriel Costa França,gabriel_costa_franca,40,40,0,1T,Normal
5763,2017,2,Botafogo-RJ,botafogo_rj,Bruno César Pereira da Silva,bruno_cesar_pereira_da_silva,21,21,0,1T,Normal
5763,2017,2,Botafogo-RJ,botafogo_rj,Rodrigo Lindoso,rodrigo_lindoso,65,65,0,2T,Normal
5764,2017,2,Sport,sport,Diego Souza,diego_souza,34,34,0,1T,Penalty
5764,2017,2,Cruzeiro,cruzeiro,Alisson Euler de Freitas Castro,alisson_euler_de_freitas_castro,20,20,0,1T,Normal
5765,2017,2,Sao Paulo,sao_paulo,Lucas Pratto,lucas_pratto,11,11,0,1T,Normal
5765,2017,2,Sao Paulo,sao_paulo,Luiz Araújo,luiz_araujo,91,90,1,2T,Normal
5766,2017,3,Vasco,vasco,Nenê,nene,93,90,3,2T,Normal
5766,2017,3,Fluminense,fluminense,Henrique Dourado,henrique_dourado,59,59,0,2T,Penalty
5766,2017,3,Vasco,vasco,Luís Fabiano,luis_fabiano,26,26,0,1T,Normal
5766,2017,3,Fluminense,fluminense,Henrique Dourado,henrique_dourado,65,65,0,2T,Penalty
5766,2017,3,Vasco,vasco,Andrés Escobar,andres_escobar,75,75,0,2T,Normal
5767,2017,3,Sao Paulo,sao_paulo,Lucas Pratto,lucas_pratto,62,62,0,2T,Normal
5767,2017,3,Sao Paulo,sao_paulo,Luiz Araújo,luiz_araujo,83,83,0,2T,Normal
5768,2017,3,Coritiba,coritiba,Rildo de Andrade Felicissimo,rildo_de_andrade_felicissimo,71,71,0,2T,Normal
5769,2017,3,Atletico-MG,atletico_mg,Robinho,robinho,36,36,0,1T,Normal
5769,2017,3,Atletico-MG,atletico_mg,Rafael Moura,rafael_moura,80,80,0,2T,Normal
5769,2017,3,Ponte Preta,ponte_preta,Lucca Borges de Brito,lucca_borges_de_brito,48,48,0,2T,Normal
5769,2017,3,Ponte Preta,ponte_preta,Lucca Borges de Brito,lucca_borges_de_brito,50,50,0,2T,Normal
5770,2017,3,Athletico-PR,athletico_pr,Thiago Heleno,thiago_heleno,56,56,0,2T,Normal
5770,2017,3,Flamengo,flamengo,Federico Mancuello,federico_mancuello,25,25,0,1T,Normal
5772,2017,3,Corinthians,corinthians,Rodrigo Eduardo Costa Marinho,rodrigo_eduardo_costa_marinho,27,27,0,1T,Normal
5771,2017,3,Cruzeiro,cruzeiro,Thiago Neves,thiago_neves,83,83,0,2T,Normal
5773,2017,3,Gremio,gremio,Luiz Fernando Pereira da Silva,luiz_fernando_pereira_da_silva,87,87,0,2T,Penalty
5773,2017,3,Sport,sport,André Felipe Ribeiro de Souza,andre_felipe_ribeiro_de_souza,34,34,0,1T,Normal
5773,2017,3,Gremio,gremio,Luiz Fernando Pereira da Silva,luiz_fernando_pereira_da_silva,5,5,0,1T,Normal
5773,2017,3,Sport,sport,André Felipe Ribeiro de Souza,andre_felipe_ribeiro_de_souza,74,74,0,2T,Normal
5773,2017,3,Gremio,gremio,Rafael Thyere de Albuquerque Marques,rafael_thyere_de_albuquerque_marques,17,17,0,1T,Normal
5773,2017,3,Sport,sport,André Felipe Ribeiro de Souza,andre_felipe_ribeiro_de_souza,84,84,0,2T,Normal
5773,2017,3,Sport,sport,Matheus Ferraz Pereira,matheus_ferraz_pereira,64,64,0,2T,Normal
5774,2017,3,Botafogo-RJ,botafogo_rj,Bruno César Pereira da Silva,bruno_cesar_pereira_da_silva,44,44,0,1T,Normal
5775,2017,3,Chapecoense,chapecoense,Reinaldo Manoel da Silva,reinaldo_manoel_da_silva,38,38,0,1T,Normal
5775,2017,3,Chapecoense,chapecoense,Wellington Paulista,wellington_paulista,17,17,0,1T,Normal
5776,2017,4,Coritiba,coritiba,Marcio,marcio,61,61,0,2T,Normal
5777,2017,4,Vitoria,vitoria,Kieza,kieza,65,65,0,2T,Normal
5777,2017,4,Fluminense,fluminense,Richarlison,richarlison,32,32,0,1T,Normal
5777,2017,4,Fluminense,fluminense,Henrique Dourado,henrique_dourado,49,49,0,2T,Normal
5778,2017,4,Corinthians,corinthians,Ángel Romero,angel_romero,69,69,0,2T,Normal
5778,2017,4,Corinthians,corinthians,Jô,jo,75,75,0,2T,Normal
5780,2017,4,Avai,avai,Rômulo,romulo,33,33,0,1T,Normal
5783,2017,4,Gremio,gremio,Luan Guilherme de Jesus Vieira,luan_guilherme_de_jesus_vieira,93,90,3,2T,Normal
5783,2017,4,Gremio,gremio,Lucas Barrios,lucas_barrios,38,38,0,1T,Penalty
5782,2017,4,Ponte Preta,ponte_preta,Lucca Borges de Brito,lucca_borges_de_brito,51,51,0,2T,Normal
5784,2017,4,Chapecoense,chapecoense,Wellington Paulista,wellington_paulista,27,27,0,1T,Normal
5784,2017,4,Chapecoense,chapecoense,Douglas Grolli,douglas_grolli,47,47,0,2T,Normal
5785,2017,4,Bahia,bahia,Renê Júnior,rene_junior,16,16,0,1T,Normal
5785,2017,4,Bahia,bahia,Vinícius,vinicius,41,41,0,1T,Normal
5785,2017,4,Bahia,bahia,Gustavo Ferrareis,gustavo_ferrareis,73,73,0,2T,Normal
5786,2017,5,Athletico-PR,athletico_pr,Pablo Felipe Teixeira,pablo_felipe_teixeira,8,8,0,1T,Normal
5786,2017,5,Fluminense,fluminense,Reginaldo Manoel da Silva Junior,reginaldo_manoel_da_silva_junior,33,33,0,1T,Normal
5787,2017,5,Atletico-MG,atletico_mg,Fred,fred,16,16,0,1T,Normal
5788,2017,5,Coritiba,coritiba,Matheus Galdezani,matheus_galdezani,51,51,0,2T,Normal
5789,2017,5,Santos,santos,Victor Ferraz,victor_ferraz,96,90,6,2T,Normal
5790,2017,5,Vasco,vasco,Luís Fabiano,luis_fabiano,46,46,0,2T,Normal
5790,2017,5,Corinthians,corinthians,Maycon de Andrade Barberan,maycon_de_andrade_barberan,58,58,0,2T,Normal
5790,2017,5,Vasco,vasco,Luís Fabiano,luis_fabiano,48,48,0,2T,Normal
5790,2017,5,Corinthians,corinthians,Clayton da Silveira da Silva,clayton_da_silveira_da_silva,84,84,0,2T,Normal
5790,2017,5,Corinthians,corinthians,Marquinhos,marquinhos,3,3,0,1T,Normal
5790,2017,5,Corinthians,corinthians,Clayton da Silveira da Silva,clayton_da_silveira_da_silva,92,90,2,2T,Normal
5790,2017,5,Corinthians,corinthians,Jô,jo,39,39,0,1T,Normal
5791,2017,5,Sport,sport,Thomás Jaguaribe Bedinelli,thomas_jaguaribe_bedinelli,84,84,0,2T,Normal
5791,2017,5,Sport,sport,Osvaldo Filho,osvaldo_filho,56,56,0,2T,Normal
5792,2017,5,Atletico-GO,atletico_go,Everaldo Stum,everaldo_stum,37,37,0,1T,Normal
5792,2017,5,Atletico-GO,atletico_go,Luiz Fernando Moraes dos Santos,luiz_fernando_moraes_dos_santos,77,77,0,2T,Normal
5792,2017,5,Atletico-GO,atletico_go,Everaldo Stum,everaldo_stum,45,45,0,1T,Penalty
5793,2017,5,Sao Paulo,sao_paulo,Lucas Pratto,lucas_pratto,93,90,3,2T,Normal
5793,2017,5,Sao Paulo,sao_paulo,Antonio Thomaz Santos de Barros,antonio_thomaz_santos_de_barros,64,64,0,2T,Normal
5794,2017,5,Gremio,gremio,Michel Ferreira dos Santos,michel_ferreira_dos_santos,27,27,0,1T,Normal
5794,2017,5,Gremio,gremio,Luan Guilherme de Jesus Vieira,luan_guilherme_de_jesus_vieira,91,90,1,2T,Normal
5794,2017,5,Chapecoense,chapecoense,Luiz Antônio de Souza Soares,luiz_antonio_de_souza_soares,34,34,0,1T,Normal
5794,2017,5,Gremio,gremio,Everton Sousa Soares,everton_sousa_soares,60,60,0,2T,Normal
5794,2017,5,Chapecoense,chapecoense,Arthur Caike do Nascimento Cruz,arthur_caike_do_nascimento_cruz,90,90,0,2T,Normal
5794,2017,5,Gremio,gremio,Everton Sousa Soares,everton_sousa_soares,61,61,0,2T,Normal
5794,2017,5,Gremio,gremio,Michel Ferreira dos Santos,michel_ferreira_dos_santos,21,21,0,1T,Normal
5794,2017,5,Gremio,gremio,Everton Sousa Soares,everton_sousa_soares,81,81,0,2T,Normal
5794,2017,5,Chapecoense,chapecoense,Reinaldo Manoel da Silva,reinaldo_manoel_da_silva,73,73,0,2T,Penalty
5795,2017,5,Bahia,bahia,Edigar Junio,edigar_junio,18,18,0,1T,Normal
5796,2017,6,Palmeiras,palmeiras,Róger Guedes,roger_guedes,94,90,4,2T,Normal
5796,2017,6,Fluminense,fluminense,Henrique Dourado,henrique_dourado,18,18,0,1T,Normal
5796,2017,6,Palmeiras,palmeiras,Alejandro Guerra,alejandro_guerra,10,10,0,1T,Normal
5796,2017,6,Palmeiras,palmeiras,Keno,keno,41,41,0,1T,Normal
5797,2017,6,Sport,sport,André Felipe Ribeiro de Souza,andre_felipe_ribeiro_de_souza,94,90,4,2T,Penalty
5797,2017,6,Vasco,vasco,Luís Fabiano,luis_fabiano,63,63,0,2T,Normal
5797,2017,6,Vasco,vasco,Douglas Luiz,douglas_luiz,91,90,1,2T,Normal
5798,2017,6,Botafogo-RJ,botafogo_rj,Roger Rodrigues da Silva,roger_rodrigues_da_silva,23,23,0,1T,Normal
5798,2017,6,Botafogo-RJ,botafogo_rj,Joel Carli,joel_carli,66,66,0,2T,Normal
5798,2017,6,Coritiba,coritiba,Kléber,kleber,7,7,0,1T,Penalty
5798,2017,6,Coritiba,coritiba,Henrique Almeida,henrique_almeida,55,55,0,2T,Penalty
5799,2017,6,Ponte Preta,ponte_preta,Marinaldo dos Santos Oliveira,marinaldo_dos_santos_oliveira,61,61,0,2T,Normal
5799,2017,6,Chapecoense,chapecoense,Osman,osman,71,71,0,2T,Normal
5799,2017,6,Ponte Preta,ponte_preta,Renato Cajá,renato_caja,16,16,0,1T,Normal
5799,2017,6,Chapecoense,chapecoense,Rossicley Pereira da Silva,rossicley_pereira_da_silva,73,73,0,2T,Normal
5799,2017,6,Ponte Preta,ponte_preta,Lucca Borges de Brito,lucca_borges_de_brito,26,26,0,1T,Normal
5802,2017,6,Sao Paulo,sao_paulo,Gilberto Oliveira Souza Junior,gilberto_oliveira_souza_junior,18,18,0,1T,Normal
5802,2017,6,Corinthians,corinthians,Jadson,jadson,63,63,0,2T,Penalty
5802,2017,6,Sao Paulo,sao_paulo,Wellington Nem,wellington_nem,84,84,0,2T,Normal
5802,2017,6,Corinthians,corinthians,Ángel Romero,angel_romero,7,7,0,1T,Normal
5802,2017,6,Corinthians,corinthians,Gabriel Girotto Franco,gabriel_girotto_franco,41,41,0,1T,Normal
5801,2017,6,Vitoria,vitoria,Neilton Mestzk,neilton_mestzk,65,65,0,2T,Normal
5801,2017,6,Vitoria,vitoria,Kieza,kieza,20,20,0,1T,Penalty
5800,2017,6,Flamengo,flamengo,Leandro Damião,leandro_damiao,61,61,0,2T,Normal
5800,2017,6,Avai,avai,Rômulo,romulo,56,56,0,2T,Normal
5803,2017,6,Cruzeiro,cruzeiro,Ramón Ábila,ramon_abila,80,80,0,2T,Penalty
5803,2017,6,Cruzeiro,cruzeiro,Ramón Ábila,ramon_abila,62,62,0,2T,Normal
5804,2017,6,Santos,santos,Kayke Moreno,kayke_moreno,36,36,0,1T,Normal
5804,2017,6,Santos,santos,Kayke Moreno,kayke_moreno,27,27,0,1T,Normal
5805,2017,6,Gremio,gremio,Bruno Cortês,bruno_cortes,86,86,0,2T,Normal
5807,2017,7,Avai,avai,Juan Maldonado Jaimez Júnior,juan_maldonado_jaimez_junior,25,25,0,1T,Normal
5807,2017,7,Atletico-GO,atletico_go,Everaldo Stum,everaldo_stum,48,45,3,1T,Penalty
5807,2017,7,Atletico-GO,atletico_go,Jorginho,jorginho,17,17,0,1T,Normal
5807,2017,7,Atletico-GO,atletico_go,Everaldo Stum,everaldo_stum,92,90,2,2T,Penalty
5806,2017,7,Athletico-PR,athletico_pr,Sidcley Ferreira Pereira,sidcley_ferreira_pereira,90,90,0,2T,Normal
5808,2017,7,Botafogo-RJ,botafogo_rj,Bruno César Pereira da Silva,bruno_cesar_pereira_da_silva,42,42,0,1T,Normal
5808,2017,7,Vitoria,vitoria,Gabriel Xavier,gabriel_xavier,50,50,0,2T,Normal
5808,2017,7,Vitoria,vitoria,Kieza,kieza,76,76,0,2T,Normal
5808,2017,7,Botafogo-RJ,botafogo_rj,Bruno César Pereira da Silva,bruno_cesar_pereira_da_silva,30,30,0,1T,Normal
5810,2017,7,Flamengo,flamengo,Réver,rever,48,45,3,1T,Normal
5810,2017,7,Flamengo,flamengo,Leandro Damião,leandro_damiao,59,59,0,2T,Normal
5812,2017,7,Chapecoense,chapecoense,Andrei Girotto,andrei_girotto,29,29,0,1T,Normal
5812,2017,7,Chapecoense,chapecoense,Arthur Caike do Nascimento Cruz,arthur_caike_do_nascimento_cruz,61,61,0,2T,Normal
5812,2017,7,Vasco,vasco,Jean Carlos de Souza Irmer,jean_carlos_de_souza_irmer,41,41,0,1T,Normal
5811,2017,7,Santos,santos,Kayke Moreno,kayke_moreno,51,51,0,2T,Normal
5813,2017,7,Corinthians,corinthians,Fabián Balbuena,fabian_balbuena,43,43,0,1T,Normal
5815,2017,7,Gremio,gremio,Edílson Mendes Guimarães,edilson_mendes_guimaraes,8,8,0,1T,Normal
5815,2017,7,Gremio,gremio,Luan Guilherme de Jesus Vieira,luan_guilherme_de_jesus_vieira,80,80,0,2T,Normal
5816,2017,8,Athletico-PR,athletico_pr,Sidcley Ferreira Pereira,sidcley_ferreira_pereira,4,4,0,1T,Normal
5817,2017,8,Vasco,vasco,Yago Pikachu,yago_pikachu,20,20,0,1T,Normal
5822,2017,8,Botafogo-RJ,botafogo_rj,Roger Rodrigues da Silva,roger_rodrigues_da_silva,29,29,0,1T,Normal
5822,2017,8,Botafogo-RJ,botafogo_rj,Rodrigo Pimpão,rodrigo_pimpao,54,54,0,2T,Normal
5823,2017,8,Atletico-MG,atletico_mg,Rafael Moura,rafael_moura,81,81,0,2T,Normal
5823,2017,8,Sao Paulo,sao_paulo,Marcio Antonio de Sousa Junior,marcio_antonio_de_sousa_junior,46,46,0,2T,Normal
5823,2017,8,Atletico-MG,atletico_mg,Juan Cazares,juan_cazares,8,8,0,1T,Normal
5820,2017,8,Bahia,bahia,Vinícius,vinicius,45,45,0,1T,Normal
5820,2017,8,Palmeiras,palmeiras,Willian Gomes de Siqueira,willian_gomes_de_siqueira,92,90,2,2T,Normal
5820,2017,8,Palmeiras,palmeiras,Róger Guedes,roger_guedes,18,18,0,1T,Penalty
5820,2017,8,Bahia,bahia,João Paulo,joao_paulo,84,84,0,2T,Normal
5820,2017,8,Palmeiras,palmeiras,Keno,keno,48,48,0,2T,Normal
5820,2017,8,Palmeiras,palmeiras,Yerry Mina,yerry_mina,82,82,0,2T,Normal
5821,2017,8,Fluminense,fluminense,Wendel,wendel,36,36,0,1T,Normal
5821,2017,8,Fluminense,fluminense,Henrique Dourado,henrique_dourado,81,81,0,2T,Penalty
5821,2017,8,Flamengo,flamengo,Diego Ribas,diego_ribas,55,55,0,2T,Normal
5821,2017,8,Flamengo,flamengo,Miguel Trauco,miguel_trauco,95,90,5,2T,Normal
5824,2017,8,Vitoria,vitoria,André Lima,andre_lima,79,79,0,2T,Normal
5824,2017,8,Sport,sport,Diego Souza,diego_souza,46,45,1,1T,Normal
5824,2017,8,Vitoria,vitoria,Uillian Correia,uillian_correia,17,17,0,1T,Normal
5824,2017,8,Vitoria,vitoria,Antônio Eduardo Pereira dos Santos,antonio_eduardo_pereira_dos_santos,38,38,0,1T,Normal
5825,2017,8,Gremio,gremio,Everton Sousa Soares,everton_sousa_soares,16,16,0,1T,Normal
5825,2017,8,Cruzeiro,cruzeiro,Thiago Neves,thiago_neves,46,45,1,1T,Normal
5825,2017,8,Gremio,gremio,Michel Ferreira dos Santos,michel_ferreira_dos_santos,42,42,0,1T,Normal
5825,2017,8,Cruzeiro,cruzeiro,Rafael Sóbis,rafael_sobis,48,48,0,2T,Normal
5825,2017,8,Gremio,gremio,Ramiro Moschen Benetti,ramiro_moschen_benetti,60,60,0,2T,Normal
5825,2017,8,Cruzeiro,cruzeiro,Róbson Michael Signorini,robson_michael_signorini,63,63,0,2T,Normal
5826,2017,9,Santos,santos,Jonathan Copete,jonathan_copete,77,77,0,2T,Normal
5826,2017,9,Santos,santos,Jonathan Copete,jonathan_copete,34,34,0,1T,Normal
5828,2017,9,Botafogo-RJ,botafogo_rj,Victor Luis,victor_luis,50,45,5,1T,Normal
5828,2017,9,Vasco,vasco,Caio Monteiro,caio_monteiro,84,84,0,2T,Normal
5828,2017,9,Botafogo-RJ,botafogo_rj,Roger Rodrigues da Silva,roger_rodrigues_da_silva,5,5,0,1T,Normal
5828,2017,9,Botafogo-RJ,botafogo_rj,Roger Rodrigues da Silva,roger_rodrigues_da_silva,61,61,0,2T,Normal
5827,2017,9,Palmeiras,palmeiras,Miguel Borja,miguel_borja,46,45,1,1T,Normal
5830,2017,9,Athletico-PR,athletico_pr,Wanderson,wanderson,4,4,0,1T,Normal
5831,2017,9,Atletico-MG,atletico_mg,Felipe Santana,felipe_santana,21,21,0,1T,Normal
5831,2017,9,Atletico-MG,atletico_mg,Fred,fred,39,39,0,1T,Normal
5831,2017,9,Sport,sport,Diego Souza,diego_souza,64,64,0,2T,Penalty
5831,2017,9,Sport,sport,Osvaldo Filho,osvaldo_filho,16,16,0,1T,Normal
5829,2017,9,Fluminense,fluminense,Maicon,maicon,33,33,0,1T,Gol Contra
5829,2017,9,Fluminense,fluminense,Henrique Dourado,henrique_dourado,29,29,0,1T,Normal
5829,2017,9,Fluminense,fluminense,Matheus Mascarenhas,matheus_mascarenhas,59,59,0,2T,Normal
5833,2017,9,Ponte Preta,ponte_preta,Lucca Borges de Brito,lucca_borges_de_brito,37,37,0,1T,Penalty
5832,2017,9,Corinthians,corinthians,Jô,jo,25,25,0,1T,Normal
5832,2017,9,Corinthians,corinthians,Fabián Balbuena,fabian_balbuena,79,79,0,2T,Normal
5832,2017,9,Corinthians,corinthians,Marquinhos,marquinhos,93,90,3,2T,Normal
5834,2017,9,Gremio,gremio,Luiz Fernando Pereira da Silva,luiz_fernando_pereira_da_silva,85,85,0,2T,Normal
5834,2017,9,Gremio,gremio,Pedro Rocha Neves,pedro_rocha_neves,10,10,0,1T,Normal
5835,2017,9,Flamengo,flamengo,Paolo Guerrero,paolo_guerrero,75,75,0,2T,Normal
5835,2017,9,Flamengo,flamengo,Diego Ribas,diego_ribas,14,14,0,1T,Normal
5835,2017,9,Flamengo,flamengo,Paolo Guerrero,paolo_guerrero,82,82,0,2T,Normal
5835,2017,9,Flamengo,flamengo,Diego Ribas,diego_ribas,79,79,0,2T,Normal
5835,2017,9,Chapecoense,chapecoense,Victor Ramos,victor_ramos,56,56,0,2T,Normal
5835,2017,9,Flamengo,flamengo,Paolo Guerrero,paolo_guerrero,19,19,0,1T,Normal
5836,2017,10,Sport,sport,Osvaldo Filho,osvaldo_filho,81,81,0,2T,Normal
5837,2017,10,Vasco,vasco,Nenê,nene,28,28,0,1T,Normal
5841,2017,10,Cruzeiro,cruzeiro,Thiago Neves,thiago_neves,38,38,0,1T,Normal
5841,2017,10,Cruzeiro,cruzeiro,Rafael Sóbis,rafael_sobis,65,65,0,2T,Normal
5838,2017,10,Corinthians,corinthians,Jadson,jadson,52,52,0,2T,Normal
5839,2017,10,Sao Paulo,sao_paulo,Jucilei,jucilei,7,7,0,1T,Normal
5839,2017,10,Fluminense,fluminense,Wendel,wendel,51,51,0,2T,Normal
5840,2017,10,Athletico-PR,athletico_pr,Wanderson,wanderson,43,43,0,1T,Normal
5840,2017,10,Vitoria,vitoria,Fred,fred,17,17,0,1T,Normal
5840,2017,10,Athletico-PR,athletico_pr,Nikão,nikao,54,54,0,2T,Normal
5840,2017,10,Athletico-PR,athletico_pr,Éderson Alves Ribeiro Silva,ederson_alves_ribeiro_silva,57,57,0,2T,Normal
5840,2017,10,Athletico-PR,athletico_pr,Matheus Rossetto,matheus_rossetto,81,81,0,2T,Normal
5842,2017,10,Palmeiras,palmeiras,Alejandro Guerra,alejandro_guerra,38,38,0,1T,Normal
5842,2017,10,Palmeiras,palmeiras,Alejandro Guerra,alejandro_guerra,45,45,0,1T,Normal
5842,2017,10,Ponte Preta,ponte_preta,Lucca Borges de Brito,lucca_borges_de_brito,40,40,0,1T,Normal
5843,2017,10,Flamengo,flamengo,Orlando Berrío,orlando_berrio,73,73,0,2T,Normal
5844,2017,10,Atletico-MG,atletico_mg,Jonathan Marlone,jonathan_marlone,11,11,0,1T,Normal
5845,2017,10,Avai,avai,Joel Tagueu,joel_tagueu,6,6,0,1T,Normal
5845,2017,10,Avai,avai,Joel Tagueu,joel_tagueu,17,17,0,1T,Normal
5846,2017,11,Palmeiras,palmeiras,Machado,machado,78,78,0,2T,Gol Contra
5847,2017,11,Atletico-GO,atletico_go,Andrigo,andrigo,11,11,0,1T,Normal
5847,2017,11,Santos,santos,Thiago Maia,thiago_maia,68,68,0,2T,Normal
5850,2017,11,Atletico-MG,atletico_mg,Juan Cazares,juan_cazares,48,45,3,1T,Normal
5850,2017,11,Atletico-MG,atletico_mg,Fred,fred,50,45,5,1T,Normal
5850,2017,11,Atletico-MG,atletico_mg,Fred,fred,79,79,0,2T,Normal
5850,2017,11,Cruzeiro,cruzeiro,Thiago Neves,thiago_neves,6,6,0,1T,Normal
5848,2017,11,Sport,sport,Diego Souza,diego_souza,76,76,0,2T,Penalty
5852,2017,11,Corinthians,corinthians,Jô,jo,79,79,0,2T,Normal
5851,2017,11,Flamengo,flamengo,Paolo Guerrero,paolo_guerrero,38,38,0,1T,Normal
5851,2017,11,Flamengo,flamengo,Diego Ribas,diego_ribas,42,42,0,1T,Normal
5854,2017,11,Coritiba,coritiba,Kléber,kleber,88,88,0,2T,Normal
5854,2017,11,Vasco,vasco,Thalles Lima de Conceição Penha,thalles_lima_de_conceicao_penha,21,21,0,1T,Normal
5854,2017,11,Vasco,vasco,Wagner Ferreira dos Santos,wagner_ferreira_dos_santos,91,90,1,2T,Normal
5854,2017,11,Coritiba,coritiba,Kléber,kleber,67,67,0,2T,Normal
5855,2017,11,Fluminense,fluminense,Pedro,pedro,70,70,0,2T,Normal
5855,2017,11,Chapecoense,chapecoense,Arthur Caike do Nascimento Cruz,arthur_caike_do_nascimento_cruz,82,82,0,2T,Normal
5855,2017,11,Fluminense,fluminense,Marcos Júnior,marcos_junior,93,90,3,2T,Normal
5855,2017,11,Chapecoense,chapecoense,Rossicley Pereira da Silva,rossicley_pereira_da_silva,13,13,0,1T,Normal
5855,2017,11,Fluminense,fluminense,Richarlison,richarlison,2,2,0,1T,Normal
5855,2017,11,Chapecoense,chapecoense,Arthur Caike do Nascimento Cruz,arthur_caike_do_nascimento_cruz,42,42,0,1T,Normal
5856,2017,12,Atletico-GO,atletico_go,Andrigo,andrigo,69,69,0,2T,Normal
5856,2017,12,Vitoria,vitoria,André Lima,andre_lima,37,37,0,1T,Normal
5856,2017,12,Vitoria,vitoria,Uillian Correia,uillian_correia,88,88,0,2T,Normal
5857,2017,12,Flamengo,flamengo,Éverton Cardoso da Silva,everton_cardoso_da_silva,64,64,0,2T,Normal
5858,2017,12,Corinthians,corinthians,Jadson,jadson,46,45,1,1T,Normal
5858,2017,12,Corinthians,corinthians,Jô,jo,46,46,0,2T,Normal
5859,2017,12,Athletico-PR,athletico_pr,Sidcley Ferreira Pereira,sidcley_ferreira_pereira,2,2,0,1T,Normal
5859,2017,12,Chapecoense,chapecoense,Lucas Marques,lucas_marques,17,17,0,1T,Normal
5860,2017,12,Bahia,bahia,João Paulo,joao_paulo,84,84,0,2T,Normal
5860,2017,12,Fluminense,fluminense,Wellington Alves da Silva,wellington_alves_da_silva,12,12,0,1T,Normal
5861,2017,12,Avai,avai,Junior Dutra,junior_dutra,85,85,0,2T,Normal
5861,2017,12,Avai,avai,Wellington Simião,wellington_simiao,73,73,0,2T,Normal
5862,2017,12,Palmeiras,palmeiras,Willian Gomes de Siqueira,willian_gomes_de_siqueira,62,62,0,2T,Normal
5862,2017,12,Cruzeiro,cruzeiro,Thiago Neves,thiago_neves,32,32,0,1T,Normal
5862,2017,12,Cruzeiro,cruzeiro,Hudson,hudson,42,42,0,1T,Normal
5862,2017,12,Cruzeiro,cruzeiro,José Élber Pimentel da Silva,jose_elber_pimentel_da_silva,92,90,2,2T,Normal
5863,2017,12,Sao Paulo,sao_paulo,Shaylon,shaylon,75,75,0,2T,Normal
5863,2017,12,Santos,santos,Jonathan Copete,jonathan_copete,44,44,0,1T,Normal
5863,2017,12,Sao Paulo,sao_paulo,Robert Arboleda,robert_arboleda,87,87,0,2T,Normal
5863,2017,12,Santos,santos,Jonathan Copete,jonathan_copete,54,54,0,2T,Normal
5863,2017,12,Santos,santos,Jonathan Copete,jonathan_copete,67,67,0,2T,Normal
5864,2017,12,Botafogo-RJ,botafogo_rj,Roger Rodrigues da Silva,roger_rodrigues_da_silva,93,90,3,2T,Normal
5864,2017,12,Atletico-MG,atletico_mg,Jonathan Marlone,jonathan_marlone,22,22,0,1T,Normal
5865,2017,12,Sport,sport,Walisson,walisson,92,90,2,2T,Gol Contra
5865,2017,12,Sport,sport,Eugenio Mena,eugenio_mena,18,18,0,1T,Normal
5865,2017,12,Sport,sport,José Rogério de Oliveira Melo,jose_rogerio_de_oliveira_melo,85,85,0,2T,Normal
5866,2017,13,Bahia,bahia,Renê Júnior,rene_junior,85,85,0,2T,Normal
5866,2017,13,Bahia,bahia,Rodrigão,rodrigao,4,4,0,1T,Normal
5866,2017,13,Bahia,bahia,Rodrigão,rodrigao,54,54,0,2T,Normal
5867,2017,13,Santos,santos,Daniel Guedes,daniel_guedes,93,90,3,2T,Normal
5868,2017,13,Botafogo-RJ,botafogo_rj,Roger Rodrigues da Silva,roger_rodrigues_da_silva,39,39,0,1T,Normal
5869,2017,13,Corinthians,corinthians,Jadson,jadson,23,23,0,1T,Penalty
5869,2017,13,Corinthians,corinthians,Guilherme Arana,guilherme_arana,65,65,0,2T,Normal
5870,2017,13,Cruzeiro,cruzeiro,Lucas Romero,lucas_romero,28,28,0,1T,Normal
5870,2017,13,Cruzeiro,cruzeiro,Rafael Marques Mariano,rafael_marques_mariano,86,86,0,2T,Normal
5871,2017,13,Vasco,vasco,Paulo Vitor Fernandes Pereira,paulo_vitor_fernandes_pereira,91,90,1,2T,Normal
5871,2017,13,Vasco,vasco,Antônio Eduardo Pereira dos Santos,antonio_eduardo_pereira_dos_santos,14,14,0,1T,Gol Contra
5871,2017,13,Vasco,vasco,Guilherme Costa Machado Silveira,guilherme_costa_machado_silveira,95,90,5,2T,Normal
5871,2017,13,Vitoria,vitoria,Antônio Eduardo Pereira dos Santos,antonio_eduardo_pereira_dos_santos,70,70,0,2T,Normal
5871,2017,13,Vasco,vasco,Thalles Lima de Conceição Penha,thalles_lima_de_conceicao_penha,75,75,0,2T,Normal
5872,2017,13,Atletico-GO,atletico_go,Nilton Soares Rodrigues,nilton_soares_rodrigues,66,66,0,2T,Normal
5872,2017,13,Atletico-GO,atletico_go,Everaldo Stum,everaldo_stum,86,86,0,2T,Normal
5872,2017,13,Sao Paulo,sao_paulo,Lucas Pratto,lucas_pratto,58,58,0,2T,Normal
5872,2017,13,Sao Paulo,sao_paulo,Marcio Antonio de Sousa Junior,marcio_antonio_de_sousa_junior,84,84,0,2T,Normal
5873,2017,13,Sport,sport,Diego Souza,diego_souza,92,90,2,2T,Normal
5873,2017,13,Sport,sport,André Felipe Ribeiro de Souza,andre_felipe_ribeiro_de_souza,63,63,0,2T,Normal
5873,2017,13,Sport,sport,André Felipe Ribeiro de Souza,andre_felipe_ribeiro_de_souza,95,90,5,2T,Normal
5874,2017,13,Gremio,gremio,Luan Guilherme de Jesus Vieira,luan_guilherme_de_jesus_vieira,26,26,0,1T,Normal
5875,2017,13,Coritiba,coritiba,Rildo de Andrade Felicissimo,rildo_de_andrade_felicissimo,80,80,0,2T,Normal
5875,2017,13,Coritiba,coritiba,Henrique Almeida,henrique_almeida,93,90,3,2T,Normal
5875,2017,13,Avai,avai,Marquinhos Santos,marquinhos_santos,19,19,0,1T,Normal
5875,2017,13,Coritiba,coritiba,Kléber,kleber,11,11,0,1T,Penalty
5875,2017,13,Coritiba,coritiba,Rildo de Andrade Felicissimo,rildo_de_andrade_felicissimo,20,20,0,1T,Normal
5876,2017,14,Athletico-PR,athletico_pr,Jonathan Cícero Moreira,jonathan_cicero_moreira,38,38,0,1T,Normal
5876,2017,14,Athletico-PR,athletico_pr,Otávio Henrique Santos,otavio_henrique_santos,82,82,0,2T,Normal
5876,2017,14,Corinthians,corinthians,Jô,jo,45,45,0,1T,Normal
5876,2017,14,Corinthians,corinthians,Jô,jo,51,51,0,2T,Normal
5877,2017,14,Palmeiras,palmeiras,Mayke,mayke,71,71,0,2T,Normal
5877,2017,14,Vitoria,vitoria,Uillian Correia,uillian_correia,10,10,0,1T,Normal
5877,2017,14,Palmeiras,palmeiras,Eduardo Pereira Rodrigues,eduardo_pereira_rodrigues,46,45,1,1T,Normal
5877,2017,14,Vitoria,vitoria,David Corrêa da Fonseca,david_correa_da_fonseca,85,85,0,2T,Normal
5877,2017,14,Palmeiras,palmeiras,Eduardo Pereira Rodrigues,eduardo_pereira_rodrigues,77,77,0,2T,Normal
5877,2017,14,Palmeiras,palmeiras,Róger Guedes,roger_guedes,37,37,0,1T,Penalty
5879,2017,14,Atletico-MG,atletico_mg,Fred,fred,57,57,0,2T,Normal
5879,2017,14,Atletico-MG,atletico_mg,Elias Mendes Trindade,elias_mendes_trindade,73,73,0,2T,Normal
5879,2017,14,Atletico-GO,atletico_go,Igor Henrique,igor_henrique,26,26,0,1T,Normal
5880,2017,14,Chapecoense,chapecoense,Túlio de Melo,tulio_de_melo,62,62,0,2T,Normal
5880,2017,14,Chapecoense,chapecoense,Lucas Marques,lucas_marques,91,90,1,2T,Normal
5881,2017,14,Cruzeiro,cruzeiro,Luiz Ricardo Alves,luiz_ricardo_alves,60,60,0,2T,Normal
5881,2017,14,Flamengo,flamengo,Éverton Cardoso da Silva,everton_cardoso_da_silva,54,54,0,2T,Normal
5882,2017,14,Gremio,gremio,Lucas Barrios,lucas_barrios,71,71,0,2T,Penalty
5882,2017,14,Ponte Preta,ponte_preta,Rafael Thyere de Albuquerque Marques,rafael_thyere_de_albuquerque_marques,35,35,0,1T,Gol Contra
5882,2017,14,Gremio,gremio,Lucas Barrios,lucas_barrios,57,57,0,2T,Normal
5882,2017,14,Gremio,gremio,Everton Sousa Soares,everton_sousa_soares,88,88,0,2T,Normal
5883,2017,14,Bahia,bahia,Renê Júnior,rene_junior,75,75,0,2T,Normal
5883,2017,14,Avai,avai,Junior Dutra,junior_dutra,83,83,0,2T,Normal
5884,2017,14,Fluminense,fluminense,Léo Pelé,leo_pele,38,38,0,1T,Normal
5884,2017,14,Coritiba,coritiba,Henrique Almeida,henrique_almeida,47,45,2,1T,Normal
5884,2017,14,Fluminense,fluminense,Richarlison,richarlison,32,32,0,1T,Normal
5885,2017,14,Botafogo-RJ,botafogo_rj,Rodrigo Lindoso,rodrigo_lindoso,2,2,0,1T,Normal
5885,2017,14,Botafogo-RJ,botafogo_rj,Guilherme,guilherme,70,70,0,2T,Normal
5885,2017,14,Sport,sport,Rithely,rithely,9,9,0,1T,Normal
5887,2017,15,Santos,santos,Emiliano Vecchio,emiliano_vecchio,61,61,0,2T,Normal
5886,2017,15,Vitoria,vitoria,David Corrêa da Fonseca,david_correa_da_fonseca,58,58,0,2T,Normal
5886,2017,15,Gremio,gremio,Luiz Fernando Pereira da Silva,luiz_fernando_pereira_da_silva,8,8,0,1T,Normal
5886,2017,15,Gremio,gremio,Arthur,arthur,44,44,0,1T,Normal
5886,2017,15,Gremio,gremio,Ramiro Moschen Benetti,ramiro_moschen_benetti,63,63,0,2T,Normal
5889,2017,15,Ponte Preta,ponte_preta,Lucca Borges de Brito,lucca_borges_de_brito,83,83,0,2T,Normal
5889,2017,15,Ponte Preta,ponte_preta,Leonardo Artur de Melo,leonardo_artur_de_melo,15,15,0,1T,Normal
5889,2017,15,Ponte Preta,ponte_preta,Emerson Sheik,emerson_sheik,60,60,0,2T,Normal
5889,2017,15,Ponte Preta,ponte_preta,Emerson Sheik,emerson_sheik,87,87,0,2T,Normal
5890,2017,15,Bahia,bahia,Paulo Roberto Valoura Junior,paulo_roberto_valoura_junior,88,88,0,2T,Normal
5890,2017,15,Bahia,bahia,Paulo Roberto Valoura Junior,paulo_roberto_valoura_junior,13,13,0,1T,Penalty
5891,2017,15,Sao Paulo,sao_paulo,Lucas Pratto,lucas_pratto,2,2,0,1T,Normal
5892,2017,15,Flamengo,flamengo,Paolo Guerrero,paolo_guerrero,44,44,0,1T,Normal
5892,2017,15,Palmeiras,palmeiras,Willian Gomes de Siqueira,willian_gomes_de_siqueira,32,32,0,1T,Normal
5892,2017,15,Palmeiras,palmeiras,Róger Guedes,roger_guedes,43,43,0,1T,Normal
5892,2017,15,Flamengo,flamengo,Marcos Rogério Ricci Lopes,marcos_rogerio_ricci_lopes,8,8,0,1T,Normal
5893,2017,15,Fluminense,fluminense,Richarlison,richarlison,42,42,0,1T,Penalty
5893,2017,15,Cruzeiro,cruzeiro,Luiz Ricardo Alves,luiz_ricardo_alves,36,36,0,1T,Normal
5894,2017,15,Sport,sport,Patrick,patrick,7,7,0,1T,Normal
5894,2017,15,Sport,sport,Diego Souza,diego_souza,19,19,0,1T,Normal
5894,2017,15,Sport,sport,André Felipe Ribeiro de Souza,andre_felipe_ribeiro_de_souza,41,41,0,1T,Normal
5894,2017,15,Sport,sport,André Felipe Ribeiro de Souza,andre_felipe_ribeiro_de_souza,81,81,0,2T,Normal
5896,2017,16,Chapecoense,chapecoense,Lourency do Nascimento Rodrigues,lourency_do_nascimento_rodrigues,64,64,0,2T,Normal
5896,2017,16,Chapecoense,chapecoense,Reinaldo Manoel da Silva,reinaldo_manoel_da_silva,28,28,0,1T,Penalty
5896,2017,16,Vitoria,vitoria,Neilton Mestzk,neilton_mestzk,61,61,0,2T,Penalty
5897,2017,16,Flamengo,flamengo,Orlando Berrío,orlando_berrio,7,7,0,1T,Normal
5897,2017,16,Flamengo,flamengo,Éverton Ribeiro,everton_ribeiro,91,90,1,2T,Penalty
5897,2017,16,Coritiba,coritiba,Henrique Almeida,henrique_almeida,46,46,0,2T,Normal
5898,2017,16,Santos,santos,Bruno Henrique,bruno_henrique,46,45,1,1T,Normal
5898,2017,16,Santos,santos,Bruno Henrique,bruno_henrique,76,76,0,2T,Normal
5898,2017,16,Santos,santos,Bruno Henrique,bruno_henrique,29,29,0,1T,Normal
5899,2017,16,Avai,avai,Junior Dutra,junior_dutra,21,21,0,1T,Normal
5901,2017,16,Corinthians,corinthians,Fabián Balbuena,fabian_balbuena,50,50,0,2T,Normal
5900,2017,16,Palmeiras,palmeiras,Keno,keno,48,45,3,1T,Normal
5900,2017,16,Palmeiras,palmeiras,Bruno Henrique Corsini,bruno_henrique_corsini,35,35,0,1T,Normal
5903,2017,16,Botafogo-RJ,botafogo_rj,Vinícius Tanque,vinicius_tanque,68,68,0,2T,Normal
5903,2017,16,Atletico-GO,atletico_go,Paulinho,paulinho,76,76,0,2T,Normal
5902,2017,16,Ponte Preta,ponte_preta,Lucca Borges de Brito,lucca_borges_de_brito,51,51,0,2T,Normal
5902,2017,16,Ponte Preta,ponte_preta,Lucca Borges de Brito,lucca_borges_de_brito,93,90,3,2T,Penalty
5904,2017,16,Atletico-MG,atletico_mg,Yago Henrique Severino dos Santos,yago_henrique_severino_dos_santos,18,18,0,1T,Normal
5904,2017,16,Vasco,vasco,Paulinho,paulinho,14,14,0,1T,Normal
5904,2017,16,Vasco,vasco,Paulinho,paulinho,68,68,0,2T,Normal
5905,2017,16,Sao Paulo,sao_paulo,Lucas Fernandes,lucas_fernandes,64,64,0,2T,Normal
5905,2017,16,Gremio,gremio,Pedro Rocha Neves,pedro_rocha_neves,19,19,0,1T,Normal
5906,2017,17,Botafogo-RJ,botafogo_rj,Guilherme,guilherme,68,68,0,2T,Normal
5906,2017,17,Sao Paulo,sao_paulo,Hernanes,hernanes,85,85,0,2T,Normal
5906,2017,17,Sao Paulo,sao_paulo,Christian Cueva,christian_cueva,17,17,0,1T,Normal
5906,2017,17,Botafogo-RJ,botafogo_rj,Marcos Vinícius de Jesus Araújo,marcos_vinicius_de_jesus_araujo,18,18,0,1T,Normal
5906,2017,17,Sao Paulo,sao_paulo,Marcos Guilherme,marcos_guilherme,83,83,0,2T,Normal
5906,2017,17,Botafogo-RJ,botafogo_rj,Marcos Vinícius de Jesus Araújo,marcos_vinicius_de_jesus_araujo,24,24,0,1T,Normal
5906,2017,17,Sao Paulo,sao_paulo,Marcos Guilherme,marcos_guilherme,91,90,1,2T,Normal
5907,2017,17,Palmeiras,palmeiras,Eduardo Pereira Rodrigues,eduardo_pereira_rodrigues,11,11,0,1T,Normal
5907,2017,17,Palmeiras,palmeiras,Deyverson,deyverson,35,35,0,1T,Normal
5908,2017,17,Atletico-GO,atletico_go,Diego Rosa,diego_rosa,68,68,0,2T,Normal
5908,2017,17,Atletico-GO,atletico_go,Gilvan,gilvan,84,84,0,2T,Normal
5908,2017,17,Chapecoense,chapecoense,Luiz Otávio da Silva Santos,luiz_otavio_da_silva_santos,40,40,0,1T,Normal
5909,2017,17,Atletico-MG,atletico_mg,Rafael Moura,rafael_moura,73,73,0,2T,Normal
5909,2017,17,Atletico-MG,atletico_mg,Fábio Santos,fabio_santos,13,13,0,1T,Penalty
5910,2017,17,Sport,sport,Everton Felipe,everton_felipe,18,18,0,1T,Normal
5910,2017,17,Sport,sport,Ronaldo Alves,ronaldo_alves,65,65,0,2T,Normal
5910,2017,17,Sport,sport,Reinaldo Lenis,reinaldo_lenis,92,90,2,2T,Normal
5910,2017,17,Bahia,bahia,Rodrigão,rodrigao,59,59,0,2T,Normal
5911,2017,17,Flamengo,flamengo,Réver,rever,71,71,0,2T,Normal
5911,2017,17,Corinthians,corinthians,Jô,jo,22,22,0,1T,Normal
5912,2017,17,Gremio,gremio,Luiz Fernando Pereira da Silva,luiz_fernando_pereira_da_silva,47,45,2,1T,Normal
5912,2017,17,Santos,santos,David Braz,david_braz,45,45,0,1T,Normal
5914,2017,17,Athletico-PR,athletico_pr,Ribamar,ribamar,61,61,0,2T,Normal
5917,2017,18,Chapecoense,chapecoense,Túlio de Melo,tulio_de_melo,20,20,0,1T,Normal
5917,2017,18,Bahia,bahia,Rodrigão,rodrigao,39,39,0,1T,Normal
5916,2017,18,Sport,sport,André Felipe Ribeiro de Souza,andre_felipe_ribeiro_de_souza,32,32,0,1T,Normal
5916,2017,18,Sport,sport,Patrick,patrick,49,49,0,2T,Normal
5916,2017,18,Fluminense,fluminense,Gustavo Scarpa,gustavo_scarpa,9,9,0,1T,Normal
5916,2017,18,Fluminense,fluminense,Renato de Araújo Chaves Júnior,renato_de_araujo_chaves_junior,13,13,0,1T,Normal
5918,2017,18,Corinthians,corinthians,Jô,jo,31,31,0,1T,Normal
5918,2017,18,Corinthians,corinthians,Rodrigo Eduardo Costa Marinho,rodrigo_eduardo_costa_marinho,83,83,0,2T,Normal
5919,2017,18,Vitoria,vitoria,Santiago Tréllez,santiago_trellez,2,2,0,1T,Normal
5919,2017,18,Vitoria,vitoria,Santiago Tréllez,santiago_trellez,36,36,0,1T,Normal
5919,2017,18,Vitoria,vitoria,Neilton Mestzk,neilton_mestzk,13,13,0,1T,Normal
5919,2017,18,Ponte Preta,ponte_preta,Elton Junior Melo Ataíde,elton_junior_melo_ataide,49,49,0,2T,Normal
5921,2017,18,Gremio,gremio,Michel Ferreira dos Santos,michel_ferreira_dos_santos,83,83,0,2T,Normal
5922,2017,18,Botafogo-RJ,botafogo_rj,Rodrigo Pimpão,rodrigo_pimpao,55,55,0,2T,Normal
5922,2017,18,Palmeiras,palmeiras,Igor Rabello,igor_rabello,46,45,1,1T,Gol Contra
5922,2017,18,Palmeiras,palmeiras,Deyverson,deyverson,86,86,0,2T,Normal
5920,2017,18,Santos,santos,Bruno Henrique,bruno_henrique,54,54,0,2T,Normal
5920,2017,18,Flamengo,flamengo,Felipe Vizeu,felipe_vizeu,67,67,0,2T,Normal
5920,2017,18,Santos,santos,Alison Lopes Ferreira,alison_lopes_ferreira,85,85,0,2T,Normal
5920,2017,18,Santos,santos,Ricardo Oliveira,ricardo_oliveira,88,88,0,2T,Normal
5920,2017,18,Flamengo,flamengo,Éverton Ribeiro,everton_ribeiro,56,56,0,2T,Normal
5923,2017,18,Athletico-PR,athletico_pr,Capa,capa,58,58,0,2T,Gol Contra
5923,2017,18,Athletico-PR,athletico_pr,Guilherme Milhomem Gusmão,guilherme_milhomem_gusmao,34,34,0,1T,Normal
5923,2017,18,Athletico-PR,athletico_pr,Guilherme Milhomem Gusmão,guilherme_milhomem_gusmao,56,56,0,2T,Normal
5923,2017,18,Athletico-PR,athletico_pr,Eduardo Henrique,eduardo_henrique,71,71,0,2T,Normal
5923,2017,18,Athletico-PR,athletico_pr,Eduardo Henrique,eduardo_henrique,78,78,0,2T,Normal
5924,2017,18,Coritiba,coritiba,Thiago Carleto,thiago_carleto,57,57,0,2T,Penalty
5924,2017,18,Sao Paulo,sao_paulo,Denílson Pereira Júnior,denilson_pereira_junior,88,88,0,2T,Normal
5924,2017,18,Coritiba,coritiba,Yilmar Filigrana,yilmar_filigrana,67,67,0,2T,Normal
5925,2017,18,Cruzeiro,cruzeiro,Luiz Ricardo Alves,luiz_ricardo_alves,19,19,0,1T,Penalty
5925,2017,18,Cruzeiro,cruzeiro,Thiago Neves,thiago_neves,3,3,0,1T,Normal
5925,2017,18,Cruzeiro,cruzeiro,Róbson Michael Signorini,robson_michael_signorini,88,88,0,2T,Normal
5926,2017,19,Corinthians,corinthians,Guilherme Arana,guilherme_arana,9,9,0,1T,Normal
5926,2017,19,Corinthians,corinthians,Rodrigo Eduardo Costa Marinho,rodrigo_eduardo_costa_marinho,46,46,0,2T,Normal
5926,2017,19,Corinthians,corinthians,Pedro Henrique Ribeiro Gonçalves,pedro_henrique_ribeiro_goncalves,66,66,0,2T,Normal
5926,2017,19,Sport,sport,Thallyson,thallyson,83,83,0,2T,Normal
5927,2017,19,Fluminense,fluminense,Wendel,wendel,15,15,0,1T,Normal
5927,2017,19,Fluminense,fluminense,Wellington Alves da Silva,wellington_alves_da_silva,33,33,0,1T,Normal
5927,2017,19,Fluminense,fluminense,Henrique Dourado,henrique_dourado,58,58,0,2T,Normal
5927,2017,19,Atletico-GO,atletico_go,Paulinho,paulinho,23,23,0,1T,Normal
5928,2017,19,Vitoria,vitoria,Yago Rocha,yago_rocha,45,45,0,1T,Normal
5928,2017,19,Vitoria,vitoria,Neilton Mestzk,neilton_mestzk,66,66,0,2T,Penalty
5930,2017,19,Gremio,gremio,Pedro Rocha Neves,pedro_rocha_neves,5,5,0,1T,Normal
5930,2017,19,Gremio,gremio,Luiz Fernando Pereira da Silva,luiz_fernando_pereira_da_silva,27,27,0,1T,Normal
5933,2017,19,Bahia,bahia,Régis,regis,40,40,0,1T,Normal
5933,2017,19,Sao Paulo,sao_paulo,Hernanes,hernanes,49,45,4,1T,Penalty
5933,2017,19,Bahia,bahia,Stiven Mendoza,stiven_mendoza,43,43,0,1T,Normal
5932,2017,19,Athletico-PR,athletico_pr,Thiago Heleno,thiago_heleno,18,18,0,1T,Normal
5931,2017,19,Coritiba,coritiba,Rildo de Andrade Felicissimo,rildo_de_andrade_felicissimo,43,43,0,1T,Normal
5931,2017,19,Coritiba,coritiba,Alecsandro,alecsandro,22,22,0,1T,Normal
5936,2017,20,Atletico-GO,atletico_go,Jorginho,jorginho,63,63,0,2T,Normal
5937,2017,20,Avai,avai,Junior Dutra,junior_dutra,73,73,0,2T,Normal
5938,2017,20,Sao Paulo,sao_paulo,Hernanes,hernanes,82,82,0,2T,Penalty
5938,2017,20,Cruzeiro,cruzeiro,Luiz Ricardo Alves,luiz_ricardo_alves,51,51,0,2T,Normal
5938,2017,20,Cruzeiro,cruzeiro,Luiz Ricardo Alves,luiz_ricardo_alves,57,57,0,2T,Normal
5938,2017,20,Sao Paulo,sao_paulo,Hernanes,hernanes,47,45,2,1T,Normal
5938,2017,20,Sao Paulo,sao_paulo,Robert Arboleda,robert_arboleda,71,71,0,2T,Normal
5940,2017,20,Atletico-MG,atletico_mg,Fábio Santos,fabio_santos,16,16,0,1T,Penalty
5940,2017,20,Atletico-MG,atletico_mg,Rafael Moura,rafael_moura,54,54,0,2T,Normal
5941,2017,20,Palmeiras,palmeiras,Alejandro Guerra,alejandro_guerra,77,77,0,2T,Normal
5941,2017,20,Vasco,vasco,Andrés Escobar,andres_escobar,88,88,0,2T,Normal
5943,2017,20,Botafogo-RJ,botafogo_rj,Leandrinho,leandrinho,7,7,0,1T,Normal
5942,2017,20,Athletico-PR,athletico_pr,Éder,eder,59,59,0,2T,Gol Contra
5942,2017,20,Athletico-PR,athletico_pr,Thiago Heleno,thiago_heleno,52,52,0,2T,Normal
5942,2017,20,Athletico-PR,athletico_pr,Nikão,nikao,25,25,0,1T,Penalty
5942,2017,20,Athletico-PR,athletico_pr,Sidcley Ferreira Pereira,sidcley_ferreira_pereira,86,86,0,2T,Normal
5942,2017,20,Bahia,bahia,Stiven Mendoza,stiven_mendoza,20,20,0,1T,Normal
5946,2017,21,Vitoria,vitoria,Santiago Tréllez,santiago_trellez,12,12,0,1T,Normal
5947,2017,21,Flamengo,flamengo,Vinícius Júnior,vinicius_junior,75,75,0,2T,Normal
5947,2017,21,Flamengo,flamengo,Vinícius Júnior,vinicius_junior,56,56,0,2T,Normal
5951,2017,21,Cruzeiro,cruzeiro,Luiz Ricardo Alves,luiz_ricardo_alves,34,34,0,1T,Normal
5951,2017,21,Cruzeiro,cruzeiro,Raniel,raniel,87,87,0,2T,Normal
5952,2017,21,Botafogo-RJ,botafogo_rj,Brenner Marlos Varanda de Oliveira,brenner_marlos_varanda_de_oliveira,21,21,0,1T,Penalty
5952,2017,21,Ponte Preta,ponte_preta,Emerson Sheik,emerson_sheik,13,13,0,1T,Normal
5952,2017,21,Ponte Preta,ponte_preta,Emerson Sheik,emerson_sheik,88,88,0,2T,Normal
5949,2017,21,Sao Paulo,sao_paulo,Hernanes,hernanes,79,79,0,2T,Penalty
5949,2017,21,Avai,avai,Junior Dutra,junior_dutra,70,70,0,2T,Penalty
5950,2017,21,Bahia,bahia,Tiago Pagnussat,tiago_pagnussat,23,23,0,1T,Normal
5950,2017,21,Bahia,bahia,Stiven Mendoza,stiven_mendoza,47,47,0,2T,Normal
5950,2017,21,Bahia,bahia,Stiven Mendoza,stiven_mendoza,49,45,4,1T,Normal
5954,2017,21,Chapecoense,chapecoense,Fabrício Bruno,fabricio_bruno,39,39,0,1T,Normal
5954,2017,21,Chapecoense,chapecoense,Túlio de Melo,tulio_de_melo,95,90,5,2T,Normal
5955,2017,21,Atletico-MG,atletico_mg,Valdívia,valdivia,57,57,0,2T,Normal
5955,2017,21,Fluminense,fluminense,Henrique Dourado,henrique_dourado,38,38,0,1T,Normal
5955,2017,21,Fluminense,fluminense,Henrique Dourado,henrique_dourado,87,87,0,2T,Normal
5945,2017,20,Corinthians,corinthians,Jô,jo,90,90,0,2T,Normal
5956,2017,22,Vasco,vasco,Ramon de Morais Motta,ramon_de_morais_motta,31,31,0,1T,Normal
5957,2017,22,Atletico-GO,atletico_go,Gilvan,gilvan,47,47,0,2T,Normal
5959,2017,22,Palmeiras,palmeiras,Keno,keno,79,79,0,2T,Normal
5959,2017,22,Palmeiras,palmeiras,Hyoran,hyoran,91,90,1,2T,Normal
5959,2017,22,Palmeiras,palmeiras,Willian Gomes de Siqueira,willian_gomes_de_siqueira,36,36,0,1T,Normal
5959,2017,22,Sao Paulo,sao_paulo,Marcos Guilherme,marcos_guilherme,13,13,0,1T,Normal
5959,2017,22,Palmeiras,palmeiras,Willian Gomes de Siqueira,willian_gomes_de_siqueira,39,39,0,1T,Normal
5959,2017,22,Sao Paulo,sao_paulo,Hernanes,hernanes,52,45,7,1T,Normal
5961,2017,22,Flamengo,flamengo,Willian Arão,willian_arao,31,31,0,1T,Normal
5961,2017,22,Flamengo,flamengo,Diego Ribas,diego_ribas,17,17,0,1T,Normal
5958,2017,22,Atletico-MG,atletico_mg,Elias Mendes Trindade,elias_mendes_trindade,61,61,0,2T,Normal
5958,2017,22,Atletico-MG,atletico_mg,Rómulo Otero,romulo_otero,89,89,0,2T,Normal
5958,2017,22,Ponte Preta,ponte_preta,Léo Gamalho,leo_gamalho,45,45,0,1T,Normal
5960,2017,22,Bahia,bahia,Renê Júnior,rene_junior,16,16,0,1T,Normal
5960,2017,22,Botafogo-RJ,botafogo_rj,Roger Rodrigues da Silva,roger_rodrigues_da_silva,13,13,0,1T,Normal
5960,2017,22,Botafogo-RJ,botafogo_rj,Bruno César Pereira da Silva,bruno_cesar_pereira_da_silva,92,90,2,2T,Normal
5962,2017,22,Cruzeiro,cruzeiro,Rafael da Silva Francisco,rafael_da_silva_francisco,56,56,0,2T,Normal
5962,2017,22,Santos,santos,Bruno Henrique,bruno_henrique,21,21,0,1T,Normal
5963,2017,22,Avai,avai,Joel Tagueu,joel_tagueu,32,32,0,1T,Normal
5964,2017,22,Vitoria,vitoria,Antônio Eduardo Pereira dos Santos,antonio_eduardo_pereira_dos_santos,68,68,0,2T,Normal
5965,2017,22,Gremio,gremio,Dionathã,dionatha,83,83,0,2T,Normal
5965,2017,22,Gremio,gremio,Edílson Mendes Guimarães,edilson_mendes_guimaraes,20,20,0,1T,Normal
5965,2017,22,Gremio,gremio,Luiz Fernando Pereira da Silva,luiz_fernando_pereira_da_silva,68,68,0,2T,Penalty
5965,2017,22,Gremio,gremio,Everton Sousa Soares,everton_sousa_soares,35,35,0,1T,Normal
5965,2017,22,Gremio,gremio,Luiz Fernando Pereira da Silva,luiz_fernando_pereira_da_silva,70,70,0,2T,Normal
5966,2017,23,Palmeiras,palmeiras,Deyverson,deyverson,33,33,0,1T,Normal
5966,2017,23,Atletico-MG,atletico_mg,Fábio Santos,fabio_santos,44,44,0,1T,Penalty
5967,2017,23,Vasco,vasco,Mateus Vital,mateus_vital,43,43,0,1T,Normal
5968,2017,23,Ponte Preta,ponte_preta,Danilo Barcelos,danilo_barcelos,65,65,0,2T,Penalty
5968,2017,23,Sao Paulo,sao_paulo,Bruno Alves,bruno_alves,57,57,0,2T,Normal
5968,2017,23,Ponte Preta,ponte_preta,Léo Gamalho,leo_gamalho,75,75,0,2T,Normal
5968,2017,23,Sao Paulo,sao_paulo,Hernanes,hernanes,34,34,0,1T,Normal
5971,2017,23,Avai,avai,Junior Dutra,junior_dutra,26,26,0,1T,Normal
5969,2017,23,Athletico-PR,athletico_pr,Felipe Gedoz,felipe_gedoz,87,87,0,2T,Penalty
5969,2017,23,Coritiba,coritiba,Werley Ananias da Silva,werley_ananias_da_silva,45,45,0,1T,Normal
5972,2017,23,Fluminense,fluminense,Wendel,wendel,48,48,0,2T,Normal
5972,2017,23,Fluminense,fluminense,Henrique Dourado,henrique_dourado,90,90,0,2T,Penalty
5972,2017,23,Vitoria,vitoria,Neilton Mestzk,neilton_mestzk,46,45,1,1T,Normal
5972,2017,23,Vitoria,vitoria,Antônio Eduardo Pereira dos Santos,antonio_eduardo_pereira_dos_santos,94,90,4,2T,Normal
5970,2017,23,Santos,santos,Ricardo Oliveira,ricardo_oliveira,93,90,3,2T,Normal
5970,2017,23,Santos,santos,Lucas Rafael Araújo Lima,lucas_rafael_araujo_lima,58,58,0,2T,Normal
5974,2017,23,Botafogo-RJ,botafogo_rj,Roger Rodrigues da Silva,roger_rodrigues_da_silva,56,56,0,2T,Normal
5974,2017,23,Botafogo-RJ,botafogo_rj,Roger Rodrigues da Silva,roger_rodrigues_da_silva,69,69,0,2T,Normal
5973,2017,23,Chapecoense,chapecoense,Túlio de Melo,tulio_de_melo,83,83,0,2T,Normal
5973,2017,23,Cruzeiro,cruzeiro,Rafael da Silva Francisco,rafael_da_silva_francisco,45,45,0,1T,Normal
5973,2017,23,Cruzeiro,cruzeiro,Raniel,raniel,63,63,0,2T,Normal
5975,2017,23,Atletico-GO,atletico_go,Luiz Fernando Moraes dos Santos,luiz_fernando_moraes_dos_santos,33,33,0,1T,Normal
5975,2017,23,Bahia,bahia,José Rafael Vivian,jose_rafael_vivian,55,55,0,2T,Normal
5976,2017,24,Botafogo-RJ,botafogo_rj,Rodrigo Lindoso,rodrigo_lindoso,42,42,0,1T,Normal
5976,2017,24,Botafogo-RJ,botafogo_rj,Guilherme,guilherme,45,45,0,1T,Normal
5977,2017,24,Atletico-GO,atletico_go,Ronaldo da Silva Souza,ronaldo_da_silva_souza,93,90,3,2T,Normal
5977,2017,24,Ponte Preta,ponte_preta,William Alves,william_alves,47,47,0,2T,Gol Contra
5977,2017,24,Atletico-GO,atletico_go,Luiz Fernando Moraes dos Santos,luiz_fernando_moraes_dos_santos,42,42,0,1T,Normal
5977,2017,24,Atletico-GO,atletico_go,Walter Henrique da Silva,walter_henrique_da_silva,68,68,0,2T,Normal
5978,2017,24,Avai,avai,Wellington Simião,wellington_simiao,45,45,0,1T,Normal
5978,2017,24,Atletico-MG,atletico_mg,Rómulo Otero,romulo_otero,83,83,0,2T,Normal
5979,2017,24,Chapecoense,chapecoense,Arthur Caike do Nascimento Cruz,arthur_caike_do_nascimento_cruz,46,46,0,2T,Normal
5982,2017,24,Vitoria,vitoria,Santiago Tréllez,santiago_trellez,90,90,0,2T,Normal
5982,2017,24,Sao Paulo,sao_paulo,Éder Militão,eder_militao,53,53,0,2T,Normal
5982,2017,24,Sao Paulo,sao_paulo,Christian Cueva,christian_cueva,82,82,0,2T,Normal
5983,2017,24,Flamengo,flamengo,Paolo Guerrero,paolo_guerrero,9,9,0,1T,Normal
5983,2017,24,Flamengo,flamengo,Éverton Ribeiro,everton_ribeiro,93,90,3,2T,Normal
5980,2017,24,Corinthians,corinthians,Jô,jo,74,74,0,2T,Normal
5981,2017,24,Fluminense,fluminense,Henrique Dourado,henrique_dourado,47,45,2,1T,Normal
5981,2017,24,Athletico-PR,athletico_pr,Felipe Gedoz,felipe_gedoz,57,57,0,2T,Normal
5981,2017,24,Athletico-PR,athletico_pr,Ribamar,ribamar,80,80,0,2T,Normal
5981,2017,24,Athletico-PR,athletico_pr,Jonathan Cícero Moreira,jonathan_cicero_moreira,91,90,1,2T,Normal
5984,2017,24,Cruzeiro,cruzeiro,Leonardo Renan Simões de Lacerda,leonardo_renan_simoes_de_lacerda,63,63,0,2T,Normal
5985,2017,24,Palmeiras,palmeiras,Jean Raphael Vanderlei Moreira,jean_raphael_vanderlei_moreira,39,39,0,1T,Normal
5986,2017,25,Flamengo,flamengo,Rodinei de Almeida,rodinei_de_almeida,81,81,0,2T,Normal
5986,2017,25,Avai,avai,Pedro Castro,pedro_castro,18,18,0,1T,Normal
5987,2017,25,Santos,santos,Bruno Henrique,bruno_henrique,35,35,0,1T,Normal
5988,2017,25,Corinthians,corinthians,Clayson Henrique da Silva Vieira,clayson_henrique_da_silva_vieira,78,78,0,2T,Normal
5988,2017,25,Sao Paulo,sao_paulo,Petros,petros,28,28,0,1T,Normal
5991,2017,25,Cruzeiro,cruzeiro,Giorgian De Arrascaeta,giorgian_de_arrascaeta,4,4,0,1T,Normal
5991,2017,25,Cruzeiro,cruzeiro,Rafael Sóbis,rafael_sobis,22,22,0,1T,Normal
5991,2017,25,Atletico-GO,atletico_go,Luiz Fernando Moraes dos Santos,luiz_fernando_moraes_dos_santos,48,48,0,2T,Normal
5990,2017,25,Botafogo-RJ,botafogo_rj,Roger Rodrigues da Silva,roger_rodrigues_da_silva,57,57,0,2T,Normal
5990,2017,25,Botafogo-RJ,botafogo_rj,Guilherme,guilherme,64,64,0,2T,Normal
5990,2017,25,Coritiba,coritiba,Werley Ananias da Silva,werley_ananias_da_silva,36,36,0,1T,Normal
5990,2017,25,Botafogo-RJ,botafogo_rj,João Paulo,joao_paulo,84,84,0,2T,Normal
5990,2017,25,Coritiba,coritiba,Thiago Carleto,thiago_carleto,83,83,0,2T,Normal
5992,2017,25,Palmeiras,palmeiras,Egídio de Araújo Pereira Júnior,egidio_de_araujo_pereira_junior,42,42,0,1T,Normal
5989,2017,25,Chapecoense,chapecoense,Lucas Marques,lucas_marques,42,42,0,1T,Normal
5993,2017,25,Vitoria,vitoria,Neilton Mestzk,neilton_mestzk,3,3,0,1T,Normal
5993,2017,25,Vitoria,vitoria,Yago Rocha,yago_rocha,69,69,0,2T,Normal
5993,2017,25,Vitoria,vitoria,Santiago Tréllez,santiago_trellez,94,90,4,2T,Normal
5993,2017,25,Atletico-MG,atletico_mg,Juan Cazares,juan_cazares,18,18,0,1T,Normal
5994,2017,25,Bahia,bahia,Rodrigão,rodrigao,97,90,7,2T,Penalty
5995,2017,25,Vasco,vasco,Nenê,nene,39,39,0,1T,Normal
5995,2017,25,Sport,sport,André Felipe Ribeiro de Souza,andre_felipe_ribeiro_de_souza,84,84,0,2T,Normal
5996,2017,26,Vasco,vasco,Andrés Ríos,andres_rios,25,25,0,1T,Normal
5996,2017,26,Chapecoense,chapecoense,Reinaldo Manoel da Silva,reinaldo_manoel_da_silva,64,64,0,2T,Normal
5997,2017,26,Coritiba,coritiba,Rildo de Andrade Felicissimo,rildo_de_andrade_felicissimo,64,64,0,2T,Normal
5997,2017,26,Bahia,bahia,José Rafael Vivian,jose_rafael_vivian,45,45,0,1T,Normal
5998,2017,26,Santos,santos,Ricardo Oliveira,ricardo_oliveira,76,76,0,2T,Normal
5999,2017,26,Corinthians,corinthians,Clayson Henrique da Silva Vieira,clayson_henrique_da_silva_vieira,84,84,0,2T,Penalty
5999,2017,26,Cruzeiro,cruzeiro,Rafael da Silva Francisco,rafael_da_silva_francisco,20,20,0,1T,Normal
6000,2017,26,Vitoria,vitoria,David Corrêa da Fonseca,david_correa_da_fonseca,15,15,0,1T,Normal
6000,2017,26,Botafogo-RJ,botafogo_rj,Brenner Marlos Varanda de Oliveira,brenner_marlos_varanda_de_oliveira,61,61,0,2T,Penalty
6000,2017,26,Vitoria,vitoria,André Lima,andre_lima,90,90,0,2T,Normal
6000,2017,26,Vitoria,vitoria,Danilinho,danilinho,95,90,5,2T,Normal
6000,2017,26,Botafogo-RJ,botafogo_rj,Brenner Marlos Varanda de Oliveira,brenner_marlos_varanda_de_oliveira,25,25,0,1T,Normal
6002,2017,26,Gremio,gremio,Beto da Silva,beto_da_silva,86,86,0,2T,Normal
6001,2017,26,Sao Paulo,sao_paulo,Marcos Guilherme,marcos_guilherme,36,36,0,1T,Normal
6003,2017,26,Atletico-GO,atletico_go,Walter Henrique da Silva,walter_henrique_da_silva,63,63,0,2T,Normal
6003,2017,26,Atletico-GO,atletico_go,Luiz Fernando Moraes dos Santos,luiz_fernando_moraes_dos_santos,58,58,0,2T,Penalty
6004,2017,26,Atletico-MG,atletico_mg,Robinho,robinho,22,22,0,1T,Normal
6004,2017,26,Atletico-MG,atletico_mg,Robinho,robinho,83,83,0,2T,Normal
6005,2017,26,Ponte Preta,ponte_preta,Jean Patrick Reis,jean_patrick_reis,53,53,0,2T,Normal
6006,2017,28,Cruzeiro,cruzeiro,Thiago Neves,thiago_neves,73,73,0,2T,Normal
6006,2017,28,Cruzeiro,cruzeiro,Manoel Messias Silva Carvalho,manoel_messias_silva_carvalho,76,76,0,2T,Normal
6006,2017,28,Ponte Preta,ponte_preta,Danilo Barcelos,danilo_barcelos,13,13,0,1T,Penalty
6016,2017,27,Athletico-PR,athletico_pr,Guilherme Milhomem Gusmão,guilherme_milhomem_gusmao,32,32,0,1T,Normal
6016,2017,27,Athletico-PR,athletico_pr,Lucho González,lucho_gonzalez,42,42,0,1T,Normal
6016,2017,27,Atletico-GO,atletico_go,Luiz Fernando Moraes dos Santos,luiz_fernando_moraes_dos_santos,25,25,0,1T,Normal
6016,2017,27,Atletico-GO,atletico_go,Walter Henrique da Silva,walter_henrique_da_silva,82,82,0,2T,Normal
6017,2017,27,Botafogo-RJ,botafogo_rj,Brenner Marlos Varanda de Oliveira,brenner_marlos_varanda_de_oliveira,66,66,0,2T,Normal
6017,2017,27,Botafogo-RJ,botafogo_rj,Vinícius Tanque,vinicius_tanque,95,90,5,2T,Normal
6017,2017,27,Chapecoense,chapecoense,Apodi,apodi,60,60,0,2T,Normal
6018,2017,27,Corinthians,corinthians,Clayson Henrique da Silva Vieira,clayson_henrique_da_silva_vieira,79,79,0,2T,Normal
6018,2017,27,Corinthians,corinthians,Clayson Henrique da Silva Vieira,clayson_henrique_da_silva_vieira,89,89,0,2T,Normal
6018,2017,27,Coritiba,coritiba,Henrique Almeida,henrique_almeida,40,40,0,1T,Normal
6018,2017,27,Corinthians,corinthians,Jô,jo,10,10,0,1T,Normal
6019,2017,27,Cruzeiro,cruzeiro,Rafael Sóbis,rafael_sobis,69,69,0,2T,Normal
6020,2017,27,Avai,avai,Ebert Willian Amâncio,ebert_willian_amancio,62,62,0,2T,Normal
6020,2017,27,Vasco,vasco,Wagner Ferreira dos Santos,wagner_ferreira_dos_santos,3,3,0,1T,Normal
6020,2017,27,Vasco,vasco,Andrés Ríos,andres_rios,24,24,0,1T,Normal
6021,2017,27,Atletico-MG,atletico_mg,Fábio Santos,fabio_santos,52,52,0,2T,Penalty
6024,2017,27,Santos,santos,Ricardo Oliveira,ricardo_oliveira,47,45,2,1T,Normal
6024,2017,27,Ponte Preta,ponte_preta,Marinaldo dos Santos Oliveira,marinaldo_dos_santos_oliveira,5,5,0,1T,Normal
6022,2017,27,Sport,sport,Diego Souza,diego_souza,45,45,0,1T,Normal
6022,2017,27,Sport,sport,Reinaldo Lenis,reinaldo_lenis,66,66,0,2T,Normal
6022,2017,27,Vitoria,vitoria,Santiago Tréllez,santiago_trellez,83,83,0,2T,Normal
6023,2017,27,Fluminense,fluminense,Marcos Rogério Ricci Lopes,marcos_rogerio_ricci_lopes,53,53,0,2T,Gol Contra
6023,2017,27,Flamengo,flamengo,Réver,rever,69,69,0,2T,Normal
6025,2017,27,Palmeiras,palmeiras,Willian Gomes de Siqueira,willian_gomes_de_siqueira,2,2,0,1T,Normal
6025,2017,27,Bahia,bahia,Edigar Junio,edigar_junio,89,89,0,2T,Penalty
6025,2017,27,Palmeiras,palmeiras,Bruno Henrique Corsini,bruno_henrique_corsini,39,39,0,1T,Normal
6025,2017,27,Bahia,bahia,Edigar Junio,edigar_junio,47,45,2,1T,Normal
6007,2017,28,Vasco,vasco,Nenê,nene,69,69,0,2T,Normal
6008,2017,28,Sao Paulo,sao_paulo,Lucas Pratto,lucas_pratto,60,60,0,2T,Normal
6008,2017,28,Sao Paulo,sao_paulo,Maicosuel,maicosuel,83,83,0,2T,Normal
6008,2017,28,Athletico-PR,athletico_pr,Douglas Coutinho,douglas_coutinho,50,50,0,2T,Normal
6010,2017,28,Atletico-GO,atletico_go,Walter Henrique da Silva,walter_henrique_da_silva,77,77,0,2T,Penalty
6010,2017,28,Palmeiras,palmeiras,Willian Gomes de Siqueira,willian_gomes_de_siqueira,21,21,0,1T,Normal
6010,2017,28,Palmeiras,palmeiras,Moisés Lima Magalhães,moises_lima_magalhaes,44,44,0,1T,Normal
6010,2017,28,Palmeiras,palmeiras,Eduardo Pereira Rodrigues,eduardo_pereira_rodrigues,59,59,0,2T,Normal
6011,2017,28,Fluminense,fluminense,Henrique Dourado,henrique_dourado,14,14,0,1T,Normal
6009,2017,28,Flamengo,flamengo,Diego Ribas,diego_ribas,79,79,0,2T,Normal
6012,2017,28,Sport,sport,Patrick,patrick,10,10,0,1T,Normal
6012,2017,28,Atletico-MG,atletico_mg,Fred,fred,38,38,0,1T,Normal
6013,2017,28,Gremio,gremio,Ramiro Moschen Benetti,ramiro_moschen_benetti,92,90,2,2T,Normal
6014,2017,28,Bahia,bahia,Régis,regis,94,90,4,2T,Normal
6014,2017,28,Bahia,bahia,Vinícius,vinicius,72,72,0,2T,Normal
6015,2017,28,Santos,santos,Jean Mota Oliveira de Souza,jean_mota_oliveira_de_souza,35,35,0,1T,Normal
6015,2017,28,Vitoria,vitoria,David Corrêa da Fonseca,david_correa_da_fonseca,22,22,0,1T,Normal
6015,2017,28,Santos,santos,Ramon Menezes Roma,ramon_menezes_roma,68,68,0,2T,Gol Contra
6015,2017,28,Vitoria,vitoria,Wallace Reis da Silva,wallace_reis_da_silva,64,64,0,2T,Normal
6027,2017,29,Coritiba,coritiba,Diogo Barbosa,diogo_barbosa,34,34,0,1T,Gol Contra
6026,2017,29,Vasco,vasco,Jonathan Francisco Lemos,jonathan_francisco_lemos,30,30,0,1T,Gol Contra
6028,2017,29,Atletico-MG,atletico_mg,Valdívia,valdivia,9,9,0,1T,Normal
6028,2017,29,Chapecoense,chapecoense,Luiz Antônio de Souza Soares,luiz_antonio_de_souza_soares,80,80,0,2T,Normal
6028,2017,29,Atletico-MG,atletico_mg,Fred,fred,67,67,0,2T,Normal
6028,2017,29,Chapecoense,chapecoense,Wellington Paulista,wellington_paulista,30,30,0,1T,Normal
6028,2017,29,Chapecoense,chapecoense,Héctor Canteros,hector_canteros,42,42,0,1T,Normal
6030,2017,29,Fluminense,fluminense,Henrique Dourado,henrique_dourado,23,23,0,1T,Penalty
6030,2017,29,Fluminense,fluminense,Robson Azevedo da Silva,robson_azevedo_da_silva,85,85,0,2T,Penalty
6030,2017,29,Fluminense,fluminense,Junior Sornoza,junior_sornoza,24,24,0,1T,Normal
6030,2017,29,Sao Paulo,sao_paulo,Shaylon,shaylon,89,89,0,2T,Normal
6029,2017,29,Botafogo-RJ,botafogo_rj,Marcos Vinícius de Jesus Araújo,marcos_vinicius_de_jesus_araujo,96,90,6,2T,Normal
6029,2017,29,Avai,avai,Marquinhos Santos,marquinhos_santos,65,65,0,2T,Penalty
6032,2017,29,Vitoria,vitoria,Santiago Tréllez,santiago_trellez,50,50,0,2T,Normal
6032,2017,29,Athletico-PR,athletico_pr,Ribamar,ribamar,4,4,0,1T,Normal
6032,2017,29,Vitoria,vitoria,Neilton Mestzk,neilton_mestzk,24,24,0,1T,Penalty
6032,2017,29,Athletico-PR,athletico_pr,Ribamar,ribamar,79,79,0,2T,Normal
6032,2017,29,Athletico-PR,athletico_pr,Douglas Coutinho,douglas_coutinho,66,66,0,2T,Normal
6033,2017,29,Palmeiras,palmeiras,Keno,keno,28,28,0,1T,Normal
6033,2017,29,Palmeiras,palmeiras,Miguel Borja,miguel_borja,73,73,0,2T,Normal
6034,2017,29,Bahia,bahia,Stiven Mendoza,stiven_mendoza,69,69,0,2T,Penalty
6034,2017,29,Flamengo,flamengo,Diego Ribas,diego_ribas,87,87,0,2T,Normal
6034,2017,29,Flamengo,flamengo,Réver,rever,51,51,0,2T,Normal
6034,2017,29,Flamengo,flamengo,Diego Ribas,diego_ribas,85,85,0,2T,Penalty
6034,2017,29,Flamengo,flamengo,Réver,rever,77,77,0,2T,Normal
6035,2017,29,Sport,sport,José Rogério de Oliveira Melo,jose_rogerio_de_oliveira_melo,84,84,0,2T,Normal
6035,2017,29,Santos,santos,Ricardo Oliveira,ricardo_oliveira,4,4,0,1T,Normal
6036,2017,30,Vasco,vasco,Matheus Galdezani,matheus_galdezani,16,16,0,1T,Gol Contra
6036,2017,30,Coritiba,coritiba,Rildo de Andrade Felicissimo,rildo_de_andrade_felicissimo,67,67,0,2T,Normal
6039,2017,30,Gremio,gremio,Michel Ferreira dos Santos,michel_ferreira_dos_santos,79,79,0,2T,Normal
6039,2017,30,Palmeiras,palmeiras,Eduardo Pereira Rodrigues,eduardo_pereira_rodrigues,48,48,0,2T,Normal
6039,2017,30,Palmeiras,palmeiras,Eduardo Pereira Rodrigues,eduardo_pereira_rodrigues,64,64,0,2T,Normal
6039,2017,30,Palmeiras,palmeiras,Moisés Lima Magalhães,moises_lima_magalhaes,54,54,0,2T,Normal
6037,2017,30,Santos,santos,Ricardo Oliveira,ricardo_oliveira,31,31,0,1T,Normal
6042,2017,30,Atletico-MG,atletico_mg,Rómulo Otero,romulo_otero,61,61,0,2T,Normal
6042,2017,30,Atletico-MG,atletico_mg,Robinho,robinho,67,67,0,2T,Normal
6042,2017,30,Atletico-MG,atletico_mg,Robinho,robinho,81,81,0,2T,Normal
6042,2017,30,Cruzeiro,cruzeiro,Thiago Neves,thiago_neves,31,31,0,1T,Normal
6040,2017,30,Sao Paulo,sao_paulo,Lucas Pratto,lucas_pratto,14,14,0,1T,Normal
6040,2017,30,Sao Paulo,sao_paulo,Hernanes,hernanes,40,40,0,1T,Normal
6041,2017,30,Athletico-PR,athletico_pr,Felipe Gedoz,felipe_gedoz,88,88,0,2T,Penalty
6041,2017,30,Sport,sport,Diego Souza,diego_souza,70,70,0,2T,Penalty
6041,2017,30,Athletico-PR,athletico_pr,Lucho González,lucho_gonzalez,61,61,0,2T,Normal
6038,2017,30,Bahia,bahia,Stiven Mendoza,stiven_mendoza,47,47,0,2T,Normal
6038,2017,30,Bahia,bahia,Edigar Junio,edigar_junio,89,89,0,2T,Normal
6038,2017,30,Vitoria,vitoria,Wallace Reis da Silva,wallace_reis_da_silva,83,83,0,2T,Normal
6044,2017,30,Avai,avai,Junior Dutra,junior_dutra,36,36,0,1T,Penalty
6044,2017,30,Avai,avai,Rômulo,romulo,7,7,0,1T,Normal
6044,2017,30,Ponte Preta,ponte_preta,Danilo Barcelos,danilo_barcelos,39,39,0,1T,Penalty
6043,2017,30,Chapecoense,chapecoense,Wellington Paulista,wellington_paulista,47,47,0,2T,Normal
6043,2017,30,Chapecoense,chapecoense,Arthur Caike do Nascimento Cruz,arthur_caike_do_nascimento_cruz,4,4,0,1T,Normal
6045,2017,30,Corinthians,corinthians,Jô,jo,60,60,0,2T,Normal
6045,2017,30,Botafogo-RJ,botafogo_rj,Brenner Marlos Varanda de Oliveira,brenner_marlos_varanda_de_oliveira,53,53,0,2T,Normal
6045,2017,30,Botafogo-RJ,botafogo_rj,Igor Rabello,igor_rabello,76,76,0,2T,Normal
6046,2017,31,Sao Paulo,sao_paulo,Marcos Guilherme,marcos_guilherme,17,17,0,1T,Normal
6046,2017,31,Sao Paulo,sao_paulo,Christian Cueva,christian_cueva,22,22,0,1T,Normal
6046,2017,31,Santos,santos,Alison Lopes Ferreira,alison_lopes_ferreira,34,34,0,1T,Normal
6050,2017,31,Fluminense,fluminense,Gustavo Scarpa,gustavo_scarpa,33,33,0,1T,Normal
6050,2017,31,Bahia,bahia,Edigar Junio,edigar_junio,3,3,0,1T,Normal
6049,2017,31,Ponte Preta,ponte_preta,Lucca Borges de Brito,lucca_borges_de_brito,39,39,0,1T,Normal
6052,2017,31,Atletico-GO,atletico_go,Luiz Fernando Moraes dos Santos,luiz_fernando_moraes_dos_santos,11,11,0,1T,Normal
6052,2017,31,Vitoria,vitoria,José Welison,jose_welison,66,66,0,2T,Normal
6053,2017,31,Coritiba,coritiba,Werley Ananias da Silva,werley_ananias_da_silva,6,6,0,1T,Normal
6053,2017,31,Sport,sport,Diego Souza,diego_souza,29,29,0,1T,Normal
6053,2017,31,Coritiba,coritiba,Henrique Almeida,henrique_almeida,40,40,0,1T,Normal
6053,2017,31,Sport,sport,Diego Souza,diego_souza,62,62,0,2T,Normal
6053,2017,31,Coritiba,coritiba,Jonas Gomes de Sousa,jonas_gomes_de_sousa,78,78,0,2T,Normal
6053,2017,31,Sport,sport,André Felipe Ribeiro de Souza,andre_felipe_ribeiro_de_souza,42,42,0,1T,Normal
6053,2017,31,Coritiba,coritiba,Yan Sasse,yan_sasse,91,90,1,2T,Normal
6054,2017,31,Avai,avai,Pedro Castro,pedro_castro,29,29,0,1T,Normal
6054,2017,31,Avai,avai,Leandro Silva,leandro_silva,62,62,0,2T,Normal
6054,2017,31,Gremio,gremio,Rafael Thyere de Albuquerque Marques,rafael_thyere_de_albuquerque_marques,12,12,0,1T,Normal
6054,2017,31,Gremio,gremio,Kaio Silva Mendes,kaio_silva_mendes,36,36,0,1T,Normal
6055,2017,31,Cruzeiro,cruzeiro,José Carlos Ferreira Júnior,jose_carlos_ferreira_junior,6,6,0,1T,Gol Contra
6055,2017,31,Palmeiras,palmeiras,Miguel Borja,miguel_borja,35,35,0,1T,Normal
6055,2017,31,Palmeiras,palmeiras,Miguel Borja,miguel_borja,86,86,0,2T,Normal
6055,2017,31,Cruzeiro,cruzeiro,Róbson Michael Signorini,robson_michael_signorini,64,64,0,2T,Normal
6056,2017,32,Santos,santos,David Braz,david_braz,60,60,0,2T,Normal
6056,2017,32,Santos,santos,Ricardo Oliveira,ricardo_oliveira,79,79,0,2T,Normal
6056,2017,32,Atletico-MG,atletico_mg,Fred,fred,50,50,0,2T,Normal
6056,2017,32,Santos,santos,Arthur Gomes,arthur_gomes,45,45,0,1T,Normal
6058,2017,32,Sao Paulo,sao_paulo,Hernanes,hernanes,21,21,0,1T,Normal
6057,2017,32,Fluminense,fluminense,Marcos Júnior,marcos_junior,61,61,0,2T,Normal
6057,2017,32,Fluminense,fluminense,Matheus Alessandro,matheus_alessandro,87,87,0,2T,Normal
6057,2017,32,Botafogo-RJ,botafogo_rj,Marcos Vinícius de Jesus Araújo,marcos_vinicius_de_jesus_araujo,0,0,0,1T,Normal
6059,2017,32,Coritiba,coritiba,Tiago Real,tiago_real,50,50,0,2T,Normal
6059,2017,32,Coritiba,coritiba,Wilson Rodrigues de Moura Júnior,wilson_rodrigues_de_moura_junior,41,41,0,1T,Penalty
6059,2017,32,Coritiba,coritiba,Jonas Gomes de Sousa,jonas_gomes_de_sousa,85,85,0,2T,Normal
6059,2017,32,Coritiba,coritiba,Alan Santos da Silva,alan_santos_da_silva,17,17,0,1T,Normal
6061,2017,32,Cruzeiro,cruzeiro,Giorgian De Arrascaeta,giorgian_de_arrascaeta,41,41,0,1T,Normal
6062,2017,32,Gremio,gremio,Everton Sousa Soares,everton_sousa_soares,72,72,0,2T,Normal
6062,2017,32,Gremio,gremio,Luan Guilherme de Jesus Vieira,luan_guilherme_de_jesus_vieira,82,82,0,2T,Normal
6062,2017,32,Flamengo,flamengo,Éverton Ribeiro,everton_ribeiro,47,47,0,2T,Normal
6062,2017,32,Gremio,gremio,Everton Sousa Soares,everton_sousa_soares,70,70,0,2T,Normal
6060,2017,32,Palmeiras,palmeiras,Yerry Mina,yerry_mina,35,35,0,1T,Normal
6060,2017,32,Palmeiras,palmeiras,Moisés Lima Magalhães,moises_lima_magalhaes,68,68,0,2T,Normal
6060,2017,32,Corinthians,corinthians,Jô,jo,38,38,0,1T,Penalty
6060,2017,32,Corinthians,corinthians,Ángel Romero,angel_romero,27,27,0,1T,Normal
6060,2017,32,Corinthians,corinthians,Fabián Balbuena,fabian_balbuena,29,29,0,1T,Normal
6063,2017,32,Bahia,bahia,Edigar Junio,edigar_junio,93,90,3,2T,Normal
6063,2017,32,Bahia,bahia,Stiven Mendoza,stiven_mendoza,26,26,0,1T,Normal
6064,2017,32,Vasco,vasco,Breno Vinícius Rodrigues Borges,breno_vinicius_rodrigues_borges,9,9,0,1T,Normal
6064,2017,32,Vitoria,vitoria,André Lima,andre_lima,91,90,1,2T,Normal
6065,2017,32,Sport,sport,André Felipe Ribeiro de Souza,andre_felipe_ribeiro_de_souza,97,90,7,2T,Penalty
6065,2017,32,Chapecoense,chapecoense,Wellington Paulista,wellington_paulista,65,65,0,2T,Penalty
6066,2017,33,Gremio,gremio,Ramiro Moschen Benetti,ramiro_moschen_benetti,49,49,0,2T,Normal
6067,2017,33,Avai,avai,Marquinhos Santos,marquinhos_santos,17,17,0,1T,Normal
6067,2017,33,Bahia,bahia,Edigar Junio,edigar_junio,33,33,0,1T,Normal
6067,2017,33,Bahia,bahia,Edigar Junio,edigar_junio,79,79,0,2T,Normal
6068,2017,33,Botafogo-RJ,botafogo_rj,Bruno César Pereira da Silva,bruno_cesar_pereira_da_silva,14,14,0,1T,Normal
6068,2017,33,Botafogo-RJ,botafogo_rj,Marcos Vinícius de Jesus Araújo,marcos_vinicius_de_jesus_araujo,18,18,0,1T,Normal
6068,2017,33,Sport,sport,André Felipe Ribeiro de Souza,andre_felipe_ribeiro_de_souza,85,85,0,2T,Normal
6069,2017,33,Corinthians,corinthians,Giovanni Augusto,giovanni_augusto,77,77,0,2T,Normal
6072,2017,33,Vitoria,vitoria,Yago Rocha,yago_rocha,6,6,0,1T,Normal
6072,2017,33,Vitoria,vitoria,Yago Rocha,yago_rocha,40,40,0,1T,Normal
6072,2017,33,Vitoria,vitoria,Santiago Tréllez,santiago_trellez,15,15,0,1T,Normal
6072,2017,33,Palmeiras,palmeiras,Eduardo Pereira Rodrigues,eduardo_pereira_rodrigues,20,20,0,1T,Normal
6070,2017,33,Vasco,vasco,Evander,evander,84,84,0,2T,Normal
6070,2017,33,Vasco,vasco,Nenê,nene,92,90,2,2T,Normal
6070,2017,33,Santos,santos,Ricardo Oliveira,ricardo_oliveira,64,64,0,2T,Normal
6071,2017,33,Flamengo,flamengo,Éverton Cardoso da Silva,everton_cardoso_da_silva,37,37,0,1T,Normal
6071,2017,33,Flamengo,flamengo,Vinícius Júnior,vinicius_junior,94,90,4,2T,Normal
6074,2017,33,Atletico-MG,atletico_mg,Fred,fred,65,65,0,2T,Normal
6074,2017,33,Atletico-GO,atletico_go,Diego Rosa,diego_rosa,6,6,0,1T,Normal
6074,2017,33,Atletico-MG,atletico_mg,Fábio Santos,fabio_santos,18,18,0,1T,Penalty
6074,2017,33,Atletico-GO,atletico_go,Andrigo,andrigo,27,27,0,1T,Normal
6074,2017,33,Atletico-MG,atletico_mg,Luan Madson Gedeão de Paiva,luan_madson_gedeao_de_paiva,50,50,0,2T,Normal
6073,2017,33,Sao Paulo,sao_paulo,Gilberto Oliveira Souza Junior,gilberto_oliveira_souza_junior,71,71,0,2T,Normal
6073,2017,33,Chapecoense,chapecoense,Reinaldo Manoel da Silva,reinaldo_manoel_da_silva,59,59,0,2T,Penalty
6073,2017,33,Sao Paulo,sao_paulo,Robert Arboleda,robert_arboleda,82,82,0,2T,Normal
6073,2017,33,Chapecoense,chapecoense,Wellington Paulista,wellington_paulista,26,26,0,1T,Normal
6075,2017,33,Coritiba,coritiba,Werley Ananias da Silva,werley_ananias_da_silva,43,43,0,1T,Normal
6075,2017,33,Fluminense,fluminense,Cleber Reis,cleber_reis,54,54,0,2T,Gol Contra
6075,2017,33,Coritiba,coritiba,Cleber Reis,cleber_reis,69,69,0,2T,Normal
6075,2017,33,Fluminense,fluminense,Henrique Dourado,henrique_dourado,55,55,0,2T,Normal
6076,2017,34,Athletico-PR,athletico_pr,Guilherme Milhomem Gusmão,guilherme_milhomem_gusmao,31,31,0,1T,Normal
6077,2017,34,Corinthians,corinthians,Colin Kâzım-Richards,colin_kazm_richards,48,48,0,2T,Normal
6079,2017,34,Palmeiras,palmeiras,Deyverson,deyverson,14,14,0,1T,Normal
6079,2017,34,Palmeiras,palmeiras,Deyverson,deyverson,36,36,0,1T,Normal
6080,2017,34,Atletico-GO,atletico_go,Diego Rosa,diego_rosa,42,42,0,1T,Normal
6080,2017,34,Atletico-GO,atletico_go,Diego Rosa,diego_rosa,76,76,0,2T,Normal
6081,2017,34,Gremio,gremio,Luiz Fernando Pereira da Silva,luiz_fernando_pereira_da_silva,19,19,0,1T,Normal
6081,2017,34,Vitoria,vitoria,Patric Cabral Lalau,patric_cabral_lalau,16,16,0,1T,Normal
6078,2017,34,Vasco,vasco,Caio Monteiro,caio_monteiro,75,75,0,2T,Normal
6078,2017,34,Sao Paulo,sao_paulo,Marcos Guilherme,marcos_guilherme,39,39,0,1T,Normal
6082,2017,34,Bahia,bahia,Edigar Junio,edigar_junio,64,64,0,2T,Normal
6082,2017,34,Atletico-MG,atletico_mg,Robinho,robinho,5,5,0,1T,Normal
6082,2017,34,Atletico-MG,atletico_mg,Robinho,robinho,74,74,0,2T,Normal
6082,2017,34,Bahia,bahia,Edigar Junio,edigar_junio,55,55,0,2T,Penalty
6083,2017,34,Cruzeiro,cruzeiro,Diogo Barbosa,diogo_barbosa,57,57,0,2T,Normal
6083,2017,34,Cruzeiro,cruzeiro,Thiago Neves,thiago_neves,71,71,0,2T,Normal
6083,2017,34,Fluminense,fluminense,Pedro,pedro,6,6,0,1T,Normal
6083,2017,34,Cruzeiro,cruzeiro,Lucas Romero,lucas_romero,16,16,0,1T,Normal
6084,2017,34,Ponte Preta,ponte_preta,Léo Gamalho,leo_gamalho,64,64,0,2T,Normal
6084,2017,34,Coritiba,coritiba,Yan Sasse,yan_sasse,65,65,0,2T,Normal
6085,2017,34,Chapecoense,chapecoense,Wellington Paulista,wellington_paulista,13,13,0,1T,Penalty
6085,2017,34,Chapecoense,chapecoense,Arthur Caike do Nascimento Cruz,arthur_caike_do_nascimento_cruz,66,66,0,2T,Normal
6086,2017,35,Athletico-PR,athletico_pr,Sidcley Ferreira Pereira,sidcley_ferreira_pereira,77,77,0,2T,Normal
6086,2017,35,Ponte Preta,ponte_preta,Danilo Barcelos,danilo_barcelos,37,37,0,1T,Normal
6086,2017,35,Ponte Preta,ponte_preta,Danilo Barcelos,danilo_barcelos,66,66,0,2T,Normal
6087,2017,35,Cruzeiro,cruzeiro,Judivan,judivan,78,78,0,2T,Penalty
6087,2017,35,Cruzeiro,cruzeiro,Thiago Neves,thiago_neves,58,58,0,2T,Normal
6087,2017,35,Avai,avai,Junior Dutra,junior_dutra,21,21,0,1T,Penalty
6087,2017,35,Avai,avai,Junior Dutra,junior_dutra,92,90,2,2T,Normal
6088,2017,35,Gremio,gremio,Walter Kannemann,walter_kannemann,33,33,0,1T,Normal
6089,2017,35,Vasco,vasco,Andrés Ríos,andres_rios,25,25,0,1T,Normal
6089,2017,35,Atletico-MG,atletico_mg,Fred,fred,52,52,0,2T,Normal
6090,2017,35,Corinthians,corinthians,Jadson,jadson,84,84,0,2T,Normal
6090,2017,35,Fluminense,fluminense,Henrique Adriano Buss,henrique_adriano_buss,1,1,0,1T,Normal
6090,2017,35,Corinthians,corinthians,Jô,jo,45,45,0,1T,Normal
6090,2017,35,Corinthians,corinthians,Jô,jo,48,48,0,2T,Normal
6091,2017,35,Atletico-GO,atletico_go,Luiz Fernando Moraes dos Santos,luiz_fernando_moraes_dos_santos,59,59,0,2T,Normal
6091,2017,35,Botafogo-RJ,botafogo_rj,João Paulo,joao_paulo,44,44,0,1T,Normal
6091,2017,35,Atletico-GO,atletico_go,Jorginho,jorginho,41,41,0,1T,Normal
6093,2017,35,Palmeiras,palmeiras,Deyverson,deyverson,57,57,0,2T,Normal
6093,2017,35,Palmeiras,palmeiras,Keno,keno,92,90,2,2T,Normal
6093,2017,35,Palmeiras,palmeiras,Deyverson,deyverson,79,79,0,2T,Normal
6093,2017,35,Sport,sport,Diego Souza,diego_souza,84,84,0,2T,Normal
6093,2017,35,Palmeiras,palmeiras,Luan Garcia Teixeira,luan_garcia_teixeira,64,64,0,2T,Normal
6093,2017,35,Palmeiras,palmeiras,Eduardo Pereira Rodrigues,eduardo_pereira_rodrigues,90,90,0,2T,Normal
6092,2017,35,Chapecoense,chapecoense,Arthur Caike do Nascimento Cruz,arthur_caike_do_nascimento_cruz,24,24,0,1T,Normal
6092,2017,35,Chapecoense,chapecoense,Túlio de Melo,tulio_de_melo,77,77,0,2T,Normal
6092,2017,35,Vitoria,vitoria,David Corrêa da Fonseca,david_correa_da_fonseca,19,19,0,1T,Normal
6094,2017,35,Coritiba,coritiba,Cleber Reis,cleber_reis,7,7,0,1T,Normal
6095,2017,35,Bahia,bahia,Edigar Junio,edigar_junio,78,78,0,2T,Penalty
6095,2017,35,Bahia,bahia,Alison Lopes Ferreira,alison_lopes_ferreira,54,54,0,2T,Gol Contra
6095,2017,35,Bahia,bahia,Stiven Mendoza,stiven_mendoza,22,22,0,1T,Penalty
6095,2017,35,Santos,santos,Bruno Henrique,bruno_henrique,16,16,0,1T,Normal
6099,2017,36,Atletico-GO,atletico_go,Luiz Fernando Moraes dos Santos,luiz_fernando_moraes_dos_santos,90,90,0,2T,Normal
6099,2017,36,Chapecoense,chapecoense,Túlio de Melo,tulio_de_melo,35,35,0,1T,Normal
6097,2017,36,Flamengo,flamengo,Diego Ribas,diego_ribas,33,33,0,1T,Penalty
6097,2017,36,Flamengo,flamengo,Federico Mancuello,federico_mancuello,21,21,0,1T,Normal
6097,2017,36,Flamengo,flamengo,Felipe Vizeu,felipe_vizeu,46,45,1,1T,Normal
6098,2017,36,Vitoria,vitoria,David Corrêa da Fonseca,david_correa_da_fonseca,21,21,0,1T,Penalty
6098,2017,36,Cruzeiro,cruzeiro,Alisson Euler de Freitas Castro,alisson_euler_de_freitas_castro,76,76,0,2T,Normal
6096,2017,36,Sport,sport,Marcos Antônio da Silva Gonçalves,marcos_antonio_da_silva_goncalves,39,39,0,1T,Normal
6102,2017,36,Atletico-MG,atletico_mg,Rómulo Otero,romulo_otero,4,4,0,1T,Normal
6102,2017,36,Atletico-MG,atletico_mg,Rómulo Otero,romulo_otero,31,31,0,1T,Normal
6102,2017,36,Atletico-MG,atletico_mg,Leonardo Silva,leonardo_silva,14,14,0,1T,Normal
6103,2017,36,Santos,santos,Jonathan Copete,jonathan_copete,31,31,0,1T,Normal
6101,2017,36,Athletico-PR,athletico_pr,Fabrício dos Santos Silva,fabricio_dos_santos_silva,68,68,0,2T,Normal
6101,2017,36,Athletico-PR,athletico_pr,Thiago Heleno,thiago_heleno,14,14,0,1T,Normal
6101,2017,36,Vasco,vasco,Wanderson,wanderson,16,16,0,1T,Gol Contra
6101,2017,36,Athletico-PR,athletico_pr,Douglas Coutinho,douglas_coutinho,63,63,0,2T,Normal
6104,2017,36,Fluminense,fluminense,Douglas Augusto Soares Gomes,douglas_augusto_soares_gomes,58,58,0,2T,Normal
6104,2017,36,Fluminense,fluminense,Henrique Dourado,henrique_dourado,86,86,0,2T,Normal
6105,2017,36,Palmeiras,palmeiras,Keno,keno,74,74,0,2T,Normal
6105,2017,36,Avai,avai,Marquinhos Santos,marquinhos_santos,57,57,0,2T,Penalty
6105,2017,36,Avai,avai,Lourenço,lourenco,61,61,0,2T,Normal
6106,2017,37,Fluminense,fluminense,Marcos Júnior,marcos_junior,37,37,0,1T,Normal
6106,2017,37,Sport,sport,André Felipe Ribeiro de Souza,andre_felipe_ribeiro_de_souza,11,11,0,1T,Normal
6106,2017,37,Sport,sport,André Felipe Ribeiro de Souza,andre_felipe_ribeiro_de_souza,22,22,0,1T,Normal
6111,2017,37,Vasco,vasco,Paulo Marcos de Jesus Ribeiro,paulo_marcos_de_jesus_ribeiro,20,20,0,1T,Normal
6112,2017,37,Atletico-GO,atletico_go,Andrigo,andrigo,70,70,0,2T,Normal
6112,2017,37,Gremio,gremio,Lucas Poletto,lucas_poletto,72,72,0,2T,Normal
6107,2017,37,Avai,avai,Maicon,maicon,15,15,0,1T,Normal
6109,2017,37,Ponte Preta,ponte_preta,Danilo Barcelos,danilo_barcelos,15,15,0,1T,Penalty
6109,2017,37,Vitoria,vitoria,Santiago Tréllez,santiago_trellez,81,81,0,2T,Normal
6109,2017,37,Ponte Preta,ponte_preta,Lucca Borges de Brito,lucca_borges_de_brito,6,6,0,1T,Normal
6109,2017,37,Vitoria,vitoria,André Lima,andre_lima,57,57,0,2T,Normal
6109,2017,37,Vitoria,vitoria,Santiago Tréllez,santiago_trellez,58,58,0,2T,Normal
6110,2017,37,Sao Paulo,sao_paulo,Matheus Galdezani,matheus_galdezani,71,71,0,2T,Gol Contra
6110,2017,37,Coritiba,coritiba,Wilson Rodrigues de Moura Júnior,wilson_rodrigues_de_moura_junior,42,42,0,1T,Penalty
6110,2017,37,Sao Paulo,sao_paulo,Éder Militão,eder_militao,67,67,0,2T,Normal
6108,2017,37,Atletico-MG,atletico_mg,Fred,fred,65,65,0,2T,Normal
6108,2017,37,Corinthians,corinthians,Jadson,jadson,35,35,0,1T,Normal
6108,2017,37,Corinthians,corinthians,Marquinhos,marquinhos,58,58,0,2T,Normal
6108,2017,37,Atletico-MG,atletico_mg,Rómulo Otero,romulo_otero,29,29,0,1T,Normal
6113,2017,37,Flamengo,flamengo,Lucas Paquetá,lucas_paqueta,6,6,0,1T,Normal
6113,2017,37,Santos,santos,Bruno Henrique,bruno_henrique,9,9,0,1T,Normal
6113,2017,37,Santos,santos,Arthur Gomes,arthur_gomes,73,73,0,2T,Normal
6114,2017,37,Chapecoense,chapecoense,Wellington Paulista,wellington_paulista,44,44,0,1T,Normal
6115,2017,37,Palmeiras,palmeiras,Eduardo Pereira Rodrigues,eduardo_pereira_rodrigues,55,55,0,2T,Normal
6115,2017,37,Palmeiras,palmeiras,Keno,keno,63,63,0,2T,Normal
6119,2017,38,Sport,sport,André Felipe Ribeiro de Souza,andre_felipe_ribeiro_de_souza,55,55,0,2T,Normal
6116,2017,38,Atletico-MG,atletico_mg,Rómulo Otero,romulo_otero,48,45,3,1T,Normal
6116,2017,38,Gremio,gremio,Pepê,pepe,44,44,0,1T,Normal
6116,2017,38,Atletico-MG,atletico_mg,Rómulo Otero,romulo_otero,98,90,8,2T,Normal
6116,2017,38,Gremio,gremio,Matheus dos Santos Batista,matheus_dos_santos_batista,61,61,0,2T,Normal
6116,2017,38,Atletico-MG,atletico_mg,Fred,fred,66,66,0,2T,Normal
6116,2017,38,Atletico-MG,atletico_mg,Elias Mendes Trindade,elias_mendes_trindade,37,37,0,1T,Normal
6116,2017,38,Gremio,gremio,Jean Pyerre,jean_pyerre,34,34,0,1T,Normal
6117,2017,38,Botafogo-RJ,botafogo_rj,Ezequiel Santos da Silva,ezequiel_santos_da_silva,69,69,0,2T,Normal
6117,2017,38,Cruzeiro,cruzeiro,Thiago Neves,thiago_neves,38,38,0,1T,Normal
6117,2017,38,Cruzeiro,cruzeiro,Giorgian De Arrascaeta,giorgian_de_arrascaeta,50,50,0,2T,Normal
6117,2017,38,Botafogo-RJ,botafogo_rj,Brenner Marlos Varanda de Oliveira,brenner_marlos_varanda_de_oliveira,26,26,0,1T,Normal
6118,2017,38,Avai,avai,Pedro Castro,pedro_castro,31,31,0,1T,Normal
6118,2017,38,Santos,santos,Jonathan Copete,jonathan_copete,30,30,0,1T,Normal
6120,2017,38,Vitoria,vitoria,Carlos Eduardo Marques,carlos_eduardo_marques,40,40,0,1T,Normal
6120,2017,38,Flamengo,flamengo,Diego Ribas,diego_ribas,96,90,6,2T,Penalty
6120,2017,38,Flamengo,flamengo,Rafael Vaz,rafael_vaz,75,75,0,2T,Normal
6121,2017,38,Atletico-GO,atletico_go,Diego Rosa,diego_rosa,21,21,0,1T,Normal
6121,2017,38,Fluminense,fluminense,Wendel,wendel,17,17,0,1T,Normal
6122,2017,38,Sao Paulo,sao_paulo,Brenner,brenner,63,63,0,2T,Normal
6122,2017,38,Bahia,bahia,Éder,eder,88,88,0,2T,Normal
6123,2017,38,Chapecoense,chapecoense,Elicarlos,elicarlos,37,37,0,1T,Normal
6123,2017,38,Chapecoense,chapecoense,Túlio de Melo,tulio_de_melo,94,90,4,2T,Normal
6123,2017,38,Coritiba,coritiba,Kléber,kleber,13,13,0,1T,Normal
6124,2017,38,Vasco,vasco,Mateus Vital,mateus_vital,73,73,0,2T,Normal
6124,2017,38,Vasco,vasco,Paulinho,paulinho,27,27,0,1T,Normal
6124,2017,38,Ponte Preta,ponte_preta,Lucca Borges de Brito,lucca_borges_de_brito,88,88,0,2T,Penalty
6125,2017,38,Athletico-PR,athletico_pr,Éderson Alves Ribeiro Silva,ederson_alves_ribeiro_silva,17,17,0,1T,Penalty
6125,2017,38,Athletico-PR,athletico_pr,Ribamar,ribamar,5,5,0,1T,Normal
6125,2017,38,Athletico-PR,athletico_pr,Sidcley Ferreira Pereira,sidcley_ferreira_pereira,34,34,0,1T,Normal
6126,2018,1,Gremio,gremio,André Felipe Ribeiro de Souza,andre_felipe_ribeiro_de_souza,55,55,0,2T,Normal
6127,2018,1,Vitoria,vitoria,Denílson Pereira Júnior,denilson_pereira_junior,76,76,0,2T,Normal
6127,2018,1,Flamengo,flamengo,Lucas Paquetá,lucas_paqueta,1,1,0,1T,Normal
6127,2018,1,Vitoria,vitoria,Yago Rocha,yago_rocha,13,13,0,1T,Penalty
6127,2018,1,Flamengo,flamengo,Réver,rever,72,72,0,2T,Normal
6128,2018,1,Santos,santos,Pio,pio,42,42,0,1T,Gol Contra
6128,2018,1,Santos,santos,Rodrygo Silva de Goes,rodrygo_silva_de_goes,50,50,0,2T,Normal
6129,2018,1,America-MG,america_mg,Serginho,serginho,1,1,0,1T,Normal
6129,2018,1,America-MG,america_mg,Serginho,serginho,41,41,0,1T,Normal
6129,2018,1,America-MG,america_mg,Carlos Emiliano Pereira,carlos_emiliano_pereira,38,38,0,1T,Normal
6130,2018,1,Atletico-MG,atletico_mg,Rómulo Otero,romulo_otero,13,13,0,1T,Normal
6130,2018,1,Vasco,vasco,Yago Pikachu,yago_pikachu,99,90,9,2T,Penalty
6130,2018,1,Vasco,vasco,Wagner Ferreira dos Santos,wagner_ferreira_dos_santos,87,87,0,2T,Normal
6131,2018,1,Internacional,internacional,Nicolás Federico López,nicolas_federico_lopez,38,38,0,1T,Normal
6131,2018,1,Internacional,internacional,Nicolás Federico López,nicolas_federico_lopez,61,61,0,2T,Normal
6132,2018,1,Corinthians,corinthians,Rodrigo Eduardo Costa Marinho,rodrigo_eduardo_costa_marinho,86,86,0,2T,Normal
6132,2018,1,Fluminense,fluminense,Richard Candido Coelho,richard_candido_coelho,48,48,0,2T,Normal
6132,2018,1,Corinthians,corinthians,Rodrigo Eduardo Costa Marinho,rodrigo_eduardo_costa_marinho,46,45,1,1T,Normal
6133,2018,1,Athletico-PR,athletico_pr,Thiago Carleto,thiago_carleto,68,68,0,2T,Normal
6133,2018,1,Athletico-PR,athletico_pr,Matheus Rossetto,matheus_rossetto,88,88,0,2T,Normal
6133,2018,1,Athletico-PR,athletico_pr,Pablo Felipe Teixeira,pablo_felipe_teixeira,52,52,0,2T,Normal
6133,2018,1,Athletico-PR,athletico_pr,Éderson Alves Ribeiro Silva,ederson_alves_ribeiro_silva,93,90,3,2T,Normal
6133,2018,1,Athletico-PR,athletico_pr,Nikão,nikao,58,58,0,2T,Normal
6133,2018,1,Chapecoense,chapecoense,Wellington Paulista,wellington_paulista,48,48,0,2T,Normal
6134,2018,1,Sao Paulo,sao_paulo,Bruno Alves,bruno_alves,37,37,0,1T,Normal
6135,2018,1,Botafogo-RJ,botafogo_rj,Igor Rabello,igor_rabello,82,82,0,2T,Normal
6135,2018,1,Palmeiras,palmeiras,Alejandro Guerra,alejandro_guerra,54,54,0,2T,Normal
6136,2018,2,Bahia,bahia,Júnior Brumado,junior_brumado,94,90,4,2T,Normal
6137,2018,2,Flamengo,flamengo,Henrique Dourado,henrique_dourado,28,28,0,1T,Normal
6137,2018,2,Flamengo,flamengo,Henrique Dourado,henrique_dourado,35,35,0,1T,Penalty
6138,2018,2,Corinthians,corinthians,Gabriel Girotto Franco,gabriel_girotto_franco,86,86,0,2T,Normal
6138,2018,2,Corinthians,corinthians,Rodrigo Eduardo Costa Marinho,rodrigo_eduardo_costa_marinho,25,25,0,1T,Normal
6138,2018,2,Corinthians,corinthians,Sidcley Ferreira Pereira,sidcley_ferreira_pereira,27,27,0,1T,Normal
6138,2018,2,Corinthians,corinthians,Clayson Henrique da Silva Vieira,clayson_henrique_da_silva_vieira,80,80,0,2T,Normal
6140,2018,2,Atletico-MG,atletico_mg,Ricardo Oliveira,ricardo_oliveira,20,20,0,1T,Normal
6140,2018,2,Vitoria,vitoria,Gabriel Costa França,gabriel_costa_franca,88,88,0,2T,Gol Contra
6140,2018,2,Atletico-MG,atletico_mg,Róger Guedes,roger_guedes,73,73,0,2T,Normal
6141,2018,2,Fluminense,fluminense,Pedro,pedro,49,49,0,2T,Normal
6142,2018,2,Chapecoense,chapecoense,Wellington Paulista,wellington_paulista,19,19,0,1T,Normal
6142,2018,2,Vasco,vasco,Andrés Ríos,andres_rios,54,54,0,2T,Normal
6143,2018,2,Palmeiras,palmeiras,Eduardo Pereira Rodrigues,eduardo_pereira_rodrigues,40,40,0,1T,Normal
6145,2018,2,Botafogo-RJ,botafogo_rj,Rodrigo Lindoso,rodrigo_lindoso,93,90,3,2T,Normal
6145,2018,2,Sport,sport,Everton Felipe,everton_felipe,86,86,0,2T,Normal
6146,2018,3,Botafogo-RJ,botafogo_rj,Brenner Marlos Varanda de Oliveira,brenner_marlos_varanda_de_oliveira,36,36,0,1T,Normal
6146,2018,3,Botafogo-RJ,botafogo_rj,Gilson Gomes do Nascimento,gilson_gomes_do_nascimento,92,90,2,2T,Normal
6146,2018,3,Gremio,gremio,Igor Rabello,igor_rabello,38,38,0,1T,Gol Contra
6151,2018,3,Atletico-MG,atletico_mg,Róger Guedes,roger_guedes,87,87,0,2T,Normal
6152,2018,3,Fluminense,fluminense,Pedro,pedro,89,89,0,2T,Normal
6152,2018,3,Sao Paulo,sao_paulo,Éder Militão,eder_militao,23,23,0,1T,Normal
6148,2018,3,Flamengo,flamengo,Vinícius Júnior,vinicius_junior,53,53,0,2T,Normal
6148,2018,3,Flamengo,flamengo,Diego Ribas,diego_ribas,71,71,0,2T,Normal
6148,2018,3,Flamengo,flamengo,Vinícius Júnior,vinicius_junior,42,42,0,1T,Normal
6150,2018,3,Sport,sport,Jonathan Marlone,jonathan_marlone,49,49,0,2T,Normal
6150,2018,3,Parana,parana,Jhonny Lucas,jhonny_lucas,90,90,0,2T,Normal
6150,2018,3,Sport,sport,José Rogério de Oliveira Melo,jose_rogerio_de_oliveira_melo,8,8,0,1T,Normal
6154,2018,3,America-MG,america_mg,Marcos Antônio da Silva Gonçalves,marcos_antonio_da_silva_goncalves,7,7,0,1T,Normal
6154,2018,3,America-MG,america_mg,Rafael Moura,rafael_moura,35,35,0,1T,Normal
6154,2018,3,Vitoria,vitoria,Pedro Botelho,pedro_botelho,76,76,0,2T,Normal
6156,2018,4,Vasco,vasco,Kelvin Mateus de Oliveira,kelvin_mateus_de_oliveira,91,90,1,2T,Normal
6156,2018,4,America-MG,america_mg,Rafael Moura,rafael_moura,32,32,0,1T,Penalty
6156,2018,4,Vasco,vasco,Bruno Cosendey,bruno_cosendey,57,57,0,2T,Normal
6156,2018,4,Vasco,vasco,Caio Monteiro,caio_monteiro,63,63,0,2T,Normal
6156,2018,4,Vasco,vasco,Andrés Ríos,andres_rios,79,79,0,2T,Normal
6157,2018,4,Atletico-MG,atletico_mg,Ricardo Oliveira,ricardo_oliveira,78,78,0,2T,Normal
6157,2018,4,Sao Paulo,sao_paulo,Éverton Cardoso da Silva,everton_cardoso_da_silva,25,25,0,1T,Normal
6157,2018,4,Sao Paulo,sao_paulo,Diego Souza,diego_souza,82,82,0,2T,Normal
6157,2018,4,Atletico-MG,atletico_mg,Róger Guedes,roger_guedes,71,71,0,2T,Normal
6158,2018,4,Corinthians,corinthians,Henrique Adriano Buss,henrique_adriano_buss,40,40,0,1T,Normal
6158,2018,4,Ceara,ceara,Wescley,wescley,9,9,0,1T,Normal
6159,2018,4,Flamengo,flamengo,Éverton Ribeiro,everton_ribeiro,87,87,0,2T,Normal
6159,2018,4,Flamengo,flamengo,Lucas Paquetá,lucas_paqueta,71,71,0,2T,Normal
6160,2018,4,Cruzeiro,cruzeiro,Dedé,dede,72,72,0,2T,Normal
6161,2018,4,Palmeiras,palmeiras,Marcos Rocha,marcos_rocha,60,60,0,2T,Normal
6161,2018,4,Palmeiras,palmeiras,Willian Gomes de Siqueira,willian_gomes_de_siqueira,85,85,0,2T,Normal
6161,2018,4,Athletico-PR,athletico_pr,Pablo Felipe Teixeira,pablo_felipe_teixeira,90,90,0,2T,Normal
6161,2018,4,Palmeiras,palmeiras,Bruno Henrique Corsini,bruno_henrique_corsini,44,44,0,1T,Normal
6162,2018,4,Fluminense,fluminense,Gilberto Moraes Júnior,gilberto_moraes_junior,86,86,0,2T,Normal
6162,2018,4,Vitoria,vitoria,Neilton Mestzk,neilton_mestzk,21,21,0,1T,Normal
6162,2018,4,Fluminense,fluminense,Pablo Dyego,pablo_dyego,73,73,0,2T,Normal
6163,2018,4,Gremio,gremio,André Felipe Ribeiro de Souza,andre_felipe_ribeiro_de_souza,70,70,0,2T,Normal
6163,2018,4,Gremio,gremio,Arthur,arthur,80,80,0,2T,Normal
6163,2018,4,Gremio,gremio,Maicon,maicon,31,31,0,1T,Normal
6163,2018,4,Santos,santos,Jean Mota Oliveira de Souza,jean_mota_oliveira_de_souza,33,33,0,1T,Normal
6163,2018,4,Gremio,gremio,Maicon,maicon,55,55,0,2T,Normal
6163,2018,4,Gremio,gremio,Everton Sousa Soares,everton_sousa_soares,47,45,2,1T,Normal
6164,2018,4,Sport,sport,Douglas Friedrich,douglas_friedrich,44,44,0,1T,Gol Contra
6164,2018,4,Sport,sport,Cláudio Winck,claudio_winck,49,49,0,2T,Normal
6165,2018,4,Chapecoense,chapecoense,Arthur Caike do Nascimento Cruz,arthur_caike_do_nascimento_cruz,63,63,0,2T,Normal
6165,2018,4,Parana,parana,Carlos Júnior,carlos_junior,68,68,0,2T,Normal
6167,2018,5,Cruzeiro,cruzeiro,Dedé,dede,47,45,2,1T,Normal
6167,2018,5,Cruzeiro,cruzeiro,Giorgian De Arrascaeta,giorgian_de_arrascaeta,56,56,0,2T,Normal
6169,2018,5,Vitoria,vitoria,André Lima,andre_lima,17,17,0,1T,Normal
6169,2018,5,Vitoria,vitoria,Lucas Fernandes,lucas_fernandes,71,71,0,2T,Normal
6169,2018,5,Vitoria,vitoria,Werley Ananias da Silva,werley_ananias_da_silva,76,76,0,2T,Gol Contra
6169,2018,5,Vasco,vasco,Yago Pikachu,yago_pikachu,40,40,0,1T,Penalty
6169,2018,5,Vasco,vasco,Andrés Ríos,andres_rios,83,83,0,2T,Normal
6170,2018,5,Corinthians,corinthians,Rodrigo Eduardo Costa Marinho,rodrigo_eduardo_costa_marinho,38,38,0,1T,Normal
6171,2018,5,Sao Paulo,sao_paulo,Santiago Tréllez,santiago_trellez,31,31,0,1T,Normal
6171,2018,5,Sao Paulo,sao_paulo,Shaylon,shaylon,93,90,3,2T,Normal
6171,2018,5,Bahia,bahia,Edigar Junio,edigar_junio,12,12,0,1T,Penalty
6171,2018,5,Bahia,bahia,Edigar Junio,edigar_junio,38,38,0,1T,Normal
6172,2018,5,Flamengo,flamengo,Paolo Guerrero,paolo_guerrero,49,49,0,2T,Normal
6172,2018,5,Flamengo,flamengo,Vinícius Júnior,vinicius_junior,78,78,0,2T,Normal
6172,2018,5,Chapecoense,chapecoense,Héctor Canteros,hector_canteros,23,23,0,1T,Normal
6172,2018,5,Chapecoense,chapecoense,Leandro,leandro,91,90,1,2T,Normal
6172,2018,5,Chapecoense,chapecoense,Guilherme,guilherme,68,68,0,2T,Penalty
6168,2018,5,Athletico-PR,athletico_pr,Pablo Felipe Teixeira,pablo_felipe_teixeira,31,31,0,1T,Normal
6168,2018,5,Atletico-MG,atletico_mg,Gleison Bremer,gleison_bremer,54,54,0,2T,Normal
6168,2018,5,Atletico-MG,atletico_mg,Róger Guedes,roger_guedes,65,65,0,2T,Normal
6173,2018,5,Santos,santos,Gabriel Barbosa,gabriel_barbosa,76,76,0,2T,Normal
6173,2018,5,Parana,parana,Silvinho,silvinho,93,90,3,2T,Normal
6173,2018,5,Santos,santos,Rodrygo Silva de Goes,rodrygo_silva_de_goes,47,47,0,2T,Normal
6173,2018,5,Santos,santos,Gabriel Barbosa,gabriel_barbosa,59,59,0,2T,Normal
6175,2018,5,Ceara,ceara,Pio,pio,93,90,3,2T,Penalty
6175,2018,5,Ceara,ceara,Elton Rodrigues Brandão,elton_rodrigues_brandao,38,38,0,1T,Normal
6175,2018,5,America-MG,america_mg,Giovanni,giovanni,3,3,0,1T,Normal
6175,2018,5,America-MG,america_mg,Giovanni,giovanni,30,30,0,1T,Normal
6174,2018,5,Fluminense,fluminense,Pedro,pedro,33,33,0,1T,Normal
6174,2018,5,Botafogo-RJ,botafogo_rj,Rodrigo Lindoso,rodrigo_lindoso,27,27,0,1T,Normal
6174,2018,5,Botafogo-RJ,botafogo_rj,Kieza,kieza,64,64,0,2T,Normal
6176,2018,6,Atletico-MG,atletico_mg,Róger Guedes,roger_guedes,61,61,0,2T,Normal
6177,2018,6,Flamengo,flamengo,Vinícius Júnior,vinicius_junior,14,14,0,1T,Normal
6177,2018,6,Vasco,vasco,Wagner Ferreira dos Santos,wagner_ferreira_dos_santos,18,18,0,1T,Normal
6178,2018,6,Palmeiras,palmeiras,Antonio Carlos Capocasali,antonio_carlos_capocasali,33,33,0,1T,Normal
6178,2018,6,Palmeiras,palmeiras,Miguel Borja,miguel_borja,42,42,0,1T,Normal
6178,2018,6,Palmeiras,palmeiras,Willian Gomes de Siqueira,willian_gomes_de_siqueira,3,3,0,1T,Normal
6179,2018,6,Vitoria,vitoria,Neilton Mestzk,neilton_mestzk,85,85,0,2T,Penalty
6179,2018,6,Vitoria,vitoria,Wallyson,wallyson,21,21,0,1T,Normal
6179,2018,6,Ceara,ceara,Wescley,wescley,75,75,0,2T,Normal
6181,2018,6,America-MG,america_mg,Juninho,juninho,78,78,0,2T,Normal
6183,2018,6,Sport,sport,Carlos Henrique Alves Pereira,carlos_henrique_alves_pereira,63,63,0,2T,Normal
6183,2018,6,Corinthians,corinthians,Roger Rodrigues da Silva,roger_rodrigues_da_silva,55,55,0,2T,Normal
6180,2018,6,Sao Paulo,sao_paulo,Diego Souza,diego_souza,56,56,0,2T,Normal
6184,2018,6,Fluminense,fluminense,Marcos Júnior,marcos_junior,36,36,0,1T,Normal
6184,2018,6,Fluminense,fluminense,Thiago Heleno,thiago_heleno,23,23,0,1T,Gol Contra
6185,2018,6,Internacional,internacional,Lucca Borges de Brito,lucca_borges_de_brito,39,39,0,1T,Normal
6185,2018,6,Internacional,internacional,Rodrigo Moledo,rodrigo_moledo,60,60,0,2T,Normal
6185,2018,6,Internacional,internacional,Patrick,patrick,84,84,0,2T,Normal
6186,2018,7,Fluminense,fluminense,Pedro,pedro,22,22,0,1T,Normal
6186,2018,7,Fluminense,fluminense,Pedro,pedro,87,87,0,2T,Normal
6186,2018,7,Fluminense,fluminense,Marcos Júnior,marcos_junior,26,26,0,1T,Normal
6186,2018,7,Chapecoense,chapecoense,Arthur Caike do Nascimento Cruz,arthur_caike_do_nascimento_cruz,50,50,0,2T,Normal
6187,2018,7,Palmeiras,palmeiras,Keno,keno,33,33,0,1T,Normal
6187,2018,7,Sport,sport,Rafael Marques Mariano,rafael_marques_mariano,87,87,0,2T,Normal
6187,2018,7,Palmeiras,palmeiras,Hyoran,hyoran,82,82,0,2T,Normal
6187,2018,7,Sport,sport,Anselmo de Moraes,anselmo_de_moraes,51,51,0,2T,Normal
6187,2018,7,Sport,sport,Anselmo de Moraes,anselmo_de_moraes,73,73,0,2T,Normal
6188,2018,7,Flamengo,flamengo,Éverton Ribeiro,everton_ribeiro,80,80,0,2T,Normal
6190,2018,7,Corinthians,corinthians,Mateus Vital,mateus_vital,5,5,0,1T,Normal
6190,2018,7,Internacional,internacional,Leandro Damião,leandro_damiao,64,64,0,2T,Normal
6190,2018,7,Internacional,internacional,Rossicley Pereira da Silva,rossicley_pereira_da_silva,92,90,2,2T,Normal
6191,2018,7,Bahia,bahia,José Élber Pimentel da Silva,jose_elber_pimentel_da_silva,67,67,0,2T,Normal
6191,2018,7,Bahia,bahia,José Rafael Vivian,jose_rafael_vivian,89,89,0,2T,Normal
6191,2018,7,Bahia,bahia,Régis,regis,93,90,3,2T,Normal
6193,2018,7,Botafogo-RJ,botafogo_rj,Kieza,kieza,44,44,0,1T,Normal
6193,2018,7,Vitoria,vitoria,Denílson Pereira Júnior,denilson_pereira_junior,39,39,0,1T,Normal
6192,2018,7,Cruzeiro,cruzeiro,Bruno César Pereira da Silva,bruno_cesar_pereira_da_silva,75,75,0,2T,Normal
6194,2018,7,Gremio,gremio,Thonny Anderson,thonny_anderson,81,81,0,2T,Normal
6195,2018,7,America-MG,america_mg,Rafael Moura,rafael_moura,12,12,0,1T,Normal
6195,2018,7,Sao Paulo,sao_paulo,Diego Souza,diego_souza,8,8,0,1T,Normal
6195,2018,7,Sao Paulo,sao_paulo,Nenê,nene,61,61,0,2T,Normal
6195,2018,7,Sao Paulo,sao_paulo,Nenê,nene,48,45,3,1T,Penalty
6197,2018,8,Vitoria,vitoria,Wallyson,wallyson,46,45,1,1T,Normal
6197,2018,8,Vitoria,vitoria,Aderlan Santos,aderlan_santos,59,59,0,2T,Normal
6197,2018,8,Internacional,internacional,Patrick,patrick,25,25,0,1T,Normal
6197,2018,8,Internacional,internacional,Nicolás Federico López,nicolas_federico_lopez,94,90,4,2T,Normal
6197,2018,8,Internacional,internacional,Aderlan Santos,aderlan_santos,40,40,0,1T,Gol Contra
6196,2018,8,Vasco,vasco,Yago Pikachu,yago_pikachu,44,44,0,1T,Normal
6198,2018,8,Sport,sport,José Rogério de Oliveira Melo,jose_rogerio_de_oliveira_melo,30,30,0,1T,Normal
6198,2018,8,Sport,sport,Gabriel Santana,gabriel_santana,68,68,0,2T,Normal
6198,2018,8,Atletico-MG,atletico_mg,Juan Cazares,juan_cazares,49,49,0,2T,Normal
6198,2018,8,Atletico-MG,atletico_mg,Ricardo Oliveira,ricardo_oliveira,66,66,0,2T,Normal
6198,2018,8,Sport,sport,Michel Bastos,michel_bastos,72,72,0,2T,Penalty
6199,2018,8,Chapecoense,chapecoense,Arthur Caike do Nascimento Cruz,arthur_caike_do_nascimento_cruz,63,63,0,2T,Normal
6199,2018,8,Chapecoense,chapecoense,Héctor Canteros,hector_canteros,79,79,0,2T,Normal
6200,2018,8,Botafogo-RJ,botafogo_rj,Leonardo Valencia,leonardo_valencia,16,16,0,1T,Normal
6200,2018,8,Sao Paulo,sao_paulo,Nenê,nene,20,20,0,1T,Penalty
6200,2018,8,Botafogo-RJ,botafogo_rj,Rodrigo Pimpão,rodrigo_pimpao,83,83,0,2T,Normal
6200,2018,8,Sao Paulo,sao_paulo,Diego Souza,diego_souza,31,31,0,1T,Normal
6200,2018,8,Sao Paulo,sao_paulo,Éverton Cardoso da Silva,everton_cardoso_da_silva,49,45,4,1T,Normal
6202,2018,8,Cruzeiro,cruzeiro,Rafael Sóbis,rafael_sobis,69,69,0,2T,Normal
6203,2018,8,Flamengo,flamengo,Lucas Paquetá,lucas_paqueta,46,45,1,1T,Normal
6203,2018,8,Flamengo,flamengo,Diego Ribas,diego_ribas,42,42,0,1T,Normal
6204,2018,8,Corinthians,corinthians,Jadson,jadson,50,50,0,2T,Normal
6205,2018,8,Athletico-PR,athletico_pr,Thiago Heleno,thiago_heleno,18,18,0,1T,Normal
6205,2018,8,Athletico-PR,athletico_pr,Guilherme Milhomem Gusmão,guilherme_milhomem_gusmao,54,54,0,2T,Normal
6207,2018,9,Atletico-MG,atletico_mg,Ricardo Oliveira,ricardo_oliveira,21,21,0,1T,Normal
6207,2018,9,Atletico-MG,atletico_mg,Róger Guedes,roger_guedes,59,59,0,2T,Normal
6207,2018,9,Atletico-MG,atletico_mg,Fábio Santos,fabio_santos,36,36,0,1T,Penalty
6207,2018,9,Chapecoense,chapecoense,Leandro,leandro,20,20,0,1T,Normal
6207,2018,9,Chapecoense,chapecoense,Wellington Paulista,wellington_paulista,64,64,0,2T,Penalty
6207,2018,9,Chapecoense,chapecoense,Arthur Caike do Nascimento Cruz,arthur_caike_do_nascimento_cruz,51,45,6,1T,Normal
6208,2018,9,Vasco,vasco,Andrey,andrey,53,53,0,2T,Normal
6208,2018,9,Botafogo-RJ,botafogo_rj,Kieza,kieza,4,4,0,1T,Normal
6208,2018,9,Botafogo-RJ,botafogo_rj,Igor Rabello,igor_rabello,35,35,0,1T,Normal
6209,2018,9,Palmeiras,palmeiras,Willian Gomes de Siqueira,willian_gomes_de_siqueira,68,68,0,2T,Normal
6209,2018,9,Sao Paulo,sao_paulo,Edu Dracena,edu_dracena,30,30,0,1T,Gol Contra
6209,2018,9,Palmeiras,palmeiras,Eduardo Pereira Rodrigues,eduardo_pereira_rodrigues,70,70,0,2T,Normal
6209,2018,9,Palmeiras,palmeiras,Willian Gomes de Siqueira,willian_gomes_de_siqueira,55,55,0,2T,Normal
6210,2018,9,Flamengo,flamengo,Felipe Vizeu,felipe_vizeu,80,80,0,2T,Normal
6212,2018,9,Athletico-PR,athletico_pr,Thiago Carleto,thiago_carleto,38,38,0,1T,Normal
6212,2018,9,America-MG,america_mg,Serginho,serginho,40,40,0,1T,Normal
6212,2018,9,America-MG,america_mg,Serginho,serginho,76,76,0,2T,Normal
6212,2018,9,America-MG,america_mg,Ademir,ademir,90,90,0,2T,Normal
6213,2018,9,Santos,santos,Renato Dirnei Florêncio,renato_dirnei_florencio,45,45,0,1T,Normal
6213,2018,9,Santos,santos,Rodrygo Silva de Goes,rodrygo_silva_de_goes,22,22,0,1T,Normal
6213,2018,9,Santos,santos,Gabriel Barbosa,gabriel_barbosa,74,74,0,2T,Normal
6213,2018,9,Santos,santos,Rodrygo Silva de Goes,rodrygo_silva_de_goes,26,26,0,1T,Normal
6213,2018,9,Vitoria,vitoria,Neilton Mestzk,neilton_mestzk,63,63,0,2T,Normal
6213,2018,9,Santos,santos,Rodrygo Silva de Goes,rodrygo_silva_de_goes,31,31,0,1T,Normal
6213,2018,9,Vitoria,vitoria,Ramon Menezes Roma,ramon_menezes_roma,84,84,0,2T,Normal
6211,2018,9,Gremio,gremio,Thaciano,thaciano,93,90,3,2T,Normal
6211,2018,9,Gremio,gremio,Maicon,maicon,11,11,0,1T,Normal
6214,2018,9,Cruzeiro,cruzeiro,Luiz Ricardo Alves,luiz_ricardo_alves,19,19,0,1T,Normal
6215,2018,9,Parana,parana,Guilherme Biteco,guilherme_biteco,88,88,0,2T,Normal
6215,2018,9,Fluminense,fluminense,Pablo Dyego,pablo_dyego,93,90,3,2T,Normal
6215,2018,9,Parana,parana,Thiago Santos,thiago_santos,53,53,0,2T,Penalty
6217,2018,10,Vitoria,vitoria,Neilton Mestzk,neilton_mestzk,62,62,0,2T,Normal
6220,2018,10,Sport,sport,Fellipe Bastos,fellipe_bastos,46,46,0,2T,Normal
6219,2018,10,Corinthians,corinthians,Roger Rodrigues da Silva,roger_rodrigues_da_silva,52,52,0,2T,Normal
6219,2018,10,Santos,santos,Victor Ferraz,victor_ferraz,75,75,0,2T,Normal
6221,2018,10,Palmeiras,palmeiras,Willian Gomes de Siqueira,willian_gomes_de_siqueira,87,87,0,2T,Normal
6221,2018,10,Palmeiras,palmeiras,Willian Gomes de Siqueira,willian_gomes_de_siqueira,67,67,0,2T,Normal
6222,2018,10,Cruzeiro,cruzeiro,Raniel,raniel,61,61,0,2T,Normal
6222,2018,10,Vasco,vasco,Andrey,andrey,22,22,0,1T,Normal
6223,2018,10,Parana,parana,Silvinho,silvinho,66,66,0,2T,Normal
6224,2018,10,Flamengo,flamengo,Felipe Vizeu,felipe_vizeu,79,79,0,2T,Normal
6224,2018,10,Flamengo,flamengo,Henrique Dourado,henrique_dourado,30,30,0,1T,Penalty
6225,2018,10,Atletico-MG,atletico_mg,Tomás Andrade,tomas_andrade,89,89,0,2T,Normal
6225,2018,10,America-MG,america_mg,Messias Rodrigues da Silva Júnior,messias_rodrigues_da_silva_junior,52,52,0,2T,Normal
6225,2018,10,Atletico-MG,atletico_mg,Ricardo Oliveira,ricardo_oliveira,12,12,0,1T,Normal
6225,2018,10,Atletico-MG,atletico_mg,Juan Cazares,juan_cazares,40,40,0,1T,Normal
6226,2018,11,Sao Paulo,sao_paulo,Nenê,nene,62,62,0,2T,Penalty
6228,2018,11,Vasco,vasco,Ramon de Morais Motta,ramon_de_morais_motta,90,90,0,2T,Normal
6228,2018,11,Sport,sport,Michel Bastos,michel_bastos,74,74,0,2T,Normal
6228,2018,11,Sport,sport,Paulo Marcos de Jesus Ribeiro,paulo_marcos_de_jesus_ribeiro,43,43,0,1T,Gol Contra
6228,2018,11,Vasco,vasco,Yago Pikachu,yago_pikachu,46,45,1,1T,Penalty
6228,2018,11,Vasco,vasco,Yago Pikachu,yago_pikachu,19,19,0,1T,Normal
6227,2018,11,Chapecoense,chapecoense,Bruno da Silva Costa,bruno_da_silva_costa,80,80,0,2T,Normal
6227,2018,11,Chapecoense,chapecoense,Elicarlos,elicarlos,95,90,5,2T,Normal
6232,2018,11,Gremio,gremio,Everton Sousa Soares,everton_sousa_soares,32,32,0,1T,Normal
6230,2018,11,Atletico-MG,atletico_mg,Róger Guedes,roger_guedes,94,90,4,2T,Normal
6230,2018,11,Fluminense,fluminense,Pedro,pedro,48,45,3,1T,Normal
6230,2018,11,Atletico-MG,atletico_mg,Tomás Andrade,tomas_andrade,64,64,0,2T,Normal
6230,2018,11,Atletico-MG,atletico_mg,Leonardo Silva,leonardo_silva,35,35,0,1T,Normal
6230,2018,11,Atletico-MG,atletico_mg,Ricardo Oliveira,ricardo_oliveira,87,87,0,2T,Normal
6230,2018,11,Atletico-MG,atletico_mg,Róger Guedes,roger_guedes,45,45,0,1T,Normal
6230,2018,11,Fluminense,fluminense,Gilberto Moraes Júnior,gilberto_moraes_junior,29,29,0,1T,Normal
6231,2018,11,Botafogo-RJ,botafogo_rj,Kieza,kieza,51,51,0,2T,Normal
6231,2018,11,Bahia,bahia,Vinícius,vinicius,74,74,0,2T,Normal
6231,2018,11,Botafogo-RJ,botafogo_rj,Leonardo Valencia,leonardo_valencia,84,84,0,2T,Normal
6231,2018,11,Bahia,bahia,Agustín Allione,agustin_allione,94,90,4,2T,Normal
6231,2018,11,Botafogo-RJ,botafogo_rj,Kieza,kieza,12,12,0,1T,Normal
6231,2018,11,Bahia,bahia,Régis,regis,49,45,4,1T,Penalty
6233,2018,11,Ceara,ceara,Elton Rodrigues Brandão,elton_rodrigues_brandao,88,88,0,2T,Normal
6233,2018,11,Palmeiras,palmeiras,Thiago dos Santos,thiago_dos_santos,6,6,0,1T,Normal
6233,2018,11,Palmeiras,palmeiras,Eduardo Pereira Rodrigues,eduardo_pereira_rodrigues,23,23,0,1T,Normal
6233,2018,11,Ceara,ceara,Felipe Azevedo,felipe_azevedo,26,26,0,1T,Normal
6235,2018,11,Santos,santos,Gabriel Barbosa,gabriel_barbosa,51,51,0,2T,Penalty
6235,2018,11,Internacional,internacional,Víctor Cuesta,victor_cuesta,53,53,0,2T,Normal
6235,2018,11,Internacional,internacional,Leandro Damião,leandro_damiao,33,33,0,1T,Penalty
6234,2018,11,Flamengo,flamengo,Felipe Vizeu,felipe_vizeu,66,66,0,2T,Normal
6234,2018,11,Flamengo,flamengo,Diego Ribas,diego_ribas,21,21,0,1T,Normal
6236,2018,12,Sao Paulo,sao_paulo,Éverton Cardoso da Silva,everton_cardoso_da_silva,54,54,0,2T,Normal
6236,2018,12,Sao Paulo,sao_paulo,Nenê,nene,21,21,0,1T,Normal
6236,2018,12,Sao Paulo,sao_paulo,Nenê,nene,42,42,0,1T,Normal
6238,2018,12,Santos,santos,Bruno Henrique,bruno_henrique,86,86,0,2T,Normal
6240,2018,12,Parana,parana,Silvinho,silvinho,76,76,0,2T,Normal
6240,2018,12,Cruzeiro,cruzeiro,Rafael Sóbis,rafael_sobis,65,65,0,2T,Penalty
6241,2018,12,Flamengo,flamengo,Thuler,thuler,55,55,0,2T,Normal
6241,2018,12,Palmeiras,palmeiras,Willian Gomes de Siqueira,willian_gomes_de_siqueira,6,6,0,1T,Normal
6242,2018,12,Botafogo-RJ,botafogo_rj,Renan Lodi,renan_lodi,72,72,0,2T,Gol Contra
6242,2018,12,Botafogo-RJ,botafogo_rj,Rodrigo Lindoso,rodrigo_lindoso,34,34,0,1T,Penalty
6243,2018,12,Bahia,bahia,Eugenio Mena,eugenio_mena,91,90,1,2T,Normal
6244,2018,12,Internacional,internacional,Víctor Cuesta,victor_cuesta,70,70,0,2T,Normal
6244,2018,12,Vasco,vasco,Andrey,andrey,65,65,0,2T,Normal
6244,2018,12,Internacional,internacional,Nicolás Federico López,nicolas_federico_lopez,11,11,0,1T,Normal
6244,2018,12,Internacional,internacional,Patrick,patrick,45,45,0,1T,Normal
6245,2018,12,Ceara,ceara,Marinaldo dos Santos Oliveira,marinaldo_dos_santos_oliveira,78,78,0,2T,Normal
6245,2018,12,Atletico-MG,atletico_mg,Róger Guedes,roger_guedes,81,81,0,2T,Normal
6245,2018,12,Atletico-MG,atletico_mg,Luan Madson Gedeão de Paiva,luan_madson_gedeao_de_paiva,91,90,1,2T,Normal
6246,2018,13,Ceara,ceara,Arthur Mendonça Cabral,arthur_mendonca_cabral,54,54,0,2T,Normal
6247,2018,13,Vitoria,vitoria,André Lima,andre_lima,36,36,0,1T,Normal
6249,2018,13,Gremio,gremio,Bressan,bressan,52,52,0,2T,Normal
6249,2018,13,Gremio,gremio,André Felipe Ribeiro de Souza,andre_felipe_ribeiro_de_souza,59,59,0,2T,Normal
6248,2018,13,Corinthians,corinthians,Ángel Romero,angel_romero,76,76,0,2T,Normal
6248,2018,13,Corinthians,corinthians,Rodrigo Eduardo Costa Marinho,rodrigo_eduardo_costa_marinho,3,3,0,1T,Normal
6250,2018,13,Sao Paulo,sao_paulo,Éverton Cardoso da Silva,everton_cardoso_da_silva,48,48,0,2T,Normal
6251,2018,13,Chapecoense,chapecoense,Osman,osman,85,85,0,2T,Normal
6251,2018,13,Bahia,bahia,Gilberto Oliveira Souza Junior,gilberto_oliveira_souza_junior,79,79,0,2T,Normal
6252,2018,13,Cruzeiro,cruzeiro,Raniel,raniel,65,65,0,2T,Normal
6252,2018,13,America-MG,america_mg,Christian Savio,christian_savio,32,32,0,1T,Normal
6252,2018,13,Cruzeiro,cruzeiro,Giorgian De Arrascaeta,giorgian_de_arrascaeta,35,35,0,1T,Normal
6252,2018,13,Cruzeiro,cruzeiro,Róbson Michael Signorini,robson_michael_signorini,60,60,0,2T,Normal
6253,2018,13,Vasco,vasco,Andrés Ríos,andres_rios,61,61,0,2T,Normal
6253,2018,13,Fluminense,fluminense,Pedro,pedro,89,89,0,2T,Normal
6254,2018,13,Santos,santos,Gustavo Henrique Vernes,gustavo_henrique_vernes,75,75,0,2T,Normal
6254,2018,13,Palmeiras,palmeiras,Lucas Rafael Araújo Lima,lucas_rafael_araujo_lima,6,6,0,1T,Normal
6255,2018,13,Internacional,internacional,William Pottker,william_pottker,13,13,0,1T,Normal
6255,2018,13,Internacional,internacional,Wellington Alves da Silva,wellington_alves_da_silva,78,78,0,2T,Normal
6255,2018,13,Athletico-PR,athletico_pr,Raphael Cavalcante Veiga,raphael_cavalcante_veiga,44,44,0,1T,Normal
6255,2018,13,Athletico-PR,athletico_pr,Paulo André,paulo_andre,59,59,0,2T,Normal
6256,2018,14,Flamengo,flamengo,Matheus Sávio,matheus_savio,5,5,0,1T,Normal
6256,2018,14,Flamengo,flamengo,Lucas Paquetá,lucas_paqueta,7,7,0,1T,Normal
6257,2018,14,Sao Paulo,sao_paulo,Anderson Martins,anderson_martins,56,56,0,2T,Normal
6257,2018,14,Sao Paulo,sao_paulo,Reinaldo Manoel da Silva,reinaldo_manoel_da_silva,70,70,0,2T,Normal
6257,2018,14,Sao Paulo,sao_paulo,Reinaldo Manoel da Silva,reinaldo_manoel_da_silva,82,82,0,2T,Normal
6257,2018,14,Corinthians,corinthians,Jonathas Cristian de Jesus,jonathas_cristian_de_jesus,91,90,1,2T,Normal
6261,2018,14,Bahia,bahia,Vinícius,vinicius,27,27,0,1T,Normal
6261,2018,14,Bahia,bahia,Tiago Pagnussat,tiago_pagnussat,66,66,0,2T,Normal
6261,2018,14,Bahia,bahia,Gilberto Oliveira Souza Junior,gilberto_oliveira_souza_junior,67,67,0,2T,Normal
6261,2018,14,Bahia,bahia,José Rafael Vivian,jose_rafael_vivian,16,16,0,1T,Normal
6261,2018,14,Vitoria,vitoria,Lucas Rios Marques,lucas_rios_marques,73,73,0,2T,Normal
6258,2018,14,Vasco,vasco,Andrés Ríos,andres_rios,3,3,0,1T,Normal
6262,2018,14,Sport,sport,Gabriel Santana,gabriel_santana,20,20,0,1T,Normal
6262,2018,14,Fluminense,fluminense,Pedro,pedro,18,18,0,1T,Normal
6262,2018,14,Fluminense,fluminense,Pedro,pedro,86,86,0,2T,Normal
6259,2018,14,Atletico-MG,atletico_mg,Luan Madson Gedeão de Paiva,luan_madson_gedeao_de_paiva,51,51,0,2T,Normal
6259,2018,14,Atletico-MG,atletico_mg,Yimmi Chará,yimmi_chara,81,81,0,2T,Normal
6259,2018,14,Palmeiras,palmeiras,Moisés Lima Magalhães,moises_lima_magalhaes,3,3,0,1T,Normal
6259,2018,14,Palmeiras,palmeiras,Bruno Henrique Corsini,bruno_henrique_corsini,76,76,0,2T,Normal
6259,2018,14,Palmeiras,palmeiras,Bruno Henrique Corsini,bruno_henrique_corsini,94,90,4,2T,Normal
6260,2018,14,Parana,parana,Rodolfo,rodolfo,15,15,0,1T,Normal
6263,2018,14,Cruzeiro,cruzeiro,Hernán Barcos,hernan_barcos,81,81,0,2T,Normal
6263,2018,14,Athletico-PR,athletico_pr,Guilherme Milhomem Gusmão,guilherme_milhomem_gusmao,40,40,0,1T,Penalty
6263,2018,14,Cruzeiro,cruzeiro,Giorgian De Arrascaeta,giorgian_de_arrascaeta,66,66,0,2T,Normal
6265,2018,14,Internacional,internacional,William Pottker,william_pottker,76,76,0,2T,Normal
6266,2018,15,Fluminense,fluminense,Gilberto Moraes Júnior,gilberto_moraes_junior,43,43,0,1T,Normal
6267,2018,15,Atletico-MG,atletico_mg,Elias Mendes Trindade,elias_mendes_trindade,73,73,0,2T,Normal
6267,2018,15,Atletico-MG,atletico_mg,Leonardo Silva,leonardo_silva,39,39,0,1T,Normal
6268,2018,15,Corinthians,corinthians,Ángel Romero,angel_romero,62,62,0,2T,Normal
6268,2018,15,Corinthians,corinthians,Ángel Romero,angel_romero,80,80,0,2T,Normal
6269,2018,15,Santos,santos,Gabriel Barbosa,gabriel_barbosa,33,33,0,1T,Normal
6269,2018,15,Flamengo,flamengo,Bruno Henrique,bruno_henrique,2,2,0,1T,Gol Contra
6270,2018,15,Botafogo-RJ,botafogo_rj,Márcio Almeida de Oliveira,marcio_almeida_de_oliveira,55,55,0,2T,Normal
6271,2018,15,Vitoria,vitoria,Erick,erick,61,61,0,2T,Normal
6272,2018,15,Sao Paulo,sao_paulo,Diego Souza,diego_souza,4,4,0,1T,Normal
6272,2018,15,Gremio,gremio,Everton Sousa Soares,everton_sousa_soares,48,45,3,1T,Normal
6272,2018,15,Gremio,gremio,Everton Sousa Soares,everton_sousa_soares,61,61,0,2T,Normal
6273,2018,15,America-MG,america_mg,Juninho,juninho,6,6,0,1T,Normal
6273,2018,15,America-MG,america_mg,Giovanni,giovanni,35,35,0,1T,Normal
6273,2018,15,Internacional,internacional,Jonatan Álvez,jonatan_alvez,89,89,0,2T,Normal
6276,2018,16,Ceara,ceara,Leandro Carvalho,leandro_carvalho,41,41,0,1T,Normal
6277,2018,16,Palmeiras,palmeiras,Bruno Henrique Corsini,bruno_henrique_corsini,17,17,0,1T,Normal
6277,2018,16,Palmeiras,palmeiras,Bruno Henrique Corsini,bruno_henrique_corsini,41,41,0,1T,Normal
6277,2018,16,Palmeiras,palmeiras,Lucas Rafael Araújo Lima,lucas_rafael_araujo_lima,78,78,0,2T,Normal
6278,2018,16,Corinthians,corinthians,Ángel Romero,angel_romero,57,57,0,2T,Normal
6278,2018,16,Corinthians,corinthians,Ángel Romero,angel_romero,93,90,3,2T,Normal
6278,2018,16,Vasco,vasco,Yago Pikachu,yago_pikachu,46,45,1,1T,Penalty
6278,2018,16,Corinthians,corinthians,Jadson,jadson,79,79,0,2T,Penalty
6278,2018,16,Corinthians,corinthians,Ángel Romero,angel_romero,48,48,0,2T,Normal
6282,2018,16,Sao Paulo,sao_paulo,Diego Souza,diego_souza,27,27,0,1T,Normal
6282,2018,16,Sao Paulo,sao_paulo,Éverton Cardoso da Silva,everton_cardoso_da_silva,77,77,0,2T,Normal
6279,2018,16,Flamengo,flamengo,Éverton Ribeiro,everton_ribeiro,50,50,0,2T,Normal
6279,2018,16,Flamengo,flamengo,Fernando Uribe,fernando_uribe,63,63,0,2T,Normal
6279,2018,16,Flamengo,flamengo,Réver,rever,14,14,0,1T,Normal
6279,2018,16,Sport,sport,Cláudio Winck,claudio_winck,44,44,0,1T,Normal
6279,2018,16,Flamengo,flamengo,Lucas Paquetá,lucas_paqueta,48,48,0,2T,Normal
6280,2018,16,Athletico-PR,athletico_pr,Marcio Antonio de Sousa Junior,marcio_antonio_de_sousa_junior,22,22,0,1T,Normal
6280,2018,16,Athletico-PR,athletico_pr,Wellington Aparecido Martins,wellington_aparecido_martins,47,45,2,1T,Normal
6280,2018,16,Athletico-PR,athletico_pr,Pablo Felipe Teixeira,pablo_felipe_teixeira,70,70,0,2T,Normal
6280,2018,16,Athletico-PR,athletico_pr,Marcelo Cirino da Silva,marcelo_cirino_da_silva,12,12,0,1T,Normal
6281,2018,16,Internacional,internacional,William Pottker,william_pottker,45,45,0,1T,Normal
6281,2018,16,Internacional,internacional,Leandro Damião,leandro_damiao,58,58,0,2T,Normal
6281,2018,16,Internacional,internacional,William Pottker,william_pottker,28,28,0,1T,Normal
6283,2018,16,America-MG,america_mg,Ruy Franco de Almeida Junior,ruy_franco_de_almeida_junior,39,39,0,1T,Penalty
6284,2018,16,Chapecoense,chapecoense,Elicarlos,elicarlos,62,62,0,2T,Normal
6284,2018,16,Gremio,gremio,Pepê,pepe,3,3,0,1T,Normal
6285,2018,16,Atletico-MG,atletico_mg,Matheus Galdezani,matheus_galdezani,5,5,0,1T,Normal
6285,2018,16,Atletico-MG,atletico_mg,Ricardo Oliveira,ricardo_oliveira,92,90,2,2T,Normal
6285,2018,16,Bahia,bahia,Gilberto Oliveira Souza Junior,gilberto_oliveira_souza_junior,84,84,0,2T,Normal
6285,2018,16,Bahia,bahia,Régis,regis,94,90,4,2T,Normal
6287,2018,17,Gremio,gremio,Jael,jael,46,45,1,1T,Normal
6287,2018,17,Gremio,gremio,Mário Sérgio Santos Costa,mario_sergio_santos_costa,48,48,0,2T,Normal
6289,2018,17,Cruzeiro,cruzeiro,Manoel Messias Silva Carvalho,manoel_messias_silva_carvalho,75,75,0,2T,Normal
6289,2018,17,Vitoria,vitoria,Neilton Mestzk,neilton_mestzk,72,72,0,2T,Penalty
6292,2018,17,Vasco,vasco,Yago Pikachu,yago_pikachu,55,55,0,2T,Normal
6292,2018,17,Sao Paulo,sao_paulo,Joao Rojas,joao_rojas,2,2,0,1T,Normal
6292,2018,17,Sao Paulo,sao_paulo,Santiago Tréllez,santiago_trellez,81,81,0,2T,Normal
6290,2018,17,Ceara,ceara,Juninho Quixadá,juninho_quixada,15,15,0,1T,Normal
6293,2018,17,Fluminense,fluminense,Pedro,pedro,21,21,0,1T,Normal
6293,2018,17,Bahia,bahia,Edigar Junio,edigar_junio,82,82,0,2T,Normal
6294,2018,17,Chapecoense,chapecoense,Wellington Paulista,wellington_paulista,13,13,0,1T,Normal
6294,2018,17,Sport,sport,Carlos Henrique Alves Pereira,carlos_henrique_alves_pereira,92,90,2,2T,Normal
6295,2018,17,Internacional,internacional,Edenílson Andrade dos Santos,edenilson_andrade_dos_santos,102,90,12,2T,Normal
6296,2018,20,Ceara,ceara,Arthur Mendonça Cabral,arthur_mendonca_cabral,78,78,0,2T,Normal
6296,2018,20,Santos,santos,Jean Mota Oliveira de Souza,jean_mota_oliveira_de_souza,87,87,0,2T,Normal
6307,2018,18,Bahia,bahia,Gilberto Oliveira Souza Junior,gilberto_oliveira_souza_junior,55,55,0,2T,Normal
6308,2018,18,Botafogo-RJ,botafogo_rj,Rodrigo Lindoso,rodrigo_lindoso,72,72,0,2T,Penalty
6308,2018,18,Parana,parana,Alex Paulo Menezes Santana,alex_paulo_menezes_santana,96,90,6,2T,Normal
6309,2018,18,Atletico-MG,atletico_mg,Ricardo Oliveira,ricardo_oliveira,71,71,0,2T,Normal
6309,2018,18,Atletico-MG,atletico_mg,Ricardo Oliveira,ricardo_oliveira,95,90,5,2T,Normal
6309,2018,18,Santos,santos,Gabriel Barbosa,gabriel_barbosa,27,27,0,1T,Normal
6309,2018,18,Atletico-MG,atletico_mg,Elias Mendes Trindade,elias_mendes_trindade,8,8,0,1T,Normal
6311,2018,18,Flamengo,flamengo,Henrique Dourado,henrique_dourado,23,23,0,1T,Normal
6312,2018,18,Chapecoense,chapecoense,Diego Torres,diego_torres,70,70,0,2T,Normal
6312,2018,18,Chapecoense,chapecoense,Agustín Doffo,agustin_doffo,95,90,5,2T,Normal
6312,2018,18,Corinthians,corinthians,Marquinhos,marquinhos,6,6,0,1T,Normal
6310,2018,18,Sao Paulo,sao_paulo,Diego Souza,diego_souza,30,30,0,1T,Normal
6310,2018,18,Sao Paulo,sao_paulo,Nenê,nene,52,52,0,2T,Normal
6310,2018,18,Sao Paulo,sao_paulo,Santiago Tréllez,santiago_trellez,90,90,0,2T,Normal
6310,2018,18,Sport,sport,Jonathan Marlone,jonathan_marlone,86,86,0,2T,Normal
6313,2018,18,Gremio,gremio,Jailson Marques Siqueira,jailson_marques_siqueira,21,21,0,1T,Normal
6313,2018,18,Gremio,gremio,Pepê,pepe,58,58,0,2T,Normal
6313,2018,18,Gremio,gremio,Everton Sousa Soares,everton_sousa_soares,82,82,0,2T,Normal
6313,2018,18,Gremio,gremio,Douglas dos Santos,douglas_dos_santos,12,12,0,1T,Normal
6314,2018,18,Palmeiras,palmeiras,Deyverson,deyverson,60,60,0,2T,Normal
6315,2018,18,Internacional,internacional,Nicolás Federico López,nicolas_federico_lopez,23,23,0,1T,Normal
6315,2018,18,Internacional,internacional,Nicolás Federico López,nicolas_federico_lopez,46,45,1,1T,Normal
6315,2018,18,Internacional,internacional,Jonatan Álvez,jonatan_alvez,39,39,0,1T,Normal
6316,2018,19,Santos,santos,Rodrygo Silva de Goes,rodrygo_silva_de_goes,82,82,0,2T,Normal
6316,2018,19,Santos,santos,Victor Ferraz,victor_ferraz,84,84,0,2T,Normal
6316,2018,19,Santos,santos,Eduardo Sasha,eduardo_sasha,2,2,0,1T,Normal
6317,2018,19,Gremio,gremio,Everton Sousa Soares,everton_sousa_soares,55,55,0,2T,Normal
6318,2018,19,Athletico-PR,athletico_pr,Raphael Cavalcante Veiga,raphael_cavalcante_veiga,17,17,0,1T,Normal
6318,2018,19,Athletico-PR,athletico_pr,Ivaldo,ivaldo,21,21,0,1T,Normal
6318,2018,19,Athletico-PR,athletico_pr,Pablo Felipe Teixeira,pablo_felipe_teixeira,10,10,0,1T,Normal
6319,2018,19,Internacional,internacional,Camilo,camilo,96,90,6,2T,Normal
6320,2018,19,Palmeiras,palmeiras,Deyverson,deyverson,29,29,0,1T,Normal
6320,2018,19,Palmeiras,palmeiras,Eduardo Pereira Rodrigues,eduardo_pereira_rodrigues,59,59,0,2T,Normal
6320,2018,19,Palmeiras,palmeiras,Deyverson,deyverson,11,11,0,1T,Normal
6322,2018,19,Cruzeiro,cruzeiro,Thiago Neves,thiago_neves,64,64,0,2T,Normal
6322,2018,19,Bahia,bahia,Douglas Grolli,douglas_grolli,60,60,0,2T,Normal
6321,2018,19,Atletico-MG,atletico_mg,Tomás Andrade,tomas_andrade,90,90,0,2T,Normal
6321,2018,19,Atletico-MG,atletico_mg,Luan Madson Gedeão de Paiva,luan_madson_gedeao_de_paiva,62,62,0,2T,Normal
6321,2018,19,Atletico-MG,atletico_mg,Juan Cazares,juan_cazares,81,81,0,2T,Normal
6324,2018,19,Sao Paulo,sao_paulo,Hudson,hudson,83,83,0,2T,Normal
6324,2018,19,Sao Paulo,sao_paulo,Shaylon,shaylon,3,3,0,1T,Normal
6325,2018,19,Vasco,vasco,Wagner Ferreira dos Santos,wagner_ferreira_dos_santos,60,60,0,2T,Normal
6325,2018,19,Ceara,ceara,Tiago dos Santos Alves,tiago_dos_santos_alves,66,66,0,2T,Normal
6297,2018,20,Internacional,internacional,Patrick,patrick,23,23,0,1T,Normal
6298,2018,20,Parana,parana,Junior,junior,37,37,0,1T,Normal
6298,2018,20,Sao Paulo,sao_paulo,Nenê,nene,8,8,0,1T,Normal
6300,2018,20,America-MG,america_mg,Luan Michel Louzã,luan_michel_louza,47,47,0,2T,Normal
6300,2018,20,America-MG,america_mg,Rafael Moura,rafael_moura,67,67,0,2T,Normal
6299,2018,20,Palmeiras,palmeiras,Lucas Rafael Araújo Lima,lucas_rafael_araujo_lima,87,87,0,2T,Normal
6299,2018,20,Palmeiras,palmeiras,Lucas Rafael Araújo Lima,lucas_rafael_araujo_lima,78,78,0,2T,Normal
6301,2018,20,Fluminense,fluminense,Gum,gum,17,17,0,1T,Normal
6302,2018,20,Gremio,gremio,Everton Sousa Soares,everton_sousa_soares,60,60,0,2T,Normal
6302,2018,20,Cruzeiro,cruzeiro,Bruno César Pereira da Silva,bruno_cesar_pereira_da_silva,44,44,0,1T,Normal
6303,2018,20,Flamengo,flamengo,Diego Ribas,diego_ribas,41,41,0,1T,Normal
6326,2018,21,Santos,santos,Gabriel Barbosa,gabriel_barbosa,75,75,0,2T,Normal
6326,2018,21,Santos,santos,Derlis González,derlis_gonzalez,57,57,0,2T,Normal
6327,2018,21,Corinthians,corinthians,Henrique Adriano Buss,henrique_adriano_buss,36,36,0,1T,Normal
6328,2018,21,Athletico-PR,athletico_pr,Pablo Felipe Teixeira,pablo_felipe_teixeira,13,13,0,1T,Normal
6328,2018,21,Gremio,gremio,Cícero Santos,cicero_santos,9,9,0,1T,Penalty
6328,2018,21,Athletico-PR,athletico_pr,Jonathan Cícero Moreira,jonathan_cicero_moreira,70,70,0,2T,Normal
6330,2018,21,Botafogo-RJ,botafogo_rj,Joel Carli,joel_carli,62,62,0,2T,Normal
6330,2018,21,Botafogo-RJ,botafogo_rj,Rodrigo Aguirre,rodrigo_aguirre,84,84,0,2T,Normal
6329,2018,21,Cruzeiro,cruzeiro,Raniel,raniel,14,14,0,1T,Normal
6329,2018,21,Cruzeiro,cruzeiro,Ayrton Lucas Dantas de Medeiros,ayrton_lucas_dantas_de_medeiros,73,73,0,2T,Gol Contra
6329,2018,21,Fluminense,fluminense,Henrique Pacheco Lima,henrique_pacheco_lima,27,27,0,1T,Gol Contra
6331,2018,21,Sao Paulo,sao_paulo,Bruno Peres,bruno_peres,78,78,0,2T,Normal
6332,2018,21,America-MG,america_mg,Rafael Moura,rafael_moura,23,23,0,1T,Normal
6332,2018,21,America-MG,america_mg,Gérson Magrão,gerson_magrao,87,87,0,2T,Normal
6332,2018,21,Flamengo,flamengo,Éverton Ribeiro,everton_ribeiro,15,15,0,1T,Normal
6332,2018,21,Flamengo,flamengo,Lucas Paquetá,lucas_paqueta,62,62,0,2T,Normal
6334,2018,21,Vitoria,vitoria,Léo Pereira,leo_pereira,69,69,0,2T,Normal
6335,2018,21,Chapecoense,chapecoense,Leandro,leandro,79,79,0,2T,Normal
6335,2018,21,Vasco,vasco,Wagner Ferreira dos Santos,wagner_ferreira_dos_santos,54,54,0,2T,Normal
6335,2018,21,Vasco,vasco,Maxi López,maxi_lopez,85,85,0,2T,Normal
6335,2018,21,Vasco,vasco,Thiago Galhardo,thiago_galhardo,92,90,2,2T,Normal
6275,2018,15,Athletico-PR,athletico_pr,Raphael Cavalcante Veiga,raphael_cavalcante_veiga,64,64,0,2T,Normal
6274,2018,15,Bahia,bahia,Lucas Fonseca,lucas_fonseca,28,28,0,1T,Normal
6274,2018,15,Bahia,bahia,Gilberto Oliveira Souza Junior,gilberto_oliveira_souza_junior,87,87,0,2T,Normal
6337,2018,22,Gremio,gremio,André Felipe Ribeiro de Souza,andre_felipe_ribeiro_de_souza,76,76,0,2T,Penalty
6337,2018,22,Gremio,gremio,Jael,jael,45,45,0,1T,Normal
6337,2018,22,Gremio,gremio,Alisson Euler de Freitas Castro,alisson_euler_de_freitas_castro,61,61,0,2T,Normal
6337,2018,22,Gremio,gremio,Jael,jael,12,12,0,1T,Penalty
6336,2018,22,Vitoria,vitoria,Léo Pereira,leo_pereira,57,57,0,2T,Normal
6338,2018,22,Santos,santos,Gabriel Barbosa,gabriel_barbosa,5,5,0,1T,Normal
6338,2018,22,Santos,santos,Gabriel Barbosa,gabriel_barbosa,67,67,0,2T,Normal
6338,2018,22,Santos,santos,Gabriel Barbosa,gabriel_barbosa,82,82,0,2T,Normal
6339,2018,22,Atletico-MG,atletico_mg,Fábio Santos,fabio_santos,36,36,0,1T,Penalty
6339,2018,22,Corinthians,corinthians,Victor,victor,20,20,0,1T,Gol Contra
6340,2018,22,Ceara,ceara,Leandro Carvalho,leandro_carvalho,91,90,1,2T,Normal
6341,2018,22,Athletico-PR,athletico_pr,Pablo Felipe Teixeira,pablo_felipe_teixeira,68,68,0,2T,Normal
6341,2018,22,Athletico-PR,athletico_pr,Rony,rony,78,78,0,2T,Normal
6342,2018,22,Sport,sport,Gabriel Santana,gabriel_santana,15,15,0,1T,Normal
6343,2018,22,Fluminense,fluminense,Anderson Martins,anderson_martins,54,54,0,2T,Gol Contra
6343,2018,22,Sao Paulo,sao_paulo,Santiago Tréllez,santiago_trellez,72,72,0,2T,Normal
6345,2018,22,Chapecoense,chapecoense,Rafael Thyere de Albuquerque Marques,rafael_thyere_de_albuquerque_marques,61,61,0,2T,Normal
6345,2018,22,Palmeiras,palmeiras,Hyoran,hyoran,14,14,0,1T,Normal
6345,2018,22,Palmeiras,palmeiras,Miguel Borja,miguel_borja,52,52,0,2T,Normal
6346,2018,23,Bahia,bahia,Tiago Pagnussat,tiago_pagnussat,85,85,0,2T,Normal
6346,2018,23,Bahia,bahia,Gilberto Oliveira Souza Junior,gilberto_oliveira_souza_junior,53,53,0,2T,Normal
6347,2018,23,Botafogo-RJ,botafogo_rj,Luiz Fernando Moraes dos Santos,luiz_fernando_moraes_dos_santos,11,11,0,1T,Normal
6347,2018,23,Cruzeiro,cruzeiro,Edílson Mendes Guimarães,edilson_mendes_guimaraes,37,37,0,1T,Normal
6348,2018,23,Corinthians,corinthians,Roger Rodrigues da Silva,roger_rodrigues_da_silva,72,72,0,2T,Normal
6348,2018,23,Ceara,ceara,Danilo Avelar,danilo_avelar,57,57,0,2T,Gol Contra
6348,2018,23,Ceara,ceara,Éverson Felipe Marques Pires,everson_felipe_marques_pires,19,19,0,1T,Normal
6349,2018,23,Palmeiras,palmeiras,Willian Gomes de Siqueira,willian_gomes_de_siqueira,71,71,0,2T,Normal
6349,2018,23,Palmeiras,palmeiras,Moisés Lima Magalhães,moises_lima_magalhaes,95,90,5,2T,Penalty
6350,2018,23,Parana,parana,Rafael Grampola,rafael_grampola,39,39,0,1T,Normal
6350,2018,23,Chapecoense,chapecoense,Diego Torres,diego_torres,87,87,0,2T,Normal
6351,2018,23,Atletico-MG,atletico_mg,Régis Ribeiro de Souza,regis_ribeiro_de_souza,9,9,0,1T,Gol Contra
6352,2018,23,Internacional,internacional,William Pottker,william_pottker,6,6,0,1T,Normal
6352,2018,23,Internacional,internacional,Rodrigo Dourado,rodrigo_dourado,59,59,0,2T,Normal
6352,2018,23,Flamengo,flamengo,Victor Vinícius Coelho Santos,victor_vinicius_coelho_santos,57,57,0,2T,Normal
6355,2018,23,America-MG,america_mg,Gérson Magrão,gerson_magrao,80,80,0,2T,Normal
6355,2018,23,America-MG,america_mg,Carlos Emiliano Pereira,carlos_emiliano_pereira,31,31,0,1T,Normal
6355,2018,23,Vasco,vasco,Maxi López,maxi_lopez,78,78,0,2T,Penalty
6357,2018,24,Sao Paulo,sao_paulo,Diego Souza,diego_souza,60,60,0,2T,Normal
6358,2018,24,Flamengo,flamengo,Diego Ribas,diego_ribas,57,57,0,2T,Penalty
6358,2018,24,Flamengo,flamengo,Renê Rodrigues Martins,rene_rodrigues_martins,44,44,0,1T,Normal
6360,2018,24,Palmeiras,palmeiras,Deyverson,deyverson,57,57,0,2T,Normal
6361,2018,24,Fluminense,fluminense,Rodrigo Junior Paula Silva,rodrigo_junior_paula_silva,11,11,0,1T,Normal
6362,2018,24,Internacional,internacional,Edenílson Andrade dos Santos,edenilson_andrade_dos_santos,59,59,0,2T,Normal
6363,2018,24,Santos,santos,Gabriel Barbosa,gabriel_barbosa,52,52,0,2T,Normal
6363,2018,24,Santos,santos,Gabriel Barbosa,gabriel_barbosa,78,78,0,2T,Normal
6364,2018,24,Vitoria,vitoria,Erick,erick,73,73,0,2T,Normal
6365,2018,24,Atletico-MG,atletico_mg,Leonardo Silva,leonardo_silva,26,26,0,1T,Normal
6365,2018,24,Atletico-MG,atletico_mg,Elias Mendes Trindade,elias_mendes_trindade,68,68,0,2T,Normal
6365,2018,24,Athletico-PR,athletico_pr,Iago Maidana,iago_maidana,10,10,0,1T,Gol Contra
6365,2018,24,Atletico-MG,atletico_mg,Ricardo Oliveira,ricardo_oliveira,83,83,0,2T,Normal
6305,2018,20,Athletico-PR,athletico_pr,Pablo Felipe Teixeira,pablo_felipe_teixeira,61,61,0,2T,Normal
6305,2018,20,Chapecoense,chapecoense,Bruno Guimarães,bruno_guimaraes,78,78,0,2T,Gol Contra
6305,2018,20,Chapecoense,chapecoense,Leandro,leandro,88,88,0,2T,Normal
6367,2018,25,Gremio,gremio,Douglas dos Santos,douglas_dos_santos,54,54,0,2T,Penalty
6367,2018,25,Gremio,gremio,Juninho Capixaba,juninho_capixaba,63,63,0,2T,Normal
6366,2018,25,Ceara,ceara,Calyson,calyson,28,28,0,1T,Normal
6366,2018,25,Ceara,ceara,Samuel Xavier,samuel_xavier,49,49,0,2T,Normal
6368,2018,25,Flamengo,flamengo,Luiz Gustavo,luiz_gustavo,62,62,0,2T,Gol Contra
6368,2018,25,Vasco,vasco,Andrés Ríos,andres_rios,28,28,0,1T,Normal
6369,2018,25,Botafogo-RJ,botafogo_rj,Rodrigo Lindoso,rodrigo_lindoso,24,24,0,1T,Normal
6372,2018,25,Athletico-PR,athletico_pr,Pablo Felipe Teixeira,pablo_felipe_teixeira,47,45,2,1T,Normal
6372,2018,25,Athletico-PR,athletico_pr,Léo Pereira,leo_pereira,71,71,0,2T,Normal
6372,2018,25,Fluminense,fluminense,Luciano da Rocha Neves,luciano_da_rocha_neves,60,60,0,2T,Normal
6372,2018,25,Athletico-PR,athletico_pr,Raphael Cavalcante Veiga,raphael_cavalcante_veiga,18,18,0,1T,Normal
6371,2018,25,Bahia,bahia,Gilberto Oliveira Souza Junior,gilberto_oliveira_souza_junior,18,18,0,1T,Normal
6371,2018,25,Palmeiras,palmeiras,Felipe Melo,felipe_melo,78,78,0,2T,Normal
6374,2018,25,Corinthians,corinthians,Danilo Avelar,danilo_avelar,89,89,0,2T,Normal
6374,2018,25,Sport,sport,Hernane Vidal de Souza,hernane_vidal_de_souza,22,22,0,1T,Penalty
6374,2018,25,Corinthians,corinthians,Jadson,jadson,59,59,0,2T,Normal
6375,2018,25,Internacional,internacional,Nicolás Federico López,nicolas_federico_lopez,27,27,0,1T,Penalty
6375,2018,25,Chapecoense,chapecoense,Leandro,leandro,37,37,0,1T,Normal
6375,2018,25,Chapecoense,chapecoense,Leandro,leandro,82,82,0,2T,Penalty
6376,2018,26,Sao Paulo,sao_paulo,Diego Souza,diego_souza,46,45,1,1T,Normal
6376,2018,26,America-MG,america_mg,Matheus Leonardo Sales Cardoso,matheus_leonardo_sales_cardoso,81,81,0,2T,Normal
6377,2018,26,Ceara,ceara,Arthur Mendonça Cabral,arthur_mendonca_cabral,27,27,0,1T,Normal
6377,2018,26,Gremio,gremio,Pedro Geromel,pedro_geromel,21,21,0,1T,Normal
6377,2018,26,Gremio,gremio,Thonny Anderson,thonny_anderson,44,44,0,1T,Normal
6377,2018,26,Gremio,gremio,Luan Guilherme de Jesus Vieira,luan_guilherme_de_jesus_vieira,69,69,0,2T,Normal
6377,2018,26,Ceara,ceara,Luiz Otávio,luiz_otavio,13,13,0,1T,Normal
6378,2018,26,Athletico-PR,athletico_pr,Raphael Cavalcante Veiga,raphael_cavalcante_veiga,8,8,0,1T,Normal
6378,2018,26,Athletico-PR,athletico_pr,Pablo Felipe Teixeira,pablo_felipe_teixeira,34,34,0,1T,Normal
6378,2018,26,Athletico-PR,athletico_pr,Marcelo Cirino da Silva,marcelo_cirino_da_silva,89,89,0,2T,Normal
6379,2018,26,Flamengo,flamengo,Willian Arão,willian_arao,2,2,0,1T,Normal
6379,2018,26,Flamengo,flamengo,Lucas Paquetá,lucas_paqueta,54,54,0,2T,Normal
6379,2018,26,Atletico-MG,atletico_mg,Leonardo Silva,leonardo_silva,23,23,0,1T,Normal
6380,2018,26,Internacional,internacional,Leandro Damião,leandro_damiao,45,45,0,1T,Normal
6380,2018,26,Corinthians,corinthians,Douglas Augusto Soares Gomes,douglas_augusto_soares_gomes,50,50,0,2T,Normal
6381,2018,26,Palmeiras,palmeiras,Willian Gomes de Siqueira,willian_gomes_de_siqueira,81,81,0,2T,Normal
6382,2018,26,Vitoria,vitoria,Maurício Cordeiro,mauricio_cordeiro,88,88,0,2T,Normal
6382,2018,26,Botafogo-RJ,botafogo_rj,Leonardo da Silva Gomes,leonardo_da_silva_gomes,54,54,0,2T,Gol Contra
6382,2018,26,Botafogo-RJ,botafogo_rj,Kieza,kieza,24,24,0,1T,Normal
6382,2018,26,Vitoria,vitoria,Lucas Fernandes,lucas_fernandes,1,1,0,1T,Normal
6382,2018,26,Botafogo-RJ,botafogo_rj,Rodrigo Lindoso,rodrigo_lindoso,43,43,0,1T,Normal
6382,2018,26,Vitoria,vitoria,Fabiano da Silva Souza,fabiano_da_silva_souza,52,52,0,2T,Normal
6382,2018,26,Botafogo-RJ,botafogo_rj,Erik Nascimento de Lima,erik_nascimento_de_lima,64,64,0,2T,Normal
6383,2018,26,Cruzeiro,cruzeiro,Luiz Ricardo Alves,luiz_ricardo_alves,46,46,0,2T,Normal
6383,2018,26,Cruzeiro,cruzeiro,Raniel,raniel,83,83,0,2T,Normal
6383,2018,26,Santos,santos,Gabriel Barbosa,gabriel_barbosa,16,16,0,1T,Normal
6384,2018,26,Fluminense,fluminense,Everaldo,everaldo,11,11,0,1T,Normal
6384,2018,26,Fluminense,fluminense,Junior Sornoza,junior_sornoza,36,36,0,1T,Normal
6384,2018,26,Chapecoense,chapecoense,Leandro,leandro,79,79,0,2T,Normal
6385,2018,26,Vasco,vasco,Yago Pikachu,yago_pikachu,32,32,0,1T,Penalty
6385,2018,26,Vasco,vasco,Marrony,marrony,78,78,0,2T,Normal
6385,2018,26,Bahia,bahia,Gilberto Oliveira Souza Junior,gilberto_oliveira_souza_junior,49,45,4,1T,Normal
6155,2018,3,Vasco,vasco,Andrés Ríos,andres_rios,79,79,0,2T,Normal
6155,2018,3,Santos,santos,Diego Pituca,diego_pituca,44,44,0,1T,Normal
6386,2018,27,Gremio,gremio,Everton Sousa Soares,everton_sousa_soares,93,90,3,2T,Normal
6389,2018,27,Palmeiras,palmeiras,Lucas Rafael Araújo Lima,lucas_rafael_araujo_lima,23,23,0,1T,Normal
6389,2018,27,Palmeiras,palmeiras,Hyoran,hyoran,42,42,0,1T,Normal
6389,2018,27,Palmeiras,palmeiras,Gustavo Gómez,gustavo_gomez,66,66,0,2T,Penalty
6389,2018,27,Cruzeiro,cruzeiro,Federico Mancuello,federico_mancuello,31,31,0,1T,Penalty
6390,2018,27,Atletico-MG,atletico_mg,Emerson Royal,emerson_royal,28,28,0,1T,Normal
6390,2018,27,Atletico-MG,atletico_mg,Fábio Santos,fabio_santos,26,26,0,1T,Penalty
6390,2018,27,Atletico-MG,atletico_mg,Juan Cazares,juan_cazares,30,30,0,1T,Normal
6390,2018,27,Sport,sport,Leonardo Silva,leonardo_silva,7,7,0,1T,Gol Contra
6390,2018,27,Atletico-MG,atletico_mg,Ricardo Oliveira,ricardo_oliveira,70,70,0,2T,Normal
6390,2018,27,Atletico-MG,atletico_mg,Elias Mendes Trindade,elias_mendes_trindade,9,9,0,1T,Normal
6390,2018,27,Sport,sport,Michel Bastos,michel_bastos,57,57,0,2T,Normal
6393,2018,27,Internacional,internacional,Leandro Damião,leandro_damiao,63,63,0,2T,Normal
6393,2018,27,Internacional,internacional,Andrés D'Alessandro,andres_d_alessandro,86,86,0,2T,Penalty
6393,2018,27,Vitoria,vitoria,Emerson Santos,emerson_santos,2,2,0,1T,Gol Contra
6391,2018,27,Santos,santos,Carlos Andrés Sánchez,carlos_andres_sanchez,97,90,7,2T,Penalty
6392,2018,27,Botafogo-RJ,botafogo_rj,Jean Carlos de Souza Irmer,jean_carlos_de_souza_irmer,5,5,0,1T,Normal
6392,2018,27,Botafogo-RJ,botafogo_rj,Kieza,kieza,25,25,0,1T,Normal
6392,2018,27,Sao Paulo,sao_paulo,Diego Souza,diego_souza,8,8,0,1T,Normal
6392,2018,27,Sao Paulo,sao_paulo,Gonzalo Carneiro,gonzalo_carneiro,62,62,0,2T,Normal
6394,2018,27,Chapecoense,chapecoense,Agustín Doffo,agustin_doffo,35,35,0,1T,Normal
6394,2018,27,Ceara,ceara,Andrevaldo Santos,andrevaldo_santos,57,57,0,2T,Normal
6394,2018,27,Ceara,ceara,Arthur Mendonça Cabral,arthur_mendonca_cabral,59,59,0,2T,Normal
6394,2018,27,Ceara,ceara,Leandro Carvalho,leandro_carvalho,77,77,0,2T,Normal
6395,2018,27,Parana,parana,Alex Paulo Menezes Santana,alex_paulo_menezes_santana,9,9,0,1T,Normal
6395,2018,27,Vasco,vasco,Maxi López,maxi_lopez,50,45,5,1T,Penalty
6396,2018,28,Internacional,internacional,Nicolás Federico López,nicolas_federico_lopez,67,67,0,2T,Normal
6396,2018,28,Sport,sport,Adryelson,adryelson,79,79,0,2T,Normal
6396,2018,28,Sport,sport,Mateus Gonçalves Martins,mateus_goncalves_martins,88,88,0,2T,Normal
6397,2018,28,Flamengo,flamengo,Lucas Paquetá,lucas_paqueta,60,60,0,2T,Normal
6397,2018,28,Flamengo,flamengo,Lucas Paquetá,lucas_paqueta,66,66,0,2T,Normal
6397,2018,28,Flamengo,flamengo,Renê Rodrigues Martins,rene_rodrigues_martins,92,90,2,2T,Normal
6398,2018,28,Santos,santos,Carlos Andrés Sánchez,carlos_andres_sanchez,8,8,0,1T,Normal
6400,2018,28,Chapecoense,chapecoense,Agustín Doffo,agustin_doffo,93,90,3,2T,Normal
6399,2018,28,Athletico-PR,athletico_pr,Pablo Felipe Teixeira,pablo_felipe_teixeira,75,75,0,2T,Normal
6399,2018,28,Athletico-PR,athletico_pr,Marcelo Cirino da Silva,marcelo_cirino_da_silva,1,1,0,1T,Normal
6399,2018,28,Athletico-PR,athletico_pr,Raphael Cavalcante Veiga,raphael_cavalcante_veiga,41,41,0,1T,Normal
6399,2018,28,Athletico-PR,athletico_pr,Nikão,nikao,56,56,0,2T,Normal
6401,2018,28,Palmeiras,palmeiras,Gustavo Gómez,gustavo_gomez,34,34,0,1T,Normal
6401,2018,28,Palmeiras,palmeiras,Deyverson,deyverson,37,37,0,1T,Normal
6402,2018,28,Gremio,gremio,Juninho Capixaba,juninho_capixaba,85,85,0,2T,Normal
6402,2018,28,Gremio,gremio,Jael,jael,87,87,0,2T,Penalty
6402,2018,28,Bahia,bahia,José Élber Pimentel da Silva,jose_elber_pimentel_da_silva,3,3,0,1T,Normal
6402,2018,28,Bahia,bahia,José Élber Pimentel da Silva,jose_elber_pimentel_da_silva,67,67,0,2T,Normal
6403,2018,28,Fluminense,fluminense,Jadson,jadson,48,48,0,2T,Normal
6403,2018,28,Fluminense,fluminense,Richard Candido Coelho,richard_candido_coelho,41,41,0,1T,Normal
6403,2018,28,Fluminense,fluminense,Luciano da Rocha Neves,luciano_da_rocha_neves,85,85,0,2T,Normal
6403,2018,28,Fluminense,fluminense,Jadson,jadson,35,35,0,1T,Normal
6404,2018,28,Vasco,vasco,Maxi López,maxi_lopez,36,36,0,1T,Normal
6404,2018,28,Botafogo-RJ,botafogo_rj,Luiz Fernando Moraes dos Santos,luiz_fernando_moraes_dos_santos,17,17,0,1T,Normal
6406,2018,29,Flamengo,flamengo,Fernando Uribe,fernando_uribe,50,50,0,2T,Normal
6406,2018,29,Flamengo,flamengo,Léo Duarte,leo_duarte,47,45,2,1T,Normal
6406,2018,29,Flamengo,flamengo,Fernando Uribe,fernando_uribe,11,11,0,1T,Normal
6407,2018,29,Santos,santos,Gabriel Barbosa,gabriel_barbosa,21,21,0,1T,Normal
6408,2018,29,Bahia,bahia,Vinícius,vinicius,89,89,0,2T,Normal
6408,2018,29,Bahia,bahia,Vinícius,vinicius,85,85,0,2T,Normal
6409,2018,29,Vitoria,vitoria,Lucas Fernandes,lucas_fernandes,38,38,0,1T,Normal
6410,2018,29,Vasco,vasco,Yago Pikachu,yago_pikachu,49,49,0,2T,Normal
6410,2018,29,Vasco,vasco,Maxi López,maxi_lopez,70,70,0,2T,Normal
6411,2018,29,Internacional,internacional,Leandro Damião,leandro_damiao,46,45,1,1T,Normal
6411,2018,29,Internacional,internacional,Leandro Damião,leandro_damiao,52,52,0,2T,Normal
6411,2018,29,Internacional,internacional,Nicolás Federico López,nicolas_federico_lopez,95,90,5,2T,Penalty
6411,2018,29,Sao Paulo,sao_paulo,Liziero,liziero,3,3,0,1T,Normal
6412,2018,29,Palmeiras,palmeiras,Deyverson,deyverson,79,79,0,2T,Normal
6412,2018,29,Palmeiras,palmeiras,Deyverson,deyverson,8,8,0,1T,Normal
6414,2018,29,Athletico-PR,athletico_pr,Thiago Heleno,thiago_heleno,48,48,0,2T,Normal
6414,2018,29,Athletico-PR,athletico_pr,Bérgson Gustavo Silveira da Silva,bergson_gustavo_silveira_da_silva,84,84,0,2T,Normal
6414,2018,29,Athletico-PR,athletico_pr,Bérgson Gustavo Silveira da Silva,bergson_gustavo_silveira_da_silva,56,56,0,2T,Penalty
6414,2018,29,Athletico-PR,athletico_pr,Rony,rony,86,86,0,2T,Normal
6416,2018,30,America-MG,america_mg,Juninho,juninho,37,37,0,1T,Normal
6416,2018,30,Gremio,gremio,Jean Pyerre,jean_pyerre,66,66,0,2T,Penalty
6417,2018,30,Bahia,bahia,Edigar Junio,edigar_junio,48,48,0,2T,Normal
6419,2018,30,Vasco,vasco,Fabrício dos Santos Silva,fabricio_dos_santos_silva,39,39,0,1T,Normal
6419,2018,30,Sport,sport,Mateus Gonçalves Martins,mateus_goncalves_martins,25,25,0,1T,Normal
6419,2018,30,Sport,sport,Cláudio Winck,claudio_winck,68,68,0,2T,Normal
6420,2018,30,Corinthians,corinthians,Roger Rodrigues da Silva,roger_rodrigues_da_silva,91,90,1,2T,Normal
6420,2018,30,Vitoria,vitoria,Rhayner,rhayner,9,9,0,1T,Normal
6420,2018,30,Vitoria,vitoria,Neilton Mestzk,neilton_mestzk,93,90,3,2T,Normal
6420,2018,30,Corinthians,corinthians,Jadson,jadson,31,31,0,1T,Normal
6421,2018,30,Fluminense,fluminense,Luciano da Rocha Neves,luciano_da_rocha_neves,63,63,0,2T,Normal
6422,2018,30,Palmeiras,palmeiras,Bruno Henrique Corsini,bruno_henrique_corsini,18,18,0,1T,Penalty
6422,2018,30,Palmeiras,palmeiras,Bruno Henrique Corsini,bruno_henrique_corsini,35,35,0,1T,Normal
6422,2018,30,Ceara,ceara,Arthur Mendonça Cabral,arthur_mendonca_cabral,55,55,0,2T,Normal
6423,2018,30,Cruzeiro,cruzeiro,Thiago Neves,thiago_neves,22,22,0,1T,Normal
6423,2018,30,Cruzeiro,cruzeiro,Giorgian De Arrascaeta,giorgian_de_arrascaeta,30,30,0,1T,Normal
6423,2018,30,Cruzeiro,cruzeiro,Dedé,dede,44,44,0,1T,Normal
6424,2018,30,Flamengo,flamengo,Victor Vinícius Coelho Santos,victor_vinicius_coelho_santos,51,51,0,2T,Normal
6424,2018,30,Flamengo,flamengo,Fernando Uribe,fernando_uribe,57,57,0,2T,Normal
6424,2018,30,Flamengo,flamengo,Henrique Dourado,henrique_dourado,91,90,1,2T,Normal
6424,2018,30,Flamengo,flamengo,Lucas Paquetá,lucas_paqueta,19,19,0,1T,Normal
6425,2018,30,Santos,santos,Fabiano,fabiano,79,79,0,2T,Gol Contra
6425,2018,30,Internacional,internacional,Patrick,patrick,71,71,0,2T,Normal
6425,2018,30,Santos,santos,Gabriel Barbosa,gabriel_barbosa,50,50,0,2T,Normal
6425,2018,30,Internacional,internacional,Leandro Damião,leandro_damiao,44,44,0,1T,Normal
6405,2018,28,Ceara,ceara,Arthur Mendonça Cabral,arthur_mendonca_cabral,63,63,0,2T,Normal
6405,2018,28,Ceara,ceara,Arthur Mendonça Cabral,arthur_mendonca_cabral,81,81,0,2T,Normal
6426,2018,31,Sao Paulo,sao_paulo,Bruno Alves,bruno_alves,37,37,0,1T,Normal
6427,2018,31,Vasco,vasco,Maxi López,maxi_lopez,92,90,2,2T,Penalty
6427,2018,31,Internacional,internacional,Jonatan Álvez,jonatan_alvez,85,85,0,2T,Normal
6428,2018,31,Santos,santos,Victor Ferraz,victor_ferraz,88,88,0,2T,Normal
6428,2018,31,Santos,santos,Carlos Andrés Sánchez,carlos_andres_sanchez,89,89,0,2T,Normal
6428,2018,31,Santos,santos,Gabriel Barbosa,gabriel_barbosa,84,84,0,2T,Penalty
6429,2018,31,Sport,sport,Jair Rodrigues Júnior,jair_rodrigues_junior,7,7,0,1T,Normal
6429,2018,31,Sport,sport,Jair Rodrigues Júnior,jair_rodrigues_junior,64,64,0,2T,Normal
6429,2018,31,Gremio,gremio,Matheus Henrique de Souza,matheus_henrique_de_souza,38,38,0,1T,Normal
6429,2018,31,Sport,sport,Mateus Gonçalves Martins,mateus_goncalves_martins,30,30,0,1T,Normal
6429,2018,31,Gremio,gremio,Thonny Anderson,thonny_anderson,59,59,0,2T,Normal
6429,2018,31,Sport,sport,Gabriel Santana,gabriel_santana,53,53,0,2T,Normal
6429,2018,31,Gremio,gremio,Juninho Capixaba,juninho_capixaba,52,52,0,2T,Penalty
6431,2018,31,Chapecoense,chapecoense,Wellington Paulista,wellington_paulista,60,60,0,2T,Normal
6432,2018,31,Palmeiras,palmeiras,Eduardo Pereira Rodrigues,eduardo_pereira_rodrigues,50,50,0,2T,Normal
6432,2018,31,Flamengo,flamengo,Marlos Moreno,marlos_moreno,81,81,0,2T,Normal
6430,2018,31,Corinthians,corinthians,Danilo Gabriel de Andrade,danilo_gabriel_de_andrade,47,47,0,2T,Normal
6430,2018,31,Bahia,bahia,Clayton da Silveira da Silva,clayton_da_silveira_da_silva,85,85,0,2T,Penalty
6430,2018,31,Corinthians,corinthians,Danilo Gabriel de Andrade,danilo_gabriel_de_andrade,89,89,0,2T,Normal
6434,2018,31,Athletico-PR,athletico_pr,Pablo Felipe Teixeira,pablo_felipe_teixeira,84,84,0,2T,Normal
6434,2018,31,Botafogo-RJ,botafogo_rj,Brenner Marlos Varanda de Oliveira,brenner_marlos_varanda_de_oliveira,30,30,0,1T,Penalty
6434,2018,31,Athletico-PR,athletico_pr,Bérgson Gustavo Silveira da Silva,bergson_gustavo_silveira_da_silva,56,56,0,2T,Normal
6433,2018,31,Parana,parana,Egídio de Araújo Pereira Júnior,egidio_de_araujo_pereira_junior,20,20,0,1T,Gol Contra
6433,2018,31,Cruzeiro,cruzeiro,Giorgian De Arrascaeta,giorgian_de_arrascaeta,10,10,0,1T,Normal
6433,2018,31,Cruzeiro,cruzeiro,Rafael Sóbis,rafael_sobis,48,48,0,2T,Penalty
6433,2018,31,Cruzeiro,cruzeiro,Fred,fred,15,15,0,1T,Normal
6435,2018,31,Ceara,ceara,Juninho Quixadá,juninho_quixada,10,10,0,1T,Normal
6435,2018,31,Ceara,ceara,Leandro Carvalho,leandro_carvalho,62,62,0,2T,Normal
6435,2018,31,Atletico-MG,atletico_mg,Juan Cazares,juan_cazares,26,26,0,1T,Normal
6436,2018,32,Vasco,vasco,Maxi López,maxi_lopez,59,59,0,2T,Penalty
6437,2018,32,Gremio,gremio,Pedro Geromel,pedro_geromel,3,3,0,1T,Normal
6438,2018,32,Santos,santos,Jonathan Copete,jonathan_copete,55,55,0,2T,Normal
6438,2018,32,Palmeiras,palmeiras,Eduardo Pereira Rodrigues,eduardo_pereira_rodrigues,14,14,0,1T,Normal
6438,2018,32,Santos,santos,José Rodolfo Pires Ribeiro,jose_rodolfo_pires_ribeiro,65,65,0,2T,Normal
6438,2018,32,Palmeiras,palmeiras,Edu Dracena,edu_dracena,40,40,0,1T,Normal
6438,2018,32,Palmeiras,palmeiras,Victor Luis,victor_luis,71,71,0,2T,Normal
6442,2018,32,Botafogo-RJ,botafogo_rj,Rodrigo Lindoso,rodrigo_lindoso,28,28,0,1T,Normal
6439,2018,32,America-MG,america_mg,Rafael Moura,rafael_moura,71,71,0,2T,Penalty
6439,2018,32,Cruzeiro,cruzeiro,Thiago Neves,thiago_neves,50,50,0,2T,Penalty
6439,2018,32,Cruzeiro,cruzeiro,Giorgian De Arrascaeta,giorgian_de_arrascaeta,18,18,0,1T,Normal
6441,2018,32,Flamengo,flamengo,Rodinei de Almeida,rodinei_de_almeida,82,82,0,2T,Normal
6441,2018,32,Sao Paulo,sao_paulo,Diego Souza,diego_souza,8,8,0,1T,Normal
6441,2018,32,Sao Paulo,sao_paulo,Hélio Junio Nunes de Castro,helio_junio_nunes_de_castro,50,50,0,2T,Normal
6441,2018,32,Flamengo,flamengo,Fernando Uribe,fernando_uribe,10,10,0,1T,Normal
6440,2018,32,Vitoria,vitoria,Léo Pereira,leo_pereira,84,84,0,2T,Normal
6440,2018,32,Parana,parana,Alex Paulo Menezes Santana,alex_paulo_menezes_santana,59,59,0,2T,Normal
6443,2018,32,Internacional,internacional,Rodrigo Moledo,rodrigo_moledo,82,82,0,2T,Normal
6443,2018,32,Internacional,internacional,Andrés D'Alessandro,andres_d_alessandro,94,90,4,2T,Penalty
6443,2018,32,Athletico-PR,athletico_pr,Guilherme Camacho,guilherme_camacho,64,64,0,2T,Normal
6444,2018,32,Bahia,bahia,José Élber Pimentel da Silva,jose_elber_pimentel_da_silva,67,67,0,2T,Normal
6445,2018,32,Sport,sport,Gabriel Santana,gabriel_santana,53,53,0,2T,Normal
6446,2018,33,Parana,parana,Andrey Nunes dos Santos,andrey_nunes_dos_santos,90,90,0,2T,Normal
6447,2018,33,Sao Paulo,sao_paulo,Brenner,brenner,81,81,0,2T,Normal
6447,2018,33,Corinthians,corinthians,Ralf de Souza Teles,ralf_de_souza_teles,72,72,0,2T,Normal
6448,2018,33,Botafogo-RJ,botafogo_rj,Erik Nascimento de Lima,erik_nascimento_de_lima,19,19,0,1T,Normal
6448,2018,33,Botafogo-RJ,botafogo_rj,Leonardo Valencia,leonardo_valencia,29,29,0,1T,Normal
6448,2018,33,Flamengo,flamengo,Victor Vinícius Coelho Santos,victor_vinicius_coelho_santos,49,49,0,2T,Normal
6449,2018,33,Athletico-PR,athletico_pr,Marcelo Cirino da Silva,marcelo_cirino_da_silva,10,10,0,1T,Normal
6449,2018,33,Athletico-PR,athletico_pr,Raphael Cavalcante Veiga,raphael_cavalcante_veiga,22,22,0,1T,Normal
6450,2018,33,Bahia,bahia,Nílton Ferreira Júnior,nilton_ferreira_junior,39,39,0,1T,Normal
6450,2018,33,Bahia,bahia,Eric dos Santos Rodrigues,eric_dos_santos_rodrigues,72,72,0,2T,Normal
6450,2018,33,Vitoria,vitoria,Léo Pereira,leo_pereira,8,8,0,1T,Normal
6450,2018,33,Vitoria,vitoria,Léo Pereira,leo_pereira,68,68,0,2T,Normal
6452,2018,33,Atletico-MG,atletico_mg,Elias Mendes Trindade,elias_mendes_trindade,64,64,0,2T,Normal
6452,2018,33,Palmeiras,palmeiras,Bruno Henrique Corsini,bruno_henrique_corsini,77,77,0,2T,Penalty
6453,2018,33,Gremio,gremio,Jael,jael,20,20,0,1T,Normal
6453,2018,33,Gremio,gremio,Matheus Henrique de Souza,matheus_henrique_de_souza,95,90,5,2T,Normal
6453,2018,33,Vasco,vasco,Thiago Galhardo,thiago_galhardo,12,12,0,1T,Normal
6451,2018,33,Ceara,ceara,Ricardo Dias Acosta,ricardo_dias_acosta,42,42,0,1T,Normal
6451,2018,33,Internacional,internacional,Leandro Damião,leandro_damiao,16,16,0,1T,Normal
6455,2018,33,Chapecoense,chapecoense,Leandro,leandro,29,29,0,1T,Normal
6456,2018,34,Vasco,vasco,Thiago Galhardo,thiago_galhardo,67,67,0,2T,Penalty
6456,2018,34,Athletico-PR,athletico_pr,Léo Pereira,leo_pereira,95,90,5,2T,Normal
6457,2018,34,Ceara,ceara,Calyson,calyson,8,8,0,1T,Normal
6457,2018,34,Bahia,bahia,José Rafael Vivian,jose_rafael_vivian,44,44,0,1T,Normal
6457,2018,34,Bahia,bahia,Edigar Junio,edigar_junio,93,90,3,2T,Normal
6458,2018,34,Atletico-MG,atletico_mg,Fábio Santos,fabio_santos,14,14,0,1T,Penalty
6460,2018,34,Palmeiras,palmeiras,Miguel Borja,miguel_borja,41,41,0,1T,Normal
6460,2018,34,Palmeiras,palmeiras,Felipe Melo,felipe_melo,83,83,0,2T,Normal
6460,2018,34,Palmeiras,palmeiras,Luan Garcia Teixeira,luan_garcia_teixeira,90,90,0,2T,Normal
6461,2018,34,Cruzeiro,cruzeiro,David Corrêa da Fonseca,david_correa_da_fonseca,14,14,0,1T,Normal
6462,2018,34,Botafogo-RJ,botafogo_rj,Luiz Fernando Moraes dos Santos,luiz_fernando_moraes_dos_santos,73,73,0,2T,Normal
6463,2018,34,Flamengo,flamengo,Henrique Dourado,henrique_dourado,73,73,0,2T,Normal
6464,2018,34,Sao Paulo,sao_paulo,Michel Ferreira dos Santos,michel_ferreira_dos_santos,74,74,0,2T,Gol Contra
6464,2018,34,Gremio,gremio,Everton Sousa Soares,everton_sousa_soares,57,57,0,2T,Normal
6465,2018,34,Internacional,internacional,Leandro Damião,leandro_damiao,24,24,0,1T,Normal
6465,2018,34,Internacional,internacional,Edenílson Andrade dos Santos,edenilson_andrade_dos_santos,46,45,1,1T,Normal
6466,2018,35,Corinthians,corinthians,Mateus Vital,mateus_vital,50,50,0,2T,Normal
6467,2018,35,Vitoria,vitoria,Neilton Mestzk,neilton_mestzk,92,90,2,2T,Penalty
6467,2018,35,Athletico-PR,athletico_pr,Ramon Menezes Roma,ramon_menezes_roma,26,26,0,1T,Gol Contra
6467,2018,35,Athletico-PR,athletico_pr,Bruno Guimarães,bruno_guimaraes,86,86,0,2T,Normal
6468,2018,35,Atletico-MG,atletico_mg,Juan Cazares,juan_cazares,51,51,0,2T,Normal
6469,2018,35,Parana,parana,Keslley dos Santos Lopes,keslley_dos_santos_lopes,35,35,0,1T,Normal
6469,2018,35,Palmeiras,palmeiras,Gustavo Scarpa,gustavo_scarpa,54,54,0,2T,Penalty
6470,2018,35,Santos,santos,Gabriel Barbosa,gabriel_barbosa,46,45,1,1T,Normal
6470,2018,35,America-MG,america_mg,Rafael Moura,rafael_moura,31,31,0,1T,Normal
6470,2018,35,America-MG,america_mg,Matheus Leonardo Sales Cardoso,matheus_leonardo_sales_cardoso,65,65,0,2T,Normal
6471,2018,35,Flamengo,flamengo,Willian Arão,willian_arao,82,82,0,2T,Normal
6472,2018,35,Botafogo-RJ,botafogo_rj,Erik Nascimento de Lima,erik_nascimento_de_lima,42,42,0,1T,Normal
6473,2018,35,Sao Paulo,sao_paulo,Diego Souza,diego_souza,31,31,0,1T,Normal
6474,2018,35,Gremio,gremio,Cícero Santos,cicero_santos,24,24,0,1T,Normal
6474,2018,35,Gremio,gremio,Everton Sousa Soares,everton_sousa_soares,75,75,0,2T,Normal
6476,2018,36,Internacional,internacional,Andrés D'Alessandro,andres_d_alessandro,83,83,0,2T,Penalty
6476,2018,36,Atletico-MG,atletico_mg,Juan Cazares,juan_cazares,42,42,0,1T,Normal
6476,2018,36,Atletico-MG,atletico_mg,David Terans,david_terans,93,90,3,2T,Normal
6477,2018,36,Santos,santos,Rodrygo Silva de Goes,rodrygo_silva_de_goes,36,36,0,1T,Normal
6477,2018,36,Botafogo-RJ,botafogo_rj,Brenner Marlos Varanda de Oliveira,brenner_marlos_varanda_de_oliveira,59,59,0,2T,Normal
6478,2018,36,Athletico-PR,athletico_pr,Léo Pereira,leo_pereira,52,52,0,2T,Normal
6480,2018,36,Flamengo,flamengo,Diego Ribas,diego_ribas,90,90,0,2T,Normal
6480,2018,36,Flamengo,flamengo,Fernando Uribe,fernando_uribe,47,47,0,2T,Normal
6481,2018,36,Cruzeiro,cruzeiro,Aderlan Santos,aderlan_santos,43,43,0,1T,Gol Contra
6481,2018,36,Cruzeiro,cruzeiro,Fred,fred,72,72,0,2T,Normal
6481,2018,36,Cruzeiro,cruzeiro,Fred,fred,55,55,0,2T,Penalty
6479,2018,36,Palmeiras,palmeiras,Willian Gomes de Siqueira,willian_gomes_de_siqueira,76,76,0,2T,Normal
6479,2018,36,Palmeiras,palmeiras,Eduardo Pereira Rodrigues,eduardo_pereira_rodrigues,78,78,0,2T,Normal
6479,2018,36,Palmeiras,palmeiras,Deyverson,deyverson,82,82,0,2T,Normal
6479,2018,36,Palmeiras,palmeiras,Luan Garcia Teixeira,luan_garcia_teixeira,59,59,0,2T,Normal
6482,2018,36,Vasco,vasco,Andrey,andrey,18,18,0,1T,Normal
6482,2018,36,Vasco,vasco,Yago Pikachu,yago_pikachu,95,90,5,2T,Normal
6485,2018,36,Chapecoense,chapecoense,Leandro,leandro,8,8,0,1T,Normal
6485,2018,36,Sport,sport,Michel Bastos,michel_bastos,68,68,0,2T,Normal
6485,2018,36,Chapecoense,chapecoense,Leandro,leandro,4,4,0,1T,Penalty
6483,2018,36,Ceara,ceara,Paulo Roberto Valoura Junior,paulo_roberto_valoura_junior,33,33,0,1T,Penalty
6484,2018,36,Bahia,bahia,José Rafael Vivian,jose_rafael_vivian,53,53,0,2T,Normal
6484,2018,36,Bahia,bahia,Edigar Junio,edigar_junio,55,55,0,2T,Normal
6486,2018,37,Santos,santos,Carlos Andrés Sánchez,carlos_andres_sanchez,2,2,0,1T,Normal
6486,2018,37,Atletico-MG,atletico_mg,Ricardo Oliveira,ricardo_oliveira,53,53,0,2T,Normal
6486,2018,37,Santos,santos,Wanderson Felipe Cardoso dos Santos,wanderson_felipe_cardoso_dos_santos,34,34,0,1T,Normal
6486,2018,37,Santos,santos,Gabriel Barbosa,gabriel_barbosa,37,37,0,1T,Normal
6486,2018,37,Atletico-MG,atletico_mg,Ricardo Oliveira,ricardo_oliveira,17,17,0,1T,Normal
6488,2018,37,Flamengo,flamengo,Éverton Ribeiro,everton_ribeiro,8,8,0,1T,Normal
6488,2018,37,Flamengo,flamengo,Éverton Ribeiro,everton_ribeiro,52,52,0,2T,Normal
6487,2018,37,Ceara,ceara,Wescley,wescley,83,83,0,2T,Normal
6487,2018,37,Athletico-PR,athletico_pr,Marcio Antonio de Sousa Junior,marcio_antonio_de_sousa_junior,53,53,0,2T,Normal
6487,2018,37,Athletico-PR,athletico_pr,Lucho González,lucho_gonzalez,58,58,0,2T,Normal
6487,2018,37,Ceara,ceara,Leandro Carvalho,leandro_carvalho,26,26,0,1T,Normal
6490,2018,37,Palmeiras,palmeiras,Deyverson,deyverson,72,72,0,2T,Normal
6491,2018,37,Internacional,internacional,Nicolás Federico López,nicolas_federico_lopez,75,75,0,2T,Normal
6491,2018,37,Internacional,internacional,Nicolás Federico López,nicolas_federico_lopez,89,89,0,2T,Normal
6492,2018,37,America-MG,america_mg,Juninho,juninho,47,47,0,2T,Normal
6494,2018,37,Botafogo-RJ,botafogo_rj,Erik Nascimento de Lima,erik_nascimento_de_lima,75,75,0,2T,Normal
6494,2018,37,Parana,parana,Alex Paulo Menezes Santana,alex_paulo_menezes_santana,64,64,0,2T,Normal
6494,2018,37,Botafogo-RJ,botafogo_rj,Erik Nascimento de Lima,erik_nascimento_de_lima,7,7,0,1T,Normal
6496,2018,38,Athletico-PR,athletico_pr,Rony,rony,71,71,0,2T,Normal
6496,2018,38,Flamengo,flamengo,Luiz Rhodolfo Dini Gaioto,luiz_rhodolfo_dini_gaioto,23,23,0,1T,Normal
6496,2018,38,Athletico-PR,athletico_pr,Matheus Rossetto,matheus_rossetto,65,65,0,2T,Normal
6497,2018,38,Atletico-MG,atletico_mg,Juan Cazares,juan_cazares,18,18,0,1T,Normal
6502,2018,38,Parana,parana,Jhonny Lucas,jhonny_lucas,92,90,2,2T,Normal
6502,2018,38,Internacional,internacional,Jonatan Álvez,jonatan_alvez,66,66,0,2T,Normal
6505,2018,38,Palmeiras,palmeiras,Bruno Henrique Corsini,bruno_henrique_corsini,90,90,0,2T,Normal
6505,2018,38,Vitoria,vitoria,Yago Rocha,yago_rocha,71,71,0,2T,Penalty
6505,2018,38,Vitoria,vitoria,Luan Silva dos Santos,luan_silva_dos_santos,73,73,0,2T,Normal
6505,2018,38,Palmeiras,palmeiras,Edu Dracena,edu_dracena,43,43,0,1T,Normal
6505,2018,38,Palmeiras,palmeiras,Gustavo Scarpa,gustavo_scarpa,57,57,0,2T,Normal
6499,2018,38,Gremio,gremio,Jael,jael,12,12,0,1T,Normal
6501,2018,38,Sport,sport,Hernane Vidal de Souza,hernane_vidal_de_souza,92,90,2,2T,Normal
6501,2018,38,Santos,santos,Rodrygo Silva de Goes,rodrygo_silva_de_goes,94,90,4,2T,Normal
6501,2018,38,Sport,sport,José Rogério de Oliveira Melo,jose_rogerio_de_oliveira_melo,84,84,0,2T,Normal
6503,2018,38,Fluminense,fluminense,Richard Candido Coelho,richard_candido_coelho,41,41,0,1T,Normal
6504,2018,38,Chapecoense,chapecoense,Leandro,leandro,68,68,0,2T,Normal
6506,2019,1,Sao Paulo,sao_paulo,Éverton Cardoso da Silva,everton_cardoso_da_silva,41,41,0,1T,Normal
6506,2019,1,Sao Paulo,sao_paulo,Hudson,hudson,83,83,0,2T,Normal
6507,2019,1,Atletico-MG,atletico_mg,Ricardo Oliveira,ricardo_oliveira,53,53,0,2T,Normal
6507,2019,1,Avai,avai,Feliciano Brizuela,feliciano_brizuela,46,46,0,2T,Normal
6507,2019,1,Atletico-MG,atletico_mg,Fábio Santos,fabio_santos,47,45,2,1T,Penalty
6508,2019,1,Chapecoense,chapecoense,Everaldo Stum,everaldo_stum,88,88,0,2T,Normal
6508,2019,1,Chapecoense,chapecoense,Everaldo Stum,everaldo_stum,47,45,2,1T,Penalty
6509,2019,1,Flamengo,flamengo,Bruno Henrique,bruno_henrique,67,67,0,2T,Normal
6509,2019,1,Flamengo,flamengo,Gabriel Barbosa,gabriel_barbosa,90,90,0,2T,Normal
6509,2019,1,Cruzeiro,cruzeiro,Pedro Rocha Neves,pedro_rocha_neves,40,40,0,1T,Normal
6509,2019,1,Flamengo,flamengo,Bruno Henrique,bruno_henrique,41,41,0,1T,Normal
6510,2019,1,Santos,santos,Eduardo Sasha,eduardo_sasha,6,6,0,1T,Normal
6510,2019,1,Santos,santos,Felipe Jonatan,felipe_jonatan,35,35,0,1T,Normal
6510,2019,1,Gremio,gremio,Everton Sousa Soares,everton_sousa_soares,93,90,3,2T,Normal
6513,2019,1,Ceara,ceara,Ricardo Bueno,ricardo_bueno,89,89,0,2T,Normal
6513,2019,1,Ceara,ceara,Leandro Carvalho,leandro_carvalho,34,34,0,1T,Normal
6513,2019,1,Ceara,ceara,João Lucas Cardoso,joao_lucas_cardoso,81,81,0,2T,Normal
6513,2019,1,Ceara,ceara,Ricardo Bueno,ricardo_bueno,21,21,0,1T,Normal
6511,2019,1,Bahia,bahia,José Rogério de Oliveira Melo,jose_rogerio_de_oliveira_melo,84,84,0,2T,Normal
6511,2019,1,Corinthians,corinthians,Pedrinho,pedrinho,47,45,2,1T,Normal
6511,2019,1,Bahia,bahia,Arthur Caike do Nascimento Cruz,arthur_caike_do_nascimento_cruz,49,45,4,1T,Normal
6511,2019,1,Corinthians,corinthians,Clayson Henrique da Silva Vieira,clayson_henrique_da_silva_vieira,95,90,5,2T,Normal
6511,2019,1,Bahia,bahia,Artur Victor Guimarães,artur_victor_guimaraes,76,76,0,2T,Normal
6512,2019,1,Athletico-PR,athletico_pr,Marco Ruben,marco_ruben,45,45,0,1T,Normal
6512,2019,1,Athletico-PR,athletico_pr,Werley Ananias da Silva,werley_ananias_da_silva,66,66,0,2T,Gol Contra
6512,2019,1,Athletico-PR,athletico_pr,Nikão,nikao,86,86,0,2T,Normal
6512,2019,1,Vasco,vasco,Bruno César,bruno_cesar,89,89,0,2T,Normal
6512,2019,1,Athletico-PR,athletico_pr,Bruno Guimarães,bruno_guimaraes,3,3,0,1T,Normal
6514,2019,1,Palmeiras,palmeiras,José Rafael Vivian,jose_rafael_vivian,71,71,0,2T,Normal
6514,2019,1,Palmeiras,palmeiras,Marcos Rocha,marcos_rocha,59,59,0,2T,Normal
6514,2019,1,Palmeiras,palmeiras,Bruno Henrique Corsini,bruno_henrique_corsini,91,90,1,2T,Normal
6514,2019,1,Palmeiras,palmeiras,José Rafael Vivian,jose_rafael_vivian,17,17,0,1T,Normal
6515,2019,1,Goias,goias,Rafael Vaz,rafael_vaz,89,89,0,2T,Normal
6517,2019,2,Palmeiras,palmeiras,Raphael Cavalcante Veiga,raphael_cavalcante_veiga,9,9,0,1T,Normal
6517,2019,2,CSA,csa,Matheus Sávio,matheus_savio,63,63,0,2T,Normal
6516,2019,2,Internacional,internacional,Paolo Guerrero,paolo_guerrero,5,5,0,1T,Normal
6516,2019,2,Internacional,internacional,Martín Sarrafiore,martin_sarrafiore,77,77,0,2T,Normal
6516,2019,2,Flamengo,flamengo,Giorgian De Arrascaeta,giorgian_de_arrascaeta,60,60,0,2T,Normal
6518,2019,2,Corinthians,corinthians,Carlos Augusto Zopolato Neves,carlos_augusto_zopolato_neves,55,55,0,2T,Normal
6519,2019,2,Cruzeiro,cruzeiro,Thiago Neves,thiago_neves,50,50,0,2T,Normal
6520,2019,2,Avai,avai,Michel Ferreira dos Santos,michel_ferreira_dos_santos,85,85,0,2T,Gol Contra
6520,2019,2,Gremio,gremio,Rômulo Borges Monteiro,romulo_borges_monteiro,45,45,0,1T,Normal
6521,2019,2,Goias,goias,Leandro Barcia Montero,leandro_barcia_montero,47,45,2,1T,Normal
6521,2019,2,Sao Paulo,sao_paulo,Alexandre Pato,alexandre_pato,31,31,0,1T,Normal
6521,2019,2,Sao Paulo,sao_paulo,Jonas Toró,jonas_toro,36,36,0,1T,Normal
6522,2019,2,Atletico-MG,atletico_mg,Elias Mendes Trindade,elias_mendes_trindade,59,59,0,2T,Normal
6522,2019,2,Atletico-MG,atletico_mg,Yimmi Chará,yimmi_chara,90,90,0,2T,Normal
6522,2019,2,Vasco,vasco,Maxi López,maxi_lopez,66,66,0,2T,Normal
6523,2019,2,Athletico-PR,athletico_pr,Léo Pereira,leo_pereira,22,22,0,1T,Normal
6523,2019,2,Fortaleza,fortaleza,Edinho,edinho,2,2,0,1T,Normal
6523,2019,2,Fortaleza,fortaleza,Wellington Paulista,wellington_paulista,76,76,0,2T,Normal
6524,2019,2,Santos,santos,Eduardo Sasha,eduardo_sasha,65,65,0,2T,Normal
6524,2019,2,Santos,santos,Carlos Andrés Sánchez,carlos_andres_sanchez,73,73,0,2T,Normal
6524,2019,2,Fluminense,fluminense,Pedro,pedro,85,85,0,2T,Normal
6525,2019,2,Botafogo-RJ,botafogo_rj,Erik Nascimento de Lima,erik_nascimento_de_lima,30,30,0,1T,Normal
6525,2019,2,Bahia,bahia,Ernando Rodrigues Lopes,ernando_rodrigues_lopes,83,83,0,2T,Normal
6525,2019,2,Botafogo-RJ,botafogo_rj,João Paulo,joao_paulo,36,36,0,1T,Normal
6525,2019,2,Botafogo-RJ,botafogo_rj,Cícero Santos,cicero_santos,48,45,3,1T,Normal
6525,2019,2,Bahia,bahia,Arthur Caike do Nascimento Cruz,arthur_caike_do_nascimento_cruz,6,6,0,1T,Normal
6527,2019,3,Palmeiras,palmeiras,Deyverson,deyverson,14,14,0,1T,Normal
6526,2019,3,Corinthians,corinthians,Mateus Vital,mateus_vital,17,17,0,1T,Normal
6526,2019,3,Vasco,vasco,Maxi López,maxi_lopez,39,39,0,1T,Penalty
6528,2019,3,Atletico-MG,atletico_mg,Nathan Allan de Souza,nathan_allan_de_souza,26,26,0,1T,Normal
6528,2019,3,Atletico-MG,atletico_mg,Jair Rodrigues Júnior,jair_rodrigues_junior,93,90,3,2T,Normal
6528,2019,3,Ceara,ceara,Ricardo Bueno,ricardo_bueno,24,24,0,1T,Normal
6529,2019,3,Chapecoense,chapecoense,Everaldo Stum,everaldo_stum,89,89,0,2T,Normal
6529,2019,3,Athletico-PR,athletico_pr,Rony,rony,76,76,0,2T,Normal
6531,2019,3,Botafogo-RJ,botafogo_rj,Alex Paulo Menezes Santana,alex_paulo_menezes_santana,70,70,0,2T,Normal
6533,2019,3,Cruzeiro,cruzeiro,Rodrigo Eduardo Costa Marinho,rodrigo_eduardo_costa_marinho,81,81,0,2T,Normal
6533,2019,3,Goias,goias,Michael Richard Delgado de Oliveira,michael_richard_delgado_de_oliveira,57,57,0,2T,Normal
6533,2019,3,Cruzeiro,cruzeiro,Dedé,dede,49,49,0,2T,Normal
6530,2019,3,Sao Paulo,sao_paulo,Danilo Neves,danilo_neves,83,83,0,2T,Normal
6530,2019,3,Flamengo,flamengo,Orlando Berrío,orlando_berrio,8,8,0,1T,Normal
6534,2019,3,Fluminense,fluminense,Pedro,pedro,72,72,0,2T,Penalty
6534,2019,3,Gremio,gremio,Jean Pyerre,jean_pyerre,22,22,0,1T,Normal
6534,2019,3,Fluminense,fluminense,Luciano da Rocha Neves,luciano_da_rocha_neves,41,41,0,1T,Normal
6534,2019,3,Gremio,gremio,Walter Kannemann,walter_kannemann,84,84,0,2T,Normal
6534,2019,3,Fluminense,fluminense,Matheus Ferraz Pereira,matheus_ferraz_pereira,55,55,0,2T,Normal
6534,2019,3,Gremio,gremio,André Felipe Ribeiro de Souza,andre_felipe_ribeiro_de_souza,6,6,0,1T,Normal
6534,2019,3,Fluminense,fluminense,Yony González,yony_gonzalez,39,39,0,1T,Normal
6534,2019,3,Gremio,gremio,Everton Sousa Soares,everton_sousa_soares,13,13,0,1T,Normal
6534,2019,3,Fluminense,fluminense,Yony González,yony_gonzalez,92,90,2,2T,Normal
6535,2019,3,Bahia,bahia,Artur Victor Guimarães,artur_victor_guimaraes,40,40,0,1T,Normal
6536,2019,4,Botafogo-RJ,botafogo_rj,Alex Paulo Menezes Santana,alex_paulo_menezes_santana,72,72,0,2T,Normal
6538,2019,4,Goias,goias,Jonathan Marlone,jonathan_marlone,21,21,0,1T,Normal
6538,2019,4,Goias,goias,Leandro Barcia Montero,leandro_barcia_montero,91,90,1,2T,Normal
6538,2019,4,Ceara,ceara,Thiago Galhardo,thiago_galhardo,77,77,0,2T,Normal
6541,2019,4,Palmeiras,palmeiras,Bruno Henrique Corsini,bruno_henrique_corsini,45,45,0,1T,Normal
6541,2019,4,Palmeiras,palmeiras,Bruno Henrique Corsini,bruno_henrique_corsini,52,52,0,2T,Normal
6539,2019,4,Flamengo,flamengo,Lincoln Corrêa dos Santos,lincoln_correa_dos_santos,51,51,0,2T,Normal
6539,2019,4,Chapecoense,chapecoense,Gum,gum,92,90,2,2T,Normal
6539,2019,4,Flamengo,flamengo,Victor Vinícius Coelho Santos,victor_vinicius_coelho_santos,8,8,0,1T,Normal
6542,2019,4,Internacional,internacional,Paolo Guerrero,paolo_guerrero,56,56,0,2T,Normal
6542,2019,4,Internacional,internacional,Rodrigo Moledo,rodrigo_moledo,83,83,0,2T,Normal
6542,2019,4,Cruzeiro,cruzeiro,Dedé,dede,36,36,0,1T,Normal
6542,2019,4,Internacional,internacional,Gustavo Nonato Santana,gustavo_nonato_santana,32,32,0,1T,Normal
6540,2019,4,Santos,santos,Yeferson Soteldo,yeferson_soteldo,73,73,0,2T,Normal
6540,2019,4,Santos,santos,Diego Pituca,diego_pituca,19,19,0,1T,Normal
6540,2019,4,Santos,santos,Rodrygo Silva de Goes,rodrygo_silva_de_goes,33,33,0,1T,Normal
6544,2019,4,Athletico-PR,athletico_pr,Rony,rony,11,11,0,1T,Normal
6545,2019,4,Sao Paulo,sao_paulo,Hernanes,hernanes,77,77,0,2T,Normal
6546,2019,5,Fluminense,fluminense,João Pedro,joao_pedro,95,90,5,2T,Normal
6546,2019,5,Fluminense,fluminense,Nino,nino,44,44,0,1T,Normal
6546,2019,5,Cruzeiro,cruzeiro,Róbson Michael Signorini,robson_michael_signorini,49,49,0,2T,Normal
6546,2019,5,Fluminense,fluminense,Luciano da Rocha Neves,luciano_da_rocha_neves,46,46,0,2T,Normal
6546,2019,5,Fluminense,fluminense,João Pedro,joao_pedro,81,81,0,2T,Normal
6548,2019,5,Flamengo,flamengo,Bruno Henrique,bruno_henrique,31,31,0,1T,Normal
6548,2019,5,Atletico-MG,atletico_mg,Juan Cazares,juan_cazares,28,28,0,1T,Normal
6548,2019,5,Atletico-MG,atletico_mg,Yimmi Chará,yimmi_chara,47,47,0,2T,Normal
6547,2019,5,Palmeiras,palmeiras,Raphael Cavalcante Veiga,raphael_cavalcante_veiga,52,52,0,2T,Normal
6547,2019,5,Palmeiras,palmeiras,Hyoran,hyoran,88,88,0,2T,Normal
6547,2019,5,Palmeiras,palmeiras,Gustavo Gómez,gustavo_gomez,6,6,0,1T,Normal
6547,2019,5,Palmeiras,palmeiras,Deyverson,deyverson,19,19,0,1T,Normal
6551,2019,5,Corinthians,corinthians,Pedrinho,pedrinho,87,87,0,2T,Normal
6551,2019,5,Corinthians,corinthians,Vágner Love,vagner_love,14,14,0,1T,Normal
6553,2019,5,Fortaleza,fortaleza,Marcinho,marcinho,63,63,0,2T,Normal
6553,2019,5,Fortaleza,fortaleza,Osvaldo Filho,osvaldo_filho,65,65,0,2T,Normal
6553,2019,5,Chapecoense,chapecoense,Rildo de Andrade Felicissimo,rildo_de_andrade_felicissimo,13,13,0,1T,Normal
6553,2019,5,Fortaleza,fortaleza,Marcinho,marcinho,39,39,0,1T,Normal
6550,2019,5,Internacional,internacional,Gustavo Nonato Santana,gustavo_nonato_santana,37,37,0,1T,Normal
6550,2019,5,Internacional,internacional,Edenílson Andrade dos Santos,edenilson_andrade_dos_santos,65,65,0,2T,Normal
6552,2019,5,Goias,goias,Kayke Moreno,kayke_moreno,87,87,0,2T,Normal
6554,2019,5,Vasco,vasco,Ricardo Graça,ricardo_graca,82,82,0,2T,Normal
6554,2019,5,Avai,avai,Daniel Amorim,daniel_amorim,95,90,5,2T,Normal
6555,2019,5,Ceara,ceara,Ricardo Dias Acosta,ricardo_dias_acosta,11,11,0,1T,Normal
6555,2019,5,Gremio,gremio,Everton Sousa Soares,everton_sousa_soares,31,31,0,1T,Normal
6555,2019,5,Ceara,ceara,Michel Ferreira dos Santos,michel_ferreira_dos_santos,23,23,0,1T,Gol Contra
6556,2019,6,Palmeiras,palmeiras,Gustavo Gómez,gustavo_gomez,62,62,0,2T,Penalty
6557,2019,6,Gremio,gremio,Felipe Vizeu,felipe_vizeu,47,47,0,2T,Normal
6558,2019,6,Flamengo,flamengo,Rodrigo Caio,rodrigo_caio,96,90,6,2T,Normal
6558,2019,6,Athletico-PR,athletico_pr,Marcelo Cirino da Silva,marcelo_cirino_da_silva,64,64,0,2T,Normal
6558,2019,6,Flamengo,flamengo,Gabriel Barbosa,gabriel_barbosa,32,32,0,1T,Penalty
6558,2019,6,Athletico-PR,athletico_pr,Marcelo Cirino da Silva,marcelo_cirino_da_silva,72,72,0,2T,Penalty
6558,2019,6,Flamengo,flamengo,Bruno Henrique,bruno_henrique,90,90,0,2T,Normal
6560,2019,6,Vasco,vasco,Yago Pikachu,yago_pikachu,71,71,0,2T,Penalty
6560,2019,6,Fortaleza,fortaleza,Romarinho,romarinho,89,89,0,2T,Normal
6561,2019,6,Chapecoense,chapecoense,Rildo de Andrade Felicissimo,rildo_de_andrade_felicissimo,52,52,0,2T,Normal
6561,2019,6,Chapecoense,chapecoense,Diego Torres,diego_torres,85,85,0,2T,Normal
6561,2019,6,Cruzeiro,cruzeiro,Thiago Neves,thiago_neves,57,57,0,2T,Normal
6562,2019,6,Fluminense,fluminense,João Pedro,joao_pedro,80,80,0,2T,Normal
6562,2019,6,Bahia,bahia,Gilberto Oliveira Souza Junior,gilberto_oliveira_souza_junior,69,69,0,2T,Penalty
6562,2019,6,Fluminense,fluminense,Pedro,pedro,19,19,0,1T,Penalty
6562,2019,6,Bahia,bahia,Artur Victor Guimarães,artur_victor_guimaraes,16,16,0,1T,Normal
6562,2019,6,Bahia,bahia,Gilberto Oliveira Souza Junior,gilberto_oliveira_souza_junior,30,30,0,1T,Normal
6563,2019,6,Corinthians,corinthians,Pedrinho,pedrinho,7,7,0,1T,Normal
6565,2019,6,Ceara,ceara,Thiago Galhardo,thiago_galhardo,73,73,0,2T,Normal
6565,2019,6,Ceara,ceara,Thiago Galhardo,thiago_galhardo,87,87,0,2T,Normal
6565,2019,6,Avai,avai,Brenner Marlos Varanda de Oliveira,brenner_marlos_varanda_de_oliveira,44,44,0,1T,Normal
6564,2019,6,CSA,csa,Francinilson Santos Meirelles,francinilson_santos_meirelles,62,62,0,2T,Normal
6566,2019,7,Flamengo,flamengo,Gabriel Barbosa,gabriel_barbosa,40,40,0,1T,Normal
6566,2019,7,Flamengo,flamengo,Gabriel Barbosa,gabriel_barbosa,68,68,0,2T,Normal
6567,2019,7,Bahia,bahia,José Fernando Viana de Santana,jose_fernando_viana_de_santana,55,55,0,2T,Penalty
6568,2019,7,Botafogo-RJ,botafogo_rj,Diego Souza,diego_souza,58,58,0,2T,Normal
6571,2019,7,Sao Paulo,sao_paulo,Alexandre Pato,alexandre_pato,15,15,0,1T,Normal
6571,2019,7,Cruzeiro,cruzeiro,Thiago Neves,thiago_neves,68,68,0,2T,Normal
6569,2019,7,Santos,santos,Eduardo Sasha,eduardo_sasha,52,52,0,2T,Normal
6570,2019,7,Athletico-PR,athletico_pr,Marcelo Cirino da Silva,marcelo_cirino_da_silva,84,84,0,2T,Normal
6570,2019,7,Athletico-PR,athletico_pr,Lucho González,lucho_gonzalez,21,21,0,1T,Normal
6570,2019,7,Athletico-PR,athletico_pr,Rony,rony,38,38,0,1T,Normal
6572,2019,7,Atletico-MG,atletico_mg,Fábio Santos,fabio_santos,20,20,0,1T,Penalty
6572,2019,7,Atletico-MG,atletico_mg,Yimmi Chará,yimmi_chara,50,50,0,2T,Normal
6572,2019,7,Atletico-MG,atletico_mg,Adílson Warken,adilson_warken,76,76,0,2T,Normal
6572,2019,7,Atletico-MG,atletico_mg,Juan Cazares,juan_cazares,23,23,0,1T,Normal
6573,2019,7,Chapecoense,chapecoense,Everaldo Stum,everaldo_stum,37,37,0,1T,Penalty
6573,2019,7,Palmeiras,palmeiras,Eduardo Pereira Rodrigues,eduardo_pereira_rodrigues,32,32,0,1T,Normal
6573,2019,7,Palmeiras,palmeiras,Marcos Rocha,marcos_rocha,45,45,0,1T,Normal
6574,2019,7,Internacional,internacional,Paolo Guerrero,paolo_guerrero,62,62,0,2T,Normal
6574,2019,7,Internacional,internacional,Edenílson Andrade dos Santos,edenilson_andrade_dos_santos,77,77,0,2T,Normal
6576,2019,8,Vasco,vasco,Tiago Reis,tiago_reis,48,45,3,1T,Normal
6576,2019,8,Internacional,internacional,Emerson Santos,emerson_santos,56,56,0,2T,Normal
6576,2019,8,Vasco,vasco,Andrey,andrey,44,44,0,1T,Normal
6577,2019,8,Palmeiras,palmeiras,Raphael Cavalcante Veiga,raphael_cavalcante_veiga,80,80,0,2T,Penalty
6578,2019,8,Gremio,gremio,Pepê,pepe,90,90,0,2T,Normal
6584,2019,8,Atletico-MG,atletico_mg,Alerrandro Barra Mansa Realino de Souza,alerrandro_barra_mansa_realino_de_souza,71,71,0,2T,Normal
6584,2019,8,Santos,santos,Jean Mota Oliveira de Souza,jean_mota_oliveira_de_souza,50,45,5,1T,Penalty
6584,2019,8,Santos,santos,Eduardo Sasha,eduardo_sasha,39,39,0,1T,Normal
6584,2019,8,Santos,santos,Carlos Andrés Sánchez,carlos_andres_sanchez,81,81,0,2T,Normal
6582,2019,8,Botafogo-RJ,botafogo_rj,Cícero Santos,cicero_santos,83,83,0,2T,Normal
6582,2019,8,Botafogo-RJ,botafogo_rj,Alex Paulo Menezes Santana,alex_paulo_menezes_santana,94,90,4,2T,Normal
6582,2019,8,CSA,csa,Carlos Andrade Souza,carlos_andrade_souza,62,62,0,2T,Normal
6585,2019,8,Goias,goias,Jefferson,jefferson,78,78,0,2T,Normal
6585,2019,8,Goias,goias,Kayke Moreno,kayke_moreno,37,37,0,1T,Penalty
6585,2019,8,Chapecoense,chapecoense,Rafael Pereira dos Santos,rafael_pereira_dos_santos,45,45,0,1T,Normal
6585,2019,8,Goias,goias,Kayke Moreno,kayke_moreno,92,90,2,2T,Penalty
6586,2019,9,Gremio,gremio,Jean Pyerre,jean_pyerre,81,81,0,2T,Normal
6587,2019,9,Fortaleza,fortaleza,André Luis,andre_luis,3,3,0,1T,Normal
6587,2019,9,Fortaleza,fortaleza,André Luis,andre_luis,47,45,2,1T,Normal
6587,2019,9,Cruzeiro,cruzeiro,Luiz Ricardo Alves,luiz_ricardo_alves,11,11,0,1T,Normal
6588,2019,9,Internacional,internacional,Rafael Sóbis,rafael_sobis,61,61,0,2T,Normal
6588,2019,9,Internacional,internacional,Andrés D'Alessandro,andres_d_alessandro,81,81,0,2T,Normal
6588,2019,9,Bahia,bahia,José Fernando Viana de Santana,jose_fernando_viana_de_santana,78,78,0,2T,Normal
6588,2019,9,Internacional,internacional,Rodrigo Lindoso,rodrigo_lindoso,18,18,0,1T,Normal
6589,2019,9,Flamengo,flamengo,Gabriel Barbosa,gabriel_barbosa,77,77,0,2T,Normal
6589,2019,9,Flamengo,flamengo,Victor Vinícius Coelho Santos,victor_vinicius_coelho_santos,65,65,0,2T,Normal
6590,2019,9,Santos,santos,Eduardo Sasha,eduardo_sasha,59,59,0,2T,Normal
6595,2019,9,Athletico-PR,athletico_pr,Rafael Vaz,rafael_vaz,92,90,2,2T,Gol Contra
6595,2019,9,Goias,goias,Kayke Moreno,kayke_moreno,6,6,0,1T,Normal
6595,2019,9,Goias,goias,Leandro Barcia Montero,leandro_barcia_montero,32,32,0,1T,Normal
6591,2019,9,Vasco,vasco,Danilo Barcelos,danilo_barcelos,80,80,0,2T,Normal
6592,2019,9,Chapecoense,chapecoense,Everaldo Stum,everaldo_stum,3,3,0,1T,Normal
6592,2019,9,Fluminense,fluminense,Paulo Henrique Ganso,paulo_henrique_ganso,59,59,0,2T,Penalty
6593,2019,9,Palmeiras,palmeiras,Deyverson,deyverson,32,32,0,1T,Normal
6593,2019,9,Palmeiras,palmeiras,Bruno Henrique Corsini,bruno_henrique_corsini,66,66,0,2T,Normal
6594,2019,9,Atletico-MG,atletico_mg,Alerrandro Barra Mansa Realino de Souza,alerrandro_barra_mansa_realino_de_souza,44,44,0,1T,Normal
6594,2019,9,Sao Paulo,sao_paulo,Alexandre Pato,alexandre_pato,73,73,0,2T,Normal
6597,2019,10,Fortaleza,fortaleza,Wellington Paulista,wellington_paulista,43,43,0,1T,Normal
6597,2019,10,Fortaleza,fortaleza,Wellington Paulista,wellington_paulista,67,67,0,2T,Normal
6596,2019,10,Vasco,vasco,Yago Pikachu,yago_pikachu,15,15,0,1T,Penalty
6596,2019,10,Gremio,gremio,Pepê,pepe,61,61,0,2T,Normal
6596,2019,10,Gremio,gremio,Pepê,pepe,86,86,0,2T,Normal
6598,2019,10,Santos,santos,Carlos Andrés Sánchez,carlos_andres_sanchez,87,87,0,2T,Normal
6599,2019,10,Palmeiras,palmeiras,Eduardo Pereira Rodrigues,eduardo_pereira_rodrigues,71,71,0,2T,Normal
6599,2019,10,Sao Paulo,sao_paulo,Pablo Felipe Teixeira,pablo_felipe_teixeira,10,10,0,1T,Normal
6600,2019,10,Flamengo,flamengo,Bruno Henrique,bruno_henrique,44,44,0,1T,Normal
6600,2019,10,Flamengo,flamengo,Giorgian De Arrascaeta,giorgian_de_arrascaeta,6,6,0,1T,Normal
6600,2019,10,Flamengo,flamengo,Gabriel Barbosa,gabriel_barbosa,56,56,0,2T,Normal
6600,2019,10,Flamengo,flamengo,Giorgian De Arrascaeta,giorgian_de_arrascaeta,46,45,1,1T,Normal
6600,2019,10,Flamengo,flamengo,Gabriel Barbosa,gabriel_barbosa,81,81,0,2T,Normal
6600,2019,10,Flamengo,flamengo,Giorgian De Arrascaeta,giorgian_de_arrascaeta,50,45,5,1T,Normal
6600,2019,10,Goias,goias,Kayke Moreno,kayke_moreno,12,12,0,1T,Normal
6602,2019,10,Athletico-PR,athletico_pr,Vitor Hugo Naum dos Santos,vitor_hugo_naum_dos_santos,89,89,0,2T,Normal
6601,2019,10,Corinthians,corinthians,Vágner Love,vagner_love,78,78,0,2T,Normal
6604,2019,10,Atletico-MG,atletico_mg,Vinícius,vinicius,99,90,9,2T,Normal
6604,2019,10,Chapecoense,chapecoense,Everaldo Stum,everaldo_stum,1,1,0,1T,Normal
6604,2019,10,Atletico-MG,atletico_mg,Iago Maidana,iago_maidana,80,80,0,2T,Normal
6605,2019,10,Fluminense,fluminense,Pedro,pedro,41,41,0,1T,Normal
6605,2019,10,Ceara,ceara,Tiago dos Santos Alves,tiago_dos_santos_alves,49,45,4,1T,Normal
6606,2019,11,Vasco,vasco,Bruno César,bruno_cesar,76,76,0,2T,Normal
6606,2019,11,Fluminense,fluminense,Pedro,pedro,47,45,2,1T,Normal
6606,2019,11,Vasco,vasco,Leandro Castán,leandro_castan,67,67,0,2T,Normal
6609,2019,11,Athletico-PR,athletico_pr,Madson,madson,41,41,0,1T,Normal
6609,2019,11,Athletico-PR,athletico_pr,Thonny Anderson,thonny_anderson,60,60,0,2T,Normal
6609,2019,11,Athletico-PR,athletico_pr,Léo Cittadini,leo_cittadini,86,86,0,2T,Normal
6609,2019,11,Athletico-PR,athletico_pr,Braian Romero,braian_romero,93,90,3,2T,Normal
6610,2019,11,Gremio,gremio,Luan Guilherme de Jesus Vieira,luan_guilherme_de_jesus_vieira,71,71,0,2T,Normal
6610,2019,11,Internacional,internacional,Paulo Miranda,paulo_miranda,22,22,0,1T,Gol Contra
6608,2019,11,Ceara,ceara,Mateus Gonçalves Martins,mateus_goncalves_martins,32,32,0,1T,Normal
6608,2019,11,Ceara,ceara,Leandro Carvalho,leandro_carvalho,72,72,0,2T,Normal
6611,2019,11,Santos,santos,Mário Sérgio Santos Costa,mario_sergio_santos_costa,75,75,0,2T,Normal
6613,2019,11,Flamengo,flamengo,Gabriel Barbosa,gabriel_barbosa,85,85,0,2T,Normal
6613,2019,11,Corinthians,corinthians,Clayson Henrique da Silva Vieira,clayson_henrique_da_silva_vieira,62,62,0,2T,Penalty
6612,2019,11,Atletico-MG,atletico_mg,Juan Cazares,juan_cazares,14,14,0,1T,Penalty
6612,2019,11,Atletico-MG,atletico_mg,Paulo Roberto Valoura Junior,paulo_roberto_valoura_junior,7,7,0,1T,Gol Contra
6612,2019,11,Fortaleza,fortaleza,Carlos Emiliano Pereira,carlos_emiliano_pereira,65,65,0,2T,Normal
6612,2019,11,Fortaleza,fortaleza,Paulo Roberto Valoura Junior,paulo_roberto_valoura_junior,72,72,0,2T,Penalty
6615,2019,11,Sao Paulo,sao_paulo,Antony Matheus dos Santos,antony_matheus_dos_santos,49,49,0,2T,Normal
6615,2019,11,Sao Paulo,sao_paulo,Jonas Toró,jonas_toro,53,53,0,2T,Normal
6615,2019,11,Sao Paulo,sao_paulo,Raniel,raniel,56,56,0,2T,Normal
6615,2019,11,Sao Paulo,sao_paulo,Vitor Bueno,vitor_bueno,91,90,1,2T,Normal
6617,2019,12,Athletico-PR,athletico_pr,Bruno Guimarães,bruno_guimaraes,77,77,0,2T,Normal
6617,2019,12,Athletico-PR,athletico_pr,Jonathan Cícero Moreira,jonathan_cicero_moreira,30,30,0,1T,Penalty
6616,2019,12,Vasco,vasco,Marrony,marrony,3,3,0,1T,Normal
6616,2019,12,Palmeiras,palmeiras,Gustavo Scarpa,gustavo_scarpa,15,15,0,1T,Penalty
6619,2019,12,Internacional,internacional,Martín Sarrafiore,martin_sarrafiore,39,39,0,1T,Normal
6618,2019,12,Fluminense,fluminense,Yony González,yony_gonzalez,36,36,0,1T,Normal
6618,2019,12,Sao Paulo,sao_paulo,Reinaldo Manoel da Silva,reinaldo_manoel_da_silva,97,90,7,2T,Penalty
6618,2019,12,Sao Paulo,sao_paulo,Reinaldo Manoel da Silva,reinaldo_manoel_da_silva,20,20,0,1T,Normal
6621,2019,12,Botafogo-RJ,botafogo_rj,Cícero Santos,cicero_santos,14,14,0,1T,Normal
6621,2019,12,Flamengo,flamengo,Gerson Santos da Silva,gerson_santos_da_silva,35,35,0,1T,Normal
6621,2019,12,Botafogo-RJ,botafogo_rj,Diego Souza,diego_souza,67,67,0,2T,Normal
6621,2019,12,Flamengo,flamengo,Gabriel Barbosa,gabriel_barbosa,54,54,0,2T,Normal
6621,2019,12,Flamengo,flamengo,Bruno Henrique,bruno_henrique,74,74,0,2T,Normal
6622,2019,12,Santos,santos,Felipe Jonatan,felipe_jonatan,78,78,0,2T,Normal
6622,2019,12,Avai,avai,João Paulo,joao_paulo,28,28,0,1T,Normal
6622,2019,12,Santos,santos,Derlis González,derlis_gonzalez,9,9,0,1T,Normal
6622,2019,12,Santos,santos,Carlos Andrés Sánchez,carlos_andres_sanchez,33,33,0,1T,Normal
6624,2019,12,Corinthians,corinthians,Danilo Avelar,danilo_avelar,81,81,0,2T,Normal
6624,2019,12,Corinthians,corinthians,Mauro Boselli,mauro_boselli,67,67,0,2T,Normal
6624,2019,12,Fortaleza,fortaleza,Manoel Messias Silva Carvalho,manoel_messias_silva_carvalho,40,40,0,1T,Gol Contra
6624,2019,12,Corinthians,corinthians,Pedrinho,pedrinho,71,71,0,2T,Normal
6627,2019,13,Fluminense,fluminense,Natanael Batista Pimenta,natanael_batista_pimenta,68,68,0,2T,Gol Contra
6627,2019,13,Internacional,internacional,Edenílson Andrade dos Santos,edenilson_andrade_dos_santos,92,90,2,2T,Normal
6627,2019,13,Fluminense,fluminense,Yony González,yony_gonzalez,58,58,0,2T,Normal
6626,2019,13,Ceara,ceara,Thiago Galhardo,thiago_galhardo,15,15,0,1T,Normal
6626,2019,13,Ceara,ceara,Wanderson Felipe Cardoso dos Santos,wanderson_felipe_cardoso_dos_santos,18,18,0,1T,Normal
6626,2019,13,Fortaleza,fortaleza,Paulo Roberto Valoura Junior,paulo_roberto_valoura_junior,47,45,2,1T,Penalty
6628,2019,13,Santos,santos,Eduardo Sasha,eduardo_sasha,52,52,0,2T,Normal
6628,2019,13,Santos,santos,Carlos Andrés Sánchez,carlos_andres_sanchez,9,9,0,1T,Normal
6628,2019,13,Santos,santos,Yeferson Soteldo,yeferson_soteldo,68,68,0,2T,Normal
6628,2019,13,Santos,santos,Lucas Veríssimo,lucas_verissimo,15,15,0,1T,Normal
6628,2019,13,Santos,santos,Yeferson Soteldo,yeferson_soteldo,81,81,0,2T,Normal
6628,2019,13,Santos,santos,Gustavo Henrique Vernes,gustavo_henrique_vernes,37,37,0,1T,Normal
6628,2019,13,Goias,goias,Kayke Moreno,kayke_moreno,91,90,1,2T,Normal
6629,2019,13,Botafogo-RJ,botafogo_rj,Alex Paulo Menezes Santana,alex_paulo_menezes_santana,19,19,0,1T,Normal
6629,2019,13,Botafogo-RJ,botafogo_rj,Marcelo da Conceição Benevenuto Malaquias,marcelo_da_conceicao_benevenuto_malaquias,50,50,0,2T,Normal
6630,2019,13,Bahia,bahia,Gilberto Oliveira Souza Junior,gilberto_oliveira_souza_junior,51,45,6,1T,Normal
6630,2019,13,Bahia,bahia,Gilberto Oliveira Souza Junior,gilberto_oliveira_souza_junior,20,20,0,1T,Normal
6630,2019,13,Bahia,bahia,Gilberto Oliveira Souza Junior,gilberto_oliveira_souza_junior,31,31,0,1T,Normal
6631,2019,13,Corinthians,corinthians,Manoel Messias Silva Carvalho,manoel_messias_silva_carvalho,13,13,0,1T,Normal
6631,2019,13,Palmeiras,palmeiras,Felipe Melo,felipe_melo,48,48,0,2T,Normal
6633,2019,13,Atletico-MG,atletico_mg,Nathan Allan de Souza,nathan_allan_de_souza,92,90,2,2T,Normal
6633,2019,13,Atletico-MG,atletico_mg,Vinícius,vinicius,46,45,1,1T,Normal
6634,2019,13,Chapecoense,chapecoense,Everaldo Stum,everaldo_stum,12,12,0,1T,Normal
6634,2019,13,Gremio,gremio,Pedro Geromel,pedro_geromel,9,9,0,1T,Normal
6634,2019,13,Chapecoense,chapecoense,Gustavo Campanharo,gustavo_campanharo,34,34,0,1T,Normal
6634,2019,13,Gremio,gremio,Everton Sousa Soares,everton_sousa_soares,26,26,0,1T,Normal
6634,2019,13,Chapecoense,chapecoense,Arthur Gomes,arthur_gomes,60,60,0,2T,Normal
6634,2019,13,Gremio,gremio,Diego Tardelli,diego_tardelli,80,80,0,2T,Normal
6575,2019,7,Corinthians,corinthians,Mauro Boselli,mauro_boselli,87,87,0,2T,Penalty
6575,2019,7,Corinthians,corinthians,Júnior Urso,junior_urso,25,25,0,1T,Normal
6636,2019,14,Ceara,ceara,Thiago Galhardo,thiago_galhardo,51,45,6,1T,Normal
6636,2019,14,Ceara,ceara,Thiago Galhardo,thiago_galhardo,61,61,0,2T,Penalty
6636,2019,14,Ceara,ceara,Thiago Galhardo,thiago_galhardo,90,90,0,2T,Normal
6636,2019,14,Ceara,ceara,Wanderson Felipe Cardoso dos Santos,wanderson_felipe_cardoso_dos_santos,57,57,0,2T,Normal
6636,2019,14,Chapecoense,chapecoense,Renato Kayzer,renato_kayzer,89,89,0,2T,Normal
6637,2019,14,Sao Paulo,sao_paulo,Alexandre Pato,alexandre_pato,49,49,0,2T,Normal
6637,2019,14,Santos,santos,Raniel,raniel,86,86,0,2T,Gol Contra
6637,2019,14,Sao Paulo,sao_paulo,Alexandre Pato,alexandre_pato,72,72,0,2T,Normal
6637,2019,14,Sao Paulo,sao_paulo,Reinaldo Manoel da Silva,reinaldo_manoel_da_silva,57,57,0,2T,Penalty
6637,2019,14,Santos,santos,Eduardo Sasha,eduardo_sasha,44,44,0,1T,Normal
6638,2019,14,Flamengo,flamengo,Giorgian De Arrascaeta,giorgian_de_arrascaeta,50,50,0,2T,Normal
6638,2019,14,Flamengo,flamengo,Éverton Ribeiro,everton_ribeiro,92,90,2,2T,Normal
6638,2019,14,Gremio,gremio,Rafael Galhardo,rafael_galhardo,51,45,6,1T,Penalty
6638,2019,14,Flamengo,flamengo,Willian Arão,willian_arao,29,29,0,1T,Normal
6639,2019,14,Fluminense,fluminense,Nenê,nene,88,88,0,2T,Normal
6639,2019,14,Atletico-MG,atletico_mg,Juan Cazares,juan_cazares,42,42,0,1T,Normal
6639,2019,14,Atletico-MG,atletico_mg,Ricardo Oliveira,ricardo_oliveira,51,51,0,2T,Normal
6641,2019,14,Bahia,bahia,Gilberto Oliveira Souza Junior,gilberto_oliveira_souza_junior,85,85,0,2T,Penalty
6641,2019,14,Palmeiras,palmeiras,Eduardo Pereira Rodrigues,eduardo_pereira_rodrigues,13,13,0,1T,Normal
6641,2019,14,Palmeiras,palmeiras,Eduardo Pereira Rodrigues,eduardo_pereira_rodrigues,58,58,0,2T,Normal
6641,2019,14,Bahia,bahia,Gilberto Oliveira Souza Junior,gilberto_oliveira_souza_junior,53,53,0,2T,Penalty
6642,2019,14,Cruzeiro,cruzeiro,Pedro Rocha Neves,pedro_rocha_neves,62,62,0,2T,Normal
6642,2019,14,Cruzeiro,cruzeiro,Luiz Ricardo Alves,luiz_ricardo_alves,93,90,3,2T,Normal
6642,2019,14,Avai,avai,Brenner Marlos Varanda de Oliveira,brenner_marlos_varanda_de_oliveira,74,74,0,2T,Penalty
6642,2019,14,Avai,avai,Pedro Castro,pedro_castro,23,23,0,1T,Normal
6643,2019,14,Botafogo-RJ,botafogo_rj,Luiz Fernando Moraes dos Santos,luiz_fernando_moraes_dos_santos,31,31,0,1T,Normal
6643,2019,14,Botafogo-RJ,botafogo_rj,Diego Souza,diego_souza,77,77,0,2T,Penalty
6643,2019,14,Athletico-PR,athletico_pr,Thonny Anderson,thonny_anderson,16,16,0,1T,Normal
6644,2019,14,Vasco,vasco,Marcos Antônio Candido Ferreira Júnior,marcos_antonio_candido_ferreira_junior,22,22,0,1T,Normal
6645,2019,14,Fortaleza,fortaleza,Bruno Ferreira Melo,bruno_ferreira_melo,5,5,0,1T,Normal
6645,2019,14,Fortaleza,fortaleza,Edinho,edinho,37,37,0,1T,Normal
6649,2019,15,Athletico-PR,athletico_pr,Marcelo Cirino da Silva,marcelo_cirino_da_silva,38,38,0,1T,Normal
6646,2019,15,Corinthians,corinthians,Everaldo,everaldo,56,56,0,2T,Normal
6646,2019,15,Corinthians,corinthians,Mauro Boselli,mauro_boselli,42,42,0,1T,Normal
6647,2019,15,Internacional,internacional,Wellington Alves da Silva,wellington_alves_da_silva,66,66,0,2T,Normal
6648,2019,15,Flamengo,flamengo,Gabriel Barbosa,gabriel_barbosa,51,51,0,2T,Normal
6648,2019,15,Flamengo,flamengo,Gabriel Barbosa,gabriel_barbosa,62,62,0,2T,Normal
6648,2019,15,Vasco,vasco,Leandro Castán,leandro_castan,58,58,0,2T,Normal
6648,2019,15,Flamengo,flamengo,Giorgian De Arrascaeta,giorgian_de_arrascaeta,83,83,0,2T,Penalty
6648,2019,15,Flamengo,flamengo,Bruno Henrique,bruno_henrique,42,42,0,1T,Normal
6650,2019,15,Palmeiras,palmeiras,Eduardo Pereira Rodrigues,eduardo_pereira_rodrigues,14,14,0,1T,Normal
6650,2019,15,Gremio,gremio,David Braz,david_braz,88,88,0,2T,Normal
6651,2019,15,CSA,csa,Jonatan Gómez,jonatan_gomez,79,79,0,2T,Normal
6654,2019,15,Cruzeiro,cruzeiro,Fred,fred,44,44,0,1T,Normal
6654,2019,15,Cruzeiro,cruzeiro,Thiago Neves,thiago_neves,47,47,0,2T,Normal
6653,2019,15,Goias,goias,Fábio Sanches,fabio_sanches,34,34,0,1T,Normal
6653,2019,15,Bahia,bahia,Alejandro Guerra,alejandro_guerra,71,71,0,2T,Normal
6652,2019,15,Sao Paulo,sao_paulo,Daniel Alves,daniel_alves,40,40,0,1T,Normal
6655,2019,15,Chapecoense,chapecoense,Everaldo Stum,everaldo_stum,73,73,0,2T,Penalty
6635,2019,13,Sao Paulo,sao_paulo,Vitor Bueno,vitor_bueno,40,40,0,1T,Normal
6656,2019,16,Bahia,bahia,Gilberto Oliveira Souza Junior,gilberto_oliveira_souza_junior,20,20,0,1T,Normal
6657,2019,16,Gremio,gremio,Luan Guilherme de Jesus Vieira,luan_guilherme_de_jesus_vieira,4,4,0,1T,Normal
6657,2019,16,Gremio,gremio,Thaciano,thaciano,52,52,0,2T,Normal
6657,2019,16,Athletico-PR,athletico_pr,Rony,rony,48,48,0,2T,Normal
6658,2019,16,Goias,goias,Rafael Vaz,rafael_vaz,96,90,6,2T,Normal
6658,2019,16,Internacional,internacional,Guilherme Parede,guilherme_parede,12,12,0,1T,Normal
6658,2019,16,Goias,goias,Michael Richard Delgado de Oliveira,michael_richard_delgado_de_oliveira,71,71,0,2T,Normal
6659,2019,16,Vasco,vasco,Talles Magno,talles_magno,57,57,0,2T,Normal
6659,2019,16,Vasco,vasco,Fellipe Bastos,fellipe_bastos,81,81,0,2T,Normal
6660,2019,16,Santos,santos,Mário Sérgio Santos Costa,mario_sergio_santos_costa,2,2,0,1T,Normal
6660,2019,16,Fortaleza,fortaleza,Tinga,tinga,95,90,5,2T,Normal
6660,2019,16,Fortaleza,fortaleza,Wellington Paulista,wellington_paulista,60,60,0,2T,Penalty
6660,2019,16,Santos,santos,Jorge Marco de Oliveira Moraes,jorge_marco_de_oliveira_moraes,10,10,0,1T,Normal
6660,2019,16,Santos,santos,Eduardo Sasha,eduardo_sasha,32,32,0,1T,Normal
6660,2019,16,Fortaleza,fortaleza,Wellington Paulista,wellington_paulista,68,68,0,2T,Normal
6663,2019,16,CSA,csa,Apodi,apodi,94,90,4,2T,Normal
6663,2019,16,Cruzeiro,cruzeiro,Fred,fred,11,11,0,1T,Normal
6661,2019,16,Flamengo,flamengo,Pablo Marí Villar,pablo_mari_villar,22,22,0,1T,Normal
6661,2019,16,Flamengo,flamengo,Gabriel Barbosa,gabriel_barbosa,35,35,0,1T,Normal
6661,2019,16,Flamengo,flamengo,Giorgian De Arrascaeta,giorgian_de_arrascaeta,97,90,7,2T,Normal
6662,2019,16,Avai,avai,Richard Franco,richard_franco,60,60,0,2T,Normal
6662,2019,16,Corinthians,corinthians,Vágner Love,vagner_love,77,77,0,2T,Normal
6667,2019,17,Bahia,bahia,Arthur Caike do Nascimento Cruz,arthur_caike_do_nascimento_cruz,86,86,0,2T,Normal
6669,2019,17,Athletico-PR,athletico_pr,Nikão,nikao,49,45,4,1T,Normal
6668,2019,17,Santos,santos,Gum,gum,39,39,0,1T,Gol Contra
6670,2019,17,Botafogo-RJ,botafogo_rj,Diego Souza,diego_souza,62,62,0,2T,Normal
6670,2019,17,Internacional,internacional,Rodrigo Lindoso,rodrigo_lindoso,44,44,0,1T,Normal
6670,2019,17,Botafogo-RJ,botafogo_rj,Márcio Almeida de Oliveira,marcio_almeida_de_oliveira,95,90,5,2T,Normal
6670,2019,17,Internacional,internacional,Edenílson Andrade dos Santos,edenilson_andrade_dos_santos,53,53,0,2T,Normal
6670,2019,17,Internacional,internacional,Nicolás Federico López,nicolas_federico_lopez,83,83,0,2T,Normal
6671,2019,17,Flamengo,flamengo,Gabriel Barbosa,gabriel_barbosa,61,61,0,2T,Penalty
6671,2019,17,Flamengo,flamengo,Gabriel Barbosa,gabriel_barbosa,11,11,0,1T,Normal
6671,2019,17,Flamengo,flamengo,Giorgian De Arrascaeta,giorgian_de_arrascaeta,38,38,0,1T,Normal
6672,2019,17,Fortaleza,fortaleza,Juan Quintero Fletcher,juan_quintero_fletcher,25,25,0,1T,Normal
6672,2019,17,Fortaleza,fortaleza,Osvaldo Filho,osvaldo_filho,59,59,0,2T,Normal
6673,2019,17,Cruzeiro,cruzeiro,Maurício,mauricio,80,80,0,2T,Normal
6674,2019,17,Corinthians,corinthians,Gustavo,gustavo,89,89,0,2T,Normal
6675,2019,17,Avai,avai,João Paulo,joao_paulo,87,87,0,2T,Penalty
6677,2019,18,Ceara,ceara,Leandro Carvalho,leandro_carvalho,92,90,2,2T,Normal
6677,2019,18,Corinthians,corinthians,Vágner Love,vagner_love,37,37,0,1T,Normal
6677,2019,18,Corinthians,corinthians,João Lucas Cardoso,joao_lucas_cardoso,23,23,0,1T,Gol Contra
6677,2019,18,Ceara,ceara,Thiago Galhardo,thiago_galhardo,59,59,0,2T,Normal
6676,2019,18,Bahia,bahia,Nino Paraíba,nino_paraiba,56,56,0,2T,Normal
6676,2019,18,Bahia,bahia,Gilberto Oliveira Souza Junior,gilberto_oliveira_souza_junior,61,61,0,2T,Normal
6678,2019,18,Flamengo,flamengo,Gabriel Barbosa,gabriel_barbosa,11,11,0,1T,Normal
6678,2019,18,Flamengo,flamengo,Pablo Marí Villar,pablo_mari_villar,32,32,0,1T,Normal
6678,2019,18,Flamengo,flamengo,Reinier,reinier,53,53,0,2T,Normal
6679,2019,18,Fluminense,fluminense,João Pedro,joao_pedro,86,86,0,2T,Normal
6680,2019,18,Internacional,internacional,Rafael Sóbis,rafael_sobis,77,77,0,2T,Penalty
6681,2019,18,Goias,goias,Rafael Vaz,rafael_vaz,20,20,0,1T,Normal
6681,2019,18,Palmeiras,palmeiras,Willian Gomes de Siqueira,willian_gomes_de_siqueira,81,81,0,2T,Normal
6681,2019,18,Palmeiras,palmeiras,Gustavo Scarpa,gustavo_scarpa,101,90,11,2T,Normal
6682,2019,18,Gremio,gremio,Diego Tardelli,diego_tardelli,18,18,0,1T,Normal
6682,2019,18,Cruzeiro,cruzeiro,Fred,fred,37,37,0,1T,Penalty
6682,2019,18,Gremio,gremio,Alisson Euler de Freitas Castro,alisson_euler_de_freitas_castro,28,28,0,1T,Normal
6682,2019,18,Gremio,gremio,Everton Sousa Soares,everton_sousa_soares,64,64,0,2T,Normal
6682,2019,18,Gremio,gremio,Everton Sousa Soares,everton_sousa_soares,77,77,0,2T,Normal
6683,2019,18,Athletico-PR,athletico_pr,Braian Romero,braian_romero,42,42,0,1T,Normal
6683,2019,18,Santos,santos,Carlos Andrés Sánchez,carlos_andres_sanchez,91,90,1,2T,Penalty
6684,2019,18,Botafogo-RJ,botafogo_rj,Alex Paulo Menezes Santana,alex_paulo_menezes_santana,66,66,0,2T,Normal
6684,2019,18,Atletico-MG,atletico_mg,Franco Di Santo,franco_di_santo,93,90,3,2T,Normal
6684,2019,18,Botafogo-RJ,botafogo_rj,Diego Souza,diego_souza,45,45,0,1T,Penalty
6685,2019,18,CSA,csa,Jonatan Gómez,jonatan_gomez,94,90,4,2T,Normal
6685,2019,18,CSA,csa,Alecsandro,alecsandro,40,40,0,1T,Normal
6665,2019,16,Palmeiras,palmeiras,Luiz Adriano,luiz_adriano,9,9,0,1T,Normal
6665,2019,16,Palmeiras,palmeiras,Luiz Adriano,luiz_adriano,58,58,0,2T,Normal
6665,2019,16,Palmeiras,palmeiras,Luiz Adriano,luiz_adriano,63,63,0,2T,Normal
6686,2019,19,Flamengo,flamengo,Gabriel Barbosa,gabriel_barbosa,44,44,0,1T,Normal
6687,2019,19,Vasco,vasco,Talles Magno,talles_magno,75,75,0,2T,Normal
6687,2019,19,Chapecoense,chapecoense,Arthur Gomes,arthur_gomes,73,73,0,2T,Normal
6687,2019,19,Vasco,vasco,Ribamar,ribamar,47,45,2,1T,Normal
6688,2019,19,Palmeiras,palmeiras,Bruno Henrique Corsini,bruno_henrique_corsini,46,45,1,1T,Normal
6691,2019,19,Internacional,internacional,William Pottker,william_pottker,29,29,0,1T,Normal
6691,2019,19,Internacional,internacional,William Pottker,william_pottker,64,64,0,2T,Normal
6691,2019,19,Internacional,internacional,Neilton Mestzk,neilton_mestzk,53,53,0,2T,Normal
6691,2019,19,Atletico-MG,atletico_mg,Bruninho,bruninho,88,88,0,2T,Normal
6690,2019,19,Avai,avai,Jonathan,jonathan,14,14,0,1T,Normal
6693,2019,19,Gremio,gremio,Jean Pyerre,jean_pyerre,29,29,0,1T,Normal
6693,2019,19,Gremio,gremio,Everton Sousa Soares,everton_sousa_soares,32,32,0,1T,Normal
6693,2019,19,Gremio,gremio,Alisson Euler de Freitas Castro,alisson_euler_de_freitas_castro,45,45,0,1T,Normal
6694,2019,19,Fluminense,fluminense,Paulo Henrique Ganso,paulo_henrique_ganso,40,40,0,1T,Normal
6692,2019,19,Bahia,bahia,Gilberto Oliveira Souza Junior,gilberto_oliveira_souza_junior,14,14,0,1T,Penalty
6692,2019,19,Fortaleza,fortaleza,Felipe Pires,felipe_pires,10,10,0,1T,Normal
6695,2019,19,Sao Paulo,sao_paulo,Reinaldo Manoel da Silva,reinaldo_manoel_da_silva,87,87,0,2T,Normal
6695,2019,19,CSA,csa,Héctor Bustamante,hector_bustamante,55,55,0,2T,Normal
6696,2019,20,Sao Paulo,sao_paulo,Pablo Felipe Teixeira,pablo_felipe_teixeira,92,90,2,2T,Normal
6696,2019,20,Botafogo-RJ,botafogo_rj,João Paulo,joao_paulo,46,45,1,1T,Normal
6696,2019,20,Sao Paulo,sao_paulo,Hernanes,hernanes,37,37,0,1T,Normal
6697,2019,20,Flamengo,flamengo,Gabriel Barbosa,gabriel_barbosa,7,7,0,1T,Normal
6697,2019,20,Cruzeiro,cruzeiro,Thiago Neves,thiago_neves,38,38,0,1T,Penalty
6697,2019,20,Flamengo,flamengo,Giorgian De Arrascaeta,giorgian_de_arrascaeta,67,67,0,2T,Normal
6698,2019,20,Corinthians,corinthians,Vágner Love,vagner_love,44,44,0,1T,Penalty
6698,2019,20,Corinthians,corinthians,Clayson Henrique da Silva Vieira,clayson_henrique_da_silva_vieira,75,75,0,2T,Normal
6698,2019,20,Bahia,bahia,Gilberto Oliveira Souza Junior,gilberto_oliveira_souza_junior,64,64,0,2T,Penalty
6699,2019,20,Gremio,gremio,Luan Guilherme de Jesus Vieira,luan_guilherme_de_jesus_vieira,55,55,0,2T,Normal
6699,2019,20,Gremio,gremio,Pepê,pepe,87,87,0,2T,Normal
6699,2019,20,Gremio,gremio,Everton Sousa Soares,everton_sousa_soares,93,90,3,2T,Normal
6700,2019,20,Internacional,internacional,Rodrigo Lindoso,rodrigo_lindoso,86,86,0,2T,Normal
6703,2019,20,Vasco,vasco,Danilo Barcelos,danilo_barcelos,69,69,0,2T,Penalty
6703,2019,20,Athletico-PR,athletico_pr,Madson,madson,49,49,0,2T,Normal
6701,2019,20,Palmeiras,palmeiras,Willian Gomes de Siqueira,willian_gomes_de_siqueira,48,48,0,2T,Normal
6702,2019,20,CSA,csa,Carlos Andrade Souza,carlos_andrade_souza,64,64,0,2T,Normal
6704,2019,20,Goias,goias,Rafael Vaz,rafael_vaz,66,66,0,2T,Normal
6704,2019,20,Goias,goias,Yago Rocha,yago_rocha,89,89,0,2T,Normal
6704,2019,20,Goias,goias,Michael Richard Delgado de Oliveira,michael_richard_delgado_de_oliveira,12,12,0,1T,Normal
6705,2019,20,Avai,avai,Jonathan,jonathan,27,27,0,1T,Normal
6707,2019,21,Bahia,bahia,José Élber Pimentel da Silva,jose_elber_pimentel_da_silva,63,63,0,2T,Normal
6707,2019,21,Bahia,bahia,Artur Victor Guimarães,artur_victor_guimaraes,24,24,0,1T,Normal
6708,2019,21,Flamengo,flamengo,Giorgian De Arrascaeta,giorgian_de_arrascaeta,56,56,0,2T,Normal
6708,2019,21,Flamengo,flamengo,Gabriel Barbosa,gabriel_barbosa,20,20,0,1T,Penalty
6708,2019,21,Flamengo,flamengo,Bruno Henrique,bruno_henrique,74,74,0,2T,Normal
6708,2019,21,Internacional,internacional,Edenílson Andrade dos Santos,edenilson_andrade_dos_santos,49,49,0,2T,Normal
6709,2019,21,Goias,goias,Leandro Barcia Montero,leandro_barcia_montero,16,16,0,1T,Normal
6710,2019,21,Palmeiras,palmeiras,Bruno Henrique Corsini,bruno_henrique_corsini,29,29,0,1T,Normal
6710,2019,21,CSA,csa,Ricardo Bueno,ricardo_bueno,88,88,0,2T,Normal
6710,2019,21,Palmeiras,palmeiras,Luiz Adriano,luiz_adriano,6,6,0,1T,Normal
6710,2019,21,Palmeiras,palmeiras,Bruno Henrique Corsini,bruno_henrique_corsini,83,83,0,2T,Normal
6710,2019,21,Palmeiras,palmeiras,Luiz Adriano,luiz_adriano,75,75,0,2T,Normal
6710,2019,21,Palmeiras,palmeiras,Gustavo Gómez,gustavo_gomez,47,45,2,1T,Normal
6710,2019,21,Palmeiras,palmeiras,Willian Gomes de Siqueira,willian_gomes_de_siqueira,11,11,0,1T,Normal
6710,2019,21,CSA,csa,Apodi,apodi,52,52,0,2T,Normal
6711,2019,21,Fluminense,fluminense,Lucas Veríssimo,lucas_verissimo,48,45,3,1T,Gol Contra
6711,2019,21,Santos,santos,Yeferson Soteldo,yeferson_soteldo,40,40,0,1T,Normal
6712,2019,21,Gremio,gremio,Luan Guilherme de Jesus Vieira,luan_guilherme_de_jesus_vieira,38,38,0,1T,Normal
6712,2019,21,Avai,avai,Geirton Marques Aires,geirton_marques_aires,86,86,0,2T,Normal
6712,2019,21,Gremio,gremio,Luciano da Rocha Neves,luciano_da_rocha_neves,46,45,1,1T,Normal
6712,2019,21,Gremio,gremio,Diego Tardelli,diego_tardelli,4,4,0,1T,Normal
6712,2019,21,Gremio,gremio,Bruno Cortês,bruno_cortes,64,64,0,2T,Normal
6712,2019,21,Gremio,gremio,David Braz,david_braz,14,14,0,1T,Normal
6712,2019,21,Gremio,gremio,André Felipe Ribeiro de Souza,andre_felipe_ribeiro_de_souza,70,70,0,2T,Normal
6713,2019,21,Athletico-PR,athletico_pr,Marcelo Cirino da Silva,marcelo_cirino_da_silva,94,90,4,2T,Normal
6713,2019,21,Athletico-PR,athletico_pr,Marco Ruben,marco_ruben,32,32,0,1T,Normal
6713,2019,21,Athletico-PR,athletico_pr,Nikão,nikao,48,45,3,1T,Normal
6713,2019,21,Fortaleza,fortaleza,Wellington Paulista,wellington_paulista,11,11,0,1T,Penalty
6713,2019,21,Athletico-PR,athletico_pr,Léo Cittadini,leo_cittadini,61,61,0,2T,Normal
6717,2019,22,Corinthians,corinthians,Ralf de Souza Teles,ralf_de_souza_teles,59,59,0,2T,Normal
6721,2019,22,Chapecoense,chapecoense,Arthur Gomes,arthur_gomes,31,31,0,1T,Normal
6721,2019,22,Athletico-PR,athletico_pr,Nikão,nikao,57,57,0,2T,Normal
6718,2019,22,Santos,santos,Carlos Andrés Sánchez,carlos_andres_sanchez,35,35,0,1T,Penalty
6718,2019,22,Santos,santos,Eduardo Sasha,eduardo_sasha,57,57,0,2T,Normal
6719,2019,22,Internacional,internacional,Patrick,patrick,28,28,0,1T,Normal
6719,2019,22,Palmeiras,palmeiras,Willian Gomes de Siqueira,willian_gomes_de_siqueira,58,58,0,2T,Normal
6720,2019,22,Fluminense,fluminense,Nenê,nene,7,7,0,1T,Normal
6720,2019,22,Fluminense,fluminense,Caio Henrique,caio_henrique,50,50,0,2T,Normal
6720,2019,22,Gremio,gremio,Patrick,patrick,75,75,0,2T,Normal
6722,2019,22,Atletico-MG,atletico_mg,Rómulo Otero,romulo_otero,54,54,0,2T,Normal
6722,2019,22,Ceara,ceara,Thiago Galhardo,thiago_galhardo,43,43,0,1T,Penalty
6722,2019,22,Atletico-MG,atletico_mg,Luan Madson Gedeão de Paiva,luan_madson_gedeao_de_paiva,81,81,0,2T,Normal
6723,2019,22,Bahia,bahia,Nino Paraíba,nino_paraiba,27,27,0,1T,Normal
6723,2019,22,Bahia,bahia,José Élber Pimentel da Silva,jose_elber_pimentel_da_silva,25,25,0,1T,Normal
6724,2019,22,Fortaleza,fortaleza,Marcelo da Conceição Benevenuto Malaquias,marcelo_da_conceicao_benevenuto_malaquias,61,61,0,2T,Gol Contra
6725,2019,22,Goias,goias,Alan Ruschel,alan_ruschel,62,62,0,2T,Normal
6714,2019,21,Atletico-MG,atletico_mg,Rómulo Otero,romulo_otero,60,60,0,2T,Normal
6714,2019,21,Vasco,vasco,Marcos Antônio Candido Ferreira Júnior,marcos_antonio_candido_ferreira_junior,94,90,4,2T,Normal
6714,2019,21,Vasco,vasco,Rossicley Pereira da Silva,rossicley_pereira_da_silva,67,67,0,2T,Penalty
6715,2019,21,Corinthians,corinthians,Danilo Avelar,danilo_avelar,63,63,0,2T,Normal
6726,2019,23,Santos,santos,Tailson Pinto Gonçalves,tailson_pinto_goncalves,50,50,0,2T,Normal
6727,2019,23,Sao Paulo,sao_paulo,Igor Gomes,igor_gomes,79,79,0,2T,Normal
6727,2019,23,Fortaleza,fortaleza,Wellington Paulista,wellington_paulista,39,39,0,1T,Penalty
6727,2019,23,Sao Paulo,sao_paulo,Pablo Felipe Teixeira,pablo_felipe_teixeira,14,14,0,1T,Normal
6729,2019,23,Bahia,bahia,José Fernando Viana de Santana,jose_fernando_viana_de_santana,76,76,0,2T,Normal
6729,2019,23,Athletico-PR,athletico_pr,Marcelo Cirino da Silva,marcelo_cirino_da_silva,57,57,0,2T,Normal
6729,2019,23,Athletico-PR,athletico_pr,Léo Cittadini,leo_cittadini,65,65,0,2T,Normal
6730,2019,23,Internacional,internacional,Gustavo Nonato Santana,gustavo_nonato_santana,10,10,0,1T,Normal
6730,2019,23,Cruzeiro,cruzeiro,Fred,fred,63,63,0,2T,Penalty
6731,2019,23,Flamengo,flamengo,Bruno Henrique,bruno_henrique,35,35,0,1T,Normal
6733,2019,23,Atletico-MG,atletico_mg,Nathan Allan de Souza,nathan_allan_de_souza,48,45,3,1T,Normal
6733,2019,23,Palmeiras,palmeiras,Eduardo Pereira Rodrigues,eduardo_pereira_rodrigues,83,83,0,2T,Normal
6734,2019,23,Fluminense,fluminense,Yony González,yony_gonzalez,35,35,0,1T,Normal
6732,2019,23,Goias,goias,Michael Richard Delgado de Oliveira,michael_richard_delgado_de_oliveira,27,27,0,1T,Normal
6735,2019,23,CSA,csa,Jonatan Gómez,jonatan_gomez,71,71,0,2T,Penalty
6735,2019,23,Avai,avai,Jonathan,jonathan,48,48,0,2T,Normal
6735,2019,23,CSA,csa,Ricardo Bueno,ricardo_bueno,14,14,0,1T,Normal
6735,2019,23,CSA,csa,Apodi,apodi,95,90,5,2T,Normal
6737,2019,24,Botafogo-RJ,botafogo_rj,Gabriel Costa França,gabriel_costa_franca,32,32,0,1T,Normal
6737,2019,24,Goias,goias,Marcelo da Conceição Benevenuto Malaquias,marcelo_da_conceicao_benevenuto_malaquias,77,77,0,2T,Gol Contra
6737,2019,24,Botafogo-RJ,botafogo_rj,João Paulo,joao_paulo,65,65,0,2T,Normal
6737,2019,24,Botafogo-RJ,botafogo_rj,Leonardo Valencia,leonardo_valencia,81,81,0,2T,Normal
6736,2019,24,CSA,csa,Jonatan Gómez,jonatan_gomez,66,66,0,2T,Penalty
6738,2019,24,Fortaleza,fortaleza,Wellington Paulista,wellington_paulista,81,81,0,2T,Normal
6738,2019,24,Fortaleza,fortaleza,Wellington Paulista,wellington_paulista,50,50,0,2T,Penalty
6740,2019,24,Gremio,gremio,Pedro Geromel,pedro_geromel,35,35,0,1T,Normal
6740,2019,24,Ceara,ceara,Fabinho,fabinho,44,44,0,1T,Normal
6740,2019,24,Gremio,gremio,Maicon,maicon,42,42,0,1T,Penalty
6742,2019,24,Santos,santos,Mário Sérgio Santos Costa,mario_sergio_santos_costa,17,17,0,1T,Normal
6742,2019,24,Santos,santos,Gustavo Henrique Vernes,gustavo_henrique_vernes,14,14,0,1T,Normal
6743,2019,24,Athletico-PR,athletico_pr,Erick Luis Conrado Carvalho,erick_luis_conrado_carvalho,32,32,0,1T,Normal
6743,2019,24,Corinthians,corinthians,Carlos Gilberto do Nascimento Silva,carlos_gilberto_do_nascimento_silva,16,16,0,1T,Normal
6743,2019,24,Corinthians,corinthians,Mauro Boselli,mauro_boselli,48,45,3,1T,Normal
6743,2019,24,Athletico-PR,athletico_pr,Léo Cittadini,leo_cittadini,24,24,0,1T,Normal
6745,2019,24,Atletico-MG,atletico_mg,Nathan Allan de Souza,nathan_allan_de_souza,51,51,0,2T,Normal
6745,2019,24,Flamengo,flamengo,Willian Arão,willian_arao,37,37,0,1T,Normal
6745,2019,24,Flamengo,flamengo,Victor Vinícius Coelho Santos,victor_vinicius_coelho_santos,61,61,0,2T,Normal
6745,2019,24,Flamengo,flamengo,Reinier,reinier,76,76,0,2T,Normal
6746,2019,25,Goias,goias,Michael Richard Delgado de Oliveira,michael_richard_delgado_de_oliveira,44,44,0,1T,Normal
6747,2019,25,Fluminense,fluminense,Nenê,nene,20,20,0,1T,Penalty
6747,2019,25,Fluminense,fluminense,Daniel Sampaio Simões,daniel_sampaio_simoes,45,45,0,1T,Normal
6748,2019,25,Palmeiras,palmeiras,Thiago dos Santos,thiago_dos_santos,15,15,0,1T,Normal
6750,2019,25,Flamengo,flamengo,Bruno Henrique,bruno_henrique,45,45,0,1T,Normal
6750,2019,25,Flamengo,flamengo,Bruno Henrique,bruno_henrique,91,90,1,2T,Normal
6752,2019,25,Vasco,vasco,Yago Pikachu,yago_pikachu,68,68,0,2T,Penalty
6751,2019,25,Ceara,ceara,Bérgson Gustavo Silveira da Silva,bergson_gustavo_silveira_da_silva,90,90,0,2T,Normal
6753,2019,25,Sao Paulo,sao_paulo,Reinaldo Manoel da Silva,reinaldo_manoel_da_silva,66,66,0,2T,Penalty
6754,2019,25,Gremio,gremio,Maicon,maicon,44,44,0,1T,Penalty
6754,2019,25,Gremio,gremio,Pepê,pepe,47,47,0,2T,Normal
6754,2019,25,Gremio,gremio,Alisson Euler de Freitas Castro,alisson_euler_de_freitas_castro,94,90,4,2T,Normal
6754,2019,25,Atletico-MG,atletico_mg,Franco Di Santo,franco_di_santo,49,45,4,1T,Penalty
6754,2019,25,Gremio,gremio,Rafael Galhardo,rafael_galhardo,34,34,0,1T,Normal
6755,2019,25,Chapecoense,chapecoense,Camilo,camilo,95,90,5,2T,Normal
6755,2019,25,Cruzeiro,cruzeiro,Dedé,dede,4,4,0,1T,Normal
6756,2019,26,CSA,csa,Alecsandro,alecsandro,34,34,0,1T,Normal
6756,2019,26,CSA,csa,Jonatan Gómez,jonatan_gomez,89,89,0,2T,Penalty
6756,2019,26,Atletico-MG,atletico_mg,Réver,rever,69,69,0,2T,Normal
6756,2019,26,Atletico-MG,atletico_mg,Luan Madson Gedeão de Paiva,luan_madson_gedeao_de_paiva,85,85,0,2T,Normal
6757,2019,26,Bahia,bahia,Arthur Caike do Nascimento Cruz,arthur_caike_do_nascimento_cruz,91,90,1,2T,Penalty
6758,2019,26,Flamengo,flamengo,Gabriel Barbosa,gabriel_barbosa,83,83,0,2T,Penalty
6758,2019,26,Fortaleza,fortaleza,Bruno Ferreira Melo,bruno_ferreira_melo,61,61,0,2T,Penalty
6758,2019,26,Flamengo,flamengo,Reinier,reinier,90,90,0,2T,Normal
6759,2019,26,Cruzeiro,cruzeiro,Thiago Neves,thiago_neves,58,58,0,2T,Normal
6760,2019,26,Palmeiras,palmeiras,Felipe Melo,felipe_melo,99,90,9,2T,Normal
6762,2019,26,Vasco,vasco,Bruno Gomes,bruno_gomes,8,8,0,1T,Normal
6762,2019,26,Vasco,vasco,Ribamar,ribamar,18,18,0,1T,Normal
6762,2019,26,Botafogo-RJ,botafogo_rj,Marcelo da Conceição Benevenuto Malaquias,marcelo_da_conceicao_benevenuto_malaquias,22,22,0,1T,Normal
6761,2019,26,Corinthians,corinthians,Janderson,janderson,11,11,0,1T,Normal
6761,2019,26,Corinthians,corinthians,Gustavo,gustavo,97,90,7,2T,Penalty
6761,2019,26,Goias,goias,Michael Richard Delgado de Oliveira,michael_richard_delgado_de_oliveira,37,37,0,1T,Normal
6761,2019,26,Goias,goias,Leandro Barcia Montero,leandro_barcia_montero,71,71,0,2T,Normal
6765,2019,26,Fluminense,fluminense,Frazan,frazan,4,4,0,1T,Normal
6765,2019,26,Athletico-PR,athletico_pr,Madson,madson,48,45,3,1T,Normal
6765,2019,26,Athletico-PR,athletico_pr,Madson,madson,71,71,0,2T,Normal
6764,2019,26,Ceara,ceara,Lima,lima,18,18,0,1T,Normal
6764,2019,26,Santos,santos,Eduardo Sasha,eduardo_sasha,56,56,0,2T,Normal
6764,2019,26,Santos,santos,Gustavo Henrique Vernes,gustavo_henrique_vernes,84,84,0,2T,Normal
6763,2019,26,Internacional,internacional,Patrick,patrick,22,22,0,1T,Normal
6763,2019,26,Internacional,internacional,Martín Sarrafiore,martin_sarrafiore,85,85,0,2T,Normal
6766,2019,27,Fortaleza,fortaleza,Wellington Paulista,wellington_paulista,35,35,0,1T,Normal
6766,2019,27,Fortaleza,fortaleza,Osvaldo Filho,osvaldo_filho,41,41,0,1T,Normal
6766,2019,27,Gremio,gremio,Paulo Miranda,paulo_miranda,10,10,0,1T,Normal
6767,2019,27,Cruzeiro,cruzeiro,Éderson,ederson,71,71,0,2T,Normal
6767,2019,27,Cruzeiro,cruzeiro,Fred,fred,38,38,0,1T,Penalty
6767,2019,27,Corinthians,corinthians,Fagner,fagner,34,34,0,1T,Normal
6768,2019,27,Vasco,vasco,Marrony,marrony,53,53,0,2T,Normal
6769,2019,27,Sao Paulo,sao_paulo,Robert Arboleda,robert_arboleda,51,51,0,2T,Normal
6770,2019,27,Atletico-MG,atletico_mg,Leonardo Silva,leonardo_silva,22,22,0,1T,Normal
6770,2019,27,Atletico-MG,atletico_mg,Luan Madson Gedeão de Paiva,luan_madson_gedeao_de_paiva,2,2,0,1T,Normal
6771,2019,27,Flamengo,flamengo,Bruno Henrique,bruno_henrique,4,4,0,1T,Normal
6771,2019,27,Flamengo,flamengo,Gerson Santos da Silva,gerson_santos_da_silva,66,66,0,2T,Normal
6772,2019,27,Goias,goias,Rafael Diniz Alves e Silva,rafael_diniz_alves_e_silva,49,49,0,2T,Normal
6772,2019,27,Goias,goias,Rafael Vaz,rafael_vaz,85,85,0,2T,Normal
6772,2019,27,Chapecoense,chapecoense,Henrique Almeida,henrique_almeida,30,30,0,1T,Penalty
6772,2019,27,Chapecoense,chapecoense,Everaldo Stum,everaldo_stum,23,23,0,1T,Normal
6773,2019,27,Athletico-PR,athletico_pr,Marcelo Cirino da Silva,marcelo_cirino_da_silva,7,7,0,1T,Normal
6773,2019,27,Palmeiras,palmeiras,Deyverson,deyverson,41,41,0,1T,Normal
6774,2019,27,Bahia,bahia,Artur Victor Guimarães,artur_victor_guimaraes,76,76,0,2T,Normal
6774,2019,27,Ceara,ceara,Luiz Otávio,luiz_otavio,86,86,0,2T,Normal
6774,2019,27,Ceara,ceara,Luiz Otávio,luiz_otavio,94,90,4,2T,Normal
6775,2019,27,CSA,csa,Ricardo Bueno,ricardo_bueno,67,67,0,2T,Penalty
6775,2019,27,Botafogo-RJ,botafogo_rj,Luciano Castán,luciano_castan,16,16,0,1T,Gol Contra
6775,2019,27,Botafogo-RJ,botafogo_rj,Igor Cássio,igor_cassio,69,69,0,2T,Normal
6780,2019,28,Cruzeiro,cruzeiro,Luis Manuel Orejuela,luis_manuel_orejuela,80,80,0,2T,Normal
6780,2019,28,Fortaleza,fortaleza,Wellington Paulista,wellington_paulista,83,83,0,2T,Normal
6777,2019,28,Ceara,ceara,Bérgson Gustavo Silveira da Silva,bergson_gustavo_silveira_da_silva,81,81,0,2T,Normal
6777,2019,28,Vasco,vasco,Rossicley Pereira da Silva,rossicley_pereira_da_silva,18,18,0,1T,Normal
6778,2019,28,Internacional,internacional,Paolo Guerrero,paolo_guerrero,50,50,0,2T,Normal
6778,2019,28,Internacional,internacional,Paolo Guerrero,paolo_guerrero,74,74,0,2T,Normal
6778,2019,28,Bahia,bahia,Artur Victor Guimarães,artur_victor_guimaraes,71,71,0,2T,Normal
6778,2019,28,Internacional,internacional,Guilherme Parede,guilherme_parede,53,53,0,2T,Normal
6778,2019,28,Bahia,bahia,José Carlos Ferreira Júnior,jose_carlos_ferreira_junior,86,86,0,2T,Normal
6779,2019,28,Chapecoense,chapecoense,Everaldo Stum,everaldo_stum,27,27,0,1T,Normal
6779,2019,28,Fluminense,fluminense,Marcos Paulo Costa do Nascimento,marcos_paulo_costa_do_nascimento,52,52,0,2T,Normal
6781,2019,28,Athletico-PR,athletico_pr,Rony,rony,54,54,0,2T,Normal
6781,2019,28,Athletico-PR,athletico_pr,Adriano Correia Claro,adriano_correia_claro,62,62,0,2T,Normal
6781,2019,28,Athletico-PR,athletico_pr,Marco Ruben,marco_ruben,94,90,4,2T,Normal
6781,2019,28,Athletico-PR,athletico_pr,Léo Pereira,leo_pereira,48,48,0,2T,Normal
6781,2019,28,Goias,goias,Rafael Moura,rafael_moura,46,45,1,1T,Normal
6782,2019,28,Gremio,gremio,Maicon,maicon,12,12,0,1T,Normal
6782,2019,28,Gremio,gremio,Thaciano,thaciano,71,71,0,2T,Normal
6782,2019,28,Gremio,gremio,Everton Sousa Soares,everton_sousa_soares,80,80,0,2T,Normal
6783,2019,28,Sao Paulo,sao_paulo,Vitor Bueno,vitor_bueno,57,57,0,2T,Normal
6783,2019,28,Sao Paulo,sao_paulo,Igor Gomes,igor_gomes,51,51,0,2T,Normal
6784,2019,28,Avai,avai,João Paulo,joao_paulo,79,79,0,2T,Penalty
6784,2019,28,Palmeiras,palmeiras,Deyverson,deyverson,54,54,0,2T,Normal
6784,2019,28,Palmeiras,palmeiras,Gustavo Scarpa,gustavo_scarpa,86,86,0,2T,Penalty
6785,2019,28,Flamengo,flamengo,Giorgian De Arrascaeta,giorgian_de_arrascaeta,9,9,0,1T,Normal
6786,2019,29,Palmeiras,palmeiras,Felipe Melo,felipe_melo,42,42,0,1T,Normal
6786,2019,29,Palmeiras,palmeiras,Gustavo Scarpa,gustavo_scarpa,57,57,0,2T,Normal
6786,2019,29,Palmeiras,palmeiras,Bruno Henrique Corsini,bruno_henrique_corsini,12,12,0,1T,Normal
6788,2019,29,Chapecoense,chapecoense,Henrique Almeida,henrique_almeida,6,6,0,1T,Normal
6788,2019,29,Chapecoense,chapecoense,Everaldo Stum,everaldo_stum,50,50,0,2T,Normal
6787,2019,29,Fortaleza,fortaleza,Romarinho,romarinho,52,52,0,2T,Normal
6787,2019,29,Avai,avai,Vinícius Vasconcelos Araújo,vinicius_vasconcelos_araujo,51,51,0,2T,Normal
6787,2019,29,Fortaleza,fortaleza,Wellington Paulista,wellington_paulista,89,89,0,2T,Penalty
6787,2019,29,Fortaleza,fortaleza,Paulo Marcos de Jesus Ribeiro,paulo_marcos_de_jesus_ribeiro,23,23,0,1T,Normal
6790,2019,29,Gremio,gremio,Luciano da Rocha Neves,luciano_da_rocha_neves,68,68,0,2T,Penalty
6790,2019,29,Vasco,vasco,Fredy Guarín,fredy_guarin,9,9,0,1T,Normal
6790,2019,29,Gremio,gremio,Pepê,pepe,33,33,0,1T,Normal
6790,2019,29,Gremio,gremio,Everton Sousa Soares,everton_sousa_soares,54,54,0,2T,Normal
6789,2019,29,Ceara,ceara,Mateus Gonçalves Martins,mateus_goncalves_martins,92,90,2,2T,Normal
6789,2019,29,Ceara,ceara,Bérgson Gustavo Silveira da Silva,bergson_gustavo_silveira_da_silva,14,14,0,1T,Normal
6791,2019,29,CSA,csa,Apodi,apodi,25,25,0,1T,Normal
6791,2019,29,CSA,csa,Ricardo Bueno,ricardo_bueno,80,80,0,2T,Normal
6791,2019,29,Corinthians,corinthians,Pedrinho,pedrinho,45,45,0,1T,Normal
6792,2019,29,Santos,santos,Carlos Andrés Sánchez,carlos_andres_sanchez,54,54,0,2T,Penalty
6793,2019,29,Goias,goias,Michael Richard Delgado de Oliveira,michael_richard_delgado_de_oliveira,94,90,4,2T,Normal
6793,2019,29,Flamengo,flamengo,Gabriel Barbosa,gabriel_barbosa,55,55,0,2T,Normal
6793,2019,29,Flamengo,flamengo,Rodrigo Caio,rodrigo_caio,63,63,0,2T,Normal
6793,2019,29,Goias,goias,Rafael Moura,rafael_moura,77,77,0,2T,Normal
6794,2019,29,Athletico-PR,athletico_pr,Rony,rony,22,22,0,1T,Normal
6794,2019,29,Internacional,internacional,Rodrigo Lindoso,rodrigo_lindoso,11,11,0,1T,Normal
6795,2019,29,Cruzeiro,cruzeiro,Carlos de Menezes Júnior,carlos_de_menezes_junior,26,26,0,1T,Normal
6795,2019,29,Cruzeiro,cruzeiro,Éderson,ederson,97,90,7,2T,Normal
6796,2019,30,Fortaleza,fortaleza,Gabriel Dias de Oliveira,gabriel_dias_de_oliveira,28,28,0,1T,Normal
6796,2019,30,Atletico-MG,atletico_mg,Patric Cabral Lalau,patric_cabral_lalau,24,24,0,1T,Normal
6796,2019,30,Atletico-MG,atletico_mg,Fábio Santos,fabio_santos,86,86,0,2T,Normal
6796,2019,30,Fortaleza,fortaleza,Gabriel Dias de Oliveira,gabriel_dias_de_oliveira,15,15,0,1T,Normal
6798,2019,30,Palmeiras,palmeiras,José Rafael Vivian,jose_rafael_vivian,17,17,0,1T,Normal
6799,2019,30,Sao Paulo,sao_paulo,Bruno Alves,bruno_alves,7,7,0,1T,Normal
6799,2019,30,Sao Paulo,sao_paulo,Vitor Bueno,vitor_bueno,24,24,0,1T,Normal
6799,2019,30,Sao Paulo,sao_paulo,Antony Matheus dos Santos,antony_matheus_dos_santos,80,80,0,2T,Normal
6801,2019,30,Athletico-PR,athletico_pr,Marcelo Cirino da Silva,marcelo_cirino_da_silva,82,82,0,2T,Normal
6800,2019,30,Flamengo,flamengo,Bruno Henrique,bruno_henrique,46,46,0,2T,Normal
6800,2019,30,Flamengo,flamengo,Bruno Henrique,bruno_henrique,47,45,2,1T,Normal
6800,2019,30,Flamengo,flamengo,Victor Vinícius Coelho Santos,victor_vinicius_coelho_santos,67,67,0,2T,Normal
6800,2019,30,Flamengo,flamengo,Bruno Henrique,bruno_henrique,46,45,1,1T,Normal
6800,2019,30,Corinthians,corinthians,Mateus Vital,mateus_vital,52,52,0,2T,Normal
6802,2019,30,Gremio,gremio,Pedro Geromel,pedro_geromel,34,34,0,1T,Normal
6802,2019,30,Gremio,gremio,Rômulo Borges Monteiro,romulo_borges_monteiro,78,78,0,2T,Normal
6803,2019,30,Santos,santos,Mário Sérgio Santos Costa,mario_sergio_santos_costa,13,13,0,1T,Normal
6803,2019,30,Santos,santos,Yeferson Soteldo,yeferson_soteldo,68,68,0,2T,Normal
6803,2019,30,Santos,santos,Yeferson Soteldo,yeferson_soteldo,69,69,0,2T,Normal
6803,2019,30,Santos,santos,Eduardo Sasha,eduardo_sasha,3,3,0,1T,Normal
6803,2019,30,Botafogo-RJ,botafogo_rj,Igor Cássio,igor_cassio,34,34,0,1T,Normal
6804,2019,30,Cruzeiro,cruzeiro,Luiz Ricardo Alves,luiz_ricardo_alves,74,74,0,2T,Normal
6804,2019,30,Bahia,bahia,José Fernando Viana de Santana,jose_fernando_viana_de_santana,66,66,0,2T,Penalty
6805,2019,30,Goias,goias,Thalles,thalles,94,90,4,2T,Normal
6805,2019,30,Goias,goias,Rafael Moura,rafael_moura,91,90,1,2T,Penalty
6806,2019,31,Corinthians,corinthians,Júnior Urso,junior_urso,48,48,0,2T,Normal
6806,2019,31,Fortaleza,fortaleza,Romarinho,romarinho,34,34,0,1T,Normal
6806,2019,31,Corinthians,corinthians,Mauro Boselli,mauro_boselli,37,37,0,1T,Normal
6806,2019,31,Fortaleza,fortaleza,Kieza,kieza,52,52,0,2T,Normal
6806,2019,31,Corinthians,corinthians,Mauro Boselli,mauro_boselli,72,72,0,2T,Normal
6807,2019,31,Atletico-MG,atletico_mg,Bruninho,bruninho,94,90,4,2T,Normal
6807,2019,31,Atletico-MG,atletico_mg,José Marcos Costa Martins,jose_marcos_costa_martins,54,54,0,2T,Normal
6808,2019,31,Avai,avai,João Paulo,joao_paulo,35,35,0,1T,Normal
6808,2019,31,Santos,santos,Eduardo Sasha,eduardo_sasha,9,9,0,1T,Normal
6808,2019,31,Santos,santos,Mário Sérgio Santos Costa,mario_sergio_santos_costa,24,24,0,1T,Normal
6810,2019,31,Vasco,vasco,Mayke,mayke,18,18,0,1T,Gol Contra
6810,2019,31,Palmeiras,palmeiras,Lucas Rafael Araújo Lima,lucas_rafael_araujo_lima,12,12,0,1T,Normal
6810,2019,31,Palmeiras,palmeiras,Luiz Adriano,luiz_adriano,77,77,0,2T,Normal
6811,2019,31,Bahia,bahia,Marco Antonio Rosa Furtado Júnior,marco_antonio_rosa_furtado_junior,85,85,0,2T,Normal
6811,2019,31,Chapecoense,chapecoense,Henrique Almeida,henrique_almeida,14,14,0,1T,Normal
6812,2019,31,Ceara,ceara,Thiago Galhardo,thiago_galhardo,42,42,0,1T,Normal
6812,2019,31,Ceara,ceara,Mateus Gonçalves Martins,mateus_goncalves_martins,88,88,0,2T,Normal
6813,2019,31,Fluminense,fluminense,Rodrigo Junior Paula Silva,rodrigo_junior_paula_silva,37,37,0,1T,Normal
6813,2019,31,Fluminense,fluminense,Marcos Paulo Costa do Nascimento,marcos_paulo_costa_do_nascimento,40,40,0,1T,Normal
6814,2019,31,Flamengo,flamengo,Lincoln Corrêa dos Santos,lincoln_correa_dos_santos,89,89,0,2T,Normal
6815,2019,31,Gremio,gremio,Ronaldo Alves,ronaldo_alves,93,90,3,2T,Gol Contra
6815,2019,31,Gremio,gremio,Diego Tardelli,diego_tardelli,8,8,0,1T,Normal
6815,2019,31,CSA,csa,Rafinha,rafinha,90,90,0,2T,Normal
6816,2019,32,Santos,santos,Yeferson Soteldo,yeferson_soteldo,73,73,0,2T,Normal
6816,2019,32,Santos,santos,Mário Sérgio Santos Costa,mario_sergio_santos_costa,60,60,0,2T,Normal
6816,2019,32,Santos,santos,Yeferson Soteldo,yeferson_soteldo,25,25,0,1T,Normal
6817,2019,32,Palmeiras,palmeiras,Bruno Henrique Corsini,bruno_henrique_corsini,94,90,4,2T,Normal
6817,2019,32,Corinthians,corinthians,Michel Macedo Rocha Machado,michel_macedo_rocha_machado,92,90,2,2T,Normal
6820,2019,32,Athletico-PR,athletico_pr,Marcelo Cirino da Silva,marcelo_cirino_da_silva,90,90,0,2T,Normal
6818,2019,32,Internacional,internacional,William Pottker,william_pottker,35,35,0,1T,Normal
6818,2019,32,Internacional,internacional,William Pottker,william_pottker,39,39,0,1T,Normal
6818,2019,32,Fluminense,fluminense,Wellington Nem,wellington_nem,72,72,0,2T,Normal
6821,2019,32,Flamengo,flamengo,Reinier,reinier,54,54,0,2T,Normal
6821,2019,32,Flamengo,flamengo,Bruno Henrique,bruno_henrique,72,72,0,2T,Normal
6821,2019,32,Bahia,bahia,Willian Arão,willian_arao,39,39,0,1T,Gol Contra
6821,2019,32,Flamengo,flamengo,Gabriel Barbosa,gabriel_barbosa,87,87,0,2T,Normal
6822,2019,32,Gremio,gremio,Luciano da Rocha Neves,luciano_da_rocha_neves,3,3,0,1T,Normal
6823,2019,32,Fortaleza,fortaleza,Wellington Paulista,wellington_paulista,13,13,0,1T,Normal
6824,2019,32,Vasco,vasco,Raul,raul,26,26,0,1T,Normal
6824,2019,32,Vasco,vasco,Oswaldo José Henríquez Bocanegra,oswaldo_jose_henriquez_bocanegra,67,67,0,2T,Normal
6824,2019,32,Vasco,vasco,Carlos Andrade Souza,carlos_andrade_souza,81,81,0,2T,Gol Contra
6825,2019,32,Botafogo-RJ,botafogo_rj,Ricardo Thalheimer,ricardo_thalheimer,13,13,0,1T,Gol Contra
6825,2019,32,Botafogo-RJ,botafogo_rj,Diego Souza,diego_souza,88,88,0,2T,Penalty
6826,2019,34,Flamengo,flamengo,Bruno Henrique,bruno_henrique,65,65,0,2T,Normal
6826,2019,34,Vasco,vasco,Ribamar,ribamar,93,90,3,2T,Normal
6826,2019,34,Flamengo,flamengo,Danilo Barcelos,danilo_barcelos,50,45,5,1T,Gol Contra
6826,2019,34,Flamengo,flamengo,Bruno Henrique,bruno_henrique,80,80,0,2T,Normal
6826,2019,34,Vasco,vasco,Yago Pikachu,yago_pikachu,38,38,0,1T,Penalty
6826,2019,34,Vasco,vasco,Marrony,marrony,34,34,0,1T,Normal
6826,2019,34,Flamengo,flamengo,Éverton Ribeiro,everton_ribeiro,1,1,0,1T,Normal
6826,2019,34,Vasco,vasco,Marcos Antônio Candido Ferreira Júnior,marcos_antonio_candido_ferreira_junior,52,52,0,2T,Normal
6836,2019,33,Sao Paulo,sao_paulo,Daniel Alves,daniel_alves,55,55,0,2T,Normal
6836,2019,33,Santos,santos,Carlos Andrés Sánchez,carlos_andres_sanchez,8,8,0,1T,Penalty
6837,2019,33,Atletico-MG,atletico_mg,Franco Di Santo,franco_di_santo,89,89,0,2T,Normal
6837,2019,33,Fluminense,fluminense,Patric Cabral Lalau,patric_cabral_lalau,16,16,0,1T,Gol Contra
6841,2019,33,Athletico-PR,athletico_pr,Thonny Anderson,thonny_anderson,59,59,0,2T,Normal
6838,2019,33,Flamengo,flamengo,Gabriel Barbosa,gabriel_barbosa,37,37,0,1T,Penalty
6839,2019,33,Bahia,bahia,Arthur Caike do Nascimento Cruz,arthur_caike_do_nascimento_cruz,47,45,2,1T,Normal
6839,2019,33,Palmeiras,palmeiras,Miguel Borja,miguel_borja,71,71,0,2T,Normal
6840,2019,33,Chapecoense,chapecoense,Everaldo Stum,everaldo_stum,82,82,0,2T,Normal
6843,2019,33,Fortaleza,fortaleza,Paulo Marcos de Jesus Ribeiro,paulo_marcos_de_jesus_ribeiro,54,54,0,2T,Normal
6843,2019,33,Fortaleza,fortaleza,Paulo Roberto Valoura Junior,paulo_roberto_valoura_junior,34,34,0,1T,Normal
6843,2019,33,Fortaleza,fortaleza,Tinga,tinga,49,49,0,2T,Normal
6844,2019,33,Vasco,vasco,Fredy Guarín,fredy_guarin,35,35,0,1T,Normal
6844,2019,33,Goias,goias,Oswaldo José Henríquez Bocanegra,oswaldo_jose_henriquez_bocanegra,97,90,7,2T,Gol Contra
6827,2019,34,Santos,santos,Diego Pituca,diego_pituca,90,90,0,2T,Normal
6827,2019,34,Santos,santos,Eduardo Sasha,eduardo_sasha,23,23,0,1T,Normal
6827,2019,34,Cruzeiro,cruzeiro,Luis Manuel Orejuela,luis_manuel_orejuela,14,14,0,1T,Normal
6827,2019,34,Santos,santos,Mário Sérgio Santos Costa,mario_sergio_santos_costa,60,60,0,2T,Normal
6827,2019,34,Santos,santos,Yeferson Soteldo,yeferson_soteldo,65,65,0,2T,Normal
6829,2019,34,Athletico-PR,athletico_pr,Vitor Hugo Naum dos Santos,vitor_hugo_naum_dos_santos,87,87,0,2T,Normal
6828,2019,34,Gremio,gremio,Pepê,pepe,94,90,4,2T,Normal
6828,2019,34,Palmeiras,palmeiras,Bruno Henrique Corsini,bruno_henrique_corsini,83,83,0,2T,Penalty
6828,2019,34,Gremio,gremio,Everton Sousa Soares,everton_sousa_soares,69,69,0,2T,Penalty
6830,2019,34,Goias,goias,Rafael Moura,rafael_moura,8,8,0,1T,Normal
6830,2019,34,Bahia,bahia,Gilberto Oliveira Souza Junior,gilberto_oliveira_souza_junior,59,59,0,2T,Normal
6830,2019,34,Goias,goias,Michael Richard Delgado de Oliveira,michael_richard_delgado_de_oliveira,12,12,0,1T,Normal
6830,2019,34,Bahia,bahia,João Pedro Maturano dos Santos,joao_pedro_maturano_dos_santos,77,77,0,2T,Normal
6830,2019,34,Goias,goias,Gilberto dos Santos Souza Júnior,gilberto_dos_santos_souza_junior,71,71,0,2T,Normal
6830,2019,34,Bahia,bahia,José Fernando Viana de Santana,jose_fernando_viana_de_santana,91,90,1,2T,Normal
6830,2019,34,Goias,goias,Jonathan Marlone,jonathan_marlone,79,79,0,2T,Normal
6831,2019,34,Botafogo-RJ,botafogo_rj,Diego Souza,diego_souza,19,19,0,1T,Normal
6833,2019,34,Fortaleza,fortaleza,Osvaldo Filho,osvaldo_filho,8,8,0,1T,Normal
6833,2019,34,Fortaleza,fortaleza,Tinga,tinga,72,72,0,2T,Normal
6833,2019,34,Internacional,internacional,Paolo Guerrero,paolo_guerrero,43,43,0,1T,Normal
6833,2019,34,Internacional,internacional,Paolo Guerrero,paolo_guerrero,83,83,0,2T,Normal
6834,2019,34,Chapecoense,chapecoense,Everaldo Stum,everaldo_stum,77,77,0,2T,Normal
6832,2019,34,Ceara,ceara,Felipe de Oliveira Silva,felipe_de_oliveira_silva,96,90,6,2T,Normal
6832,2019,34,Sao Paulo,sao_paulo,Vitor Bueno,vitor_bueno,46,45,1,1T,Normal
6835,2019,34,Fluminense,fluminense,Yony González,yony_gonzalez,50,50,0,2T,Normal
6846,2019,35,Goias,goias,Michael Richard Delgado de Oliveira,michael_richard_delgado_de_oliveira,72,72,0,2T,Normal
6846,2019,35,Internacional,internacional,Paolo Guerrero,paolo_guerrero,78,78,0,2T,Normal
6846,2019,35,Goias,goias,Rafael Moura,rafael_moura,14,14,0,1T,Normal
6847,2019,35,Botafogo-RJ,botafogo_rj,Rhuan,rhuan,53,53,0,2T,Normal
6849,2019,35,Athletico-PR,athletico_pr,Márcio Azevedo,marcio_azevedo,33,33,0,1T,Normal
6849,2019,35,Athletico-PR,athletico_pr,Nikão,nikao,64,64,0,2T,Penalty
6848,2019,35,Bahia,bahia,José Élber Pimentel da Silva,jose_elber_pimentel_da_silva,64,64,0,2T,Normal
6848,2019,35,Atletico-MG,atletico_mg,Juan Cazares,juan_cazares,54,54,0,2T,Normal
6851,2019,35,Corinthians,corinthians,Mauro Boselli,mauro_boselli,87,87,0,2T,Normal
6851,2019,35,Corinthians,corinthians,Gustavo,gustavo,22,22,0,1T,Normal
6851,2019,35,Corinthians,corinthians,Júnior Urso,junior_urso,52,52,0,2T,Normal
6850,2019,35,Flamengo,flamengo,Victor Vinícius Coelho Santos,victor_vinicius_coelho_santos,91,90,1,2T,Normal
6850,2019,35,Flamengo,flamengo,Bruno Henrique,bruno_henrique,65,65,0,2T,Normal
6850,2019,35,Ceara,ceara,Thiago Galhardo,thiago_galhardo,27,27,0,1T,Normal
6850,2019,35,Flamengo,flamengo,Bruno Henrique,bruno_henrique,74,74,0,2T,Normal
6850,2019,35,Flamengo,flamengo,Bruno Henrique,bruno_henrique,85,85,0,2T,Normal
6852,2019,35,Fluminense,fluminense,Marcos Paulo Costa do Nascimento,marcos_paulo_costa_do_nascimento,38,38,0,1T,Normal
6853,2019,35,Santos,santos,Carlos Andrés Sánchez,carlos_andres_sanchez,69,69,0,2T,Normal
6853,2019,35,Fortaleza,fortaleza,Edinho,edinho,50,50,0,2T,Normal
6853,2019,35,Fortaleza,fortaleza,Osvaldo Filho,osvaldo_filho,65,65,0,2T,Normal
6854,2019,35,Sao Paulo,sao_paulo,Antony Matheus dos Santos,antony_matheus_dos_santos,6,6,0,1T,Normal
6855,2019,35,CSA,csa,Alan Henrique Costa,alan_henrique_costa,43,43,0,1T,Normal
6856,2019,36,Internacional,internacional,Paolo Guerrero,paolo_guerrero,84,84,0,2T,Normal
6857,2019,36,Ceara,ceara,Mateus Gonçalves Martins,mateus_goncalves_martins,88,88,0,2T,Normal
6857,2019,36,Athletico-PR,athletico_pr,Madson,madson,94,90,4,2T,Normal
6859,2019,36,Flamengo,flamengo,Giorgian De Arrascaeta,giorgian_de_arrascaeta,4,4,0,1T,Normal
6859,2019,36,Flamengo,flamengo,Gabriel Barbosa,gabriel_barbosa,46,45,1,1T,Normal
6859,2019,36,Flamengo,flamengo,Gabriel Barbosa,gabriel_barbosa,46,46,0,2T,Normal
6859,2019,36,Palmeiras,palmeiras,Matheus Fernandes,matheus_fernandes,84,84,0,2T,Normal
6858,2019,36,Fluminense,fluminense,Marcos Paulo Costa do Nascimento,marcos_paulo_costa_do_nascimento,36,36,0,1T,Normal
6858,2019,36,Avai,avai,João Paulo,joao_paulo,93,90,3,2T,Penalty
6860,2019,36,Fortaleza,fortaleza,Bruno Ferreira Melo,bruno_ferreira_melo,16,16,0,1T,Normal
6860,2019,36,Fortaleza,fortaleza,Osvaldo Filho,osvaldo_filho,26,26,0,1T,Normal
6860,2019,36,Goias,goias,Rafael Moura,rafael_moura,43,43,0,1T,Normal
6861,2019,36,Bahia,bahia,Arthur Caike do Nascimento Cruz,arthur_caike_do_nascimento_cruz,86,86,0,2T,Normal
6861,2019,36,CSA,csa,Nílton Ferreira Júnior,nilton_ferreira_junior,55,55,0,2T,Normal
6861,2019,36,Bahia,bahia,Gilberto Oliveira Souza Junior,gilberto_oliveira_souza_junior,32,32,0,1T,Normal
6862,2019,36,Atletico-MG,atletico_mg,Fábio Santos,fabio_santos,74,74,0,2T,Penalty
6862,2019,36,Atletico-MG,atletico_mg,Juan Cazares,juan_cazares,19,19,0,1T,Normal
6862,2019,36,Corinthians,corinthians,Janderson,janderson,20,20,0,1T,Normal
6863,2019,36,Santos,santos,Evandro Goebel,evandro_goebel,49,49,0,2T,Normal
6863,2019,36,Santos,santos,Lucas Veríssimo,lucas_verissimo,8,8,0,1T,Normal
6864,2019,36,Gremio,gremio,Luciano da Rocha Neves,luciano_da_rocha_neves,62,62,0,2T,Normal
6864,2019,36,Gremio,gremio,Luciano da Rocha Neves,luciano_da_rocha_neves,56,56,0,2T,Penalty
6864,2019,36,Gremio,gremio,Alisson Euler de Freitas Castro,alisson_euler_de_freitas_castro,58,58,0,2T,Normal
6865,2019,36,Vasco,vasco,Fredy Guarín,fredy_guarin,10,10,0,1T,Normal
6866,2019,37,Athletico-PR,athletico_pr,Marco Ruben,marco_ruben,47,47,0,2T,Normal
6868,2019,37,Atletico-MG,atletico_mg,Jair Rodrigues Júnior,jair_rodrigues_junior,41,41,0,1T,Normal
6868,2019,37,Atletico-MG,atletico_mg,Luan Madson Gedeão de Paiva,luan_madson_gedeao_de_paiva,68,68,0,2T,Normal
6867,2019,37,Corinthians,corinthians,Gustavo,gustavo,81,81,0,2T,Normal
6869,2019,37,Chapecoense,chapecoense,Gustavo Campanharo,gustavo_campanharo,2,2,0,1T,Normal
6869,2019,37,Chapecoense,chapecoense,Arthur Gomes,arthur_gomes,59,59,0,2T,Normal
6869,2019,37,Chapecoense,chapecoense,Maurício Ramos,mauricio_ramos,79,79,0,2T,Normal
6871,2019,37,Sao Paulo,sao_paulo,Vitor Bueno,vitor_bueno,49,49,0,2T,Normal
6871,2019,37,Internacional,internacional,Guilherme Parede,guilherme_parede,70,70,0,2T,Normal
6871,2019,37,Sao Paulo,sao_paulo,Antony Matheus dos Santos,antony_matheus_dos_santos,16,16,0,1T,Normal
6872,2019,37,Gremio,gremio,Aldemir Ferreira,aldemir_ferreira,67,67,0,2T,Normal
6872,2019,37,Gremio,gremio,Pepê,pepe,85,85,0,2T,Penalty
6873,2019,37,Palmeiras,palmeiras,Eduardo Pereira Rodrigues,eduardo_pereira_rodrigues,34,34,0,1T,Normal
6873,2019,37,Palmeiras,palmeiras,Eduardo Pereira Rodrigues,eduardo_pereira_rodrigues,82,82,0,2T,Normal
6873,2019,37,Palmeiras,palmeiras,Gabriel Veron,gabriel_veron,70,70,0,2T,Normal
6873,2019,37,Palmeiras,palmeiras,José Rafael Vivian,jose_rafael_vivian,22,22,0,1T,Normal
6873,2019,37,Palmeiras,palmeiras,Gabriel Veron,gabriel_veron,90,90,0,2T,Normal
6873,2019,37,Goias,goias,Rafael Moura,rafael_moura,27,27,0,1T,Penalty
6874,2019,37,Vasco,vasco,Marrony,marrony,85,85,0,2T,Normal
6874,2019,37,Bahia,bahia,Gilberto Oliveira Souza Junior,gilberto_oliveira_souza_junior,45,45,0,1T,Penalty
6875,2019,37,Flamengo,flamengo,Lincoln Corrêa dos Santos,lincoln_correa_dos_santos,57,57,0,2T,Normal
6875,2019,37,Flamengo,flamengo,Giorgian De Arrascaeta,giorgian_de_arrascaeta,11,11,0,1T,Normal
6875,2019,37,Flamengo,flamengo,Reinier,reinier,84,84,0,2T,Normal
6875,2019,37,Flamengo,flamengo,Diego Ribas,diego_ribas,37,37,0,1T,Normal
6875,2019,37,Flamengo,flamengo,Reinier,reinier,89,89,0,2T,Normal
6875,2019,37,Flamengo,flamengo,Gabriel Barbosa,gabriel_barbosa,39,39,0,1T,Normal
6875,2019,37,Avai,avai,Lourenço,lourenco,22,22,0,1T,Normal
6876,2019,38,Corinthians,corinthians,Gustavo,gustavo,63,63,0,2T,Normal
6876,2019,38,Fluminense,fluminense,Francisco Evanilson de Lima Barbosa,francisco_evanilson_de_lima_barbosa,8,8,0,1T,Normal
6876,2019,38,Fluminense,fluminense,Francisco Evanilson de Lima Barbosa,francisco_evanilson_de_lima_barbosa,28,28,0,1T,Normal
6878,2019,38,Ceara,ceara,Thiago Galhardo,thiago_galhardo,66,66,0,2T,Penalty
6878,2019,38,Botafogo-RJ,botafogo_rj,Marcos Vinícius de Jesus Araújo,marcos_vinicius_de_jesus_araujo,39,39,0,1T,Normal
6880,2019,38,Internacional,internacional,Víctor Cuesta,victor_cuesta,98,90,8,2T,Normal
6880,2019,38,Atletico-MG,atletico_mg,Rómulo Otero,romulo_otero,6,6,0,1T,Normal
6880,2019,38,Internacional,internacional,Paolo Guerrero,paolo_guerrero,82,82,0,2T,Normal
6879,2019,38,CSA,csa,Jarro Pedroso,jarro_pedroso,44,44,0,1T,Normal
6879,2019,38,Sao Paulo,sao_paulo,Jonas Toró,jonas_toro,11,11,0,1T,Normal
6879,2019,38,Sao Paulo,sao_paulo,Igor Vinícius,igor_vinicius,14,14,0,1T,Normal
6881,2019,38,Palmeiras,palmeiras,José Rafael Vivian,jose_rafael_vivian,58,58,0,2T,Normal
6881,2019,38,Palmeiras,palmeiras,Eduardo Pereira Rodrigues,eduardo_pereira_rodrigues,84,84,0,2T,Normal
6882,2019,38,Goias,goias,Rafael Moura,rafael_moura,4,4,0,1T,Normal
6882,2019,38,Gremio,gremio,Isaque Elias,isaque_elias,37,37,0,1T,Normal
6882,2019,38,Goias,goias,Rafael Moura,rafael_moura,45,45,0,1T,Normal
6882,2019,38,Goias,goias,Yago Rocha,yago_rocha,65,65,0,2T,Normal
6882,2019,38,Gremio,gremio,Patrick,patrick,23,23,0,1T,Normal
6883,2019,38,Chapecoense,chapecoense,Vinícius,vinicius,93,90,3,2T,Normal
6883,2019,38,Vasco,vasco,Yago Pikachu,yago_pikachu,84,84,0,2T,Penalty
6885,2019,38,Bahia,bahia,Artur Victor Guimarães,artur_victor_guimaraes,33,33,0,1T,Normal
6885,2019,38,Fortaleza,fortaleza,Osvaldo Filho,osvaldo_filho,13,13,0,1T,Normal
6885,2019,38,Fortaleza,fortaleza,Tinga,tinga,78,78,0,2T,Normal
6877,2019,38,Santos,santos,Carlos Andrés Sánchez,carlos_andres_sanchez,23,23,0,1T,Normal
6877,2019,38,Santos,santos,Carlos Andrés Sánchez,carlos_andres_sanchez,85,85,0,2T,Normal
6877,2019,38,Santos,santos,Eduardo Sasha,eduardo_sasha,63,63,0,2T,Normal
6877,2019,38,Santos,santos,Mário Sérgio Santos Costa,mario_sergio_santos_costa,15,15,0,1T,Normal
6888,2020,1,Sport,sport,Elton Rodrigues Brandão,elton_rodrigues_brandao,20,20,0,1T,Normal
6888,2020,1,Sport,sport,Jonatan Gómez,jonatan_gomez,42,42,0,1T,Normal
6888,2020,1,Ceara,ceara,Cléber,cleber,36,36,0,1T,Normal
6888,2020,1,Sport,sport,Elton Rodrigues Brandão,elton_rodrigues_brandao,34,34,0,1T,Penalty
6888,2020,1,Ceara,ceara,Vítor Jacaré,vitor_jacare,57,57,0,2T,Normal
6887,2020,1,Internacional,internacional,Paolo Guerrero,paolo_guerrero,72,72,0,2T,Normal
6886,2020,1,Athletico-PR,athletico_pr,Vitor Hugo Naum dos Santos,vitor_hugo_naum_dos_santos,22,22,0,1T,Normal
6886,2020,1,Athletico-PR,athletico_pr,Léo Cittadini,leo_cittadini,48,45,3,1T,Normal
6890,2020,1,Atletico-MG,atletico_mg,Filipe Luís,filipe_luis,24,24,0,1T,Gol Contra
6889,2020,1,Santos,santos,Mário Sérgio Santos Costa,mario_sergio_santos_costa,65,65,0,2T,Normal
6889,2020,1,Bragantino,bragantino,Claudinho,claudinho,93,90,3,2T,Normal
6891,2020,1,Gremio,gremio,Diego Souza,diego_souza,45,45,0,1T,Normal
6896,2020,2,Athletico-PR,athletico_pr,Carlos Eduardo Ferreira de Souza,carlos_eduardo_ferreira_de_souza,76,76,0,2T,Normal
6896,2020,2,Goias,goias,Daniel Bessa,daniel_bessa,58,45,13,1T,Penalty
6896,2020,2,Athletico-PR,athletico_pr,Vitor Hugo Naum dos Santos,vitor_hugo_naum_dos_santos,32,32,0,1T,Normal
6898,2020,2,Bragantino,bragantino,Alerrandro Barra Mansa Realino de Souza,alerrandro_barra_mansa_realino_de_souza,6,6,0,1T,Normal
6898,2020,2,Botafogo-RJ,botafogo_rj,Matheus Babi,matheus_babi,65,65,0,2T,Normal
6897,2020,2,Corinthians,corinthians,Jô,jo,12,12,0,1T,Normal
6897,2020,2,Atletico-MG,atletico_mg,Hyoran,hyoran,52,52,0,2T,Normal
6897,2020,2,Corinthians,corinthians,Ángelo Araos,angelo_araos,30,30,0,1T,Normal
6897,2020,2,Atletico-MG,atletico_mg,Hyoran,hyoran,56,56,0,2T,Normal
6897,2020,2,Atletico-MG,atletico_mg,Nathan Allan de Souza,nathan_allan_de_souza,61,61,0,2T,Normal
6899,2020,2,Bahia,bahia,Rodrigo Eduardo Costa Marinho,rodrigo_eduardo_costa_marinho,40,40,0,1T,Penalty
6900,2020,2,Atletico-GO,atletico_go,Hyuri,hyuri,15,15,0,1T,Normal
6900,2020,2,Atletico-GO,atletico_go,Jorginho,jorginho,32,32,0,1T,Normal
6900,2020,2,Atletico-GO,atletico_go,Gustavo Ferrareis,gustavo_ferrareis,61,61,0,2T,Normal
6901,2020,2,Gremio,gremio,Thaciano,thaciano,71,71,0,2T,Normal
6901,2020,2,Ceara,ceara,Cléber,cleber,44,44,0,1T,Normal
6902,2020,2,Fluminense,fluminense,Francisco Evanilson de Lima Barbosa,francisco_evanilson_de_lima_barbosa,39,39,0,1T,Normal
6902,2020,2,Palmeiras,palmeiras,Luiz Adriano,luiz_adriano,15,15,0,1T,Normal
6903,2020,2,Sao Paulo,sao_paulo,Daniel Alves,daniel_alves,43,43,0,1T,Normal
6904,2020,2,Internacional,internacional,Paolo Guerrero,paolo_guerrero,57,57,0,2T,Normal
6904,2020,2,Internacional,internacional,Edenílson Andrade dos Santos,edenilson_andrade_dos_santos,88,88,0,2T,Normal
6905,2020,2,Vasco,vasco,Fellipe Bastos,fellipe_bastos,9,9,0,1T,Normal
6905,2020,2,Vasco,vasco,Fellipe Bastos,fellipe_bastos,32,32,0,1T,Normal
6907,2020,3,Flamengo,flamengo,Giorgian De Arrascaeta,giorgian_de_arrascaeta,28,28,0,1T,Normal
6908,2020,3,Palmeiras,palmeiras,Gustavo Gómez,gustavo_gomez,18,18,0,1T,Normal
6908,2020,3,Goias,goias,Rafael Vaz,rafael_vaz,39,39,0,1T,Normal
6909,2020,3,Atletico-MG,atletico_mg,Marrony,marrony,73,73,0,2T,Penalty
6909,2020,3,Atletico-MG,atletico_mg,Marrony,marrony,92,90,2,2T,Normal
6910,2020,3,Bahia,bahia,José Carlos Ferreira Júnior,jose_carlos_ferreira_junior,26,26,0,1T,Normal
6910,2020,3,Bahia,bahia,Ernando Rodrigues Lopes,ernando_rodrigues_lopes,93,90,3,2T,Normal
6910,2020,3,Bragantino,bragantino,Léo Ortiz,leo_ortiz,77,77,0,2T,Normal
6911,2020,3,Vasco,vasco,Germán Cano,german_cano,75,75,0,2T,Normal
6911,2020,3,Vasco,vasco,Germán Cano,german_cano,62,62,0,2T,Normal
6911,2020,3,Sao Paulo,sao_paulo,Reinaldo Manoel da Silva,reinaldo_manoel_da_silva,97,90,7,2T,Penalty
6912,2020,3,Fluminense,fluminense,Nenê,nene,39,39,0,1T,Penalty
6912,2020,3,Internacional,internacional,Paolo Guerrero,paolo_guerrero,28,28,0,1T,Normal
6912,2020,3,Fluminense,fluminense,Nenê,nene,77,77,0,2T,Penalty
6913,2020,3,Atletico-GO,atletico_go,Jorginho,jorginho,13,13,0,1T,Normal
6913,2020,3,Sport,sport,Iago Maidana,iago_maidana,94,90,4,2T,Normal
6915,2020,3,Santos,santos,Yeferson Soteldo,yeferson_soteldo,29,29,0,1T,Normal
6915,2020,3,Santos,santos,Felipe Jonatan,felipe_jonatan,41,41,0,1T,Normal
6915,2020,3,Santos,santos,Mário Sérgio Santos Costa,mario_sergio_santos_costa,82,82,0,2T,Normal
6915,2020,3,Athletico-PR,athletico_pr,Abner Vinícius,abner_vinicius,88,88,0,2T,Normal
6916,2020,4,Gremio,gremio,Pepê,pepe,45,45,0,1T,Normal
6916,2020,4,Flamengo,flamengo,Gabriel Barbosa,gabriel_barbosa,89,89,0,2T,Penalty
6917,2020,4,Bragantino,bragantino,Alerrandro Barra Mansa Realino de Souza,alerrandro_barra_mansa_realino_de_souza,1,1,0,1T,Normal
6917,2020,4,Bragantino,bragantino,Luis Phelipe,luis_phelipe,82,82,0,2T,Normal
6917,2020,4,Fluminense,fluminense,Nenê,nene,2,2,0,1T,Normal
6918,2020,4,Palmeiras,palmeiras,Raphael Cavalcante Veiga,raphael_cavalcante_veiga,92,90,2,2T,Normal
6920,2020,4,Internacional,internacional,Damián Musto,damian_musto,52,52,0,2T,Normal
6920,2020,4,Internacional,internacional,Thiago Galhardo,thiago_galhardo,69,69,0,2T,Normal
6920,2020,4,Internacional,internacional,Thiago Galhardo,thiago_galhardo,90,90,0,2T,Penalty
6919,2020,4,Fortaleza,fortaleza,Yuri César,yuri_cesar,69,69,0,2T,Normal
6919,2020,4,Goias,goias,Jefferson,jefferson,80,80,0,2T,Normal
6919,2020,4,Fortaleza,fortaleza,Wellington Paulista,wellington_paulista,8,8,0,1T,Normal
6919,2020,4,Fortaleza,fortaleza,Bruno Ferreira Melo,bruno_ferreira_melo,59,59,0,2T,Normal
6921,2020,4,Corinthians,corinthians,Jô,jo,49,49,0,2T,Normal
6921,2020,4,Corinthians,corinthians,Gustavo Mosquito,gustavo_mosquito,87,87,0,2T,Normal
6921,2020,4,Coritiba,coritiba,Luiz Ricardo Alves,luiz_ricardo_alves,42,42,0,1T,Normal
6921,2020,4,Corinthians,corinthians,Leonardo Natel,leonardo_natel,38,38,0,1T,Normal
6922,2020,4,Botafogo-RJ,botafogo_rj,Caio Alexandre,caio_alexandre,88,88,0,2T,Normal
6922,2020,4,Atletico-MG,atletico_mg,Igor Rabello,igor_rabello,97,90,7,2T,Normal
6922,2020,4,Botafogo-RJ,botafogo_rj,Luiz Fernando Moraes dos Santos,luiz_fernando_moraes_dos_santos,27,27,0,1T,Normal
6923,2020,4,Santos,santos,Mário Sérgio Santos Costa,mario_sergio_santos_costa,76,76,0,2T,Normal
6924,2020,4,Vasco,vasco,Fellipe Bastos,fellipe_bastos,78,78,0,2T,Normal
6924,2020,4,Vasco,vasco,Ribamar,ribamar,95,90,5,2T,Normal
6924,2020,4,Vasco,vasco,Germán Cano,german_cano,68,68,0,2T,Normal
6925,2020,4,Sao Paulo,sao_paulo,Luciano da Rocha Neves,luciano_da_rocha_neves,85,85,0,2T,Normal
6925,2020,4,Bahia,bahia,Rossicley Pereira da Silva,rossicley_pereira_da_silva,21,21,0,1T,Normal
6926,2020,5,Fluminense,fluminense,Felipe Aguilar,felipe_aguilar,49,45,4,1T,Gol Contra
6927,2020,5,Internacional,internacional,Thiago Galhardo,thiago_galhardo,8,8,0,1T,Normal
6928,2020,5,Goias,goias,Daniel Bessa,daniel_bessa,21,21,0,1T,Normal
6928,2020,5,Goias,goias,Victor Andrade,victor_andrade,95,90,5,2T,Normal
6929,2020,5,Botafogo-RJ,botafogo_rj,Pedro Raúl,pedro_raul,93,90,3,2T,Normal
6929,2020,5,Flamengo,flamengo,Gabriel Barbosa,gabriel_barbosa,101,90,11,2T,Penalty
6932,2020,5,Bragantino,bragantino,Alerrandro Barra Mansa Realino de Souza,alerrandro_barra_mansa_realino_de_souza,45,45,0,1T,Normal
6932,2020,5,Coritiba,coritiba,Sabino,sabino,49,45,4,1T,Penalty
6932,2020,5,Coritiba,coritiba,Robson Fernandes,robson_fernandes,53,53,0,2T,Normal
6931,2020,5,Palmeiras,palmeiras,Patrick de Paula,patrick_de_paula,73,73,0,2T,Normal
6931,2020,5,Palmeiras,palmeiras,Luiz Adriano,luiz_adriano,46,45,1,1T,Penalty
6931,2020,5,Santos,santos,Ramires,ramires,48,48,0,2T,Gol Contra
6933,2020,5,Sao Paulo,sao_paulo,Pablo Felipe Teixeira,pablo_felipe_teixeira,6,6,0,1T,Normal
6934,2020,5,Ceara,ceara,Cléber,cleber,12,12,0,1T,Normal
6934,2020,5,Ceara,ceara,Mateus Gonçalves Martins,mateus_goncalves_martins,75,75,0,2T,Normal
6935,2020,5,Fortaleza,fortaleza,Romarinho,romarinho,62,62,0,2T,Normal
6935,2020,5,Corinthians,corinthians,Luan Guilherme de Jesus Vieira,luan_guilherme_de_jesus_vieira,76,76,0,2T,Normal
6936,2020,11,Sao Paulo,sao_paulo,Luciano da Rocha Neves,luciano_da_rocha_neves,65,65,0,2T,Normal
6946,2020,6,Internacional,internacional,Thiago Galhardo,thiago_galhardo,5,5,0,1T,Normal
6946,2020,6,Internacional,internacional,Gabriel Boschilia,gabriel_boschilia,28,28,0,1T,Normal
6947,2020,6,Fluminense,fluminense,Fred,fred,81,81,0,2T,Normal
6947,2020,6,Vasco,vasco,Talles Magno,talles_magno,86,86,0,2T,Normal
6947,2020,6,Fluminense,fluminense,Douglas Moreira,douglas_moreira,3,3,0,1T,Normal
6948,2020,6,Bahia,bahia,Marco Antonio Rosa Furtado Júnior,marco_antonio_rosa_furtado_junior,95,90,5,2T,Normal
6948,2020,6,Palmeiras,palmeiras,José Rafael Vivian,jose_rafael_vivian,77,77,0,2T,Normal
6949,2020,6,Fortaleza,fortaleza,Wellington Paulista,wellington_paulista,39,39,0,1T,Normal
6949,2020,6,Fortaleza,fortaleza,Wellington Paulista,wellington_paulista,86,86,0,2T,Normal
6949,2020,6,Fortaleza,fortaleza,Romarinho,romarinho,60,60,0,2T,Normal
6950,2020,6,Sao Paulo,sao_paulo,Brenner,brenner,92,90,2,2T,Normal
6950,2020,6,Corinthians,corinthians,Ramiro Moschen Benetti,ramiro_moschen_benetti,36,36,0,1T,Normal
6950,2020,6,Sao Paulo,sao_paulo,Hernanes,hernanes,14,14,0,1T,Normal
6952,2020,6,Flamengo,flamengo,Gabriel Barbosa,gabriel_barbosa,50,45,5,1T,Normal
6951,2020,6,Coritiba,coritiba,Sabino,sabino,95,90,5,2T,Penalty
6953,2020,6,Ceara,ceara,Lima,lima,96,90,6,2T,Normal
6953,2020,6,Ceara,ceara,Vinícius,vinicius,64,64,0,2T,Normal
6956,2020,7,Ceara,ceara,Vinícius,vinicius,44,44,0,1T,Normal
6957,2020,7,Atletico-GO,atletico_go,Renato Kayzer,renato_kayzer,79,79,0,2T,Normal
6957,2020,7,Fluminense,fluminense,Francisco Evanilson de Lima Barbosa,francisco_evanilson_de_lima_barbosa,7,7,0,1T,Normal
6958,2020,7,Goias,goias,Vinícius Lopes,vinicius_lopes,66,66,0,2T,Normal
6958,2020,7,Corinthians,corinthians,Danilo Avelar,danilo_avelar,91,90,1,2T,Normal
6958,2020,7,Corinthians,corinthians,Fábio Sanches,fabio_sanches,28,28,0,1T,Gol Contra
6961,2020,7,Flamengo,flamengo,Pedro,pedro,2,2,0,1T,Normal
6961,2020,7,Flamengo,flamengo,Éverton Ribeiro,everton_ribeiro,48,48,0,2T,Normal
6961,2020,7,Bahia,bahia,Rodrigo Eduardo Costa Marinho,rodrigo_eduardo_costa_marinho,32,32,0,1T,Normal
6961,2020,7,Flamengo,flamengo,Pedro,pedro,16,16,0,1T,Normal
6961,2020,7,Bahia,bahia,José Élber Pimentel da Silva,jose_elber_pimentel_da_silva,42,42,0,1T,Normal
6961,2020,7,Flamengo,flamengo,Giorgian De Arrascaeta,giorgian_de_arrascaeta,37,37,0,1T,Normal
6961,2020,7,Bahia,bahia,Daniel Sampaio Simões,daniel_sampaio_simoes,90,90,0,2T,Normal
6961,2020,7,Flamengo,flamengo,Giorgian De Arrascaeta,giorgian_de_arrascaeta,52,52,0,2T,Normal
6960,2020,7,Bragantino,bragantino,Claudinho,claudinho,29,29,0,1T,Normal
6960,2020,7,Athletico-PR,athletico_pr,Geuvânio,geuvanio,17,17,0,1T,Normal
6962,2020,7,Palmeiras,palmeiras,Luiz Adriano,luiz_adriano,94,90,4,2T,Normal
6962,2020,7,Internacional,internacional,Thiago Galhardo,thiago_galhardo,92,90,2,2T,Penalty
6963,2020,7,Vasco,vasco,Fellipe Bastos,fellipe_bastos,41,41,0,1T,Normal
6963,2020,7,Vasco,vasco,Germán Cano,german_cano,73,73,0,2T,Penalty
6963,2020,7,Santos,santos,Lucas Veríssimo,lucas_verissimo,21,21,0,1T,Normal
6963,2020,7,Santos,santos,Mário Sérgio Santos Costa,mario_sergio_santos_costa,59,59,0,2T,Normal
6964,2020,7,Gremio,gremio,Pepê,pepe,78,78,0,2T,Normal
6964,2020,7,Sport,sport,Iago Maidana,iago_maidana,74,74,0,2T,Penalty
6964,2020,7,Sport,sport,Patric Cabral Lalau,patric_cabral_lalau,5,5,0,1T,Normal
6965,2020,7,Atletico-MG,atletico_mg,Alan Steven Franco Palma,alan_steven_franco_palma,45,45,0,1T,Normal
6965,2020,7,Atletico-MG,atletico_mg,Jair Rodrigues Júnior,jair_rodrigues_junior,59,59,0,2T,Normal
6965,2020,7,Atletico-MG,atletico_mg,Alan Steven Franco Palma,alan_steven_franco_palma,35,35,0,1T,Normal
6968,2020,8,Santos,santos,Felipe Jonatan,felipe_jonatan,9,9,0,1T,Normal
6966,2020,8,Flamengo,flamengo,Éverton Ribeiro,everton_ribeiro,6,6,0,1T,Normal
6966,2020,8,Fortaleza,fortaleza,Paulo Roberto Valoura Junior,paulo_roberto_valoura_junior,14,14,0,1T,Penalty
6966,2020,8,Flamengo,flamengo,Gabriel Barbosa,gabriel_barbosa,87,87,0,2T,Normal
6967,2020,8,Corinthians,corinthians,Jô,jo,93,90,3,2T,Normal
6967,2020,8,Botafogo-RJ,botafogo_rj,Bruno Nazário,bruno_nazario,22,22,0,1T,Normal
6967,2020,8,Botafogo-RJ,botafogo_rj,Salomon Kalou,salomon_kalou,75,75,0,2T,Normal
6967,2020,8,Corinthians,corinthians,Fagner,fagner,12,12,0,1T,Penalty
6969,2020,8,Bragantino,bragantino,Claudinho,claudinho,54,54,0,2T,Normal
6969,2020,8,Palmeiras,palmeiras,Gabriel Veron,gabriel_veron,69,69,0,2T,Normal
6969,2020,8,Palmeiras,palmeiras,Willian Gomes de Siqueira,willian_gomes_de_siqueira,94,90,4,2T,Normal
6970,2020,8,Bahia,bahia,Rodrigo Eduardo Costa Marinho,rodrigo_eduardo_costa_marinho,20,20,0,1T,Normal
6970,2020,8,Internacional,internacional,Thiago Galhardo,thiago_galhardo,68,68,0,2T,Penalty
6970,2020,8,Bahia,bahia,Clayson Henrique da Silva Vieira,clayson_henrique_da_silva_vieira,97,90,7,2T,Penalty
6970,2020,8,Internacional,internacional,Patrick,patrick,28,28,0,1T,Normal
6971,2020,8,Fluminense,fluminense,Wellington Alves da Silva,wellington_alves_da_silva,40,40,0,1T,Normal
6971,2020,8,Sao Paulo,sao_paulo,Brenner,brenner,50,50,0,2T,Normal
6971,2020,8,Sao Paulo,sao_paulo,Luciano da Rocha Neves,luciano_da_rocha_neves,54,54,0,2T,Normal
6971,2020,8,Sao Paulo,sao_paulo,Vitor Bueno,vitor_bueno,92,90,2,2T,Normal
6972,2020,8,Vasco,vasco,Germán Cano,german_cano,7,7,0,1T,Normal
6973,2020,8,Atletico-GO,atletico_go,Edson Felipe da Cruz,edson_felipe_da_cruz,11,11,0,1T,Normal
6973,2020,8,Gremio,gremio,Isaque Elias,isaque_elias,41,41,0,1T,Normal
6974,2020,8,Sport,sport,Leandro Barcia Montero,leandro_barcia_montero,60,60,0,2T,Normal
6974,2020,8,Goias,goias,Elton Rodrigues Brandão,elton_rodrigues_brandao,68,68,0,2T,Gol Contra
6974,2020,8,Sport,sport,Marquinhos,marquinhos,76,76,0,2T,Normal
6975,2020,8,Atletico-MG,atletico_mg,Eduardo Sasha,eduardo_sasha,33,33,0,1T,Normal
6976,2020,9,Botafogo-RJ,botafogo_rj,Victor Luis,victor_luis,80,80,0,2T,Penalty
6976,2020,9,Athletico-PR,athletico_pr,Ravanelli Ferreira dos Santos,ravanelli_ferreira_dos_santos,88,88,0,2T,Normal
6977,2020,9,Fortaleza,fortaleza,Wellington Paulista,wellington_paulista,54,54,0,2T,Penalty
6978,2020,9,Goias,goias,Ignacio Jara,ignacio_jara,81,81,0,2T,Normal
6978,2020,9,Goias,goias,Rafael Moura,rafael_moura,45,45,0,1T,Penalty
6978,2020,9,Coritiba,coritiba,Robson Fernandes,robson_fernandes,13,13,0,1T,Normal
6978,2020,9,Goias,goias,Sabino,sabino,83,83,0,2T,Gol Contra
6978,2020,9,Coritiba,coritiba,Sabino,sabino,96,90,6,2T,Penalty
6978,2020,9,Coritiba,coritiba,William Matheus,william_matheus,37,37,0,1T,Normal
6979,2020,9,Bragantino,bragantino,Raul,raul,53,53,0,2T,Normal
6979,2020,9,Sao Paulo,sao_paulo,Luciano da Rocha Neves,luciano_da_rocha_neves,78,78,0,2T,Normal
6980,2020,9,Fluminense,fluminense,Rodrigo Junior Paula Silva,rodrigo_junior_paula_silva,92,90,2,2T,Normal
6980,2020,9,Flamengo,flamengo,Filipe Luís,filipe_luis,8,8,0,1T,Normal
6980,2020,9,Flamengo,flamengo,Gabriel Barbosa,gabriel_barbosa,34,34,0,1T,Normal
6981,2020,9,Santos,santos,Arthur Gomes,arthur_gomes,22,22,0,1T,Normal
6981,2020,9,Santos,santos,Mário Sérgio Santos Costa,mario_sergio_santos_costa,39,39,0,1T,Normal
6981,2020,9,Atletico-MG,atletico_mg,Alan Steven Franco Palma,alan_steven_franco_palma,35,35,0,1T,Normal
6981,2020,9,Santos,santos,Mário Sérgio Santos Costa,mario_sergio_santos_costa,99,90,9,2T,Penalty
6983,2020,9,Palmeiras,palmeiras,Gabriel Veron,gabriel_veron,65,65,0,2T,Normal
6983,2020,9,Palmeiras,palmeiras,Luiz Adriano,luiz_adriano,43,43,0,1T,Penalty
6982,2020,9,Internacional,internacional,Thiago Galhardo,thiago_galhardo,76,76,0,2T,Normal
6982,2020,9,Internacional,internacional,Thiago Galhardo,thiago_galhardo,44,44,0,1T,Normal
6984,2020,9,Gremio,gremio,Alisson Euler de Freitas Castro,alisson_euler_de_freitas_castro,25,25,0,1T,Normal
6984,2020,9,Gremio,gremio,Darlan Mendes,darlan_mendes,54,54,0,2T,Normal
6985,2020,9,Vasco,vasco,Germán Cano,german_cano,61,61,0,2T,Normal
6985,2020,9,Atletico-GO,atletico_go,Renato Kayzer,renato_kayzer,63,63,0,2T,Normal
6985,2020,9,Atletico-GO,atletico_go,Renato Kayzer,renato_kayzer,74,74,0,2T,Normal
6986,2020,10,Athletico-PR,athletico_pr,Fabinho,fabinho,12,12,0,1T,Normal
6987,2020,10,Santos,santos,Madson,madson,30,30,0,1T,Normal
6987,2020,10,Santos,santos,Mário Sérgio Santos Costa,mario_sergio_santos_costa,74,74,0,2T,Normal
6987,2020,10,Sao Paulo,sao_paulo,Gabriel Sara,gabriel_sara,8,8,0,1T,Normal
6987,2020,10,Sao Paulo,sao_paulo,Gabriel Sara,gabriel_sara,38,38,0,1T,Normal
6988,2020,10,Fluminense,fluminense,Nenê,nene,8,8,0,1T,Normal
6988,2020,10,Fluminense,fluminense,Nenê,nene,88,88,0,2T,Penalty
6988,2020,10,Corinthians,corinthians,Mateus Vital,mateus_vital,95,90,5,2T,Normal
6989,2020,10,Gremio,gremio,Diego Souza,diego_souza,52,52,0,2T,Penalty
6989,2020,10,Fortaleza,fortaleza,Osvaldo Filho,osvaldo_filho,17,17,0,1T,Normal
6990,2020,10,Atletico-MG,atletico_mg,Jefferson Savarino,jefferson_savarino,87,87,0,2T,Normal
6990,2020,10,Bragantino,bragantino,Alerrandro Barra Mansa Realino de Souza,alerrandro_barra_mansa_realino_de_souza,49,49,0,2T,Normal
6990,2020,10,Atletico-MG,atletico_mg,Réver,rever,29,29,0,1T,Normal
6991,2020,10,Atletico-GO,atletico_go,Jean Paulo Fernandes Filho,jean_paulo_fernandes_filho,40,40,0,1T,Normal
6992,2020,10,Ceara,ceara,Charles Rigon Matos,charles_rigon_matos,56,56,0,2T,Normal
6992,2020,10,Ceara,ceara,Luiz Otávio,luiz_otavio,50,50,0,2T,Normal
6993,2020,10,Goias,goias,Vinícius Lopes,vinicius_lopes,45,45,0,1T,Normal
6994,2020,10,Sport,sport,Lucas Mugni,lucas_mugni,64,64,0,2T,Normal
6994,2020,10,Palmeiras,palmeiras,Willian Gomes de Siqueira,willian_gomes_de_siqueira,29,29,0,1T,Normal
6994,2020,10,Sport,sport,Iago Maidana,iago_maidana,12,12,0,1T,Penalty
6994,2020,10,Palmeiras,palmeiras,José Rafael Vivian,jose_rafael_vivian,42,42,0,1T,Normal
6995,2020,10,Vasco,vasco,Germán Cano,german_cano,71,71,0,2T,Normal
6995,2020,10,Botafogo-RJ,botafogo_rj,Matheus Babi,matheus_babi,49,49,0,2T,Normal
6995,2020,10,Vasco,vasco,Ygor Catatau,ygor_catatau,72,72,0,2T,Normal
6995,2020,10,Botafogo-RJ,botafogo_rj,Matheus Babi,matheus_babi,83,83,0,2T,Normal
6995,2020,10,Vasco,vasco,Ribamar,ribamar,35,35,0,1T,Normal
6937,2020,11,Corinthians,corinthians,Carlos Gilberto do Nascimento Silva,carlos_gilberto_do_nascimento_silva,61,61,0,2T,Normal
6937,2020,11,Bahia,bahia,Nino Paraíba,nino_paraiba,36,36,0,1T,Normal
6937,2020,11,Corinthians,corinthians,Rómulo Otero,romulo_otero,17,17,0,1T,Normal
6937,2020,11,Bahia,bahia,Saldanha,saldanha,89,89,0,2T,Normal
6937,2020,11,Corinthians,corinthians,Roni,roni,34,34,0,1T,Normal
6938,2020,11,Fortaleza,fortaleza,Felipe,felipe,66,66,0,2T,Normal
6939,2020,11,Bragantino,bragantino,Léo Ortiz,leo_ortiz,4,4,0,1T,Normal
6939,2020,11,Ceara,ceara,Vinícius,vinicius,20,20,0,1T,Normal
6939,2020,11,Bragantino,bragantino,Bruno Tubarão,bruno_tubarao,23,23,0,1T,Normal
6939,2020,11,Ceara,ceara,Wescley,wescley,89,89,0,2T,Normal
6939,2020,11,Bragantino,bragantino,Alerrandro Barra Mansa Realino de Souza,alerrandro_barra_mansa_realino_de_souza,45,45,0,1T,Normal
6939,2020,11,Bragantino,bragantino,Lucas Evangelista,lucas_evangelista,63,63,0,2T,Normal
6940,2020,11,Atletico-GO,atletico_go,Gilvan,gilvan,95,90,5,2T,Normal
6940,2020,11,Atletico-MG,atletico_mg,Keno,keno,65,65,0,2T,Normal
6940,2020,11,Atletico-GO,atletico_go,Oliveira,oliveira,21,21,0,1T,Normal
6940,2020,11,Atletico-MG,atletico_mg,Keno,keno,78,78,0,2T,Normal
6940,2020,11,Atletico-GO,atletico_go,Gustavo Ferrareis,gustavo_ferrareis,55,55,0,2T,Normal
6940,2020,11,Atletico-MG,atletico_mg,Nathan Allan de Souza,nathan_allan_de_souza,60,60,0,2T,Normal
6940,2020,11,Atletico-MG,atletico_mg,Keno,keno,53,53,0,2T,Penalty
6941,2020,11,Gremio,gremio,Aldemir Ferreira,aldemir_ferreira,92,90,2,2T,Normal
6941,2020,11,Palmeiras,palmeiras,Raphael Cavalcante Veiga,raphael_cavalcante_veiga,71,71,0,2T,Normal
6942,2020,11,Coritiba,coritiba,Robson Fernandes,robson_fernandes,90,90,0,2T,Penalty
6944,2020,11,Sport,sport,Hernane Vidal de Souza,hernane_vidal_de_souza,13,13,0,1T,Penalty
6996,2020,12,Sport,sport,Iago Maidana,iago_maidana,37,37,0,1T,Penalty
6997,2020,12,Athletico-PR,athletico_pr,Christian Roberto Alves Cardoso,christian_roberto_alves_cardoso,70,70,0,2T,Normal
6998,2020,12,Sao Paulo,sao_paulo,Luciano da Rocha Neves,luciano_da_rocha_neves,25,25,0,1T,Normal
6998,2020,12,Internacional,internacional,Thiago Galhardo,thiago_galhardo,20,20,0,1T,Normal
6999,2020,12,Gremio,gremio,Isaque Elias,isaque_elias,55,55,0,2T,Normal
6999,2020,12,Atletico-MG,atletico_mg,Keno,keno,11,11,0,1T,Normal
6999,2020,12,Atletico-MG,atletico_mg,Keno,keno,51,51,0,2T,Normal
6999,2020,12,Atletico-MG,atletico_mg,Keno,keno,66,66,0,2T,Normal
7000,2020,12,Vasco,vasco,Vinícius Paiva,vinicius_paiva,50,50,0,2T,Normal
7000,2020,12,Bragantino,bragantino,Lucas Evangelista,lucas_evangelista,51,51,0,2T,Normal
7001,2020,12,Flamengo,flamengo,Pedro,pedro,56,56,0,2T,Normal
7001,2020,12,Palmeiras,palmeiras,Patrick de Paula,patrick_de_paula,54,54,0,2T,Normal
7003,2020,12,Botafogo-RJ,botafogo_rj,Victor Luis,victor_luis,45,45,0,1T,Penalty
7003,2020,12,Atletico-GO,atletico_go,Hyuri,hyuri,50,50,0,2T,Normal
7002,2020,12,Goias,goias,David Duarte,david_duarte,91,90,1,2T,Normal
7002,2020,12,Ceara,ceara,Charles Rigon Matos,charles_rigon_matos,53,53,0,2T,Normal
7002,2020,12,Ceara,ceara,Vinícius,vinicius,73,73,0,2T,Normal
7002,2020,12,Goias,goias,Rafael Moura,rafael_moura,2,2,0,1T,Normal
7004,2020,12,Santos,santos,Madson,madson,41,41,0,1T,Normal
7004,2020,12,Fortaleza,fortaleza,Gabriel Dias de Oliveira,gabriel_dias_de_oliveira,47,47,0,2T,Normal
7005,2020,12,Fluminense,fluminense,Michel Araújo,michel_araujo,8,8,0,1T,Normal
7005,2020,12,Fluminense,fluminense,Wanderson Felipe Cardoso dos Santos,wanderson_felipe_cardoso_dos_santos,61,61,0,2T,Normal
7005,2020,12,Fluminense,fluminense,Paulo Henrique Ganso,paulo_henrique_ganso,87,87,0,2T,Penalty
7005,2020,12,Fluminense,fluminense,Nino,nino,72,72,0,2T,Normal
6893,2020,1,Bahia,bahia,Gilberto Oliveira Souza Junior,gilberto_oliveira_souza_junior,42,42,0,1T,Normal
6893,2020,1,Bahia,bahia,José Élber Pimentel da Silva,jose_elber_pimentel_da_silva,84,84,0,2T,Normal
6893,2020,1,Botafogo-RJ,botafogo_rj,Pedro Raúl,pedro_raul,91,90,1,2T,Normal
7006,2020,13,Internacional,internacional,Thiago Galhardo,thiago_galhardo,75,75,0,2T,Penalty
7006,2020,13,Gremio,gremio,Pepê,pepe,53,53,0,2T,Normal
7007,2020,13,Palmeiras,palmeiras,Raphael Cavalcante Veiga,raphael_cavalcante_veiga,10,10,0,1T,Normal
7007,2020,13,Palmeiras,palmeiras,Willian Gomes de Siqueira,willian_gomes_de_siqueira,82,82,0,2T,Normal
7007,2020,13,Ceara,ceara,Eduardo Brock,eduardo_brock,18,18,0,1T,Normal
7015,2020,13,Atletico-MG,atletico_mg,Keno,keno,37,37,0,1T,Penalty
7015,2020,13,Atletico-MG,atletico_mg,Guilherme Arana,guilherme_arana,14,14,0,1T,Normal
7015,2020,13,Atletico-MG,atletico_mg,Jefferson Savarino,jefferson_savarino,18,18,0,1T,Normal
7015,2020,13,Vasco,vasco,Martín Benítez,martin_benitez,9,9,0,1T,Normal
7015,2020,13,Atletico-MG,atletico_mg,Cláudio Rodrigues Gomes,claudio_rodrigues_gomes,29,29,0,1T,Penalty
7009,2020,13,Fluminense,fluminense,Kevin Peterson dos Santos Silva,kevin_peterson_dos_santos_silva,41,41,0,1T,Gol Contra
7009,2020,13,Botafogo-RJ,botafogo_rj,Caio Alexandre,caio_alexandre,73,73,0,2T,Normal
7010,2020,13,Coritiba,coritiba,Robson Fernandes,robson_fernandes,6,6,0,1T,Normal
7010,2020,13,Sao Paulo,sao_paulo,Reinaldo Manoel da Silva,reinaldo_manoel_da_silva,69,69,0,2T,Penalty
7011,2020,13,Flamengo,flamengo,Bruno Henrique,bruno_henrique,59,59,0,2T,Penalty
7011,2020,13,Flamengo,flamengo,Pedro,pedro,56,56,0,2T,Normal
7011,2020,13,Flamengo,flamengo,Éverton Ribeiro,everton_ribeiro,77,77,0,2T,Normal
7011,2020,13,Athletico-PR,athletico_pr,Renato Kayzer,renato_kayzer,67,67,0,2T,Normal
7013,2020,13,Goias,goias,Vinícius Lopes,vinicius_lopes,5,5,0,1T,Normal
7013,2020,13,Goias,goias,Victor Andrade,victor_andrade,85,85,0,2T,Normal
7013,2020,13,Santos,santos,Mário Sérgio Santos Costa,mario_sergio_santos_costa,19,19,0,1T,Penalty
7013,2020,13,Santos,santos,Marcos Leonardo Santos Almeida,marcos_leonardo_santos_almeida,77,77,0,2T,Normal
7013,2020,13,Santos,santos,Jefferson,jefferson,54,54,0,2T,Gol Contra
7014,2020,13,Sport,sport,Marcão,marcao,54,54,0,2T,Normal
7014,2020,13,Sport,sport,Hernane Vidal de Souza,hernane_vidal_de_souza,40,40,0,1T,Penalty
7014,2020,13,Bahia,bahia,Saldanha,saldanha,77,77,0,2T,Normal
7016,2020,14,Corinthians,corinthians,Danilo Avelar,danilo_avelar,45,45,0,1T,Normal
7016,2020,14,Santos,santos,Madson,madson,11,11,0,1T,Normal
7018,2020,14,Bahia,bahia,Rossicley Pereira da Silva,rossicley_pereira_da_silva,10,10,0,1T,Normal
7018,2020,14,Bahia,bahia,Gilberto Oliveira Souza Junior,gilberto_oliveira_souza_junior,32,32,0,1T,Normal
7018,2020,14,Bahia,bahia,Clayson Henrique da Silva Vieira,clayson_henrique_da_silva_vieira,46,45,1,1T,Normal
7017,2020,14,Flamengo,flamengo,Gustavo Henrique Vernes,gustavo_henrique_vernes,55,55,0,2T,Normal
7017,2020,14,Flamengo,flamengo,Pedro,pedro,51,51,0,2T,Normal
7017,2020,14,Flamengo,flamengo,Pedro,pedro,60,60,0,2T,Normal
7019,2020,14,Gremio,gremio,Luiz Fernando Moraes dos Santos,luiz_fernando_moraes_dos_santos,3,3,0,1T,Normal
7019,2020,14,Gremio,gremio,David Braz,david_braz,11,11,0,1T,Normal
7019,2020,14,Coritiba,coritiba,Nathan Silva,nathan_silva,72,72,0,2T,Normal
7020,2020,14,Sao Paulo,sao_paulo,Brenner,brenner,71,71,0,2T,Normal
7020,2020,14,Sao Paulo,sao_paulo,Gabriel Sara,gabriel_sara,65,65,0,2T,Normal
7020,2020,14,Sao Paulo,sao_paulo,Brenner,brenner,47,45,2,1T,Normal
7021,2020,14,Fluminense,fluminense,Fred,fred,52,52,0,2T,Normal
7021,2020,14,Fluminense,fluminense,Nenê,nene,70,70,0,2T,Normal
7021,2020,14,Goias,goias,Rafael Moura,rafael_moura,67,67,0,2T,Penalty
7021,2020,14,Goias,goias,Rafael Moura,rafael_moura,22,22,0,1T,Normal
7021,2020,14,Fluminense,fluminense,Rodrigo Junior Paula Silva,rodrigo_junior_paula_silva,76,76,0,2T,Normal
7021,2020,14,Fluminense,fluminense,Yago Rocha,yago_rocha,40,40,0,1T,Normal
7022,2020,14,Botafogo-RJ,botafogo_rj,Caio Alexandre,caio_alexandre,50,50,0,2T,Normal
7022,2020,14,Palmeiras,palmeiras,Willian Gomes de Siqueira,willian_gomes_de_siqueira,77,77,0,2T,Normal
7022,2020,14,Botafogo-RJ,botafogo_rj,Pedro Raúl,pedro_raul,46,46,0,2T,Normal
7023,2020,14,Atletico-MG,atletico_mg,Eduardo Sasha,eduardo_sasha,42,42,0,1T,Normal
7023,2020,14,Fortaleza,fortaleza,David Corrêa da Fonseca,david_correa_da_fonseca,37,37,0,1T,Normal
7023,2020,14,Fortaleza,fortaleza,Bruno Ferreira Melo,bruno_ferreira_melo,85,85,0,2T,Normal
7025,2020,14,Internacional,internacional,Thiago Galhardo,thiago_galhardo,17,17,0,1T,Normal
7025,2020,14,Internacional,internacional,Thiago Galhardo,thiago_galhardo,25,25,0,1T,Normal
7026,2020,15,Flamengo,flamengo,Léo Pereira,leo_pereira,48,48,0,2T,Normal
7026,2020,15,Flamengo,flamengo,Bruno Henrique,bruno_henrique,70,70,0,2T,Normal
7026,2020,15,Vasco,vasco,Talles Magno,talles_magno,9,9,0,1T,Normal
7028,2020,15,Sao Paulo,sao_paulo,Vitor Bueno,vitor_bueno,93,90,3,2T,Normal
7028,2020,15,Sao Paulo,sao_paulo,Reinaldo Manoel da Silva,reinaldo_manoel_da_silva,56,56,0,2T,Penalty
7029,2020,15,Atletico-MG,atletico_mg,Marrony,marrony,92,90,2,2T,Normal
7029,2020,15,Atletico-MG,atletico_mg,Nathan Allan de Souza,nathan_allan_de_souza,46,45,1,1T,Normal
7029,2020,15,Atletico-MG,atletico_mg,Keno,keno,42,42,0,1T,Penalty
7030,2020,15,Fluminense,fluminense,Nenê,nene,72,72,0,2T,Penalty
7031,2020,15,Gremio,gremio,Diego Souza,diego_souza,73,73,0,2T,Normal
7031,2020,15,Santos,santos,Mário Sérgio Santos Costa,mario_sergio_santos_costa,20,20,0,1T,Penalty
7031,2020,15,Santos,santos,Mário Sérgio Santos Costa,mario_sergio_santos_costa,79,79,0,2T,Penalty
7033,2020,15,Atletico-GO,atletico_go,Janderson,janderson,28,28,0,1T,Normal
7033,2020,15,Atletico-GO,atletico_go,Matheus Cotulio Bossa,matheus_cotulio_bossa,90,90,0,2T,Normal
7033,2020,15,Bragantino,bragantino,Claudinho,claudinho,20,20,0,1T,Normal
7032,2020,15,Botafogo-RJ,botafogo_rj,Caio Alexandre,caio_alexandre,46,45,1,1T,Normal
7032,2020,15,Sport,sport,Thiago Neves,thiago_neves,56,56,0,2T,Normal
7032,2020,15,Botafogo-RJ,botafogo_rj,Keisuke Honda,keisuke_honda,29,29,0,1T,Normal
7034,2020,15,Corinthians,corinthians,Leonardo Natel,leonardo_natel,15,15,0,1T,Normal
7034,2020,15,Ceara,ceara,Carlos Gilberto do Nascimento Silva,carlos_gilberto_do_nascimento_silva,34,34,0,1T,Gol Contra
7034,2020,15,Ceara,ceara,Fernando Sobral,fernando_sobral,91,90,1,2T,Penalty
7035,2020,15,Internacional,internacional,Thiago Galhardo,thiago_galhardo,7,7,0,1T,Normal
7035,2020,15,Internacional,internacional,Abel Hernández,abel_hernandez,36,36,0,1T,Normal
7035,2020,15,Athletico-PR,athletico_pr,Renato Kayzer,renato_kayzer,42,42,0,1T,Normal
6945,2020,11,Goias,goias,Vinícius Lopes,vinicius_lopes,13,13,0,1T,Normal
6945,2020,11,Flamengo,flamengo,Pedro,pedro,39,39,0,1T,Normal
6945,2020,11,Flamengo,flamengo,Pedro,pedro,96,90,6,2T,Normal
7036,2020,16,Palmeiras,palmeiras,Gabriel Veron,gabriel_veron,38,38,0,1T,Normal
7036,2020,16,Coritiba,coritiba,Robson Fernandes,robson_fernandes,8,8,0,1T,Normal
7036,2020,16,Coritiba,coritiba,Robson Fernandes,robson_fernandes,24,24,0,1T,Normal
7036,2020,16,Coritiba,coritiba,Giovanni Augusto,giovanni_augusto,65,65,0,2T,Normal
7037,2020,16,Gremio,gremio,Diego Souza,diego_souza,34,34,0,1T,Normal
7037,2020,16,Gremio,gremio,Pepê,pepe,48,48,0,2T,Normal
7037,2020,16,Gremio,gremio,Pepê,pepe,66,66,0,2T,Normal
7037,2020,16,Botafogo-RJ,botafogo_rj,Matheus Babi,matheus_babi,41,41,0,1T,Normal
7038,2020,16,Atletico-GO,atletico_go,Chico,chico,68,68,0,2T,Normal
7039,2020,16,Corinthians,corinthians,Everaldo,everaldo,95,90,5,2T,Normal
7040,2020,16,Atletico-MG,atletico_mg,Guilherme Arana,guilherme_arana,52,52,0,2T,Normal
7040,2020,16,Fluminense,fluminense,Caio Paulista,caio_paulista,20,20,0,1T,Normal
7041,2020,16,Sport,sport,Marquinhos,marquinhos,43,43,0,1T,Normal
7041,2020,16,Internacional,internacional,Patrick,patrick,75,75,0,2T,Normal
7041,2020,16,Sport,sport,Leandro Barcia Montero,leandro_barcia_montero,56,56,0,2T,Normal
7041,2020,16,Internacional,internacional,Rodrigo Moledo,rodrigo_moledo,53,53,0,2T,Normal
7041,2020,16,Internacional,internacional,Adryelson,adryelson,40,40,0,1T,Gol Contra
7041,2020,16,Sport,sport,Mikael,mikael,90,90,0,2T,Normal
7041,2020,16,Internacional,internacional,Yuri Alberto,yuri_alberto,81,81,0,2T,Normal
7041,2020,16,Internacional,internacional,Patrick,patrick,34,34,0,1T,Normal
7042,2020,16,Bragantino,bragantino,Claudinho,claudinho,46,46,0,2T,Normal
7042,2020,16,Flamengo,flamengo,Lincoln Corrêa dos Santos,lincoln_correa_dos_santos,70,70,0,2T,Normal
7043,2020,16,Goias,goias,Vinícius Lopes,vinicius_lopes,49,49,0,2T,Normal
7043,2020,16,Bahia,bahia,Fessin (futebolista),fessin_futebolista,95,90,5,2T,Normal
7046,2020,17,Atletico-GO,atletico_go,Zé Roberto,ze_roberto,46,45,1,1T,Normal
7046,2020,17,Athletico-PR,athletico_pr,Léo Cittadini,leo_cittadini,61,61,0,2T,Normal
7047,2020,17,Santos,santos,Kaio Jorge,kaio_jorge,6,6,0,1T,Normal
7047,2020,17,Santos,santos,Yeferson Soteldo,yeferson_soteldo,27,27,0,1T,Penalty
7047,2020,17,Coritiba,coritiba,Giovanni Augusto,giovanni_augusto,74,74,0,2T,Normal
7048,2020,17,Fluminense,fluminense,Luiz Henrique,luiz_henrique,13,13,0,1T,Normal
7048,2020,17,Fluminense,fluminense,Danilo Barcelos,danilo_barcelos,91,90,1,2T,Normal
7048,2020,17,Ceara,ceara,Hudson,hudson,41,41,0,1T,Gol Contra
7048,2020,17,Ceara,ceara,Vinícius,vinicius,78,78,0,2T,Normal
7050,2020,17,Corinthians,corinthians,Carlos Gilberto do Nascimento Silva,carlos_gilberto_do_nascimento_silva,64,64,0,2T,Normal
7050,2020,17,Flamengo,flamengo,Bruno Henrique,bruno_henrique,71,71,0,2T,Normal
7050,2020,17,Flamengo,flamengo,Éverton Ribeiro,everton_ribeiro,32,32,0,1T,Normal
7050,2020,17,Flamengo,flamengo,Diego Ribas,diego_ribas,86,86,0,2T,Normal
7050,2020,17,Flamengo,flamengo,Victor Vinícius Coelho Santos,victor_vinicius_coelho_santos,52,52,0,2T,Normal
7050,2020,17,Flamengo,flamengo,Natan Bernardo de Souza,natan_bernardo_de_souza,58,58,0,2T,Normal
7051,2020,17,Internacional,internacional,Thiago Galhardo,thiago_galhardo,39,39,0,1T,Penalty
7051,2020,17,Internacional,internacional,Edenílson Andrade dos Santos,edenilson_andrade_dos_santos,25,25,0,1T,Normal
7053,2020,17,Fortaleza,fortaleza,David Corrêa da Fonseca,david_correa_da_fonseca,35,35,0,1T,Normal
7053,2020,17,Fortaleza,fortaleza,David Corrêa da Fonseca,david_correa_da_fonseca,41,41,0,1T,Normal
7052,2020,17,Bragantino,bragantino,Claudinho,claudinho,61,61,0,2T,Normal
7052,2020,17,Bragantino,bragantino,Ricardo Ryller,ricardo_ryller,50,50,0,2T,Normal
7054,2020,17,Bahia,bahia,Gilberto Oliveira Souza Junior,gilberto_oliveira_souza_junior,80,80,0,2T,Normal
7054,2020,17,Bahia,bahia,Gilberto Oliveira Souza Junior,gilberto_oliveira_souza_junior,89,89,0,2T,Normal
7054,2020,17,Atletico-MG,atletico_mg,Jefferson Savarino,jefferson_savarino,21,21,0,1T,Normal
7054,2020,17,Bahia,bahia,Daniel Sampaio Simões,daniel_sampaio_simoes,69,69,0,2T,Normal
7056,2020,18,Corinthians,corinthians,Gustavo Mantuan,gustavo_mantuan,23,23,0,1T,Normal
7056,2020,18,Corinthians,corinthians,Everaldo,everaldo,90,90,0,2T,Normal
7056,2020,18,Vasco,vasco,Ribamar,ribamar,72,72,0,2T,Normal
7057,2020,18,Bragantino,bragantino,Ytalo José dos Santos,ytalo_jose_dos_santos,47,45,2,1T,Normal
7057,2020,18,Bragantino,bragantino,Claudinho,claudinho,83,83,0,2T,Normal
7058,2020,18,Ceara,ceara,Vinícius,vinicius,8,8,0,1T,Normal
7058,2020,18,Ceara,ceara,Carlos Eduardo Santos Oliveira,carlos_eduardo_santos_oliveira,52,52,0,2T,Normal
7058,2020,18,Coritiba,coritiba,Rodrigo Muniz,rodrigo_muniz,2,2,0,1T,Normal
7060,2020,18,Palmeiras,palmeiras,Luiz Adriano,luiz_adriano,55,55,0,2T,Normal
7060,2020,18,Palmeiras,palmeiras,Luiz Adriano,luiz_adriano,64,64,0,2T,Normal
7060,2020,18,Palmeiras,palmeiras,Wesley Ribeiro Silva,wesley_ribeiro_silva,20,20,0,1T,Normal
7061,2020,18,Fluminense,fluminense,Marcos Paulo Costa do Nascimento,marcos_paulo_costa_do_nascimento,93,90,3,2T,Normal
7061,2020,18,Santos,santos,Mário Sérgio Santos Costa,mario_sergio_santos_costa,36,36,0,1T,Normal
7061,2020,18,Fluminense,fluminense,Luccas Claro,luccas_claro,29,29,0,1T,Normal
7061,2020,18,Fluminense,fluminense,Nino,nino,56,56,0,2T,Normal
7062,2020,18,Athletico-PR,athletico_pr,Carlos Eduardo Ferreira de Souza,carlos_eduardo_ferreira_de_souza,44,44,0,1T,Normal
7062,2020,18,Gremio,gremio,Aldemir Ferreira,aldemir_ferreira,88,88,0,2T,Normal
7062,2020,18,Gremio,gremio,Thiago Heleno,thiago_heleno,55,55,0,2T,Gol Contra
7063,2020,18,Internacional,internacional,Abel Hernández,abel_hernandez,7,7,0,1T,Normal
7063,2020,18,Internacional,internacional,Thiago Galhardo,thiago_galhardo,25,25,0,1T,Normal
7063,2020,18,Flamengo,flamengo,Pedro,pedro,11,11,0,1T,Normal
7063,2020,18,Flamengo,flamengo,Éverton Ribeiro,everton_ribeiro,95,90,5,2T,Normal
7066,2020,19,Botafogo-RJ,botafogo_rj,Keisuke Honda,keisuke_honda,16,16,0,1T,Penalty
7066,2020,19,Botafogo-RJ,botafogo_rj,Matheus Babi,matheus_babi,28,28,0,1T,Normal
7066,2020,19,Ceara,ceara,Cléber,cleber,23,23,0,1T,Normal
7066,2020,19,Ceara,ceara,Leandro Carvalho,leandro_carvalho,51,51,0,2T,Normal
7067,2020,19,Coritiba,coritiba,Matheus Galdezani,matheus_galdezani,8,8,0,1T,Normal
7068,2020,19,Corinthians,corinthians,Matheus Alvarenga de Oliveira,matheus_alvarenga_de_oliveira,33,33,0,1T,Normal
7069,2020,19,Fluminense,fluminense,Wellington Alves da Silva,wellington_alves_da_silva,75,75,0,2T,Normal
7070,2020,19,Sao Paulo,sao_paulo,Danilo Neves,danilo_neves,17,17,0,1T,Normal
7070,2020,19,Sao Paulo,sao_paulo,Brenner,brenner,46,45,1,1T,Normal
7070,2020,19,Sao Paulo,sao_paulo,Reinaldo Manoel da Silva,reinaldo_manoel_da_silva,59,59,0,2T,Penalty
7070,2020,19,Sao Paulo,sao_paulo,Luciano da Rocha Neves,luciano_da_rocha_neves,82,82,0,2T,Normal
7070,2020,19,Flamengo,flamengo,Pedro,pedro,6,6,0,1T,Normal
7071,2020,19,Sport,sport,Thiago Neves,thiago_neves,53,53,0,2T,Normal
7072,2020,19,Santos,santos,Madson,madson,9,9,0,1T,Normal
7072,2020,19,Santos,santos,Mário Sérgio Santos Costa,mario_sergio_santos_costa,26,26,0,1T,Normal
7072,2020,19,Santos,santos,Jobson Souza Santos,jobson_souza_santos,37,37,0,1T,Normal
7072,2020,19,Bahia,bahia,Daniel Sampaio Simões,daniel_sampaio_simoes,28,28,0,1T,Normal
7073,2020,19,Goias,goias,Shaylon,shaylon,57,57,0,2T,Normal
7073,2020,19,Vasco,vasco,Léo Matos,leo_matos,17,17,0,1T,Normal
7074,2020,19,Palmeiras,palmeiras,Wesley Ribeiro Silva,wesley_ribeiro_silva,77,77,0,2T,Normal
7074,2020,19,Palmeiras,palmeiras,Raphael Cavalcante Veiga,raphael_cavalcante_veiga,19,19,0,1T,Normal
7074,2020,19,Palmeiras,palmeiras,Rony,rony,70,70,0,2T,Normal
7075,2020,19,Gremio,gremio,David Braz,david_braz,68,68,0,2T,Normal
7075,2020,19,Gremio,gremio,Luis Manuel Orejuela,luis_manuel_orejuela,72,72,0,2T,Normal
7075,2020,19,Bragantino,bragantino,Jan Hurtado,jan_hurtado,77,77,0,2T,Normal
7076,2020,20,Athletico-PR,athletico_pr,Carlos Eduardo Ferreira de Souza,carlos_eduardo_ferreira_de_souza,62,62,0,2T,Normal
7076,2020,20,Athletico-PR,athletico_pr,Renato Kayzer,renato_kayzer,91,90,1,2T,Normal
7076,2020,20,Fortaleza,fortaleza,Bérgson Gustavo Silveira da Silva,bergson_gustavo_silveira_da_silva,18,18,0,1T,Normal
7077,2020,20,Sao Paulo,sao_paulo,Igor Gomes,igor_gomes,79,79,0,2T,Normal
7077,2020,20,Goias,goias,José Fernando Viana de Santana,jose_fernando_viana_de_santana,19,19,0,1T,Normal
7077,2020,20,Sao Paulo,sao_paulo,Brenner,brenner,24,24,0,1T,Normal
7078,2020,20,Atletico-GO,atletico_go,Oliveira,oliveira,42,42,0,1T,Normal
7078,2020,20,Corinthians,corinthians,Fábio Santos,fabio_santos,57,57,0,2T,Penalty
7080,2020,20,Internacional,internacional,Yuri Alberto,yuri_alberto,33,33,0,1T,Normal
7080,2020,20,Internacional,internacional,Gustavo Nonato Santana,gustavo_nonato_santana,59,59,0,2T,Normal
7080,2020,20,Coritiba,coritiba,Giovanni Augusto,giovanni_augusto,48,48,0,2T,Normal
7080,2020,20,Coritiba,coritiba,Sabino,sabino,74,74,0,2T,Normal
7079,2020,20,Palmeiras,palmeiras,Luiz Adriano,luiz_adriano,73,73,0,2T,Normal
7082,2020,20,Atletico-MG,atletico_mg,Gustavo Henrique Vernes,gustavo_henrique_vernes,4,4,0,1T,Gol Contra
7082,2020,20,Atletico-MG,atletico_mg,Keno,keno,8,8,0,1T,Normal
7082,2020,20,Atletico-MG,atletico_mg,Eduardo Sasha,eduardo_sasha,59,59,0,2T,Normal
7082,2020,20,Atletico-MG,atletico_mg,Matías Zaracho,matias_zaracho,82,82,0,2T,Normal
7083,2020,20,Bahia,bahia,Rodrigo Eduardo Costa Marinho,rodrigo_eduardo_costa_marinho,99,90,9,2T,Penalty
7081,2020,20,Santos,santos,Léo Ortiz,leo_ortiz,64,64,0,2T,Gol Contra
7081,2020,20,Bragantino,bragantino,Léo Ortiz,leo_ortiz,96,90,6,2T,Normal
7084,2020,20,Gremio,gremio,Pepê,pepe,28,28,0,1T,Normal
7064,2020,18,Bahia,bahia,José Carlos Ferreira Júnior,jose_carlos_ferreira_junior,24,24,0,1T,Normal
7064,2020,18,Fortaleza,fortaleza,Bérgson Gustavo Silveira da Silva,bergson_gustavo_silveira_da_silva,65,65,0,2T,Normal
7064,2020,18,Bahia,bahia,Gilberto Oliveira Souza Junior,gilberto_oliveira_souza_junior,71,71,0,2T,Penalty
7086,2020,21,Vasco,vasco,Germán Cano,german_cano,25,25,0,1T,Normal
7086,2020,21,Vasco,vasco,Germán Cano,german_cano,52,52,0,2T,Normal
7087,2020,21,Santos,santos,Kaio Jorge,kaio_jorge,68,68,0,2T,Normal
7087,2020,21,Santos,santos,Ivonei,ivonei,59,59,0,2T,Normal
7088,2020,21,Athletico-PR,athletico_pr,Renato Kayzer,renato_kayzer,20,20,0,1T,Normal
7090,2020,21,Sao Paulo,sao_paulo,Luciano da Rocha Neves,luciano_da_rocha_neves,61,61,0,2T,Normal
7090,2020,21,Fortaleza,fortaleza,David Corrêa da Fonseca,david_correa_da_fonseca,11,11,0,1T,Normal
7090,2020,21,Sao Paulo,sao_paulo,Luciano da Rocha Neves,luciano_da_rocha_neves,81,81,0,2T,Normal
7090,2020,21,Fortaleza,fortaleza,Wellington Paulista,wellington_paulista,74,74,0,2T,Normal
7090,2020,21,Sao Paulo,sao_paulo,Gabriel Sara,gabriel_sara,40,40,0,1T,Normal
7091,2020,21,Gremio,gremio,Diego Souza,diego_souza,40,40,0,1T,Normal
7091,2020,21,Gremio,gremio,Diego Churín,diego_churin,70,70,0,2T,Normal
7091,2020,21,Gremio,gremio,Jean Pyerre,jean_pyerre,20,20,0,1T,Normal
7091,2020,21,Ceara,ceara,Kelvyn,kelvyn,37,37,0,1T,Normal
7091,2020,21,Gremio,gremio,Pepê,pepe,33,33,0,1T,Normal
7091,2020,21,Ceara,ceara,Tiago Pagnussat,tiago_pagnussat,91,90,1,2T,Normal
7089,2020,21,Atletico-MG,atletico_mg,Marrony,marrony,83,83,0,2T,Normal
7089,2020,21,Corinthians,corinthians,Matheus Alvarenga de Oliveira,matheus_alvarenga_de_oliveira,6,6,0,1T,Normal
7089,2020,21,Atletico-MG,atletico_mg,Guilherme Arana,guilherme_arana,61,61,0,2T,Normal
7092,2020,21,Palmeiras,palmeiras,Raphael Cavalcante Veiga,raphael_cavalcante_veiga,60,60,0,2T,Normal
7092,2020,21,Palmeiras,palmeiras,Raphael Cavalcante Veiga,raphael_cavalcante_veiga,52,52,0,2T,Penalty
7093,2020,21,Flamengo,flamengo,Bruno Henrique,bruno_henrique,45,45,0,1T,Normal
7093,2020,21,Atletico-GO,atletico_go,Zé Roberto,ze_roberto,59,59,0,2T,Normal
7094,2020,21,Bahia,bahia,José Élber Pimentel da Silva,jose_elber_pimentel_da_silva,36,36,0,1T,Normal
7094,2020,21,Bahia,bahia,José Carlos Cracco Neto,jose_carlos_cracco_neto,72,72,0,2T,Normal
7094,2020,21,Coritiba,coritiba,Giovanni Augusto,giovanni_augusto,3,3,0,1T,Normal
7095,2020,21,Bragantino,bragantino,Claudinho,claudinho,86,86,0,2T,Penalty
7095,2020,21,Botafogo-RJ,botafogo_rj,Matheus Babi,matheus_babi,44,44,0,1T,Normal
7095,2020,21,Bragantino,bragantino,Ytalo José dos Santos,ytalo_jose_dos_santos,46,45,1,1T,Normal
6954,2020,6,Athletico-PR,athletico_pr,Christian Roberto Alves Cardoso,christian_roberto_alves_cardoso,35,35,0,1T,Normal
6954,2020,6,Athletico-PR,athletico_pr,Nikão,nikao,46,45,1,1T,Normal
7096,2020,22,Bragantino,bragantino,Claudinho,claudinho,4,4,0,1T,Normal
7096,2020,22,Bragantino,bragantino,Claudinho,claudinho,11,11,0,1T,Normal
7096,2020,22,Bragantino,bragantino,Ytalo José dos Santos,ytalo_jose_dos_santos,21,21,0,1T,Normal
7096,2020,22,Bragantino,bragantino,Hélio Junio Nunes de Castro,helio_junio_nunes_de_castro,51,51,0,2T,Normal
7097,2020,22,Athletico-PR,athletico_pr,Thiago Heleno,thiago_heleno,76,76,0,2T,Normal
7098,2020,22,Coritiba,coritiba,Mattheus Oliveira,mattheus_oliveira,93,90,3,2T,Normal
7098,2020,22,Flamengo,flamengo,Bruno Henrique,bruno_henrique,3,3,0,1T,Normal
7098,2020,22,Flamengo,flamengo,Giorgian De Arrascaeta,giorgian_de_arrascaeta,27,27,0,1T,Normal
7098,2020,22,Flamengo,flamengo,Renê Rodrigues Martins,rene_rodrigues_martins,76,76,0,2T,Normal
7099,2020,22,Goias,goias,Miguel Figueira,miguel_figueira,93,90,3,2T,Normal
7101,2020,22,Ceara,ceara,Lima,lima,48,48,0,2T,Normal
7101,2020,22,Ceara,ceara,Felipe Vizeu,felipe_vizeu,56,56,0,2T,Normal
7101,2020,22,Atletico-MG,atletico_mg,Eduardo Sasha,eduardo_sasha,29,29,0,1T,Normal
7101,2020,22,Atletico-MG,atletico_mg,Keno,keno,74,74,0,2T,Penalty
7100,2020,22,Sao Paulo,sao_paulo,Luciano da Rocha Neves,luciano_da_rocha_neves,33,33,0,1T,Normal
7100,2020,22,Vasco,vasco,Germán Cano,german_cano,19,19,0,1T,Normal
7102,2020,22,Fluminense,fluminense,Lucca Borges de Brito,lucca_borges_de_brito,57,57,0,2T,Normal
7102,2020,22,Fluminense,fluminense,Caio Paulista,caio_paulista,81,81,0,2T,Normal
7102,2020,22,Internacional,internacional,Maurício,mauricio,15,15,0,1T,Normal
7103,2020,22,Fortaleza,fortaleza,David Corrêa da Fonseca,david_correa_da_fonseca,79,79,0,2T,Normal
7103,2020,22,Botafogo-RJ,botafogo_rj,Warley,warley,81,81,0,2T,Normal
7103,2020,22,Fortaleza,fortaleza,Bérgson Gustavo Silveira da Silva,bergson_gustavo_silveira_da_silva,61,61,0,2T,Normal
7105,2020,22,Atletico-GO,atletico_go,Janderson,janderson,61,61,0,2T,Normal
7045,2020,16,Sao Paulo,sao_paulo,Diego Costa,diego_costa,11,11,0,1T,Normal
7045,2020,16,Ceara,ceara,Léo Chú,leo_chu,47,47,0,2T,Normal
7106,2020,23,Botafogo-RJ,botafogo_rj,Marcelo da Conceição Benevenuto Malaquias,marcelo_da_conceicao_benevenuto_malaquias,53,53,0,2T,Normal
7106,2020,23,Atletico-MG,atletico_mg,Jefferson Savarino,jefferson_savarino,17,17,0,1T,Normal
7106,2020,23,Atletico-MG,atletico_mg,Eduardo Sasha,eduardo_sasha,50,50,0,2T,Normal
7107,2020,23,Corinthians,corinthians,Fábio Santos,fabio_santos,21,21,0,1T,Penalty
7108,2020,23,Fortaleza,fortaleza,Wellington Paulista,wellington_paulista,61,61,0,2T,Normal
7108,2020,23,Goias,goias,José Fernando Viana de Santana,jose_fernando_viana_de_santana,24,24,0,1T,Normal
7110,2020,23,Sport,sport,Marquinhos,marquinhos,28,28,0,1T,Normal
7110,2020,23,Santos,santos,Mário Sérgio Santos Costa,mario_sergio_santos_costa,7,7,0,1T,Penalty
7110,2020,23,Sport,sport,Leandro Barcia Montero,leandro_barcia_montero,45,45,0,1T,Normal
7110,2020,23,Santos,santos,Yeferson Soteldo,yeferson_soteldo,82,82,0,2T,Penalty
7110,2020,23,Santos,santos,Lucas Braga Ribeiro,lucas_braga_ribeiro,11,11,0,1T,Normal
7110,2020,23,Santos,santos,Bruno Henrique Marques Torres,bruno_henrique_marques_torres,71,71,0,2T,Normal
7109,2020,23,Palmeiras,palmeiras,Rony,rony,36,36,0,1T,Normal
7109,2020,23,Palmeiras,palmeiras,Rony,rony,50,50,0,2T,Normal
7109,2020,23,Palmeiras,palmeiras,Patrick de Paula,patrick_de_paula,8,8,0,1T,Normal
7111,2020,23,Sao Paulo,sao_paulo,Luciano da Rocha Neves,luciano_da_rocha_neves,74,74,0,2T,Normal
7111,2020,23,Sao Paulo,sao_paulo,Robert Arboleda,robert_arboleda,66,66,0,2T,Normal
7111,2020,23,Bahia,bahia,Clayson Henrique da Silva Vieira,clayson_henrique_da_silva_vieira,81,81,0,2T,Normal
7111,2020,23,Sao Paulo,sao_paulo,Luciano da Rocha Neves,luciano_da_rocha_neves,52,52,0,2T,Normal
6955,2020,6,Gremio,gremio,Maicon,maicon,65,65,0,2T,Normal
6955,2020,6,Goias,goias,João Marcos Lima Candido,joao_marcos_lima_candido,70,70,0,2T,Normal
6955,2020,6,Gremio,gremio,Jean Pyerre,jean_pyerre,19,19,0,1T,Normal
7113,2020,23,Ceara,ceara,Saulo Mineiro,saulo_mineiro,79,79,0,2T,Normal
7113,2020,23,Ceara,ceara,Pedro Henrique Naressi Machado,pedro_henrique_naressi_machado,4,4,0,1T,Normal
7113,2020,23,Vasco,vasco,Ribamar,ribamar,65,65,0,2T,Penalty
7113,2020,23,Ceara,ceara,Cléber,cleber,26,26,0,1T,Normal
7113,2020,23,Ceara,ceara,Vinícius,vinicius,90,90,0,2T,Penalty
6894,2020,1,Sao Paulo,sao_paulo,Hernanes,hernanes,83,83,0,2T,Normal
6894,2020,1,Sao Paulo,sao_paulo,Igor Gomes,igor_gomes,19,19,0,1T,Normal
6894,2020,1,Sao Paulo,sao_paulo,Brenner,brenner,49,49,0,2T,Normal
7118,2020,24,Flamengo,flamengo,Éverton Ribeiro,everton_ribeiro,55,55,0,2T,Normal
7117,2020,24,Santos,santos,Mário Sérgio Santos Costa,mario_sergio_santos_costa,71,71,0,2T,Normal
7117,2020,24,Palmeiras,palmeiras,Raphael Cavalcante Veiga,raphael_cavalcante_veiga,55,55,0,2T,Penalty
7117,2020,24,Palmeiras,palmeiras,Willian Gomes de Siqueira,willian_gomes_de_siqueira,63,63,0,2T,Normal
7117,2020,24,Santos,santos,Diego Pituca,diego_pituca,38,38,0,1T,Normal
7119,2020,24,Fluminense,fluminense,Marcos Paulo Costa do Nascimento,marcos_paulo_costa_do_nascimento,73,73,0,2T,Normal
7119,2020,24,Fluminense,fluminense,Marcos Paulo Costa do Nascimento,marcos_paulo_costa_do_nascimento,75,75,0,2T,Normal
7119,2020,24,Athletico-PR,athletico_pr,Léo Cittadini,leo_cittadini,10,10,0,1T,Normal
7119,2020,24,Fluminense,fluminense,Nenê,nene,26,26,0,1T,Normal
7120,2020,24,Ceara,ceara,Saulo Mineiro,saulo_mineiro,95,90,5,2T,Normal
7120,2020,24,Ceara,ceara,Vinícius,vinicius,82,82,0,2T,Normal
7122,2020,24,Sao Paulo,sao_paulo,Luciano da Rocha Neves,luciano_da_rocha_neves,14,14,0,1T,Normal
7123,2020,24,Gremio,gremio,César Pinares,cesar_pinares,55,55,0,2T,Normal
7123,2020,24,Gremio,gremio,Lucas Silva Borges,lucas_silva_borges,93,90,3,2T,Penalty
7123,2020,24,Gremio,gremio,Diego Souza,diego_souza,41,41,0,1T,Normal
7123,2020,24,Gremio,gremio,Diego Souza,diego_souza,53,53,0,2T,Normal
7124,2020,24,Atletico-MG,atletico_mg,Hyoran,hyoran,61,61,0,2T,Normal
7124,2020,24,Atletico-MG,atletico_mg,Damián Musto,damian_musto,11,11,0,1T,Gol Contra
7124,2020,24,Internacional,internacional,Yuri Alberto,yuri_alberto,9,9,0,1T,Normal
7124,2020,24,Internacional,internacional,João Peglow,joao_peglow,88,88,0,2T,Normal
7125,2020,24,Goias,goias,Rafael Moura,rafael_moura,26,26,0,1T,Normal
7065,2020,18,Sao Paulo,sao_paulo,Hernanes,hernanes,90,90,0,2T,Normal
7065,2020,18,Sao Paulo,sao_paulo,Brenner,brenner,10,10,0,1T,Normal
7065,2020,18,Sao Paulo,sao_paulo,Brenner,brenner,27,27,0,1T,Normal
7065,2020,18,Sao Paulo,sao_paulo,Reinaldo Manoel da Silva,reinaldo_manoel_da_silva,48,45,3,1T,Penalty
7126,2020,25,Atletico-MG,atletico_mg,Eduardo Vargas,eduardo_vargas,44,44,0,1T,Normal
7127,2020,25,Bragantino,bragantino,Luan Cândido,luan_candido,13,13,0,1T,Normal
7127,2020,25,Fortaleza,fortaleza,Paulo Roberto Valoura Junior,paulo_roberto_valoura_junior,46,45,1,1T,Penalty
7127,2020,25,Bragantino,bragantino,Thonny Anderson,thonny_anderson,88,88,0,2T,Normal
7128,2020,25,Internacional,internacional,Patrick,patrick,36,36,0,1T,Normal
7128,2020,25,Internacional,internacional,Yuri Alberto,yuri_alberto,67,67,0,2T,Normal
7128,2020,25,Botafogo-RJ,botafogo_rj,Pedro Raúl,pedro_raul,28,28,0,1T,Normal
7129,2020,25,Palmeiras,palmeiras,Rony,rony,43,43,0,1T,Normal
7129,2020,25,Palmeiras,palmeiras,Willian Gomes de Siqueira,willian_gomes_de_siqueira,6,6,0,1T,Normal
7129,2020,25,Palmeiras,palmeiras,Raphael Cavalcante Veiga,raphael_cavalcante_veiga,36,36,0,1T,Penalty
7131,2020,25,Atletico-GO,atletico_go,Jean Paulo Fernandes Filho,jean_paulo_fernandes_filho,78,78,0,2T,Penalty
7131,2020,25,Ceara,ceara,Léo Chú,leo_chu,60,60,0,2T,Normal
7131,2020,25,Atletico-GO,atletico_go,Roberson,roberson,90,90,0,2T,Normal
7132,2020,25,Flamengo,flamengo,Filipe Luís,filipe_luis,58,58,0,2T,Normal
7132,2020,25,Santos,santos,Bruno Henrique Marques Torres,bruno_henrique_marques_torres,75,75,0,2T,Normal
7132,2020,25,Flamengo,flamengo,Gabriel Barbosa,gabriel_barbosa,50,50,0,2T,Penalty
7132,2020,25,Flamengo,flamengo,Gabriel Barbosa,gabriel_barbosa,71,71,0,2T,Penalty
7132,2020,25,Flamengo,flamengo,Gerson Santos da Silva,gerson_santos_da_silva,42,42,0,1T,Normal
7133,2020,25,Corinthians,corinthians,Rómulo Otero,romulo_otero,25,25,0,1T,Normal
7134,2020,25,Sport,sport,Thiago Neves,thiago_neves,38,38,0,1T,Normal
7135,2020,25,Vasco,vasco,Germán Cano,german_cano,92,90,2,2T,Normal
7135,2020,25,Fluminense,fluminense,Wellington Alves da Silva,wellington_alves_da_silva,10,10,0,1T,Normal
7136,2020,26,Sao Paulo,sao_paulo,Jonas Toró,jonas_toro,91,90,1,2T,Normal
7136,2020,26,Sao Paulo,sao_paulo,Igor Gomes,igor_gomes,25,25,0,1T,Normal
7136,2020,26,Sao Paulo,sao_paulo,Gabriel Sara,gabriel_sara,83,83,0,2T,Normal
7137,2020,26,Atletico-GO,atletico_go,Wellington Soares da Silva,wellington_soares_da_silva,43,43,0,1T,Normal
7137,2020,26,Fluminense,fluminense,Wanderson Felipe Cardoso dos Santos,wanderson_felipe_cardoso_dos_santos,93,90,3,2T,Normal
7137,2020,26,Atletico-GO,atletico_go,Jean Paulo Fernandes Filho,jean_paulo_fernandes_filho,87,87,0,2T,Penalty
7138,2020,26,Gremio,gremio,Pepê,pepe,73,73,0,2T,Penalty
7138,2020,26,Sport,sport,Dalberto,dalberto,9,9,0,1T,Normal
7139,2020,26,Internacional,internacional,Edenílson Andrade dos Santos,edenilson_andrade_dos_santos,11,11,0,1T,Normal
7139,2020,26,Internacional,internacional,Yuri Alberto,yuri_alberto,83,83,0,2T,Normal
7140,2020,26,Botafogo-RJ,botafogo_rj,Pedro Raúl,pedro_raul,82,82,0,2T,Penalty
7140,2020,26,Coritiba,coritiba,Neilton Mestzk,neilton_mestzk,27,27,0,1T,Normal
7140,2020,26,Botafogo-RJ,botafogo_rj,Pedro Raúl,pedro_raul,75,75,0,2T,Normal
7142,2020,26,Vasco,vasco,Carlinhos,carlinhos,9,9,0,1T,Normal
7141,2020,26,Athletico-PR,athletico_pr,Renato Kayzer,renato_kayzer,26,26,0,1T,Normal
7143,2020,26,Flamengo,flamengo,Pedro,pedro,82,82,0,2T,Normal
7143,2020,26,Bahia,bahia,Gilberto Oliveira Souza Junior,gilberto_oliveira_souza_junior,59,59,0,2T,Normal
7143,2020,26,Flamengo,flamengo,Victor Vinícius Coelho Santos,victor_vinicius_coelho_santos,90,90,0,2T,Normal
7143,2020,26,Flamengo,flamengo,Bruno Henrique,bruno_henrique,5,5,0,1T,Normal
7143,2020,26,Bahia,bahia,Juan Pablo Ramírez Velásquez,juan_pablo_ramirez_velasquez,50,50,0,2T,Normal
7143,2020,26,Flamengo,flamengo,Mauricio Isla,mauricio_isla,33,33,0,1T,Normal
7143,2020,26,Bahia,bahia,Gilberto Oliveira Souza Junior,gilberto_oliveira_souza_junior,56,56,0,2T,Normal
7144,2020,26,Ceara,ceara,Lima,lima,47,47,0,2T,Normal
7144,2020,26,Ceara,ceara,Cléber,cleber,54,54,0,2T,Normal
7145,2020,26,Corinthians,corinthians,Jô,jo,51,51,0,2T,Normal
7145,2020,26,Goias,goias,José Fernando Viana de Santana,jose_fernando_viana_de_santana,3,3,0,1T,Normal
7145,2020,26,Corinthians,corinthians,Gustavo Mosquito,gustavo_mosquito,14,14,0,1T,Normal
7146,2020,27,Atletico-MG,atletico_mg,Hyoran,hyoran,66,66,0,2T,Normal
7146,2020,27,Atletico-MG,atletico_mg,Eduardo Sasha,eduardo_sasha,83,83,0,2T,Normal
7147,2020,27,Goias,goias,José Fernando Viana de Santana,jose_fernando_viana_de_santana,5,5,0,1T,Normal
7149,2020,27,Fluminense,fluminense,Fred,fred,52,52,0,2T,Normal
7149,2020,27,Sao Paulo,sao_paulo,Brenner,brenner,15,15,0,1T,Normal
7149,2020,27,Sao Paulo,sao_paulo,Brenner,brenner,72,72,0,2T,Normal
7150,2020,27,Corinthians,corinthians,Juan Cazares,juan_cazares,34,34,0,1T,Normal
7150,2020,27,Corinthians,corinthians,Mateus Vital,mateus_vital,95,90,5,2T,Normal
7151,2020,27,Bahia,bahia,Juan Pablo Ramírez Velásquez,juan_pablo_ramirez_velasquez,69,69,0,2T,Normal
7151,2020,27,Internacional,internacional,Thiago Galhardo,thiago_galhardo,48,48,0,2T,Penalty
7151,2020,27,Internacional,internacional,Rodrigo Dourado,rodrigo_dourado,46,45,1,1T,Normal
7152,2020,27,Athletico-PR,athletico_pr,Nikão,nikao,10,10,0,1T,Normal
7152,2020,27,Athletico-PR,athletico_pr,Carlos Eduardo Ferreira de Souza,carlos_eduardo_ferreira_de_souza,38,38,0,1T,Normal
7152,2020,27,Athletico-PR,athletico_pr,Carlos Eduardo Ferreira de Souza,carlos_eduardo_ferreira_de_souza,61,61,0,2T,Normal
7153,2020,27,Palmeiras,palmeiras,Luiz Adriano,luiz_adriano,28,28,0,1T,Normal
7154,2020,27,Santos,santos,Mário Sérgio Santos Costa,mario_sergio_santos_costa,11,11,0,1T,Normal
7154,2020,27,Ceara,ceara,Samuel Xavier,samuel_xavier,37,37,0,1T,Normal
7155,2020,27,Gremio,gremio,Diego Churín,diego_churin,62,62,0,2T,Normal
7155,2020,27,Gremio,gremio,Dudu,dudu,44,44,0,1T,Gol Contra
7155,2020,27,Atletico-GO,atletico_go,Gustavo Ferrareis,gustavo_ferrareis,57,57,0,2T,Normal
7156,2020,28,Gremio,gremio,Vanderson de Oliveira Campos,vanderson_de_oliveira_campos,16,16,0,1T,Normal
7156,2020,28,Gremio,gremio,Diego Souza,diego_souza,54,54,0,2T,Normal
7156,2020,28,Bahia,bahia,Anderson Martins,anderson_martins,47,47,0,2T,Normal
7157,2020,28,Athletico-PR,athletico_pr,Léo Cittadini,leo_cittadini,48,48,0,2T,Normal
7157,2020,28,Athletico-PR,athletico_pr,Renato Kayzer,renato_kayzer,31,31,0,1T,Normal
7159,2020,28,Sport,sport,Thiago Neves,thiago_neves,10,10,0,1T,Normal
7158,2020,28,Coritiba,coritiba,Robson Fernandes,robson_fernandes,59,59,0,2T,Normal
7158,2020,28,Goias,goias,Fábio Sanches,fabio_sanches,21,21,0,1T,Normal
7158,2020,28,Goias,goias,Rafael Moura,rafael_moura,30,30,0,1T,Normal
7160,2020,28,Flamengo,flamengo,Giorgian De Arrascaeta,giorgian_de_arrascaeta,40,40,0,1T,Normal
7160,2020,28,Fluminense,fluminense,Luccas Claro,luccas_claro,55,55,0,2T,Normal
7160,2020,28,Fluminense,fluminense,Yago Rocha,yago_rocha,93,90,3,2T,Normal
7161,2020,28,Bragantino,bragantino,Claudinho,claudinho,4,4,0,1T,Normal
7161,2020,28,Sao Paulo,sao_paulo,Danilo Neves,danilo_neves,16,16,0,1T,Normal
7161,2020,28,Bragantino,bragantino,Raul,raul,14,14,0,1T,Normal
7161,2020,28,Sao Paulo,sao_paulo,Gonzalo Carneiro,gonzalo_carneiro,95,90,5,2T,Normal
7161,2020,28,Bragantino,bragantino,Fabrício Bruno,fabricio_bruno,18,18,0,1T,Normal
7161,2020,28,Bragantino,bragantino,Artur Victor Guimarães,artur_victor_guimaraes,45,45,0,1T,Normal
7162,2020,28,Internacional,internacional,Caio Vidal,caio_vidal,53,53,0,2T,Normal
7162,2020,28,Internacional,internacional,Yuri Alberto,yuri_alberto,77,77,0,2T,Normal
7166,2020,29,Palmeiras,palmeiras,Willian Gomes de Siqueira,willian_gomes_de_siqueira,27,27,0,1T,Normal
7169,2020,29,Santos,santos,Jobson Souza Santos,jobson_souza_santos,46,46,0,2T,Normal
7170,2020,29,Ceara,ceara,Vinícius,vinicius,13,13,0,1T,Normal
7170,2020,29,Ceara,ceara,Kelvyn,kelvyn,90,90,0,2T,Normal
7171,2020,29,Atletico-GO,atletico_go,Matheus,matheus,7,7,0,1T,Normal
7171,2020,29,Bahia,bahia,Gabriel Novaes,gabriel_novaes,75,75,0,2T,Normal
7172,2020,29,Internacional,internacional,Bruno Praxedes,bruno_praxedes,43,43,0,1T,Normal
7173,2020,29,Vasco,vasco,Talles Magno,talles_magno,22,22,0,1T,Normal
7173,2020,29,Vasco,vasco,Andrey,andrey,77,77,0,2T,Normal
7173,2020,29,Vasco,vasco,Yago Pikachu,yago_pikachu,96,90,6,2T,Penalty
7174,2020,29,Bragantino,bragantino,Edimar Fraga,edimar_fraga,67,67,0,2T,Normal
7174,2020,29,Atletico-MG,atletico_mg,Hyoran,hyoran,100,90,10,2T,Penalty
7174,2020,29,Atletico-MG,atletico_mg,Jefferson Savarino,jefferson_savarino,55,55,0,2T,Normal
7174,2020,29,Bragantino,bragantino,Ricardo Ryller,ricardo_ryller,46,45,1,1T,Normal
7175,2020,29,Corinthians,corinthians,Fagner,fagner,62,62,0,2T,Normal
7175,2020,29,Corinthians,corinthians,Mateus Vital,mateus_vital,67,67,0,2T,Normal
7175,2020,29,Corinthians,corinthians,Jô,jo,25,25,0,1T,Normal
7175,2020,29,Corinthians,corinthians,Luan Guilherme de Jesus Vieira,luan_guilherme_de_jesus_vieira,91,90,1,2T,Normal
7175,2020,29,Corinthians,corinthians,Juan Cazares,juan_cazares,56,56,0,2T,Normal
7176,2020,30,Gremio,gremio,Diego Souza,diego_souza,88,88,0,2T,Normal
7176,2020,30,Palmeiras,palmeiras,Raphael Cavalcante Veiga,raphael_cavalcante_veiga,33,33,0,1T,Normal
7177,2020,30,Fluminense,fluminense,Patric Cabral Lalau,patric_cabral_lalau,49,49,0,2T,Gol Contra
7178,2020,30,Coritiba,coritiba,Hugo Moura,hugo_moura,44,44,0,1T,Normal
7179,2020,30,Athletico-PR,athletico_pr,Renato Kayzer,renato_kayzer,39,39,0,1T,Normal
7179,2020,30,Sao Paulo,sao_paulo,Danilo Neves,danilo_neves,61,61,0,2T,Normal
7180,2020,30,Santos,santos,Yeferson Soteldo,yeferson_soteldo,4,4,0,1T,Normal
7180,2020,30,Santos,santos,Bruno Henrique Marques Torres,bruno_henrique_marques_torres,82,82,0,2T,Normal
7180,2020,30,Botafogo-RJ,botafogo_rj,Pedro Raúl,pedro_raul,47,45,2,1T,Penalty
7181,2020,30,Atletico-MG,atletico_mg,Jair Rodrigues Júnior,jair_rodrigues_junior,62,62,0,2T,Normal
7181,2020,30,Atletico-GO,atletico_go,Janderson,janderson,75,75,0,2T,Normal
7181,2020,30,Atletico-MG,atletico_mg,Hyoran,hyoran,13,13,0,1T,Normal
7181,2020,30,Atletico-MG,atletico_mg,Junior Alonso,junior_alonso,42,42,0,1T,Normal
7182,2020,30,Bragantino,bragantino,Claudinho,claudinho,97,90,7,2T,Penalty
7182,2020,30,Ceara,ceara,Lima,lima,62,62,0,2T,Penalty
7182,2020,30,Bragantino,bragantino,Claudinho,claudinho,56,56,0,2T,Penalty
7183,2020,30,Internacional,internacional,João Peglow,joao_peglow,71,71,0,2T,Normal
7183,2020,30,Internacional,internacional,Carlos Emiliano Pereira,carlos_emiliano_pereira,77,77,0,2T,Gol Contra
7183,2020,30,Fortaleza,fortaleza,Romarinho,romarinho,56,56,0,2T,Normal
7183,2020,30,Fortaleza,fortaleza,Wellington Paulista,wellington_paulista,14,14,0,1T,Penalty
7183,2020,30,Internacional,internacional,Yuri Alberto,yuri_alberto,4,4,0,1T,Normal
7183,2020,30,Internacional,internacional,Rodrigo Dourado,rodrigo_dourado,10,10,0,1T,Normal
7164,2020,28,Palmeiras,palmeiras,Raphael Cavalcante Veiga,raphael_cavalcante_veiga,34,34,0,1T,Normal
7164,2020,28,Palmeiras,palmeiras,Raphael Cavalcante Veiga,raphael_cavalcante_veiga,48,48,0,2T,Normal
7164,2020,28,Palmeiras,palmeiras,Luiz Adriano,luiz_adriano,45,45,0,1T,Normal
7164,2020,28,Palmeiras,palmeiras,Luiz Adriano,luiz_adriano,66,66,0,2T,Normal
7184,2020,30,Flamengo,flamengo,Pedro,pedro,94,90,4,2T,Normal
7184,2020,30,Flamengo,flamengo,Giorgian De Arrascaeta,giorgian_de_arrascaeta,42,42,0,1T,Normal
7184,2020,30,Flamengo,flamengo,Gabriel Barbosa,gabriel_barbosa,63,63,0,2T,Normal
7186,2020,31,Botafogo-RJ,botafogo_rj,Matheus Babi,matheus_babi,63,63,0,2T,Normal
7186,2020,31,Atletico-GO,atletico_go,Danilo Gomes,danilo_gomes,66,66,0,2T,Normal
7186,2020,31,Atletico-GO,atletico_go,Zé Roberto,ze_roberto,79,79,0,2T,Normal
7186,2020,31,Atletico-GO,atletico_go,Vitor Leque,vitor_leque,92,90,2,2T,Normal
7187,2020,31,Bahia,bahia,Thiago Andrade,thiago_andrade,65,65,0,2T,Normal
7188,2020,31,Gremio,gremio,Éverton Cardoso da Silva,everton_cardoso_da_silva,85,85,0,2T,Normal
7188,2020,31,Atletico-MG,atletico_mg,Hyoran,hyoran,31,31,0,1T,Penalty
7189,2020,31,Coritiba,coritiba,Robson Fernandes,robson_fernandes,76,76,0,2T,Normal
7189,2020,31,Fluminense,fluminense,John Kennedy,john_kennedy,59,59,0,2T,Normal
7189,2020,31,Coritiba,coritiba,Luiz Henrique,luiz_henrique,3,3,0,1T,Normal
7189,2020,31,Fluminense,fluminense,Fred,fred,71,71,0,2T,Normal
7189,2020,31,Coritiba,coritiba,Natanael,natanael,33,33,0,1T,Normal
7189,2020,31,Fluminense,fluminense,Caio Paulista,caio_paulista,91,90,1,2T,Normal
7191,2020,31,Bragantino,bragantino,Claudinho,claudinho,86,86,0,2T,Normal
7191,2020,31,Bragantino,bragantino,Jan Hurtado,jan_hurtado,93,90,3,2T,Normal
7191,2020,31,Bragantino,bragantino,Eric dos Santos Rodrigues,eric_dos_santos_rodrigues,15,15,0,1T,Normal
7191,2020,31,Vasco,vasco,Gabriel Pec,gabriel_pec,78,78,0,2T,Normal
7191,2020,31,Bragantino,bragantino,Claudinho,claudinho,72,72,0,2T,Normal
7190,2020,31,Sao Paulo,sao_paulo,Luciano da Rocha Neves,luciano_da_rocha_neves,36,36,0,1T,Normal
7190,2020,31,Internacional,internacional,Yuri Alberto,yuri_alberto,66,66,0,2T,Normal
7190,2020,31,Internacional,internacional,Víctor Cuesta,victor_cuesta,8,8,0,1T,Normal
7190,2020,31,Internacional,internacional,Yuri Alberto,yuri_alberto,68,68,0,2T,Normal
7190,2020,31,Internacional,internacional,Caio Vidal,caio_vidal,24,24,0,1T,Normal
7190,2020,31,Internacional,internacional,Yuri Alberto,yuri_alberto,60,60,0,2T,Normal
7192,2020,31,Flamengo,flamengo,Luan Garcia Teixeira,luan_garcia_teixeira,46,45,1,1T,Gol Contra
7192,2020,31,Flamengo,flamengo,Pepê,pepe,83,83,0,2T,Normal
7193,2020,31,Fortaleza,fortaleza,Wellington Paulista,wellington_paulista,66,66,0,2T,Normal
7193,2020,31,Fortaleza,fortaleza,Paulo Roberto Valoura Junior,paulo_roberto_valoura_junior,48,48,0,2T,Penalty
7194,2020,31,Ceara,ceara,Vinícius,vinicius,52,52,0,2T,Penalty
7194,2020,31,Ceara,ceara,Lima,lima,18,18,0,1T,Normal
7194,2020,31,Ceara,ceara,Fernando Sobral,fernando_sobral,47,45,2,1T,Normal
7194,2020,31,Ceara,ceara,Vinícius,vinicius,63,63,0,2T,Normal
7195,2020,31,Corinthians,corinthians,Gustavo Mosquito,gustavo_mosquito,34,34,0,1T,Normal
7195,2020,31,Corinthians,corinthians,Mateus Vital,mateus_vital,47,47,0,2T,Normal
7195,2020,31,Corinthians,corinthians,Jô,jo,80,80,0,2T,Normal
7196,2020,32,Coritiba,coritiba,Martín Sarrafiore,martin_sarrafiore,82,82,0,2T,Normal
7196,2020,32,Sao Paulo,sao_paulo,Luciano da Rocha Neves,luciano_da_rocha_neves,59,59,0,2T,Normal
7197,2020,32,Atletico-MG,atletico_mg,Hyoran,hyoran,67,67,0,2T,Normal
7197,2020,32,Vasco,vasco,Germán Cano,german_cano,18,18,0,1T,Normal
7197,2020,32,Atletico-MG,atletico_mg,Eduardo Sasha,eduardo_sasha,94,90,4,2T,Normal
7197,2020,32,Vasco,vasco,Germán Cano,german_cano,59,59,0,2T,Normal
7197,2020,32,Vasco,vasco,Yago Pikachu,yago_pikachu,32,32,0,1T,Normal
7198,2020,32,Internacional,internacional,Edenílson Andrade dos Santos,edenilson_andrade_dos_santos,98,90,8,2T,Penalty
7198,2020,32,Internacional,internacional,Abel Hernández,abel_hernandez,90,90,0,2T,Normal
7198,2020,32,Gremio,gremio,Jean Pyerre,jean_pyerre,76,76,0,2T,Normal
7200,2020,32,Palmeiras,palmeiras,Gabriel Veron,gabriel_veron,34,34,0,1T,Normal
7200,2020,32,Ceara,ceara,Vinícius,vinicius,29,29,0,1T,Penalty
7200,2020,32,Ceara,ceara,Lima,lima,10,10,0,1T,Normal
7199,2020,32,Athletico-PR,athletico_pr,Abner Vinícius,abner_vinicius,25,25,0,1T,Normal
7199,2020,32,Athletico-PR,athletico_pr,Renato Kayzer,renato_kayzer,83,83,0,2T,Normal
7199,2020,32,Flamengo,flamengo,Gustavo Henrique Vernes,gustavo_henrique_vernes,34,34,0,1T,Normal
7202,2020,32,Sport,sport,Thiago Neves,thiago_neves,73,73,0,2T,Normal
7202,2020,32,Sport,sport,Iago Maidana,iago_maidana,86,86,0,2T,Normal
7203,2020,32,Santos,santos,Lucas Braga Ribeiro,lucas_braga_ribeiro,7,7,0,1T,Normal
7203,2020,32,Goias,goias,David Duarte,david_duarte,60,60,0,2T,Normal
7203,2020,32,Santos,santos,Mário Sérgio Santos Costa,mario_sergio_santos_costa,87,87,0,2T,Penalty
7203,2020,32,Santos,santos,Kaio Jorge,kaio_jorge,38,38,0,1T,Normal
7203,2020,32,Goias,goias,José Fernando Viana de Santana,jose_fernando_viana_de_santana,76,76,0,2T,Penalty
7203,2020,32,Goias,goias,Rafael Moura,rafael_moura,54,54,0,2T,Normal
7203,2020,32,Goias,goias,Rafael Moura,rafael_moura,77,77,0,2T,Normal
7201,2020,32,Atletico-GO,atletico_go,Natanael Batista Pimenta,natanael_batista_pimenta,80,80,0,2T,Normal
7201,2020,32,Atletico-GO,atletico_go,Jean Paulo Fernandes Filho,jean_paulo_fernandes_filho,40,40,0,1T,Penalty
7204,2020,32,Fluminense,fluminense,Lucca Borges de Brito,lucca_borges_de_brito,67,67,0,2T,Normal
7204,2020,32,Fluminense,fluminense,Wellington Alves da Silva,wellington_alves_da_silva,98,90,8,2T,Penalty
7205,2020,32,Bragantino,bragantino,Hélio Junio Nunes de Castro,helio_junio_nunes_de_castro,2,2,0,1T,Normal
7205,2020,32,Bragantino,bragantino,Claudinho,claudinho,42,42,0,1T,Normal
6895,2020,1,Palmeiras,palmeiras,Breno Lopes,breno_lopes,31,31,0,1T,Normal
6895,2020,1,Vasco,vasco,Martín Benítez,martin_benitez,35,35,0,1T,Normal
7165,2020,28,Atletico-MG,atletico_mg,Jefferson Savarino,jefferson_savarino,3,3,0,1T,Normal
7165,2020,28,Atletico-MG,atletico_mg,Jefferson Savarino,jefferson_savarino,19,19,0,1T,Normal
7115,2020,23,Flamengo,flamengo,Gabriel Barbosa,gabriel_barbosa,60,60,0,2T,Normal
7115,2020,23,Gremio,gremio,Diego Souza,diego_souza,40,40,0,1T,Normal
7115,2020,23,Flamengo,flamengo,Giorgian De Arrascaeta,giorgian_de_arrascaeta,66,66,0,2T,Normal
7115,2020,23,Gremio,gremio,Diego Souza,diego_souza,85,85,0,2T,Normal
7115,2020,23,Flamengo,flamengo,Mauricio Isla,mauricio_isla,93,90,3,2T,Normal
7115,2020,23,Flamengo,flamengo,Éverton Ribeiro,everton_ribeiro,57,57,0,2T,Normal
7185,2020,30,Bahia,bahia,Gilberto Oliveira Souza Junior,gilberto_oliveira_souza_junior,31,31,0,1T,Normal
7185,2020,30,Bahia,bahia,Juan Pablo Ramírez Velásquez,juan_pablo_ramirez_velasquez,49,45,4,1T,Normal
7185,2020,30,Corinthians,corinthians,Gabriel Girotto Franco,gabriel_girotto_franco,71,71,0,2T,Normal
7208,2020,33,Sao Paulo,sao_paulo,Reinaldo Manoel da Silva,reinaldo_manoel_da_silva,40,40,0,1T,Normal
7208,2020,33,Atletico-GO,atletico_go,Natanael Batista Pimenta,natanael_batista_pimenta,21,21,0,1T,Normal
7208,2020,33,Atletico-GO,atletico_go,Vitor Leque,vitor_leque,88,88,0,2T,Normal
7207,2020,33,Athletico-PR,athletico_pr,Carlos Eduardo Ferreira de Souza,carlos_eduardo_ferreira_de_souza,85,85,0,2T,Normal
7207,2020,33,Athletico-PR,athletico_pr,Carlos Eduardo Ferreira de Souza,carlos_eduardo_ferreira_de_souza,92,90,2,2T,Normal
7209,2020,33,Gremio,gremio,Paulo Miranda,paulo_miranda,20,20,0,1T,Normal
7209,2020,33,Coritiba,coritiba,Wilson Rodrigues de Moura Júnior,wilson_rodrigues_de_moura_junior,73,73,0,2T,Penalty
7210,2020,33,Atletico-MG,atletico_mg,Guilherme Arana,guilherme_arana,56,56,0,2T,Normal
7210,2020,33,Atletico-MG,atletico_mg,Eduardo Vargas,eduardo_vargas,67,67,0,2T,Normal
7211,2020,33,Internacional,internacional,Patrick,patrick,4,4,0,1T,Normal
7211,2020,33,Internacional,internacional,Edenílson Andrade dos Santos,edenilson_andrade_dos_santos,58,58,0,2T,Penalty
7211,2020,33,Bragantino,bragantino,Hélio Junio Nunes de Castro,helio_junio_nunes_de_castro,15,15,0,1T,Normal
7212,2020,33,Fluminense,fluminense,Matheus Martinelli,matheus_martinelli,37,37,0,1T,Normal
7212,2020,33,Fluminense,fluminense,Nino,nino,17,17,0,1T,Normal
7212,2020,33,Fluminense,fluminense,Matheus Martinelli,matheus_martinelli,26,26,0,1T,Normal
7213,2020,33,Flamengo,flamengo,Gabriel Barbosa,gabriel_barbosa,4,4,0,1T,Normal
7213,2020,33,Flamengo,flamengo,Bruno Henrique,bruno_henrique,19,19,0,1T,Normal
7213,2020,33,Flamengo,flamengo,Pedro,pedro,96,90,6,2T,Normal
7214,2020,33,Palmeiras,palmeiras,Emerson Santos,emerson_santos,16,16,0,1T,Normal
7214,2020,33,Botafogo-RJ,botafogo_rj,Rafael Navarro,rafael_navarro,60,60,0,2T,Normal
7216,2020,34,Gremio,gremio,Pepê,pepe,53,53,0,2T,Normal
7216,2020,34,Santos,santos,Kaio Jorge,kaio_jorge,8,8,0,1T,Normal
7216,2020,34,Gremio,gremio,Diego Souza,diego_souza,37,37,0,1T,Penalty
7216,2020,34,Santos,santos,Arthur Gomes,arthur_gomes,67,67,0,2T,Penalty
7216,2020,34,Gremio,gremio,Jean Pyerre,jean_pyerre,46,46,0,2T,Normal
7216,2020,34,Santos,santos,Madson,madson,96,90,6,2T,Penalty
7217,2020,34,Bragantino,bragantino,Claudinho,claudinho,94,90,4,2T,Penalty
7217,2020,34,Bragantino,bragantino,Ytalo José dos Santos,ytalo_jose_dos_santos,56,56,0,2T,Normal
7218,2020,34,Ceara,ceara,Fabinho,fabinho,15,15,0,1T,Normal
7218,2020,34,Corinthians,corinthians,Fábio Santos,fabio_santos,21,21,0,1T,Penalty
7218,2020,34,Corinthians,corinthians,Leonardo Natel,leonardo_natel,28,28,0,1T,Normal
7219,2020,34,Goias,goias,Eduardo Figueiredo da Cruz,eduardo_figueiredo_da_cruz,28,28,0,1T,Normal
7220,2020,34,Fluminense,fluminense,Luiz Henrique,luiz_henrique,32,32,0,1T,Normal
7221,2020,34,Fortaleza,fortaleza,Wellington Paulista,wellington_paulista,84,84,0,2T,Normal
7221,2020,34,Coritiba,coritiba,Ricardo Oliveira,ricardo_oliveira,27,27,0,1T,Normal
7221,2020,34,Fortaleza,fortaleza,Nathan Silva,nathan_silva,43,43,0,1T,Gol Contra
7221,2020,34,Fortaleza,fortaleza,David Corrêa da Fonseca,david_correa_da_fonseca,44,44,0,1T,Normal
7222,2020,34,Flamengo,flamengo,Bruno Henrique,bruno_henrique,77,77,0,2T,Normal
7222,2020,34,Flamengo,flamengo,Gabriel Barbosa,gabriel_barbosa,48,45,3,1T,Penalty
7224,2020,34,Sport,sport,Iago Maidana,iago_maidana,24,24,0,1T,Penalty
7226,2020,35,Bahia,bahia,Gilberto Oliveira Souza Junior,gilberto_oliveira_souza_junior,26,26,0,1T,Normal
7226,2020,35,Goias,goias,José Fernando Viana de Santana,jose_fernando_viana_de_santana,95,90,5,2T,Normal
7226,2020,35,Bahia,bahia,Gabriel Novaes,gabriel_novaes,48,45,3,1T,Normal
7226,2020,35,Goias,goias,Vinícius Lopes,vinicius_lopes,49,49,0,2T,Normal
7226,2020,35,Bahia,bahia,Alesson,alesson,79,79,0,2T,Normal
7226,2020,35,Goias,goias,José Fernando Viana de Santana,jose_fernando_viana_de_santana,19,19,0,1T,Normal
7227,2020,35,Atletico-GO,atletico_go,Jean Paulo Fernandes Filho,jean_paulo_fernandes_filho,33,33,0,1T,Penalty
7227,2020,35,Santos,santos,Marcos Leonardo Santos Almeida,marcos_leonardo_santos_almeida,79,79,0,2T,Penalty
7228,2020,35,Bragantino,bragantino,Ytalo José dos Santos,ytalo_jose_dos_santos,63,63,0,2T,Normal
7228,2020,35,Flamengo,flamengo,Gabriel Barbosa,gabriel_barbosa,35,35,0,1T,Penalty
7229,2020,35,Botafogo-RJ,botafogo_rj,Matheus Babi,matheus_babi,82,82,0,2T,Normal
7229,2020,35,Gremio,gremio,Matheus Henrique de Souza,matheus_henrique_de_souza,78,78,0,2T,Normal
7229,2020,35,Gremio,gremio,Diego Churín,diego_churin,54,54,0,2T,Penalty
7229,2020,35,Gremio,gremio,Alisson Euler de Freitas Castro,alisson_euler_de_freitas_castro,7,7,0,1T,Normal
7229,2020,35,Gremio,gremio,Jean Pyerre,jean_pyerre,17,17,0,1T,Normal
7229,2020,35,Botafogo-RJ,botafogo_rj,Rafael Navarro,rafael_navarro,56,56,0,2T,Normal
7229,2020,35,Gremio,gremio,Matheus Henrique de Souza,matheus_henrique_de_souza,74,74,0,2T,Normal
7230,2020,35,Internacional,internacional,Patrick,patrick,41,41,0,1T,Normal
7230,2020,35,Sport,sport,Marcão,marcao,38,38,0,1T,Normal
7230,2020,35,Sport,sport,Dalberto,dalberto,50,45,5,1T,Normal
7231,2020,35,Fortaleza,fortaleza,Igor Torres,igor_torres,6,6,0,1T,Normal
7231,2020,35,Fortaleza,fortaleza,David Corrêa da Fonseca,david_correa_da_fonseca,43,43,0,1T,Normal
7231,2020,35,Fortaleza,fortaleza,Romarinho,romarinho,63,63,0,2T,Normal
7232,2020,35,Ceara,ceara,Léo Chú,leo_chu,93,90,3,2T,Normal
7232,2020,35,Sao Paulo,sao_paulo,Luciano da Rocha Neves,luciano_da_rocha_neves,96,90,6,2T,Normal
7234,2020,35,Athletico-PR,athletico_pr,Abner Vinícius,abner_vinicius,14,14,0,1T,Normal
7234,2020,35,Corinthians,corinthians,Gustavo Mosquito,gustavo_mosquito,3,3,0,1T,Normal
7234,2020,35,Athletico-PR,athletico_pr,Fernando Canesin,fernando_canesin,35,35,0,1T,Normal
7234,2020,35,Corinthians,corinthians,Gustavo Mosquito,gustavo_mosquito,56,56,0,2T,Normal
7234,2020,35,Athletico-PR,athletico_pr,Vitor Hugo Naum dos Santos,vitor_hugo_naum_dos_santos,73,73,0,2T,Normal
7234,2020,35,Corinthians,corinthians,Gabriel Girotto Franco,gabriel_girotto_franco,18,18,0,1T,Normal
7236,2020,36,Goias,goias,Rafael Moura,rafael_moura,8,8,0,1T,Normal
7236,2020,36,Goias,goias,José Fernando Viana de Santana,jose_fernando_viana_de_santana,64,64,0,2T,Normal
7237,2020,36,Atletico-MG,atletico_mg,Eduardo Sasha,eduardo_sasha,20,20,0,1T,Normal
7237,2020,36,Bahia,bahia,Rossicley Pereira da Silva,rossicley_pereira_da_silva,47,47,0,2T,Normal
7238,2020,36,Santos,santos,Mário Sérgio Santos Costa,mario_sergio_santos_costa,37,37,0,1T,Normal
7238,2020,36,Santos,santos,Marcos Leonardo Santos Almeida,marcos_leonardo_santos_almeida,83,83,0,2T,Normal
7239,2020,36,Corinthians,corinthians,Leonardo Natel,leonardo_natel,20,20,0,1T,Normal
7239,2020,36,Flamengo,flamengo,Willian Arão,willian_arao,10,10,0,1T,Normal
7239,2020,36,Flamengo,flamengo,Gabriel Barbosa,gabriel_barbosa,55,55,0,2T,Normal
7240,2020,36,Internacional,internacional,Rodrigo Dourado,rodrigo_dourado,10,10,0,1T,Normal
7240,2020,36,Internacional,internacional,Thiago Galhardo,thiago_galhardo,96,90,6,2T,Normal
7241,2020,36,Athletico-PR,athletico_pr,Thiago Heleno,thiago_heleno,92,90,2,2T,Normal
7241,2020,36,Atletico-GO,atletico_go,Roberson,roberson,71,71,0,2T,Normal
7241,2020,36,Athletico-PR,athletico_pr,Vitor Hugo Naum dos Santos,vitor_hugo_naum_dos_santos,63,63,0,2T,Normal
7242,2020,36,Palmeiras,palmeiras,Breno Lopes,breno_lopes,38,38,0,1T,Normal
7242,2020,36,Palmeiras,palmeiras,Gustavo Scarpa,gustavo_scarpa,20,20,0,1T,Normal
7242,2020,36,Palmeiras,palmeiras,Lucas Rafael Araújo Lima,lucas_rafael_araujo_lima,26,26,0,1T,Normal
7243,2020,36,Gremio,gremio,Diego Souza,diego_souza,33,33,0,1T,Normal
7243,2020,36,Sao Paulo,sao_paulo,Danilo Neves,danilo_neves,63,63,0,2T,Normal
7243,2020,36,Sao Paulo,sao_paulo,Luciano da Rocha Neves,luciano_da_rocha_neves,68,68,0,2T,Normal
7244,2020,36,Fluminense,fluminense,John Kennedy,john_kennedy,45,45,0,1T,Normal
7244,2020,36,Fluminense,fluminense,Matheus Martinelli,matheus_martinelli,59,59,0,2T,Normal
7244,2020,36,Ceara,ceara,Vinícius,vinicius,78,78,0,2T,Penalty
7244,2020,36,Fluminense,fluminense,Samuel Salustiano de Jesus Silva,samuel_salustiano_de_jesus_silva,88,88,0,2T,Normal
7215,2020,33,Santos,santos,Marcos Leonardo Santos Almeida,marcos_leonardo_santos_almeida,55,55,0,2T,Normal
7235,2020,35,Coritiba,coritiba,Jonathan Francisco Lemos,jonathan_francisco_lemos,88,88,0,2T,Normal
7225,2020,34,Sao Paulo,sao_paulo,Luciano da Rocha Neves,luciano_da_rocha_neves,74,74,0,2T,Penalty
7225,2020,34,Palmeiras,palmeiras,Rony,rony,93,90,3,2T,Normal
7246,2020,37,Ceara,ceara,Saulo Mineiro,saulo_mineiro,74,74,0,2T,Normal
7246,2020,37,Ceara,ceara,Felipe Vizeu,felipe_vizeu,51,51,0,2T,Normal
7247,2020,37,Bahia,bahia,Rodrigo Eduardo Costa Marinho,rodrigo_eduardo_costa_marinho,7,7,0,1T,Normal
7247,2020,37,Bahia,bahia,Rodrigo Eduardo Costa Marinho,rodrigo_eduardo_costa_marinho,62,62,0,2T,Normal
7247,2020,37,Bahia,bahia,Rossicley Pereira da Silva,rossicley_pereira_da_silva,81,81,0,2T,Penalty
7247,2020,37,Bahia,bahia,Rodrigo Eduardo Costa Marinho,rodrigo_eduardo_costa_marinho,66,66,0,2T,Normal
7248,2020,37,Atletico-MG,atletico_mg,Rafael Thyere de Albuquerque Marques,rafael_thyere_de_albuquerque_marques,50,50,0,2T,Gol Contra
7248,2020,37,Sport,sport,Dalberto,dalberto,33,33,0,1T,Normal
7248,2020,37,Atletico-MG,atletico_mg,Jair Rodrigues Júnior,jair_rodrigues_junior,7,7,0,1T,Normal
7248,2020,37,Atletico-MG,atletico_mg,Marrony,marrony,98,90,8,2T,Normal
7248,2020,37,Sport,sport,Thiago Neves,thiago_neves,87,87,0,2T,Penalty
7250,2020,37,Flamengo,flamengo,Gabriel Barbosa,gabriel_barbosa,63,63,0,2T,Normal
7250,2020,37,Internacional,internacional,Edenílson Andrade dos Santos,edenilson_andrade_dos_santos,12,12,0,1T,Penalty
7250,2020,37,Flamengo,flamengo,Giorgian De Arrascaeta,giorgian_de_arrascaeta,29,29,0,1T,Normal
7251,2020,37,Santos,santos,Jean Mota Oliveira de Souza,jean_mota_oliveira_de_souza,87,87,0,2T,Normal
7251,2020,37,Fluminense,fluminense,Lucca Borges de Brito,lucca_borges_de_brito,16,16,0,1T,Normal
7252,2020,37,Gremio,gremio,Thaciano,thaciano,77,77,0,2T,Normal
7254,2020,37,Palmeiras,palmeiras,Matías Viña,matias_vina,22,22,0,1T,Normal
7254,2020,37,Atletico-GO,atletico_go,Matheus Vargas,matheus_vargas,43,43,0,1T,Normal
7255,2020,37,Botafogo-RJ,botafogo_rj,Matheus Babi,matheus_babi,58,58,0,2T,Normal
7264,2020,38,Vasco,vasco,Ricardo Graça,ricardo_graca,92,90,2,2T,Normal
7264,2020,38,Goias,goias,José Fernando Viana de Santana,jose_fernando_viana_de_santana,25,25,0,1T,Normal
7264,2020,38,Vasco,vasco,Germán Cano,german_cano,15,15,0,1T,Normal
7264,2020,38,Goias,goias,José Fernando Viana de Santana,jose_fernando_viana_de_santana,52,45,7,1T,Normal
7264,2020,38,Vasco,vasco,Ricardo Graça,ricardo_graca,50,50,0,2T,Normal
7256,2020,38,Bragantino,bragantino,Claudinho,claudinho,53,53,0,2T,Normal
7257,2020,38,Bahia,bahia,Rossicley Pereira da Silva,rossicley_pereira_da_silva,15,15,0,1T,Normal
7257,2020,38,Bahia,bahia,Alesson,alesson,91,90,1,2T,Normal
7258,2020,38,Athletico-PR,athletico_pr,Nikão,nikao,8,8,0,1T,Normal
7258,2020,38,Athletico-PR,athletico_pr,Léo Cittadini,leo_cittadini,86,86,0,2T,Normal
7259,2020,38,Atletico-GO,atletico_go,Gilvan,gilvan,3,3,0,1T,Normal
7259,2020,38,Atletico-GO,atletico_go,Guilherme Biro,guilherme_biro,47,45,2,1T,Gol Contra
7259,2020,38,Atletico-GO,atletico_go,Wellington Soares da Silva,wellington_soares_da_silva,34,34,0,1T,Normal
7259,2020,38,Coritiba,coritiba,Ricardo Oliveira,ricardo_oliveira,63,63,0,2T,Normal
7261,2020,38,Ceara,ceara,Saulo Mineiro,saulo_mineiro,94,90,4,2T,Normal
7261,2020,38,Botafogo-RJ,botafogo_rj,Matheus Babi,matheus_babi,57,57,0,2T,Penalty
7261,2020,38,Ceara,ceara,Pedro Henrique Naressi Machado,pedro_henrique_naressi_machado,17,17,0,1T,Normal
7263,2020,38,Atletico-MG,atletico_mg,Jair Rodrigues Júnior,jair_rodrigues_junior,79,79,0,2T,Normal
7263,2020,38,Atletico-MG,atletico_mg,Eduardo Sasha,eduardo_sasha,89,89,0,2T,Normal
7265,2020,38,Fluminense,fluminense,Matheus Ferraz Pereira,matheus_ferraz_pereira,61,61,0,2T,Normal
7265,2020,38,Fluminense,fluminense,Fred,fred,21,21,0,1T,Normal
7262,2020,38,Sao Paulo,sao_paulo,Luciano da Rocha Neves,luciano_da_rocha_neves,50,45,5,1T,Normal
7262,2020,38,Sao Paulo,sao_paulo,Pablo Felipe Teixeira,pablo_felipe_teixeira,58,58,0,2T,Normal
7262,2020,38,Flamengo,flamengo,Bruno Henrique,bruno_henrique,51,51,0,2T,Normal
7266,2021,1,Juventude,juventude,Matheus Peixoto,matheus_peixoto,46,45,1,1T,Normal
7266,2021,1,Cuiaba,cuiaba,Jonathan Cafú,jonathan_cafu,29,29,0,1T,Normal
7266,2021,1,Cuiaba,cuiaba,Elton Rodrigues Brandão,elton_rodrigues_brandao,87,87,0,2T,Normal
7266,2021,1,Juventude,juventude,Wescley,wescley,43,43,0,1T,Normal
7267,2021,1,Bahia,bahia,Thaciano,thaciano,46,46,0,2T,Normal
7267,2021,1,Bahia,bahia,Thaciano,thaciano,49,49,0,2T,Normal
7267,2021,1,Bahia,bahia,José Carlos Ferreira Júnior,jose_carlos_ferreira_junior,53,53,0,2T,Normal
7269,2021,1,Fortaleza,fortaleza,Yago Pikachu,yago_pikachu,60,60,0,2T,Normal
7269,2021,1,Fortaleza,fortaleza,Yago Pikachu,yago_pikachu,94,90,4,2T,Normal
7269,2021,1,Atletico-MG,atletico_mg,Hulk,hulk,40,40,0,1T,Penalty
7271,2021,1,Ceara,ceara,Rick,rick,42,42,0,1T,Normal
7271,2021,1,Ceara,ceara,Jorginho,jorginho,94,90,4,2T,Normal
7271,2021,1,Gremio,gremio,Vanderson de Oliveira Campos,vanderson_de_oliveira_campos,50,45,5,1T,Normal
7271,2021,1,Ceara,ceara,Cléber,cleber,36,36,0,1T,Normal
7271,2021,1,Gremio,gremio,Ricardinho Viana,ricardinho_viana,49,49,0,2T,Normal
7270,2021,1,Flamengo,flamengo,Pedro,pedro,75,75,0,2T,Normal
7273,2021,1,Bragantino,bragantino,Ytalo José dos Santos,ytalo_jose_dos_santos,33,33,0,1T,Normal
7273,2021,1,Bragantino,bragantino,Lucas Evangelista,lucas_evangelista,35,35,0,1T,Normal
7273,2021,1,Bragantino,bragantino,Hélio Junio Nunes de Castro,helio_junio_nunes_de_castro,74,74,0,2T,Normal
7272,2021,1,Atletico-GO,atletico_go,Zé Roberto,ze_roberto,44,44,0,1T,Normal
7274,2021,1,Athletico-PR,athletico_pr,Carlos Eduardo Ferreira de Souza,carlos_eduardo_ferreira_de_souza,87,87,0,2T,Normal
7275,2021,1,Sport,sport,Thiago Neves,thiago_neves,62,62,0,2T,Penalty
7275,2021,1,Internacional,internacional,Rodrigo Lindoso,rodrigo_lindoso,44,44,0,1T,Normal
7275,2021,1,Sport,sport,André Felipe Ribeiro de Souza,andre_felipe_ribeiro_de_souza,86,86,0,2T,Normal
7275,2021,1,Internacional,internacional,Edenílson Andrade dos Santos,edenilson_andrade_dos_santos,19,19,0,1T,Penalty
7276,2021,2,Atletico-GO,atletico_go,João Paulo,joao_paulo,79,79,0,2T,Normal
7276,2021,2,Atletico-GO,atletico_go,Éder,eder,23,23,0,1T,Normal
7277,2021,2,Santos,santos,Jean Mota Oliveira de Souza,jean_mota_oliveira_de_souza,19,19,0,1T,Normal
7277,2021,2,Ceara,ceara,Vinícius,vinicius,52,45,7,1T,Penalty
7277,2021,2,Santos,santos,Marinho,marinho,63,63,0,2T,Normal
7277,2021,2,Santos,santos,Kaio Jorge,kaio_jorge,72,72,0,2T,Normal
7278,2021,2,Bragantino,bragantino,Artur Victor Guimarães,artur_victor_guimaraes,22,22,0,1T,Normal
7278,2021,2,Bahia,bahia,Gilberto Oliveira Souza Junior,gilberto_oliveira_souza_junior,19,19,0,1T,Normal
7278,2021,2,Bragantino,bragantino,Luan Cândido,luan_candido,50,50,0,2T,Normal
7278,2021,2,Bahia,bahia,Jonas Gomes de Sousa,jonas_gomes_de_sousa,86,86,0,2T,Normal
7278,2021,2,Bragantino,bragantino,Tomás Cuello,tomas_cuello,68,68,0,2T,Normal
7278,2021,2,Bahia,bahia,Gilberto Oliveira Souza Junior,gilberto_oliveira_souza_junior,16,16,0,1T,Normal
7279,2021,2,Fluminense,fluminense,Gabriel Teixeira,gabriel_teixeira,40,40,0,1T,Normal
7280,2021,2,Corinthians,corinthians,Fábio Santos,fabio_santos,29,29,0,1T,Penalty
7281,2021,2,Fortaleza,fortaleza,Robson Fernandes,robson_fernandes,47,45,2,1T,Normal
7281,2021,2,Fortaleza,fortaleza,Yago Pikachu,yago_pikachu,47,47,0,2T,Normal
7281,2021,2,Fortaleza,fortaleza,Zé Gabriel,ze_gabriel,55,55,0,2T,Gol Contra
7281,2021,2,Fortaleza,fortaleza,Wellington Paulista,wellington_paulista,86,86,0,2T,Normal
7281,2021,2,Fortaleza,fortaleza,Cristian Chagas Tarouco,cristian_chagas_tarouco,17,17,0,1T,Normal
7281,2021,2,Internacional,internacional,Bruno Praxedes,bruno_praxedes,62,62,0,2T,Normal
7283,2021,2,Palmeiras,palmeiras,Wesley Ribeiro Silva,wesley_ribeiro_silva,42,42,0,1T,Normal
7283,2021,2,Palmeiras,palmeiras,Luiz Adriano,luiz_adriano,15,15,0,1T,Normal
7283,2021,2,Chapecoense,chapecoense,Busanello,busanello,55,55,0,2T,Normal
7283,2021,2,Palmeiras,palmeiras,Wesley Ribeiro Silva,wesley_ribeiro_silva,7,7,0,1T,Normal
7282,2021,2,Athletico-PR,athletico_pr,Jadson,jadson,47,47,0,2T,Normal
7282,2021,2,Athletico-PR,athletico_pr,Jadson,jadson,49,49,0,2T,Normal
7282,2021,2,Athletico-PR,athletico_pr,Nikão,nikao,89,89,0,2T,Normal
7284,2021,2,Atletico-MG,atletico_mg,Hulk,hulk,14,14,0,1T,Normal
7287,2021,3,Palmeiras,palmeiras,Raphael Cavalcante Veiga,raphael_cavalcante_veiga,3,3,0,1T,Normal
7287,2021,3,Corinthians,corinthians,Gabriel Girotto Franco,gabriel_girotto_franco,55,55,0,2T,Normal
7288,2021,3,Atletico-MG,atletico_mg,Jair Rodrigues Júnior,jair_rodrigues_junior,17,17,0,1T,Normal
7289,2021,3,Athletico-PR,athletico_pr,Matheus Babi,matheus_babi,44,44,0,1T,Normal
7290,2021,3,Flamengo,flamengo,Bruno Henrique,bruno_henrique,24,24,0,1T,Normal
7290,2021,3,Flamengo,flamengo,Rodrigo Muniz,rodrigo_muniz,67,67,0,2T,Normal
7292,2021,3,Fortaleza,fortaleza,Wellington Paulista,wellington_paulista,79,79,0,2T,Penalty
7291,2021,3,Internacional,internacional,Edenílson Andrade dos Santos,edenilson_andrade_dos_santos,31,31,0,1T,Penalty
7293,2021,3,Fluminense,fluminense,Caio Paulista,caio_paulista,75,75,0,2T,Normal
7293,2021,3,Fluminense,fluminense,Abel Hernández,abel_hernandez,93,90,3,2T,Penalty
7293,2021,3,Bragantino,bragantino,Lucas Evangelista,lucas_evangelista,6,6,0,1T,Normal
7293,2021,3,Bragantino,bragantino,Artur Victor Guimarães,artur_victor_guimaraes,48,45,3,1T,Normal
7296,2021,4,Atletico-MG,atletico_mg,Nathan Allan de Souza,nathan_allan_de_souza,2,2,0,1T,Normal
7297,2021,4,Sao Paulo,sao_paulo,Eder Citadin Martins,eder_citadin_martins,13,13,0,1T,Normal
7297,2021,4,Chapecoense,chapecoense,Kaio Nunes,kaio_nunes,70,70,0,2T,Normal
7298,2021,4,Bragantino,bragantino,Aderlan Silva,aderlan_silva,52,52,0,2T,Normal
7298,2021,4,Bragantino,bragantino,Eric dos Santos Rodrigues,eric_dos_santos_rodrigues,85,85,0,2T,Normal
7298,2021,4,Corinthians,corinthians,Roni,roni,19,19,0,1T,Normal
7299,2021,4,Palmeiras,palmeiras,Deyverson,deyverson,63,63,0,2T,Normal
7299,2021,4,Palmeiras,palmeiras,William Matheus,william_matheus,53,53,0,2T,Gol Contra
7299,2021,4,Palmeiras,palmeiras,Breno Lopes,breno_lopes,87,87,0,2T,Normal
7301,2021,4,Ceara,ceara,Saulo Mineiro,saulo_mineiro,16,16,0,1T,Normal
7301,2021,4,Bahia,bahia,Gilberto Oliveira Souza Junior,gilberto_oliveira_souza_junior,35,35,0,1T,Normal
7301,2021,4,Bahia,bahia,Gilberto Oliveira Souza Junior,gilberto_oliveira_souza_junior,31,31,0,1T,Penalty
7304,2021,4,Fluminense,fluminense,Nenê,nene,51,51,0,2T,Normal
7302,2021,4,Sport,sport,Sander Henrique Bortolotto,sander_henrique_bortolotto,34,34,0,1T,Normal
7306,2021,5,Flamengo,flamengo,Rodrigo Muniz,rodrigo_muniz,27,27,0,1T,Normal
7306,2021,5,Bragantino,bragantino,Chrigor,chrigor,98,90,8,2T,Normal
7306,2021,5,Flamengo,flamengo,Rodrigo Muniz,rodrigo_muniz,64,64,0,2T,Normal
7306,2021,5,Bragantino,bragantino,Aderlan Silva,aderlan_silva,12,12,0,1T,Normal
7306,2021,5,Bragantino,bragantino,Eric dos Santos Rodrigues,eric_dos_santos_rodrigues,69,69,0,2T,Normal
7307,2021,5,Palmeiras,palmeiras,Willian Gomes de Siqueira,willian_gomes_de_siqueira,39,39,0,1T,Normal
7307,2021,5,Palmeiras,palmeiras,Willian Gomes de Siqueira,willian_gomes_de_siqueira,96,90,6,2T,Normal
7307,2021,5,America-MG,america_mg,Geovane,geovane,38,38,0,1T,Normal
7309,2021,5,Ceara,ceara,Lima,lima,46,45,1,1T,Normal
7309,2021,5,Internacional,internacional,Edenílson Andrade dos Santos,edenilson_andrade_dos_santos,8,8,0,1T,Penalty
7311,2021,5,Athletico-PR,athletico_pr,Christian Roberto Alves Cardoso,christian_roberto_alves_cardoso,71,71,0,2T,Normal
7311,2021,5,Atletico-GO,atletico_go,Gabriel Baralhas,gabriel_baralhas,13,13,0,1T,Normal
7311,2021,5,Athletico-PR,athletico_pr,Matheus Babi,matheus_babi,44,44,0,1T,Normal
7310,2021,5,Fortaleza,fortaleza,Robson Fernandes,robson_fernandes,69,69,0,2T,Normal
7310,2021,5,Fluminense,fluminense,Caio Paulista,caio_paulista,56,56,0,2T,Normal
7312,2021,5,Santos,santos,Marinho,marinho,27,27,0,1T,Normal
7312,2021,5,Santos,santos,Gabriel Pirani,gabriel_pirani,44,44,0,1T,Normal
7313,2021,5,Juventude,juventude,Matheus Peixoto,matheus_peixoto,83,83,0,2T,Normal
7314,2021,5,Chapecoense,chapecoense,Ravanelli Ferreira dos Santos,ravanelli_ferreira_dos_santos,80,80,0,2T,Penalty
7314,2021,5,Atletico-MG,atletico_mg,Danilo Neves,danilo_neves,25,25,0,1T,Normal
7317,2021,6,Sao Paulo,sao_paulo,Gabriel Sara,gabriel_sara,43,43,0,1T,Normal
7317,2021,6,Cuiaba,cuiaba,Rafael Gustavo Meneghel Gava,rafael_gustavo_meneghel_gava,23,23,0,1T,Normal
7317,2021,6,Cuiaba,cuiaba,Elton Rodrigues Brandão,elton_rodrigues_brandao,39,39,0,1T,Normal
7317,2021,6,Sao Paulo,sao_paulo,Martín Benítez,martin_benitez,18,18,0,1T,Normal
7318,2021,6,Flamengo,flamengo,Bruno Henrique,bruno_henrique,43,43,0,1T,Normal
7318,2021,6,Fortaleza,fortaleza,David Corrêa da Fonseca,david_correa_da_fonseca,46,46,0,2T,Normal
7318,2021,6,Flamengo,flamengo,Bruno Henrique,bruno_henrique,21,21,0,1T,Normal
7319,2021,6,Bragantino,bragantino,Ytalo José dos Santos,ytalo_jose_dos_santos,88,88,0,2T,Normal
7319,2021,6,Palmeiras,palmeiras,Breno Lopes,breno_lopes,66,66,0,2T,Normal
7319,2021,6,Bragantino,bragantino,Ytalo José dos Santos,ytalo_jose_dos_santos,10,10,0,1T,Normal
7319,2021,6,Bragantino,bragantino,Ytalo José dos Santos,ytalo_jose_dos_santos,45,45,0,1T,Normal
7316,2021,6,Atletico-GO,atletico_go,Nathan Silva,nathan_silva,81,81,0,2T,Normal
7320,2021,6,America-MG,america_mg,Paulo Roberto Valoura Junior,paulo_roberto_valoura_junior,85,85,0,2T,Penalty
7320,2021,6,Juventude,juventude,Matheus Peixoto,matheus_peixoto,36,36,0,1T,Penalty
7322,2021,6,Corinthians,corinthians,Iago Maidana,iago_maidana,49,45,4,1T,Gol Contra
7322,2021,6,Corinthians,corinthians,Jô,jo,52,52,0,2T,Normal
7322,2021,6,Sport,sport,Santiago Tréllez,santiago_trellez,82,82,0,2T,Normal
7321,2021,6,Internacional,internacional,Yuri Alberto,yuri_alberto,35,35,0,1T,Normal
7321,2021,6,Chapecoense,chapecoense,Derlan,derlan,55,55,0,2T,Normal
7321,2021,6,Internacional,internacional,Caio Vidal,caio_vidal,6,6,0,1T,Normal
7323,2021,6,Ceara,ceara,Gabriel Lacerda,gabriel_lacerda,96,90,6,2T,Normal
7323,2021,6,Atletico-MG,atletico_mg,Gabriel Costa França,gabriel_costa_franca,72,72,0,2T,Normal
7323,2021,6,Ceara,ceara,Lima,lima,3,3,0,1T,Normal
7325,2021,6,Santos,santos,Marinho,marinho,78,78,0,2T,Normal
7325,2021,6,Gremio,gremio,Diego Souza,diego_souza,4,4,0,1T,Normal
7325,2021,6,Gremio,gremio,Matheus Henrique de Souza,matheus_henrique_de_souza,42,42,0,1T,Normal
7325,2021,6,Santos,santos,Marcos Guilherme,marcos_guilherme,29,29,0,1T,Normal
7324,2021,6,Athletico-PR,athletico_pr,David Terans,david_terans,40,40,0,1T,Normal
7324,2021,6,Bahia,bahia,Patrick de Lucca,patrick_de_lucca,17,17,0,1T,Normal
7324,2021,6,Bahia,bahia,Rossicley Pereira da Silva,rossicley_pereira_da_silva,70,70,0,2T,Normal
7326,2021,7,Juventude,juventude,Matheus Peixoto,matheus_peixoto,25,25,0,1T,Normal
7327,2021,7,Corinthians,corinthians,Jô,jo,37,37,0,1T,Penalty
7327,2021,7,Fluminense,fluminense,Juan Cazares,juan_cazares,70,70,0,2T,Normal
7329,2021,7,Athletico-PR,athletico_pr,Khellven Douglas Silva Oliveira,khellven_douglas_silva_oliveira,37,37,0,1T,Normal
7329,2021,7,Athletico-PR,athletico_pr,Thiago Heleno,thiago_heleno,60,60,0,2T,Normal
7329,2021,7,Chapecoense,chapecoense,Ignacio da Silva Oliveira,ignacio_da_silva_oliveira,26,26,0,1T,Normal
7329,2021,7,Chapecoense,chapecoense,Geuvânio,geuvanio,94,90,4,2T,Normal
7328,2021,7,Palmeiras,palmeiras,Raphael Cavalcante Veiga,raphael_cavalcante_veiga,78,78,0,2T,Normal
7328,2021,7,Palmeiras,palmeiras,Breno Lopes,breno_lopes,92,90,2,2T,Normal
7328,2021,7,Bahia,bahia,Luiz Otávio da Silva Santos,luiz_otavio_da_silva_santos,12,12,0,1T,Normal
7328,2021,7,Palmeiras,palmeiras,Gustavo Scarpa,gustavo_scarpa,7,7,0,1T,Normal
7328,2021,7,Bahia,bahia,Maycon Douglas,maycon_douglas,74,74,0,2T,Normal
7331,2021,7,Santos,santos,Jean Mota Oliveira de Souza,jean_mota_oliveira_de_souza,57,57,0,2T,Normal
7331,2021,7,Santos,santos,Marcos Guilherme,marcos_guilherme,94,90,4,2T,Normal
7332,2021,7,America-MG,america_mg,Ribamar,ribamar,34,34,0,1T,Normal
7332,2021,7,Internacional,internacional,Rodrigo Dourado,rodrigo_dourado,77,77,0,2T,Normal
7334,2021,7,Ceara,ceara,Jorginho,jorginho,23,23,0,1T,Normal
7334,2021,7,Sao Paulo,sao_paulo,Gabriel Dias de Oliveira,gabriel_dias_de_oliveira,52,52,0,2T,Gol Contra
7335,2021,7,Bragantino,bragantino,Weverton,weverton,82,82,0,2T,Normal
7336,2021,8,Athletico-PR,athletico_pr,Vitor Hugo Naum dos Santos,vitor_hugo_naum_dos_santos,73,73,0,2T,Normal
7336,2021,8,Athletico-PR,athletico_pr,Ivaldo,ivaldo,76,76,0,2T,Normal
7336,2021,8,Athletico-PR,athletico_pr,Nikão,nikao,95,90,5,2T,Penalty
7336,2021,8,Fluminense,fluminense,Fred,fred,2,2,0,1T,Normal
7336,2021,8,Athletico-PR,athletico_pr,Richard Candido Coelho,richard_candido_coelho,26,26,0,1T,Normal
7337,2021,8,Fortaleza,fortaleza,Yago Pikachu,yago_pikachu,72,72,0,2T,Normal
7337,2021,8,Chapecoense,chapecoense,Pedro Perotti,pedro_perotti,81,81,0,2T,Normal
7337,2021,8,Fortaleza,fortaleza,David Corrêa da Fonseca,david_correa_da_fonseca,50,50,0,2T,Normal
7337,2021,8,Chapecoense,chapecoense,Anselmo Ramon,anselmo_ramon,35,35,0,1T,Penalty
7337,2021,8,Fortaleza,fortaleza,Robson Fernandes,robson_fernandes,62,62,0,2T,Normal
7338,2021,8,Palmeiras,palmeiras,Deyverson,deyverson,9,9,0,1T,Normal
7338,2021,8,Palmeiras,palmeiras,Danilo dos Santos de Oliveira,danilo_dos_santos_de_oliveira,89,89,0,2T,Normal
7338,2021,8,Internacional,internacional,Edenílson Andrade dos Santos,edenilson_andrade_dos_santos,65,65,0,2T,Penalty
7339,2021,8,Bahia,bahia,Rodrigo Eduardo Costa Marinho,rodrigo_eduardo_costa_marinho,36,36,0,1T,Normal
7339,2021,8,America-MG,america_mg,Paulo Roberto Valoura Junior,paulo_roberto_valoura_junior,18,18,0,1T,Normal
7339,2021,8,Bahia,bahia,Gilberto Oliveira Souza Junior,gilberto_oliveira_souza_junior,92,90,2,2T,Normal
7339,2021,8,America-MG,america_mg,Ribamar,ribamar,65,65,0,2T,Normal
7339,2021,8,Bahia,bahia,Gilberto Oliveira Souza Junior,gilberto_oliveira_souza_junior,94,90,4,2T,Normal
7339,2021,8,America-MG,america_mg,Juninho,juninho,73,73,0,2T,Normal
7339,2021,8,America-MG,america_mg,Felipe Azevedo,felipe_azevedo,15,15,0,1T,Normal
7342,2021,8,Juventude,juventude,Matheus Peixoto,matheus_peixoto,83,83,0,2T,Normal
7342,2021,8,Juventude,juventude,Paulo Bóia,paulo_boia,28,28,0,1T,Normal
7344,2021,8,Atletico-MG,atletico_mg,Ignacio Fernández,ignacio_fernandez,89,89,0,2T,Normal
7344,2021,8,Atletico-MG,atletico_mg,Matías Zaracho,matias_zaracho,27,27,0,1T,Normal
7344,2021,8,Atletico-GO,atletico_go,Marlon Freitas,marlon_freitas,46,45,1,1T,Normal
7344,2021,8,Atletico-MG,atletico_mg,Matías Zaracho,matias_zaracho,37,37,0,1T,Normal
7344,2021,8,Atletico-MG,atletico_mg,Ignacio Fernández,ignacio_fernandez,42,42,0,1T,Normal
7345,2021,8,Flamengo,flamengo,Pedro,pedro,10,10,0,1T,Normal
7345,2021,8,Flamengo,flamengo,Thiago Maia,thiago_maia,92,90,2,2T,Normal
7347,2021,9,America-MG,america_mg,Carlos Alberto,carlos_alberto,94,90,4,2T,Normal
7347,2021,9,America-MG,america_mg,João Paulo Gomes da Costa,joao_paulo_gomes_da_costa,55,55,0,2T,Normal
7346,2021,9,Athletico-PR,athletico_pr,David Terans,david_terans,2,2,0,1T,Normal
7346,2021,9,Athletico-PR,athletico_pr,Matheus Babi,matheus_babi,9,9,0,1T,Normal
7346,2021,9,Fortaleza,fortaleza,Igor Torres,igor_torres,86,86,0,2T,Normal
7348,2021,9,Internacional,internacional,Edenílson Andrade dos Santos,edenilson_andrade_dos_santos,40,40,0,1T,Penalty
7348,2021,9,Corinthians,corinthians,Jô,jo,80,80,0,2T,Normal
7349,2021,9,Bahia,bahia,Gilberto Oliveira Souza Junior,gilberto_oliveira_souza_junior,67,67,0,2T,Normal
7349,2021,9,Bahia,bahia,Rodrigo Eduardo Costa Marinho,rodrigo_eduardo_costa_marinho,69,69,0,2T,Normal
7350,2021,9,Fluminense,fluminense,André,andre,91,90,1,2T,Normal
7351,2021,9,Palmeiras,palmeiras,Gustavo Scarpa,gustavo_scarpa,38,38,0,1T,Normal
7353,2021,9,Sao Paulo,sao_paulo,Emiliano Rigoni,emiliano_rigoni,26,26,0,1T,Normal
7353,2021,9,Bragantino,bragantino,Alerrandro Barra Mansa Realino de Souza,alerrandro_barra_mansa_realino_de_souza,63,63,0,2T,Normal
7353,2021,9,Bragantino,bragantino,Artur Victor Guimarães,artur_victor_guimaraes,75,75,0,2T,Normal
7352,2021,9,Ceara,ceara,Saulo Mineiro,saulo_mineiro,48,48,0,2T,Normal
7352,2021,9,Ceara,ceara,Gabriel Lacerda,gabriel_lacerda,53,53,0,2T,Normal
7354,2021,9,Atletico-MG,atletico_mg,Ignacio Fernández,ignacio_fernandez,26,26,0,1T,Normal
7355,2021,9,Atletico-GO,atletico_go,Lucas Gabriel Ribeiro Firmo,lucas_gabriel_ribeiro_firmo,55,55,0,2T,Normal
7356,2021,10,Santos,santos,Marcos Guilherme,marcos_guilherme,31,31,0,1T,Normal
7356,2021,10,Santos,santos,Ivaldo,ivaldo,50,50,0,2T,Gol Contra
7356,2021,10,Athletico-PR,athletico_pr,Fernando Canesin,fernando_canesin,46,45,1,1T,Normal
7357,2021,10,Bahia,bahia,Matheus Bahia Santos,matheus_bahia_santos,79,79,0,2T,Normal
7358,2021,10,Bragantino,bragantino,Bruno Praxedes,bruno_praxedes,28,28,0,1T,Normal
7358,2021,10,Cuiaba,cuiaba,Jenison de Jesus Brito e Brito,jenison_de_jesus_brito_e_brito,78,78,0,2T,Normal
7359,2021,10,Fortaleza,fortaleza,David Corrêa da Fonseca,david_correa_da_fonseca,62,62,0,2T,Normal
7359,2021,10,Fortaleza,fortaleza,Igor Torres,igor_torres,83,83,0,2T,Normal
7359,2021,10,Fortaleza,fortaleza,Éderson,ederson,47,45,2,1T,Normal
7359,2021,10,Fortaleza,fortaleza,David Corrêa da Fonseca,david_correa_da_fonseca,55,55,0,2T,Normal
7360,2021,10,Palmeiras,palmeiras,Raphael Cavalcante Veiga,raphael_cavalcante_veiga,1,1,0,1T,Normal
7360,2021,10,Palmeiras,palmeiras,Gabriel Menino,gabriel_menino,17,17,0,1T,Normal
7361,2021,10,Atletico-MG,atletico_mg,Jefferson Savarino,jefferson_savarino,51,51,0,2T,Normal
7361,2021,10,Atletico-MG,atletico_mg,Jefferson Savarino,jefferson_savarino,53,53,0,2T,Normal
7361,2021,10,Flamengo,flamengo,Willian Arão,willian_arao,88,88,0,2T,Normal
7362,2021,10,Sport,sport,Marcão,marcao,48,48,0,2T,Normal
7362,2021,10,Atletico-GO,atletico_go,Arthur Gomes,arthur_gomes,51,51,0,2T,Normal
7363,2021,10,Sao Paulo,sao_paulo,Emiliano Rigoni,emiliano_rigoni,2,2,0,1T,Normal
7363,2021,10,Sao Paulo,sao_paulo,Igor Gomes,igor_gomes,54,54,0,2T,Normal
7365,2021,10,Corinthians,corinthians,Jô,jo,60,60,0,2T,Normal
7366,2021,11,Palmeiras,palmeiras,Gustavo Gómez,gustavo_gomez,19,19,0,1T,Normal
7366,2021,11,Palmeiras,palmeiras,Breno Lopes,breno_lopes,22,22,0,1T,Normal
7366,2021,11,Santos,santos,Carlos Andrés Sánchez,carlos_andres_sanchez,69,69,0,2T,Penalty
7366,2021,11,Palmeiras,palmeiras,Willian Gomes de Siqueira,willian_gomes_de_siqueira,83,83,0,2T,Normal
7366,2021,11,Santos,santos,Marinho,marinho,92,90,2,2T,Penalty
7368,2021,11,Athletico-PR,athletico_pr,David Terans,david_terans,70,70,0,2T,Normal
7368,2021,11,Bragantino,bragantino,Alerrandro Barra Mansa Realino de Souza,alerrandro_barra_mansa_realino_de_souza,28,28,0,1T,Normal
7368,2021,11,Bragantino,bragantino,Ytalo José dos Santos,ytalo_jose_dos_santos,80,80,0,2T,Normal
7368,2021,11,Athletico-PR,athletico_pr,Nikão,nikao,47,45,2,1T,Normal
7370,2021,11,Sao Paulo,sao_paulo,Liziero,liziero,92,90,2,2T,Normal
7369,2021,11,Fluminense,fluminense,Lucca Borges de Brito,lucca_borges_de_brito,73,73,0,2T,Normal
7369,2021,11,Fluminense,fluminense,Lucca Borges de Brito,lucca_borges_de_brito,66,66,0,2T,Normal
7369,2021,11,Sport,sport,André Felipe Ribeiro de Souza,andre_felipe_ribeiro_de_souza,42,42,0,1T,Penalty
7371,2021,11,Atletico-MG,atletico_mg,Dylan Borrero,dylan_borrero,68,68,0,2T,Normal
7372,2021,11,Juventude,juventude,Matheus Peixoto,matheus_peixoto,97,90,7,2T,Penalty
7372,2021,11,Atletico-GO,atletico_go,Zé Roberto,ze_roberto,75,75,0,2T,Normal
7373,2021,11,Cuiaba,cuiaba,Elton Rodrigues Brandão,elton_rodrigues_brandao,26,26,0,1T,Normal
7373,2021,11,Cuiaba,cuiaba,Jenison de Jesus Brito e Brito,jenison_de_jesus_brito_e_brito,93,90,3,2T,Normal
7373,2021,11,Ceara,ceara,Rick,rick,57,57,0,2T,Normal
7373,2021,11,Ceara,ceara,Jael,jael,66,66,0,2T,Normal
7374,2021,11,Flamengo,flamengo,Giorgian De Arrascaeta,giorgian_de_arrascaeta,78,78,0,2T,Normal
7374,2021,11,Flamengo,flamengo,Michael Richard Delgado de Oliveira,michael_richard_delgado_de_oliveira,82,82,0,2T,Normal
7374,2021,11,Chapecoense,chapecoense,Pedro Perotti,pedro_perotti,67,67,0,2T,Normal
7375,2021,11,Fortaleza,fortaleza,Robson Fernandes,robson_fernandes,19,19,0,1T,Normal
7376,2021,12,Ceara,ceara,Wendson dos Santos Lopes,wendson_dos_santos_lopes,98,90,8,2T,Normal
7377,2021,12,Fortaleza,fortaleza,Robson Fernandes,robson_fernandes,74,74,0,2T,Normal
7378,2021,12,Atletico-MG,atletico_mg,Hulk,hulk,86,86,0,2T,Normal
7378,2021,12,Corinthians,corinthians,Gustavo Mosquito,gustavo_mosquito,38,38,0,1T,Normal
7378,2021,12,Atletico-MG,atletico_mg,Hulk,hulk,64,64,0,2T,Normal
7379,2021,12,Gremio,gremio,César Pinares,cesar_pinares,90,90,0,2T,Penalty
7380,2021,12,Cuiaba,cuiaba,Felipe Marques,felipe_marques,48,45,3,1T,Normal
7380,2021,12,Chapecoense,chapecoense,Geuvânio,geuvanio,17,17,0,1T,Normal
7380,2021,12,Cuiaba,cuiaba,Elton Rodrigues Brandão,elton_rodrigues_brandao,88,88,0,2T,Normal
7380,2021,12,Chapecoense,chapecoense,Ignacio da Silva Oliveira,ignacio_da_silva_oliveira,23,23,0,1T,Normal
7380,2021,12,Cuiaba,cuiaba,Jenison de Jesus Brito e Brito,jenison_de_jesus_brito_e_brito,19,19,0,1T,Normal
7381,2021,12,Palmeiras,palmeiras,Gustavo Scarpa,gustavo_scarpa,91,90,1,2T,Normal
7381,2021,12,Palmeiras,palmeiras,Éder,eder,59,59,0,2T,Gol Contra
7381,2021,12,Palmeiras,palmeiras,Breno Lopes,breno_lopes,96,90,6,2T,Normal
7382,2021,12,Flamengo,flamengo,Gabriel Barbosa,gabriel_barbosa,41,41,0,1T,Normal
7382,2021,12,Flamengo,flamengo,Gabriel Barbosa,gabriel_barbosa,62,62,0,2T,Normal
7382,2021,12,Flamengo,flamengo,Pedro,pedro,74,74,0,2T,Normal
7382,2021,12,Flamengo,flamengo,Gabriel Barbosa,gabriel_barbosa,23,23,0,1T,Penalty
7382,2021,12,Flamengo,flamengo,Victor Vinícius Coelho Santos,victor_vinicius_coelho_santos,84,84,0,2T,Normal
7384,2021,12,Santos,santos,Marcos Leonardo Santos Almeida,marcos_leonardo_santos_almeida,95,90,5,2T,Normal
7384,2021,12,Bragantino,bragantino,Alerrandro Barra Mansa Realino de Souza,alerrandro_barra_mansa_realino_de_souza,10,10,0,1T,Normal
7384,2021,12,Bragantino,bragantino,Ytalo José dos Santos,ytalo_jose_dos_santos,83,83,0,2T,Normal
7384,2021,12,Santos,santos,Marcos Guilherme,marcos_guilherme,70,70,0,2T,Normal
7383,2021,12,Internacional,internacional,Thiago Galhardo,thiago_galhardo,51,51,0,2T,Normal
7385,2021,12,Sport,sport,Paulinho Moccelin,paulinho_moccelin,86,86,0,2T,Normal
7295,2021,3,Cuiaba,cuiaba,Pepê,pepe,5,5,0,1T,Normal
7295,2021,3,Cuiaba,cuiaba,Elton Rodrigues Brandão,elton_rodrigues_brandao,67,67,0,2T,Normal
7295,2021,3,Atletico-GO,atletico_go,André Luis,andre_luis,48,48,0,2T,Normal
7386,2021,13,Gremio,gremio,Guilherme Guedes,guilherme_guedes,7,7,0,1T,Normal
7386,2021,13,America-MG,america_mg,Felipe Azevedo,felipe_azevedo,31,31,0,1T,Normal
7387,2021,13,Palmeiras,palmeiras,Manoel Messias Silva Carvalho,manoel_messias_silva_carvalho,54,54,0,2T,Gol Contra
7388,2021,13,Atletico-MG,atletico_mg,Hulk,hulk,58,58,0,2T,Normal
7388,2021,13,Atletico-MG,atletico_mg,Nathan Allan de Souza,nathan_allan_de_souza,91,90,1,2T,Normal
7388,2021,13,Atletico-MG,atletico_mg,Hulk,hulk,80,80,0,2T,Penalty
7390,2021,13,Flamengo,flamengo,Bruno Henrique,bruno_henrique,72,72,0,2T,Normal
7390,2021,13,Flamengo,flamengo,Welington,welington,92,90,2,2T,Gol Contra
7390,2021,13,Flamengo,flamengo,Bruno Henrique,bruno_henrique,77,77,0,2T,Normal
7390,2021,13,Flamengo,flamengo,Gustavo Henrique Vernes,gustavo_henrique_vernes,86,86,0,2T,Normal
7390,2021,13,Flamengo,flamengo,Bruno Henrique,bruno_henrique,70,70,0,2T,Normal
7390,2021,13,Sao Paulo,sao_paulo,Robert Arboleda,robert_arboleda,48,48,0,2T,Normal
7389,2021,13,Fortaleza,fortaleza,Robson Fernandes,robson_fernandes,13,13,0,1T,Normal
7391,2021,13,Atletico-GO,atletico_go,Zé Roberto,ze_roberto,20,20,0,1T,Penalty
7392,2021,13,Athletico-PR,athletico_pr,David Terans,david_terans,37,37,0,1T,Normal
7392,2021,13,Athletico-PR,athletico_pr,Vitor Hugo Naum dos Santos,vitor_hugo_naum_dos_santos,48,45,3,1T,Normal
7392,2021,13,Internacional,internacional,Edenílson Andrade dos Santos,edenilson_andrade_dos_santos,65,65,0,2T,Penalty
7394,2021,13,Juventude,juventude,Matheus Peixoto,matheus_peixoto,4,4,0,1T,Normal
7395,2021,13,Corinthians,corinthians,Roni,roni,28,28,0,1T,Normal
7395,2021,13,Corinthians,corinthians,Adson,adson,38,38,0,1T,Normal
7395,2021,13,Cuiaba,cuiaba,Rafael Elias,rafael_elias,71,71,0,2T,Normal
7398,2021,14,Bragantino,bragantino,Bruno Praxedes,bruno_praxedes,62,62,0,2T,Normal
7399,2021,14,Flamengo,flamengo,Éverton Ribeiro,everton_ribeiro,7,7,0,1T,Normal
7399,2021,14,Flamengo,flamengo,Gustavo Henrique Vernes,gustavo_henrique_vernes,40,40,0,1T,Normal
7399,2021,14,Flamengo,flamengo,Bruno Henrique,bruno_henrique,44,44,0,1T,Normal
7399,2021,14,Corinthians,corinthians,Vitinho,vitinho,89,89,0,2T,Normal
7400,2021,14,Atletico-MG,atletico_mg,Eduardo Vargas,eduardo_vargas,60,60,0,2T,Penalty
7400,2021,14,Atletico-MG,atletico_mg,Neto,neto,69,69,0,2T,Normal
7401,2021,14,Santos,santos,Carlos Andrés Sánchez,carlos_andres_sanchez,43,43,0,1T,Penalty
7402,2021,14,Sport,sport,Mikael,mikael,89,89,0,2T,Normal
7403,2021,14,Atletico-GO,atletico_go,Gabriel Baralhas,gabriel_baralhas,20,20,0,1T,Normal
7403,2021,14,America-MG,america_mg,Ademir,ademir,13,13,0,1T,Normal
7404,2021,14,Ceara,ceara,Cléber,cleber,79,79,0,2T,Normal
7404,2021,14,Ceara,ceara,Rick,rick,86,86,0,2T,Normal
7404,2021,14,Fortaleza,fortaleza,Tinga,tinga,10,10,0,1T,Normal
7404,2021,14,Ceara,ceara,Kelvyn,kelvyn,37,37,0,1T,Normal
7407,2021,15,Athletico-PR,athletico_pr,Renato Kayzer,renato_kayzer,28,28,0,1T,Normal
7407,2021,15,Sao Paulo,sao_paulo,Pablo Felipe Teixeira,pablo_felipe_teixeira,14,14,0,1T,Penalty
7407,2021,15,Sao Paulo,sao_paulo,Pablo Felipe Teixeira,pablo_felipe_teixeira,34,34,0,1T,Normal
7408,2021,15,Fortaleza,fortaleza,Robson Fernandes,robson_fernandes,25,25,0,1T,Normal
7408,2021,15,Fortaleza,fortaleza,Igor Torres,igor_torres,95,90,5,2T,Normal
7408,2021,15,Palmeiras,palmeiras,Willian Gomes de Siqueira,willian_gomes_de_siqueira,34,34,0,1T,Normal
7408,2021,15,Palmeiras,palmeiras,Cristian Chagas Tarouco,cristian_chagas_tarouco,12,12,0,1T,Gol Contra
7408,2021,15,Fortaleza,fortaleza,Marcelo da Conceição Benevenuto Malaquias,marcelo_da_conceicao_benevenuto_malaquias,18,18,0,1T,Normal
7409,2021,15,Cuiaba,cuiaba,Pepê,pepe,37,37,0,1T,Normal
7409,2021,15,Bahia,bahia,Rodrigo Eduardo Costa Marinho,rodrigo_eduardo_costa_marinho,26,26,0,1T,Normal
7410,2021,15,Juventude,juventude,Paulo Bóia,paulo_boia,46,45,1,1T,Normal
7410,2021,15,Atletico-MG,atletico_mg,Hulk,hulk,77,77,0,2T,Normal
7410,2021,15,Atletico-MG,atletico_mg,Nathan Silva,nathan_silva,92,90,2,2T,Normal
7411,2021,15,America-MG,america_mg,Ademir,ademir,72,72,0,2T,Normal
7414,2021,15,Internacional,internacional,Yuri Alberto,yuri_alberto,19,19,0,1T,Normal
7414,2021,15,Internacional,internacional,Yuri Alberto,yuri_alberto,41,41,0,1T,Normal
7414,2021,15,Internacional,internacional,Yuri Alberto,yuri_alberto,70,70,0,2T,Normal
7414,2021,15,Internacional,internacional,Taison,taison,55,55,0,2T,Normal
7415,2021,15,Gremio,gremio,Alisson Euler de Freitas Castro,alisson_euler_de_freitas_castro,18,18,0,1T,Normal
7415,2021,15,Chapecoense,chapecoense,Anselmo Ramon,anselmo_ramon,4,4,0,1T,Normal
7415,2021,15,Gremio,gremio,Miguel Borja,miguel_borja,32,32,0,1T,Penalty
7416,2021,16,Juventude,juventude,Wagner Ferreira dos Santos,wagner_ferreira_dos_santos,78,78,0,2T,Normal
7416,2021,16,Bragantino,bragantino,Hélio Junio Nunes de Castro,helio_junio_nunes_de_castro,9,9,0,1T,Normal
7416,2021,16,Juventude,juventude,Wagner Ferreira dos Santos,wagner_ferreira_dos_santos,74,74,0,2T,Normal
7417,2021,16,Atletico-MG,atletico_mg,Jefferson Savarino,jefferson_savarino,48,45,3,1T,Normal
7417,2021,16,Atletico-MG,atletico_mg,Jefferson Savarino,jefferson_savarino,62,62,0,2T,Normal
7418,2021,16,Sao Paulo,sao_paulo,Igor Gomes,igor_gomes,93,90,3,2T,Normal
7418,2021,16,Gremio,gremio,Vanderson de Oliveira Campos,vanderson_de_oliveira_campos,20,20,0,1T,Normal
7418,2021,16,Sao Paulo,sao_paulo,Vitor Bueno,vitor_bueno,13,13,0,1T,Normal
7419,2021,16,Flamengo,flamengo,Ronaldo,ronaldo,47,47,0,2T,Gol Contra
7419,2021,16,Flamengo,flamengo,Bruno Henrique,bruno_henrique,11,11,0,1T,Normal
7420,2021,16,Corinthians,corinthians,Adson,adson,30,30,0,1T,Normal
7420,2021,16,Corinthians,corinthians,Renato Augusto,renato_augusto,68,68,0,2T,Normal
7420,2021,16,Ceara,ceara,Rick,rick,70,70,0,2T,Normal
7420,2021,16,Corinthians,corinthians,Adson,adson,17,17,0,1T,Normal
7422,2021,16,Cuiaba,cuiaba,Clayson Henrique da Silva Vieira,clayson_henrique_da_silva_vieira,61,61,0,2T,Normal
7421,2021,16,Atletico-GO,atletico_go,Zé Roberto,ze_roberto,55,55,0,2T,Normal
7421,2021,16,Atletico-GO,atletico_go,João Paulo,joao_paulo,61,61,0,2T,Normal
7421,2021,16,Bahia,bahia,Gilberto Oliveira Souza Junior,gilberto_oliveira_souza_junior,26,26,0,1T,Normal
7423,2021,16,Santos,santos,Carlos Andrés Sánchez,carlos_andres_sanchez,25,25,0,1T,Normal
7423,2021,16,Fortaleza,fortaleza,Lucas Crispim,lucas_crispim,23,23,0,1T,Normal
7424,2021,16,Internacional,internacional,Paolo Guerrero,paolo_guerrero,95,90,5,2T,Normal
7424,2021,16,Internacional,internacional,Edenílson Andrade dos Santos,edenilson_andrade_dos_santos,8,8,0,1T,Normal
7424,2021,16,Fluminense,fluminense,Yago Rocha,yago_rocha,45,45,0,1T,Normal
7424,2021,16,Internacional,internacional,Edenílson Andrade dos Santos,edenilson_andrade_dos_santos,93,90,3,2T,Normal
7424,2021,16,Fluminense,fluminense,Nino,nino,84,84,0,2T,Normal
7424,2021,16,Internacional,internacional,Yuri Alberto,yuri_alberto,59,59,0,2T,Normal
7425,2021,16,America-MG,america_mg,Rodolfo,rodolfo,93,90,3,2T,Normal
7425,2021,16,Chapecoense,chapecoense,Anderson Leite Moraes,anderson_leite_moraes,87,87,0,2T,Normal
7315,2021,5,Gremio,gremio,Miguel Borja,miguel_borja,25,25,0,1T,Penalty
7426,2021,17,Atletico-GO,atletico_go,João Paulo,joao_paulo,93,90,3,2T,Penalty
7426,2021,17,Chapecoense,chapecoense,Anselmo Ramon,anselmo_ramon,36,36,0,1T,Penalty
7427,2021,17,Gremio,gremio,Miguel Borja,miguel_borja,49,49,0,2T,Normal
7427,2021,17,Gremio,gremio,Diego Souza,diego_souza,95,90,5,2T,Normal
7428,2021,17,Fortaleza,fortaleza,Marcelo da Conceição Benevenuto Malaquias,marcelo_da_conceicao_benevenuto_malaquias,16,16,0,1T,Normal
7428,2021,17,Juventude,juventude,Ricardo Bueno,ricardo_bueno,71,71,0,2T,Normal
7429,2021,17,Cuiaba,cuiaba,Clayson Henrique da Silva Vieira,clayson_henrique_da_silva_vieira,2,2,0,1T,Normal
7429,2021,17,Cuiaba,cuiaba,Uillian Correia,uillian_correia,94,90,4,2T,Normal
7431,2021,17,Corinthians,corinthians,Roni,roni,55,55,0,2T,Normal
7430,2021,17,Flamengo,flamengo,Victor Vinícius Coelho Santos,victor_vinicius_coelho_santos,52,52,0,2T,Normal
7430,2021,17,Ceara,ceara,Vinícius,vinicius,32,32,0,1T,Normal
7432,2021,17,Internacional,internacional,Gabriel Mercado,gabriel_mercado,8,8,0,1T,Normal
7432,2021,17,Internacional,internacional,Yuri Alberto,yuri_alberto,88,88,0,2T,Normal
7432,2021,17,Santos,santos,Gabriel Pirani,gabriel_pirani,24,24,0,1T,Normal
7432,2021,17,Santos,santos,Madson,madson,35,35,0,1T,Normal
7433,2021,17,Sao Paulo,sao_paulo,Pablo Felipe Teixeira,pablo_felipe_teixeira,5,5,0,1T,Normal
7435,2021,17,Fluminense,fluminense,Fred,fred,25,25,0,1T,Penalty
7435,2021,17,Atletico-MG,atletico_mg,Eduardo Sasha,eduardo_sasha,84,84,0,2T,Normal
7434,2021,17,Bragantino,bragantino,Gabriel Novaes,gabriel_novaes,88,88,0,2T,Normal
7434,2021,17,Bragantino,bragantino,Ytalo José dos Santos,ytalo_jose_dos_santos,41,41,0,1T,Normal
7437,2021,18,Flamengo,flamengo,Andreas Pereira,andreas_pereira,84,84,0,2T,Normal
7437,2021,18,Flamengo,flamengo,Gabriel Barbosa,gabriel_barbosa,52,52,0,2T,Penalty
7437,2021,18,Flamengo,flamengo,Gabriel Barbosa,gabriel_barbosa,71,71,0,2T,Normal
7437,2021,18,Flamengo,flamengo,Gabriel Barbosa,gabriel_barbosa,80,80,0,2T,Normal
7438,2021,18,Corinthians,corinthians,Jô,jo,79,79,0,2T,Normal
7439,2021,18,Athletico-PR,athletico_pr,Bissoli,bissoli,66,66,0,2T,Normal
7439,2021,18,Palmeiras,palmeiras,Luan Garcia Teixeira,luan_garcia_teixeira,22,22,0,1T,Normal
7439,2021,18,Palmeiras,palmeiras,Rony,rony,71,71,0,2T,Normal
7440,2021,18,America-MG,america_mg,Fabrício Daniel de Souza,fabricio_daniel_de_souza,6,6,0,1T,Normal
7440,2021,18,America-MG,america_mg,Fabrício Daniel de Souza,fabricio_daniel_de_souza,61,61,0,2T,Normal
7441,2021,18,Sao Paulo,sao_paulo,Reinaldo Manoel da Silva,reinaldo_manoel_da_silva,85,85,0,2T,Penalty
7441,2021,18,Juventude,juventude,Ricardo Bueno,ricardo_bueno,91,90,1,2T,Normal
7443,2021,18,Atletico-MG,atletico_mg,Diego Costa,diego_costa,85,85,0,2T,Normal
7443,2021,18,Bragantino,bragantino,Nathan Silva,nathan_silva,15,15,0,1T,Gol Contra
7444,2021,18,Fluminense,fluminense,Lucca Borges de Brito,lucca_borges_de_brito,36,36,0,1T,Normal
7444,2021,18,Fluminense,fluminense,Raúl Bobadilla,raul_bobadilla,97,90,7,2T,Normal
7405,2021,14,Juventude,juventude,Lucca Borges de Brito,lucca_borges_de_brito,68,68,0,2T,Gol Contra
7405,2021,14,Fluminense,fluminense,Jhon Arias,jhon_arias,53,53,0,2T,Normal
7446,2021,19,Bahia,bahia,Hugo Rodallega,hugo_rodallega,64,64,0,2T,Normal
7446,2021,19,Fortaleza,fortaleza,Matheus Vargas,matheus_vargas,74,74,0,2T,Normal
7446,2021,19,Bahia,bahia,Hugo Rodallega,hugo_rodallega,67,67,0,2T,Normal
7446,2021,19,Bahia,bahia,Hugo Rodallega,hugo_rodallega,76,76,0,2T,Normal
7446,2021,19,Bahia,bahia,Hugo Rodallega,hugo_rodallega,42,42,0,1T,Normal
7446,2021,19,Fortaleza,fortaleza,Yago Pikachu,yago_pikachu,70,70,0,2T,Normal
7447,2021,19,Cuiaba,cuiaba,Jonathan Cafú,jonathan_cafu,4,4,0,1T,Normal
7447,2021,19,Cuiaba,cuiaba,Elton Rodrigues Brandão,elton_rodrigues_brandao,88,88,0,2T,Normal
7447,2021,19,Santos,santos,Gabriel Pirani,gabriel_pirani,64,64,0,2T,Normal
7449,2021,19,Corinthians,corinthians,Róger Guedes,roger_guedes,85,85,0,2T,Normal
7449,2021,19,Juventude,juventude,Ricardo Bueno,ricardo_bueno,32,32,0,1T,Normal
7450,2021,19,Fluminense,fluminense,Luiz Henrique,luiz_henrique,18,18,0,1T,Normal
7450,2021,19,Chapecoense,chapecoense,Pedro Perotti,pedro_perotti,61,61,0,2T,Normal
7450,2021,19,Fluminense,fluminense,Raúl Bobadilla,raul_bobadilla,10,10,0,1T,Normal
7456,2021,20,America-MG,america_mg,Felipe Azevedo,felipe_azevedo,48,48,0,2T,Normal
7456,2021,20,America-MG,america_mg,Lucas Kal,lucas_kal,70,70,0,2T,Normal
7457,2021,20,Juventude,juventude,Guilherme Castilho,guilherme_castilho,55,55,0,2T,Normal
7457,2021,20,Cuiaba,cuiaba,Jenison de Jesus Brito e Brito,jenison_de_jesus_brito_e_brito,67,67,0,2T,Normal
7457,2021,20,Cuiaba,cuiaba,Juan Quintero Fletcher,juan_quintero_fletcher,46,45,1,1T,Gol Contra
7458,2021,20,Bragantino,bragantino,Artur Victor Guimarães,artur_victor_guimaraes,38,38,0,1T,Penalty
7458,2021,20,Chapecoense,chapecoense,Mike dos Santos Nenatarvicius,mike_dos_santos_nenatarvicius,78,78,0,2T,Normal
7458,2021,20,Chapecoense,chapecoense,Anselmo Ramon,anselmo_ramon,95,90,5,2T,Normal
7460,2021,20,Gremio,gremio,Diego Souza,diego_souza,43,43,0,1T,Normal
7460,2021,20,Gremio,gremio,Aldemir Ferreira,aldemir_ferreira,46,45,1,1T,Normal
7462,2021,20,Palmeiras,palmeiras,Wesley Ribeiro Silva,wesley_ribeiro_silva,15,15,0,1T,Normal
7462,2021,20,Flamengo,flamengo,Michael Richard Delgado de Oliveira,michael_richard_delgado_de_oliveira,17,17,0,1T,Normal
7462,2021,20,Flamengo,flamengo,Michael Richard Delgado de Oliveira,michael_richard_delgado_de_oliveira,81,81,0,2T,Normal
7462,2021,20,Flamengo,flamengo,Pedro,pedro,57,57,0,2T,Normal
7461,2021,20,Atletico-MG,atletico_mg,Matías Zaracho,matias_zaracho,49,49,0,2T,Normal
7461,2021,20,Atletico-MG,atletico_mg,Junior Alonso,junior_alonso,69,69,0,2T,Normal
7463,2021,20,Atletico-GO,atletico_go,Zé Roberto,ze_roberto,89,89,0,2T,Normal
7463,2021,20,Corinthians,corinthians,Gabriel Pereira dos Santos,gabriel_pereira_dos_santos,60,60,0,2T,Normal
7464,2021,20,Sao Paulo,sao_paulo,Reinaldo Manoel da Silva,reinaldo_manoel_da_silva,60,60,0,2T,Penalty
7464,2021,20,Fluminense,fluminense,Nino,nino,50,50,0,2T,Normal
7464,2021,20,Fluminense,fluminense,Luiz Henrique,luiz_henrique,66,66,0,2T,Normal
7465,2021,20,Internacional,internacional,Patrick,patrick,4,4,0,1T,Normal
7466,2021,21,Palmeiras,palmeiras,Raphael Cavalcante Veiga,raphael_cavalcante_veiga,10,10,0,1T,Normal
7466,2021,21,Palmeiras,palmeiras,Luiz Adriano,luiz_adriano,28,28,0,1T,Normal
7467,2021,21,Athletico-PR,athletico_pr,Bissoli,bissoli,63,63,0,2T,Penalty
7467,2021,21,Athletico-PR,athletico_pr,Renato Kayzer,renato_kayzer,71,71,0,2T,Normal
7467,2021,21,Juventude,juventude,Ricardo Bueno,ricardo_bueno,56,56,0,2T,Penalty
7468,2021,21,Atletico-MG,atletico_mg,Diego Costa,diego_costa,35,35,0,1T,Normal
7468,2021,21,Atletico-MG,atletico_mg,Eduardo Vargas,eduardo_vargas,99,90,9,2T,Penalty
7468,2021,21,Atletico-MG,atletico_mg,Hulk,hulk,46,45,1,1T,Normal
7469,2021,21,Bahia,bahia,Hugo Rodallega,hugo_rodallega,62,62,0,2T,Normal
7469,2021,21,Bragantino,bragantino,Ytalo José dos Santos,ytalo_jose_dos_santos,70,70,0,2T,Normal
7471,2021,21,Internacional,internacional,Edenílson Andrade dos Santos,edenilson_andrade_dos_santos,93,90,3,2T,Normal
7472,2021,21,Sao Paulo,sao_paulo,Emiliano Rigoni,emiliano_rigoni,36,36,0,1T,Normal
7472,2021,21,Sao Paulo,sao_paulo,Luciano da Rocha Neves,luciano_da_rocha_neves,56,56,0,2T,Normal
7472,2021,21,Atletico-GO,atletico_go,Matheus Barbosa Teixeira,matheus_barbosa_teixeira,71,71,0,2T,Normal
7473,2021,21,Corinthians,corinthians,Giuliano Victor de Paula,giuliano_victor_de_paula,17,17,0,1T,Normal
7473,2021,21,America-MG,america_mg,Marlon,marlon,7,7,0,1T,Normal
7474,2021,21,Gremio,gremio,Miguel Borja,miguel_borja,48,45,3,1T,Normal
7475,2021,21,Fluminense,fluminense,Luiz Henrique,luiz_henrique,5,5,0,1T,Normal
7475,2021,21,Fluminense,fluminense,Raúl Bobadilla,raul_bobadilla,20,20,0,1T,Normal
7475,2021,21,Cuiaba,cuiaba,Jonathan Cafú,jonathan_cafu,23,23,0,1T,Penalty
7475,2021,21,Cuiaba,cuiaba,Felipe Marques,felipe_marques,76,76,0,2T,Normal
7476,2021,22,Ceara,ceara,Jael,jael,53,53,0,2T,Penalty
7477,2021,22,Palmeiras,palmeiras,Gabriel Menino,gabriel_menino,47,45,2,1T,Normal
7477,2021,22,Corinthians,corinthians,Róger Guedes,roger_guedes,20,20,0,1T,Normal
7477,2021,22,Corinthians,corinthians,Róger Guedes,roger_guedes,84,84,0,2T,Normal
7479,2021,22,America-MG,america_mg,Alexandre Egea,alexandre_egea,95,90,5,2T,Normal
7479,2021,22,Flamengo,flamengo,Michael Richard Delgado de Oliveira,michael_richard_delgado_de_oliveira,89,89,0,2T,Normal
7480,2021,22,Internacional,internacional,Rodrigo Dourado,rodrigo_dourado,74,74,0,2T,Normal
7480,2021,22,Internacional,internacional,Yuri Alberto,yuri_alberto,39,39,0,1T,Normal
7481,2021,22,Fluminense,fluminense,Fred,fred,12,12,0,1T,Normal
7481,2021,22,Fluminense,fluminense,Luiz Henrique,luiz_henrique,42,42,0,1T,Normal
7481,2021,22,Bragantino,bragantino,Hélio Junio Nunes de Castro,helio_junio_nunes_de_castro,62,62,0,2T,Normal
7482,2021,22,Juventude,juventude,Ricardo Bueno,ricardo_bueno,46,45,1,1T,Normal
7482,2021,22,Juventude,juventude,Dawhan,dawhan,64,64,0,2T,Normal
7482,2021,22,Juventude,juventude,Guilherme Castilho,guilherme_castilho,84,84,0,2T,Normal
7484,2021,22,Athletico-PR,athletico_pr,Pedro Rocha Neves,pedro_rocha_neves,31,31,0,1T,Normal
7484,2021,22,Gremio,gremio,Thiago dos Santos,thiago_dos_santos,59,59,0,2T,Normal
7484,2021,22,Athletico-PR,athletico_pr,Pedro Rocha Neves,pedro_rocha_neves,46,45,1,1T,Normal
7484,2021,22,Gremio,gremio,Vanderson de Oliveira Campos,vanderson_de_oliveira_campos,84,84,0,2T,Normal
7484,2021,22,Athletico-PR,athletico_pr,Renato Kayzer,renato_kayzer,55,55,0,2T,Normal
7484,2021,22,Athletico-PR,athletico_pr,Renato Kayzer,renato_kayzer,61,61,0,2T,Normal
7483,2021,22,Fortaleza,fortaleza,Marcelo da Conceição Benevenuto Malaquias,marcelo_da_conceicao_benevenuto_malaquias,33,33,0,1T,Normal
7486,2021,23,America-MG,america_mg,Mauro Zárate,mauro_zarate,13,13,0,1T,Normal
7486,2021,23,America-MG,america_mg,Ademir,ademir,83,83,0,2T,Normal
7487,2021,23,Atletico-GO,atletico_go,Gabriel Baralhas,gabriel_baralhas,75,75,0,2T,Normal
7487,2021,23,Atletico-GO,atletico_go,Brian Montenegro,brian_montenegro,95,90,5,2T,Normal
7487,2021,23,Atletico-GO,atletico_go,Felipe,felipe,18,18,0,1T,Gol Contra
7488,2021,23,Corinthians,corinthians,Renato Augusto,renato_augusto,90,90,0,2T,Normal
7488,2021,23,Corinthians,corinthians,Gustavo Mosquito,gustavo_mosquito,96,90,6,2T,Normal
7488,2021,23,Bragantino,bragantino,Luan Cândido,luan_candido,56,56,0,2T,Normal
7488,2021,23,Bragantino,bragantino,Jan Hurtado,jan_hurtado,84,84,0,2T,Normal
7489,2021,23,Atletico-MG,atletico_mg,Keno,keno,78,78,0,2T,Normal
7490,2021,23,Flamengo,flamengo,Bruno Henrique,bruno_henrique,10,10,0,1T,Normal
7490,2021,23,Flamengo,flamengo,Andreas Pereira,andreas_pereira,49,45,4,1T,Normal
7490,2021,23,Flamengo,flamengo,Éverton Ribeiro,everton_ribeiro,5,5,0,1T,Normal
7491,2021,23,Chapecoense,chapecoense,Mike dos Santos Nenatarvicius,mike_dos_santos_nenatarvicius,76,76,0,2T,Normal
7491,2021,23,Sao Paulo,sao_paulo,Emiliano Rigoni,emiliano_rigoni,36,36,0,1T,Normal
7492,2021,23,Palmeiras,palmeiras,Danilo dos Santos de Oliveira,danilo_dos_santos_de_oliveira,29,29,0,1T,Normal
7492,2021,23,Juventude,juventude,Guilherme Castilho,guilherme_castilho,6,6,0,1T,Normal
7493,2021,23,Sport,sport,Mikael,mikael,70,70,0,2T,Normal
7493,2021,23,Gremio,gremio,Douglas Costa,douglas_costa,85,85,0,2T,Normal
7493,2021,23,Sport,sport,Gustavo,gustavo,53,53,0,2T,Normal
7496,2021,24,Bahia,bahia,Gilberto Oliveira Souza Junior,gilberto_oliveira_souza_junior,33,33,0,1T,Penalty
7496,2021,24,Corinthians,corinthians,Víctor Cantillo,victor_cantillo,52,52,0,2T,Normal
7496,2021,24,Corinthians,corinthians,Jô,jo,69,69,0,2T,Normal
7496,2021,24,Corinthians,corinthians,Róger Guedes,roger_guedes,49,45,4,1T,Penalty
7497,2021,24,Atletico-MG,atletico_mg,Dylan Borrero,dylan_borrero,19,19,0,1T,Normal
7497,2021,24,Atletico-MG,atletico_mg,Eduardo Sasha,eduardo_sasha,83,83,0,2T,Normal
7497,2021,24,Chapecoense,chapecoense,Mike dos Santos Nenatarvicius,mike_dos_santos_nenatarvicius,70,70,0,2T,Penalty
7497,2021,24,Chapecoense,chapecoense,Geuvânio,geuvanio,28,28,0,1T,Normal
7498,2021,24,Athletico-PR,athletico_pr,Márcio Almeida de Oliveira,marcio_almeida_de_oliveira,43,43,0,1T,Normal
7498,2021,24,Athletico-PR,athletico_pr,David Terans,david_terans,51,51,0,2T,Normal
7499,2021,24,Sport,sport,José Welison,jose_welison,36,36,0,1T,Normal
7499,2021,24,Sport,sport,Mikael,mikael,49,49,0,2T,Normal
7499,2021,24,Sport,sport,Francisco Alves da Silva Neto,francisco_alves_da_silva_neto,69,69,0,2T,Normal
7499,2021,24,Juventude,juventude,Paulo Bóia,paulo_boia,80,80,0,2T,Penalty
7501,2021,24,Flamengo,flamengo,Pedro,pedro,39,39,0,1T,Normal
7501,2021,24,Bragantino,bragantino,Artur Victor Guimarães,artur_victor_guimaraes,58,58,0,2T,Normal
7504,2021,24,Cuiaba,cuiaba,Marllon Borges,marllon_borges,79,79,0,2T,Normal
7504,2021,24,Gremio,gremio,Alisson Euler de Freitas Castro,alisson_euler_de_freitas_castro,52,52,0,2T,Normal
7504,2021,24,Gremio,gremio,Alisson Euler de Freitas Castro,alisson_euler_de_freitas_castro,82,82,0,2T,Normal
7504,2021,24,Cuiaba,cuiaba,Max Alves,max_alves,23,23,0,1T,Normal
7502,2021,24,Fortaleza,fortaleza,Marcelo da Conceição Benevenuto Malaquias,marcelo_da_conceicao_benevenuto_malaquias,49,49,0,2T,Normal
7502,2021,24,Fortaleza,fortaleza,Cristian Chagas Tarouco,cristian_chagas_tarouco,60,60,0,2T,Normal
7503,2021,24,Palmeiras,palmeiras,Rony,rony,29,29,0,1T,Normal
7503,2021,24,America-MG,america_mg,Patric Cabral Lalau,patric_cabral_lalau,73,73,0,2T,Normal
7503,2021,24,America-MG,america_mg,Ademir,ademir,93,90,3,2T,Penalty
7505,2021,24,Sao Paulo,sao_paulo,Jonathan Calleri,jonathan_calleri,35,35,0,1T,Penalty
7505,2021,24,Santos,santos,Carlos Andrés Sánchez,carlos_andres_sanchez,5,5,0,1T,Normal
7507,2021,25,Ceara,ceara,Gabriel Lacerda,gabriel_lacerda,92,90,2,2T,Normal
7507,2021,25,Atletico-MG,atletico_mg,Hulk,hulk,55,45,10,1T,Penalty
7507,2021,25,Atletico-MG,atletico_mg,Hulk,hulk,32,32,0,1T,Normal
7507,2021,25,Atletico-MG,atletico_mg,Diego Costa,diego_costa,87,87,0,2T,Normal
7508,2021,25,Sport,sport,Paulinho Moccelin,paulinho_moccelin,81,81,0,2T,Normal
7509,2021,25,Flamengo,flamengo,Michael Richard Delgado de Oliveira,michael_richard_delgado_de_oliveira,67,67,0,2T,Normal
7509,2021,25,Flamengo,flamengo,Pedro,pedro,60,60,0,2T,Normal
7509,2021,25,Flamengo,flamengo,Michael Richard Delgado de Oliveira,michael_richard_delgado_de_oliveira,64,64,0,2T,Normal
7510,2021,25,Bahia,bahia,Raí Nascimento de Oliveira,rai_nascimento_de_oliveira,44,44,0,1T,Normal
7510,2021,25,Bahia,bahia,Gilberto Oliveira Souza Junior,gilberto_oliveira_souza_junior,50,50,0,2T,Normal
7511,2021,25,Bragantino,bragantino,Ytalo José dos Santos,ytalo_jose_dos_santos,13,13,0,1T,Normal
7511,2021,25,Bragantino,bragantino,Tomás Cuello,tomas_cuello,34,34,0,1T,Normal
7511,2021,25,Bragantino,bragantino,Artur Victor Guimarães,artur_victor_guimaraes,36,36,0,1T,Normal
7511,2021,25,Palmeiras,palmeiras,Raphael Cavalcante Veiga,raphael_cavalcante_veiga,62,62,0,2T,Penalty
7511,2021,25,Palmeiras,palmeiras,Eduardo Pereira Rodrigues,eduardo_pereira_rodrigues,43,43,0,1T,Normal
7511,2021,25,Bragantino,bragantino,Artur Victor Guimarães,artur_victor_guimaraes,76,76,0,2T,Normal
7512,2021,25,Juventude,juventude,Dawhan,dawhan,44,44,0,1T,Normal
7512,2021,25,America-MG,america_mg,Juninho,juninho,11,11,0,1T,Normal
7513,2021,25,Internacional,internacional,Yuri Alberto,yuri_alberto,40,40,0,1T,Normal
7513,2021,25,Chapecoense,chapecoense,Mike dos Santos Nenatarvicius,mike_dos_santos_nenatarvicius,82,82,0,2T,Normal
7513,2021,25,Internacional,internacional,Taison,taison,6,6,0,1T,Normal
7513,2021,25,Internacional,internacional,Yuri Alberto,yuri_alberto,2,2,0,1T,Normal
7513,2021,25,Internacional,internacional,Matheus Cadorini,matheus_cadorini,58,58,0,2T,Normal
7513,2021,25,Internacional,internacional,Yuri Alberto,yuri_alberto,36,36,0,1T,Normal
7513,2021,25,Chapecoense,chapecoense,Mike dos Santos Nenatarvicius,mike_dos_santos_nenatarvicius,61,61,0,2T,Normal
7514,2021,25,Santos,santos,Wagner Leonardo,wagner_leonardo,92,90,2,2T,Normal
7516,2021,26,Bragantino,bragantino,Jadsom,jadsom,69,69,0,2T,Normal
7518,2021,26,Atletico-MG,atletico_mg,Nathan Silva,nathan_silva,75,75,0,2T,Normal
7518,2021,26,Santos,santos,Raniel,raniel,48,48,0,2T,Normal
7518,2021,26,Atletico-MG,atletico_mg,Ignacio Fernández,ignacio_fernandez,81,81,0,2T,Normal
7518,2021,26,Atletico-MG,atletico_mg,Ignacio Fernández,ignacio_fernandez,69,69,0,2T,Penalty
7519,2021,26,Chapecoense,chapecoense,Matheus Antunes Ribeiro,matheus_antunes_ribeiro,58,58,0,2T,Normal
7519,2021,26,Athletico-PR,athletico_pr,Christian Roberto Alves Cardoso,christian_roberto_alves_cardoso,89,89,0,2T,Normal
7520,2021,26,Flamengo,flamengo,Kenedy,kenedy,12,12,0,1T,Normal
7520,2021,26,Flamengo,flamengo,Pedro,pedro,26,26,0,1T,Normal
7520,2021,26,Flamengo,flamengo,Andreas Pereira,andreas_pereira,35,35,0,1T,Normal
7520,2021,26,Juventude,juventude,William Matheus,william_matheus,57,57,0,2T,Normal
7521,2021,26,Fortaleza,fortaleza,Yago Pikachu,yago_pikachu,79,79,0,2T,Normal
7522,2021,26,Corinthians,corinthians,Gabriel Pereira dos Santos,gabriel_pereira_dos_santos,69,69,0,2T,Normal
7523,2021,26,Internacional,internacional,Yuri Alberto,yuri_alberto,90,90,0,2T,Normal
7523,2021,26,America-MG,america_mg,Ademir,ademir,16,16,0,1T,Normal
7523,2021,26,Internacional,internacional,Patrick,patrick,14,14,0,1T,Normal
7523,2021,26,Internacional,internacional,Patrick,patrick,64,64,0,2T,Normal
7525,2021,26,Cuiaba,cuiaba,Elton Rodrigues Brandão,elton_rodrigues_brandao,69,69,0,2T,Penalty
7524,2021,26,Sao Paulo,sao_paulo,Jonathan Calleri,jonathan_calleri,52,52,0,2T,Normal
7524,2021,26,Ceara,ceara,Fabinho,fabinho,23,23,0,1T,Normal
7526,2021,27,Chapecoense,chapecoense,Rodriguinho,rodriguinho,42,42,0,1T,Normal
7526,2021,27,Fortaleza,fortaleza,Bruno Ferreira Melo,bruno_ferreira_melo,6,6,0,1T,Normal
7526,2021,27,Fortaleza,fortaleza,Yago Pikachu,yago_pikachu,93,90,3,2T,Penalty
7528,2021,27,Fluminense,fluminense,Ivaldo,ivaldo,34,34,0,1T,Gol Contra
7529,2021,27,Palmeiras,palmeiras,Raphael Cavalcante Veiga,raphael_cavalcante_veiga,52,52,0,2T,Penalty
7530,2021,27,Bragantino,bragantino,Alerrandro Barra Mansa Realino de Souza,alerrandro_barra_mansa_realino_de_souza,70,70,0,2T,Normal
7530,2021,27,Ceara,ceara,Fabrício Bruno,fabricio_bruno,91,90,1,2T,Gol Contra
7530,2021,27,Ceara,ceara,Gabriel Lacerda,gabriel_lacerda,98,90,8,2T,Normal
7530,2021,27,Bragantino,bragantino,Hélio Junio Nunes de Castro,helio_junio_nunes_de_castro,12,12,0,1T,Normal
7531,2021,27,Juventude,juventude,Marcos Vinicios,marcos_vinicios,59,59,0,2T,Normal
7531,2021,27,Gremio,gremio,Douglas Costa,douglas_costa,23,23,0,1T,Normal
7531,2021,27,Juventude,juventude,Roberson,roberson,94,90,4,2T,Normal
7531,2021,27,Gremio,gremio,Diego Souza,diego_souza,25,25,0,1T,Normal
7531,2021,27,Gremio,gremio,Mathías Villasanti,mathias_villasanti,56,56,0,2T,Normal
7532,2021,27,Atletico-MG,atletico_mg,Nathan Silva,nathan_silva,59,59,0,2T,Normal
7532,2021,27,Atletico-GO,atletico_go,Janderson,janderson,65,65,0,2T,Normal
7532,2021,27,Atletico-GO,atletico_go,Oliveira,oliveira,81,81,0,2T,Normal
7535,2021,27,Sao Paulo,sao_paulo,Jonathan Calleri,jonathan_calleri,7,7,0,1T,Normal
7452,2021,19,Ceara,ceara,Cléber,cleber,89,89,0,2T,Normal
7452,2021,19,Palmeiras,palmeiras,José Rafael Vivian,jose_rafael_vivian,49,45,4,1T,Normal
7452,2021,19,Palmeiras,palmeiras,Deyverson,deyverson,72,72,0,2T,Normal
7453,2021,19,Internacional,internacional,Maurício,mauricio,39,39,0,1T,Normal
7453,2021,19,Bragantino,bragantino,Bruno Gonçalves,bruno_goncalves,95,90,5,2T,Normal
7536,2021,28,America-MG,america_mg,Alexandre Egea,alexandre_egea,47,47,0,2T,Normal
7536,2021,28,America-MG,america_mg,Ademir,ademir,49,45,4,1T,Penalty
7538,2021,28,Fluminense,fluminense,John Kennedy,john_kennedy,61,61,0,2T,Normal
7538,2021,28,Fluminense,fluminense,Abel Hernández,abel_hernandez,85,85,0,2T,Normal
7538,2021,28,Flamengo,flamengo,Renê Rodrigues Martins,rene_rodrigues_martins,71,71,0,2T,Normal
7538,2021,28,Fluminense,fluminense,John Kennedy,john_kennedy,17,17,0,1T,Normal
7539,2021,28,Fortaleza,fortaleza,Yago Pikachu,yago_pikachu,7,7,0,1T,Normal
7539,2021,28,Fortaleza,fortaleza,Robson Fernandes,robson_fernandes,61,61,0,2T,Normal
7539,2021,28,Fortaleza,fortaleza,Lucas Rafael Araújo Lima,lucas_rafael_araujo_lima,1,1,0,1T,Normal
7540,2021,28,Corinthians,corinthians,Giuliano Victor de Paula,giuliano_victor_de_paula,61,61,0,2T,Normal
7540,2021,28,Corinthians,corinthians,Fábio Santos,fabio_santos,67,67,0,2T,Penalty
7540,2021,28,Internacional,internacional,Rodrigo Lindoso,rodrigo_lindoso,9,9,0,1T,Normal
7540,2021,28,Internacional,internacional,Gustavo Maia,gustavo_maia,93,90,3,2T,Normal
7541,2021,28,Atletico-MG,atletico_mg,Hulk,hulk,4,4,0,1T,Normal
7541,2021,28,Cuiaba,cuiaba,Nathan Silva,nathan_silva,2,2,0,1T,Gol Contra
7541,2021,28,Atletico-MG,atletico_mg,Jair Rodrigues Júnior,jair_rodrigues_junior,48,45,3,1T,Normal
7542,2021,28,Bragantino,bragantino,Luan Cândido,luan_candido,56,56,0,2T,Normal
7543,2021,28,Bahia,bahia,Gilberto Oliveira Souza Junior,gilberto_oliveira_souza_junior,2,2,0,1T,Normal
7543,2021,28,Bahia,bahia,Raí Nascimento de Oliveira,rai_nascimento_de_oliveira,20,20,0,1T,Normal
7543,2021,28,Bahia,bahia,Luiz Otávio da Silva Santos,luiz_otavio_da_silva_santos,52,52,0,2T,Normal
7544,2021,28,Atletico-GO,atletico_go,Marlon Freitas,marlon_freitas,72,72,0,2T,Penalty
7544,2021,28,Atletico-GO,atletico_go,Igor Aquino da Silva,igor_aquino_da_silva,43,43,0,1T,Normal
7545,2021,28,Palmeiras,palmeiras,Luiz Adriano,luiz_adriano,53,53,0,2T,Normal
7545,2021,28,Palmeiras,palmeiras,Felipe Melo,felipe_melo,81,81,0,2T,Normal
7545,2021,28,Sport,sport,Leandro Barcia Montero,leandro_barcia_montero,4,4,0,1T,Normal
7494,2021,23,Santos,santos,Madson,madson,33,33,0,1T,Normal
7494,2021,23,Santos,santos,Diego Tardelli,diego_tardelli,62,62,0,2T,Normal
7495,2021,23,Ceara,ceara,Stiven Mendoza,stiven_mendoza,54,54,0,2T,Normal
7495,2021,23,Bahia,bahia,Gilberto Oliveira Souza Junior,gilberto_oliveira_souza_junior,57,57,0,2T,Normal
7546,2021,34,Bragantino,bragantino,Tomás Cuello,tomas_cuello,87,87,0,2T,Normal
7546,2021,34,Bragantino,bragantino,Francisco Alves da Silva Neto,francisco_alves_da_silva_neto,50,50,0,2T,Gol Contra
7546,2021,34,Bragantino,bragantino,Ytalo José dos Santos,ytalo_jose_dos_santos,3,3,0,1T,Normal
7556,2021,29,Santos,santos,Madson,madson,48,48,0,2T,Normal
7557,2021,29,Flamengo,flamengo,Michael Richard Delgado de Oliveira,michael_richard_delgado_de_oliveira,25,25,0,1T,Normal
7559,2021,29,Fortaleza,fortaleza,David Corrêa da Fonseca,david_correa_da_fonseca,51,51,0,2T,Normal
7559,2021,29,America-MG,america_mg,Ademir,ademir,42,42,0,1T,Penalty
7559,2021,29,America-MG,america_mg,Felipe Azevedo,felipe_azevedo,84,84,0,2T,Normal
7560,2021,29,Gremio,gremio,Diego Souza,diego_souza,12,12,0,1T,Normal
7560,2021,29,Palmeiras,palmeiras,Raphael Cavalcante Veiga,raphael_cavalcante_veiga,46,45,1,1T,Penalty
7560,2021,29,Palmeiras,palmeiras,Raphael Cavalcante Veiga,raphael_cavalcante_veiga,50,45,5,1T,Normal
7560,2021,29,Palmeiras,palmeiras,Breno Lopes,breno_lopes,94,90,4,2T,Normal
7561,2021,29,Ceara,ceara,Vinícius,vinicius,7,7,0,1T,Penalty
7562,2021,29,Sao Paulo,sao_paulo,Gabriel Sara,gabriel_sara,5,5,0,1T,Normal
7563,2021,29,Sport,sport,Mikael,mikael,86,86,0,2T,Normal
7563,2021,29,Sport,sport,Mikael,mikael,76,76,0,2T,Penalty
7564,2021,29,Cuiaba,cuiaba,Rafael Gustavo Meneghel Gava,rafael_gustavo_meneghel_gava,94,90,4,2T,Normal
7565,2021,29,Corinthians,corinthians,Róger Guedes,roger_guedes,98,90,8,2T,Normal
7305,2021,4,Athletico-PR,athletico_pr,Renato Kayzer,renato_kayzer,63,63,0,2T,Normal
7305,2021,4,Athletico-PR,athletico_pr,Bissoli,bissoli,95,90,5,2T,Normal
7305,2021,4,Flamengo,flamengo,Gabriel Barbosa,gabriel_barbosa,17,17,0,1T,Normal
7305,2021,4,Flamengo,flamengo,Gabriel Barbosa,gabriel_barbosa,29,29,0,1T,Normal
7454,2021,19,Atletico-MG,atletico_mg,Matías Zaracho,matias_zaracho,12,12,0,1T,Normal
7454,2021,19,Gremio,gremio,Jaminton Campaz,jaminton_campaz,56,56,0,2T,Normal
7454,2021,19,Atletico-MG,atletico_mg,Eduardo Vargas,eduardo_vargas,75,75,0,2T,Penalty
7455,2021,19,Flamengo,flamengo,Michael Richard Delgado de Oliveira,michael_richard_delgado_de_oliveira,44,44,0,1T,Normal
7455,2021,19,Flamengo,flamengo,Michael Richard Delgado de Oliveira,michael_richard_delgado_de_oliveira,74,74,0,2T,Normal
7576,2021,30,Corinthians,corinthians,Víctor Cantillo,victor_cantillo,87,87,0,2T,Normal
7577,2021,30,Internacional,internacional,Taison,taison,40,40,0,1T,Normal
7578,2021,30,Fluminense,fluminense,David Braz,david_braz,96,90,6,2T,Normal
7581,2021,30,Palmeiras,palmeiras,Rony,rony,44,44,0,1T,Normal
7581,2021,30,Palmeiras,palmeiras,Raphael Cavalcante Veiga,raphael_cavalcante_veiga,72,72,0,2T,Normal
7579,2021,30,Athletico-PR,athletico_pr,Márcio Almeida de Oliveira,marcio_almeida_de_oliveira,60,60,0,2T,Normal
7579,2021,30,Athletico-PR,athletico_pr,Pedro Rocha Neves,pedro_rocha_neves,91,90,1,2T,Normal
7580,2021,30,Atletico-MG,atletico_mg,Guilherme Arana,guilherme_arana,62,62,0,2T,Normal
7582,2021,30,Bahia,bahia,Rossicley Pereira da Silva,rossicley_pereira_da_silva,77,77,0,2T,Normal
7583,2021,30,Ceara,ceara,Messias Rodrigues da Silva Júnior,messias_rodrigues_da_silva_junior,48,48,0,2T,Normal
7584,2021,30,Chapecoense,chapecoense,Kaio Nunes,kaio_nunes,31,31,0,1T,Normal
7584,2021,30,Chapecoense,chapecoense,Kaio Nunes,kaio_nunes,35,35,0,1T,Normal
7584,2021,30,Flamengo,flamengo,Matheuzinho,matheuzinho,26,26,0,1T,Normal
7584,2021,30,Flamengo,flamengo,Michael Richard Delgado de Oliveira,michael_richard_delgado_de_oliveira,41,41,0,1T,Normal
7567,2021,31,Gremio,gremio,Diego Souza,diego_souza,62,62,0,2T,Normal
7568,2021,31,Athletico-PR,athletico_pr,Renato Kayzer,renato_kayzer,44,44,0,1T,Normal
7568,2021,31,Athletico-PR,athletico_pr,Pedro Henrique Ribeiro Gonçalves,pedro_henrique_ribeiro_goncalves,68,68,0,2T,Normal
7568,2021,31,Ceara,ceara,Rick,rick,52,52,0,2T,Normal
7570,2021,31,Santos,santos,Carlos Andrés Sánchez,carlos_andres_sanchez,93,90,3,2T,Penalty
7570,2021,31,Santos,santos,Marinho,marinho,28,28,0,1T,Normal
7569,2021,31,Atletico-MG,atletico_mg,Diego Costa,diego_costa,14,14,0,1T,Normal
7569,2021,31,Atletico-MG,atletico_mg,Keno,keno,51,51,0,2T,Normal
7569,2021,31,Atletico-MG,atletico_mg,Hulk,hulk,95,90,5,2T,Normal
7571,2021,31,Palmeiras,palmeiras,Raphael Cavalcante Veiga,raphael_cavalcante_veiga,14,14,0,1T,Normal
7571,2021,31,Palmeiras,palmeiras,Gustavo Scarpa,gustavo_scarpa,64,64,0,2T,Penalty
7571,2021,31,Palmeiras,palmeiras,Rony,rony,31,31,0,1T,Normal
7571,2021,31,Palmeiras,palmeiras,Breno Lopes,breno_lopes,90,90,0,2T,Normal
7574,2021,31,Juventude,juventude,Paulo Victor,paulo_victor,86,86,0,2T,Gol Contra
7574,2021,31,Juventude,juventude,Dawhan,dawhan,65,65,0,2T,Normal
7574,2021,31,Internacional,internacional,Matheus Cadorini,matheus_cadorini,88,88,0,2T,Normal
7572,2021,31,Sao Paulo,sao_paulo,Martín Benítez,martin_benitez,93,90,3,2T,Normal
7572,2021,31,Fortaleza,fortaleza,Robson Fernandes,robson_fernandes,59,59,0,2T,Normal
7573,2021,31,America-MG,america_mg,Ademir,ademir,52,52,0,2T,Normal
7573,2021,31,Sport,sport,Mikael,mikael,66,66,0,2T,Normal
7573,2021,31,America-MG,america_mg,Paulo Roberto Valoura Junior,paulo_roberto_valoura_junior,83,83,0,2T,Normal
7573,2021,31,Sport,sport,José Welison,jose_welison,76,76,0,2T,Normal
7573,2021,31,America-MG,america_mg,Alexandre Egea,alexandre_egea,17,17,0,1T,Normal
7575,2021,31,Flamengo,flamengo,Michael Richard Delgado de Oliveira,michael_richard_delgado_de_oliveira,58,58,0,2T,Normal
7575,2021,31,Flamengo,flamengo,Andreas Pereira,andreas_pereira,89,89,0,2T,Normal
7575,2021,31,Flamengo,flamengo,Gabriel Barbosa,gabriel_barbosa,32,32,0,1T,Penalty
7587,2021,32,Gremio,gremio,Aldemir Ferreira,aldemir_ferreira,55,55,0,2T,Normal
7587,2021,32,America-MG,america_mg,Felipe Azevedo,felipe_azevedo,4,4,0,1T,Normal
7587,2021,32,America-MG,america_mg,Ademir,ademir,49,45,4,1T,Penalty
7587,2021,32,America-MG,america_mg,Juninho,juninho,47,47,0,2T,Normal
7588,2021,32,Bragantino,bragantino,Artur Victor Guimarães,artur_victor_guimaraes,60,60,0,2T,Penalty
7588,2021,32,Bragantino,bragantino,Hélio Junio Nunes de Castro,helio_junio_nunes_de_castro,4,4,0,1T,Normal
7588,2021,32,Bragantino,bragantino,Ytalo José dos Santos,ytalo_jose_dos_santos,15,15,0,1T,Normal
7589,2021,32,Internacional,internacional,Edenílson Andrade dos Santos,edenilson_andrade_dos_santos,65,65,0,2T,Normal
7589,2021,32,Athletico-PR,athletico_pr,David Terans,david_terans,37,37,0,1T,Normal
7589,2021,32,Internacional,internacional,Edenílson Andrade dos Santos,edenilson_andrade_dos_santos,40,40,0,1T,Normal
7590,2021,32,Corinthians,corinthians,Róger Guedes,roger_guedes,57,57,0,2T,Normal
7590,2021,32,Cuiaba,cuiaba,Pepê,pepe,47,45,2,1T,Normal
7590,2021,32,Cuiaba,cuiaba,Paulo Marcos de Jesus Ribeiro,paulo_marcos_de_jesus_ribeiro,78,78,0,2T,Normal
7590,2021,32,Corinthians,corinthians,Giuliano Victor de Paula,giuliano_victor_de_paula,3,3,0,1T,Normal
7590,2021,32,Corinthians,corinthians,Renato Augusto,renato_augusto,51,51,0,2T,Normal
7591,2021,32,Flamengo,flamengo,Bruno Henrique,bruno_henrique,4,4,0,1T,Normal
7591,2021,32,Flamengo,flamengo,Michael Richard Delgado de Oliveira,michael_richard_delgado_de_oliveira,42,42,0,1T,Normal
7591,2021,32,Flamengo,flamengo,Michael Richard Delgado de Oliveira,michael_richard_delgado_de_oliveira,55,55,0,2T,Normal
7591,2021,32,Flamengo,flamengo,Gabriel Barbosa,gabriel_barbosa,1,1,0,1T,Normal
7592,2021,32,Fluminense,fluminense,Yago Rocha,yago_rocha,88,88,0,2T,Normal
7592,2021,32,Palmeiras,palmeiras,Eduardo Pereira Rodrigues,eduardo_pereira_rodrigues,28,28,0,1T,Normal
7592,2021,32,Fluminense,fluminense,Yago Rocha,yago_rocha,46,46,0,2T,Normal
7593,2021,32,Sport,sport,Mikael,mikael,61,61,0,2T,Normal
7593,2021,32,Ceara,ceara,Vinícius,vinicius,9,9,0,1T,Normal
7593,2021,32,Ceara,ceara,Marlon,marlon,80,80,0,2T,Normal
7594,2021,32,Juventude,juventude,Guilherme Castilho,guilherme_castilho,2,2,0,1T,Normal
7594,2021,32,Juventude,juventude,Vitor Mendes,vitor_mendes,26,26,0,1T,Normal
7596,2021,33,Atletico-MG,atletico_mg,Matías Zaracho,matias_zaracho,45,45,0,1T,Normal
7597,2021,33,Gremio,gremio,Diego Souza,diego_souza,5,5,0,1T,Normal
7597,2021,33,Gremio,gremio,Lucas Silva Borges,lucas_silva_borges,34,34,0,1T,Normal
7597,2021,33,Gremio,gremio,Jhonata Robert Alves da Silva,jhonata_robert_alves_da_silva,38,38,0,1T,Normal
7599,2021,33,Santos,santos,Marinho,marinho,27,27,0,1T,Penalty
7599,2021,33,Santos,santos,Marcos Guilherme,marcos_guilherme,84,84,0,2T,Normal
7600,2021,33,Cuiaba,cuiaba,Elton Rodrigues Brandão,elton_rodrigues_brandao,69,69,0,2T,Penalty
7601,2021,33,Ceara,ceara,Lima,lima,14,14,0,1T,Normal
7601,2021,33,Ceara,ceara,Vinícius,vinicius,47,45,2,1T,Normal
7601,2021,33,Ceara,ceara,Vinícius,vinicius,86,86,0,2T,Normal
7601,2021,33,Ceara,ceara,Yony González,yony_gonzalez,93,90,3,2T,Normal
7602,2021,33,Sao Paulo,sao_paulo,Gabriel Sara,gabriel_sara,24,24,0,1T,Normal
7602,2021,33,Sao Paulo,sao_paulo,Luciano da Rocha Neves,luciano_da_rocha_neves,61,61,0,2T,Normal
7603,2021,33,Juventude,juventude,Vitor Mendes,vitor_mendes,18,18,0,1T,Normal
7604,2021,33,Flamengo,flamengo,Bruno Henrique,bruno_henrique,94,90,4,2T,Normal
7605,2021,33,Sport,sport,Paulinho Moccelin,paulinho_moccelin,66,66,0,2T,Normal
7547,2021,34,Atletico-MG,atletico_mg,Hulk,hulk,76,76,0,2T,Normal
7547,2021,34,Atletico-MG,atletico_mg,Hulk,hulk,72,72,0,2T,Penalty
7549,2021,34,Chapecoense,chapecoense,Bruno Cortês,bruno_cortes,76,76,0,2T,Gol Contra
7549,2021,34,Gremio,gremio,Thiago dos Santos,thiago_dos_santos,60,60,0,2T,Normal
7549,2021,34,Gremio,gremio,Laércio Soldá,laercio_solda,80,80,0,2T,Gol Contra
7549,2021,34,Gremio,gremio,Lucas Silva Borges,lucas_silva_borges,36,36,0,1T,Normal
7548,2021,34,Fortaleza,fortaleza,Robson Fernandes,robson_fernandes,38,38,0,1T,Normal
7550,2021,34,Atletico-GO,atletico_go,João Paulo,joao_paulo,55,55,0,2T,Normal
7550,2021,34,Ceara,ceara,Vinícius,vinicius,48,48,0,2T,Normal
7551,2021,34,Flamengo,flamengo,Gabriel Barbosa,gabriel_barbosa,4,4,0,1T,Normal
7551,2021,34,Flamengo,flamengo,Andreas Pereira,andreas_pereira,11,11,0,1T,Normal
7551,2021,34,Internacional,internacional,Taison,taison,41,41,0,1T,Normal
7552,2021,34,Corinthians,corinthians,Jô,jo,47,47,0,2T,Normal
7552,2021,34,Corinthians,corinthians,Gabriel Girotto Franco,gabriel_girotto_franco,85,85,0,2T,Normal
7553,2021,34,Fluminense,fluminense,Luiz Henrique,luiz_henrique,43,43,0,1T,Normal
7553,2021,34,Fluminense,fluminense,Fred,fred,83,83,0,2T,Penalty
7285,2021,2,Gremio,gremio,Miguel Borja,miguel_borja,75,75,0,2T,Normal
7285,2021,2,Gremio,gremio,Aldemir Ferreira,aldemir_ferreira,82,82,0,2T,Normal
7285,2021,2,Flamengo,flamengo,Victor Vinícius Coelho Santos,victor_vinicius_coelho_santos,58,58,0,2T,Normal
7285,2021,2,Flamengo,flamengo,Victor Vinícius Coelho Santos,victor_vinicius_coelho_santos,74,74,0,2T,Normal
7585,2021,30,Atletico-GO,atletico_go,Zé Roberto,ze_roberto,62,62,0,2T,Normal
7585,2021,30,Juventude,juventude,Ricardo Bueno,ricardo_bueno,88,88,0,2T,Normal
7606,2021,35,Atletico-MG,atletico_mg,Hulk,hulk,61,61,0,2T,Normal
7606,2021,35,Palmeiras,palmeiras,Wesley Ribeiro Silva,wesley_ribeiro_silva,28,28,0,1T,Normal
7606,2021,35,Palmeiras,palmeiras,Deyverson,deyverson,57,57,0,2T,Normal
7606,2021,35,Atletico-MG,atletico_mg,Matías Zaracho,matias_zaracho,36,36,0,1T,Normal
7607,2021,35,Fluminense,fluminense,Fred,fred,4,4,0,1T,Penalty
7608,2021,35,Santos,santos,Marcos Leonardo Santos Almeida,marcos_leonardo_santos_almeida,90,90,0,2T,Normal
7608,2021,35,Santos,santos,Marcos Leonardo Santos Almeida,marcos_leonardo_santos_almeida,71,71,0,2T,Penalty
7609,2021,35,Corinthians,corinthians,Róger Guedes,roger_guedes,84,84,0,2T,Normal
7609,2021,35,Ceara,ceara,Vinícius,vinicius,6,6,0,1T,Normal
7609,2021,35,Ceara,ceara,Yony González,yony_gonzalez,87,87,0,2T,Normal
7616,2021,36,Bahia,bahia,Matheus Bahia Santos,matheus_bahia_santos,13,13,0,1T,Normal
7616,2021,36,Bahia,bahia,Raí Nascimento de Oliveira,rai_nascimento_de_oliveira,18,18,0,1T,Normal
7616,2021,36,Bahia,bahia,Daniel Sampaio Simões,daniel_sampaio_simoes,85,85,0,2T,Normal
7616,2021,36,Gremio,gremio,Thiago dos Santos,thiago_dos_santos,61,61,0,2T,Normal
7617,2021,36,Bragantino,bragantino,Artur Victor Guimarães,artur_victor_guimaraes,64,64,0,2T,Normal
7617,2021,36,America-MG,america_mg,Eduardo,eduardo,50,50,0,2T,Normal
7618,2021,36,Sao Paulo,sao_paulo,Jonathan Calleri,jonathan_calleri,50,50,0,2T,Normal
7618,2021,36,Sao Paulo,sao_paulo,Gabriel Sara,gabriel_sara,80,80,0,2T,Normal
7619,2021,36,Corinthians,corinthians,Fábio Santos,fabio_santos,65,65,0,2T,Penalty
7620,2021,36,Atletico-MG,atletico_mg,Hulk,hulk,60,60,0,2T,Normal
7620,2021,36,Fluminense,fluminense,Manoel Messias Silva Carvalho,manoel_messias_silva_carvalho,14,14,0,1T,Normal
7620,2021,36,Atletico-MG,atletico_mg,Hulk,hulk,38,38,0,1T,Penalty
7621,2021,36,Santos,santos,Marcos Leonardo Santos Almeida,marcos_leonardo_santos_almeida,47,47,0,2T,Normal
7621,2021,36,Internacional,internacional,Luiz Felipe,luiz_felipe,46,45,1,1T,Gol Contra
7610,2021,35,Atletico-GO,atletico_go,Janderson,janderson,93,90,3,2T,Normal
7610,2021,35,Bahia,bahia,Hugo Rodallega,hugo_rodallega,71,71,0,2T,Normal
7610,2021,35,Atletico-GO,atletico_go,Marlon Freitas,marlon_freitas,60,60,0,2T,Penalty
7611,2021,35,Juventude,juventude,Ricardo Bueno,ricardo_bueno,45,45,0,1T,Normal
7612,2021,35,America-MG,america_mg,Ademir,ademir,43,43,0,1T,Normal
7612,2021,35,America-MG,america_mg,Fabrício Daniel de Souza,fabricio_daniel_de_souza,59,59,0,2T,Normal
7612,2021,35,America-MG,america_mg,Ademir,ademir,70,70,0,2T,Penalty
7622,2021,36,Flamengo,flamengo,Matheuzinho,matheuzinho,79,79,0,2T,Normal
7622,2021,36,Ceara,ceara,Rick,rick,71,71,0,2T,Normal
7622,2021,36,Flamengo,flamengo,Gabriel Barbosa,gabriel_barbosa,3,3,0,1T,Normal
7623,2021,36,Palmeiras,palmeiras,Giovani Henrique,giovani_henrique,30,30,0,1T,Normal
7623,2021,36,Palmeiras,palmeiras,Gabriel Veron,gabriel_veron,91,90,1,2T,Normal
7623,2021,36,Cuiaba,cuiaba,Alan Empereur,alan_empereur,37,37,0,1T,Normal
7623,2021,36,Palmeiras,palmeiras,Gabriel Silva,gabriel_silva,4,4,0,1T,Normal
7595,2021,32,Bahia,bahia,Gilberto Oliveira Souza Junior,gilberto_oliveira_souza_junior,66,66,0,2T,Normal
7595,2021,32,Atletico-MG,atletico_mg,Keno,keno,74,74,0,2T,Normal
7595,2021,32,Atletico-MG,atletico_mg,Hulk,hulk,73,73,0,2T,Penalty
7595,2021,32,Atletico-MG,atletico_mg,Keno,keno,78,78,0,2T,Normal
7595,2021,32,Bahia,bahia,Luiz Otávio da Silva Santos,luiz_otavio_da_silva_santos,62,62,0,2T,Normal
7613,2021,35,Gremio,gremio,Jhonata Robert Alves da Silva,jhonata_robert_alves_da_silva,94,90,4,2T,Normal
7613,2021,35,Gremio,gremio,Thiago dos Santos,thiago_dos_santos,23,23,0,1T,Normal
7613,2021,35,Gremio,gremio,Diogo Barbosa,diogo_barbosa,68,68,0,2T,Normal
7614,2021,35,Athletico-PR,athletico_pr,Pedro Rocha Neves,pedro_rocha_neves,58,58,0,2T,Normal
7615,2021,35,Sport,sport,Gustavo,gustavo,51,51,0,2T,Normal
7615,2021,35,Flamengo,flamengo,Michael Richard Delgado de Oliveira,michael_richard_delgado_de_oliveira,40,40,0,1T,Normal
7624,2021,36,Atletico-GO,atletico_go,Arthur Henrique,arthur_henrique,88,88,0,2T,Normal
7625,2021,36,Fortaleza,fortaleza,Valentín Depietri,valentin_depietri,82,82,0,2T,Normal
7626,2021,37,Bahia,bahia,Gilberto Oliveira Souza Junior,gilberto_oliveira_souza_junior,47,45,2,1T,Normal
7626,2021,37,Bahia,bahia,Gilberto Oliveira Souza Junior,gilberto_oliveira_souza_junior,39,39,0,1T,Penalty
7628,2021,37,Atletico-MG,atletico_mg,Matías Zaracho,matias_zaracho,52,52,0,2T,Normal
7628,2021,37,Bragantino,bragantino,Artur Victor Guimarães,artur_victor_guimaraes,47,47,0,2T,Normal
7628,2021,37,Atletico-MG,atletico_mg,Jefferson Savarino,jefferson_savarino,78,78,0,2T,Normal
7628,2021,37,Bragantino,bragantino,Artur Victor Guimarães,artur_victor_guimaraes,100,90,10,2T,Normal
7628,2021,37,Atletico-MG,atletico_mg,Hulk,hulk,88,88,0,2T,Normal
7628,2021,37,Atletico-MG,atletico_mg,Keno,keno,20,20,0,1T,Normal
7628,2021,37,Bragantino,bragantino,Ytalo José dos Santos,ytalo_jose_dos_santos,39,39,0,1T,Normal
7627,2021,37,Corinthians,corinthians,Renato Augusto,renato_augusto,86,86,0,2T,Normal
7627,2021,37,Gremio,gremio,Diego Souza,diego_souza,39,39,0,1T,Normal
7630,2021,37,Sao Paulo,sao_paulo,Jonathan Calleri,jonathan_calleri,43,43,0,1T,Normal
7630,2021,37,Juventude,juventude,Marcos Vinicios,marcos_vinicios,63,63,0,2T,Normal
7630,2021,37,Sao Paulo,sao_paulo,Luciano da Rocha Neves,luciano_da_rocha_neves,5,5,0,1T,Normal
7630,2021,37,Sao Paulo,sao_paulo,Luciano da Rocha Neves,luciano_da_rocha_neves,67,67,0,2T,Normal
7632,2021,37,Cuiaba,cuiaba,Elton Rodrigues Brandão,elton_rodrigues_brandao,9,9,0,1T,Penalty
7633,2021,37,Atletico-GO,atletico_go,Janderson,janderson,47,45,2,1T,Normal
7633,2021,37,Internacional,internacional,Yuri Alberto,yuri_alberto,33,33,0,1T,Normal
7633,2021,37,Atletico-GO,atletico_go,Gabriel Baralhas,gabriel_baralhas,45,45,0,1T,Normal
7634,2021,37,Santos,santos,Marcos Leonardo Santos Almeida,marcos_leonardo_santos_almeida,57,57,0,2T,Normal
7635,2021,37,Sport,sport,Luciano Juba,luciano_juba,88,88,0,2T,Normal
7642,2021,38,Sport,sport,Mikael,mikael,28,28,0,1T,Normal
7642,2021,38,Athletico-PR,athletico_pr,Khellven Douglas Silva Oliveira,khellven_douglas_silva_oliveira,43,43,0,1T,Normal
7636,2021,38,Fortaleza,fortaleza,Wellington Paulista,wellington_paulista,52,45,7,1T,Penalty
7636,2021,38,Fortaleza,fortaleza,Yago Pikachu,yago_pikachu,78,78,0,2T,Penalty
7636,2021,38,Bahia,bahia,Rodrigo Eduardo Costa Marinho,rodrigo_eduardo_costa_marinho,25,25,0,1T,Penalty
7637,2021,38,Atletico-GO,atletico_go,Jonas Toró,jonas_toro,92,90,2,2T,Normal
7637,2021,38,Atletico-GO,atletico_go,Lucas Gabriel Ribeiro Firmo,lucas_gabriel_ribeiro_firmo,82,82,0,2T,Normal
7638,2021,38,Palmeiras,palmeiras,Kevin,kevin,42,42,0,1T,Normal
7639,2021,38,Fluminense,fluminense,Abel Hernández,abel_hernandez,91,90,1,2T,Normal
7639,2021,38,Fluminense,fluminense,David Braz,david_braz,49,49,0,2T,Normal
7639,2021,38,Fluminense,fluminense,Luiz Henrique,luiz_henrique,59,59,0,2T,Normal
7640,2021,38,America-MG,america_mg,Ademir,ademir,58,58,0,2T,Normal
7640,2021,38,America-MG,america_mg,Ademir,ademir,62,62,0,2T,Normal
7641,2021,38,Bragantino,bragantino,Artur Victor Guimarães,artur_victor_guimaraes,92,90,2,2T,Normal
7643,2021,38,Juventude,juventude,Chico,chico,83,83,0,2T,Penalty
7644,2021,38,Gremio,gremio,Jaminton Campaz,jaminton_campaz,11,11,0,1T,Normal
7644,2021,38,Atletico-MG,atletico_mg,Hyoran,hyoran,91,90,1,2T,Normal
7644,2021,38,Gremio,gremio,Douglas Costa,douglas_costa,59,59,0,2T,Normal
7644,2021,38,Gremio,gremio,Diego Souza,diego_souza,6,6,0,1T,Normal
7644,2021,38,Atletico-MG,atletico_mg,José Rodolfo Pires Ribeiro,jose_rodolfo_pires_ribeiro,26,26,0,1T,Normal
7644,2021,38,Gremio,gremio,Diego Souza,diego_souza,20,20,0,1T,Normal
7644,2021,38,Atletico-MG,atletico_mg,Eduardo Vargas,eduardo_vargas,35,35,0,1T,Normal
7645,2021,38,Santos,santos,Lucas Braga Ribeiro,lucas_braga_ribeiro,75,75,0,2T,Normal
7645,2021,38,Cuiaba,cuiaba,Marllon Borges,marllon_borges,16,16,0,1T,Normal
7647,2022,1,Flamengo,flamengo,Bruno Henrique,bruno_henrique,84,84,0,2T,Normal
7647,2022,1,Atletico-GO,atletico_go,Wellington Rato,wellington_rato,75,75,0,2T,Normal
7648,2022,1,Ceara,ceara,Jorge Marco de Oliveira Moraes,jorge_marco_de_oliveira_moraes,7,7,0,1T,Gol Contra
7648,2022,1,Palmeiras,palmeiras,Gustavo Gómez,gustavo_gomez,96,90,6,2T,Penalty
7648,2022,1,Palmeiras,palmeiras,José Rafael Vivian,jose_rafael_vivian,22,22,0,1T,Normal
7648,2022,1,Ceara,ceara,Stiven Mendoza,stiven_mendoza,14,14,0,1T,Normal
7648,2022,1,Ceara,ceara,Lucas Ribeiro,lucas_ribeiro,85,85,0,2T,Normal
7649,2022,1,Coritiba,coritiba,Alef Manga,alef_manga,10,10,0,1T,Normal
7649,2022,1,Coritiba,coritiba,Léo Gamalho,leo_gamalho,47,47,0,2T,Normal
7649,2022,1,Coritiba,coritiba,Andrey,andrey,91,90,1,2T,Normal
7650,2022,1,Corinthians,corinthians,Gustavo Mantuan,gustavo_mantuan,26,26,0,1T,Normal
7650,2022,1,Corinthians,corinthians,Lucas Piton,lucas_piton,44,44,0,1T,Normal
7650,2022,1,Botafogo-RJ,botafogo_rj,Diego Gonçalves,diego_goncalves,66,66,0,2T,Penalty
7650,2022,1,Corinthians,corinthians,Paulinho,paulinho,17,17,0,1T,Normal
7651,2022,1,Atletico-MG,atletico_mg,Hulk,hulk,10,10,0,1T,Normal
7651,2022,1,Atletico-MG,atletico_mg,Hulk,hulk,93,90,3,2T,Normal
7652,2022,1,Cuiaba,cuiaba,Éverton Cardoso da Silva,everton_cardoso_da_silva,8,8,0,1T,Normal
7653,2022,1,Avai,avai,Raniele,raniele,52,52,0,2T,Normal
7654,2022,1,Sao Paulo,sao_paulo,Jonathan Calleri,jonathan_calleri,70,70,0,2T,Normal
7654,2022,1,Sao Paulo,sao_paulo,Luciano da Rocha Neves,luciano_da_rocha_neves,74,74,0,2T,Normal
7654,2022,1,Sao Paulo,sao_paulo,Jonathan Calleri,jonathan_calleri,19,19,0,1T,Normal
7654,2022,1,Sao Paulo,sao_paulo,Jonathan Calleri,jonathan_calleri,52,52,0,2T,Normal
7655,2022,1,Juventude,juventude,Renan Victor da Silva,renan_victor_da_silva,30,30,0,1T,Gol Contra
7655,2022,1,Bragantino,bragantino,Thalisson Kelven,thalisson_kelven,89,89,0,2T,Gol Contra
7655,2022,1,Juventude,juventude,Óscar Ruiz,oscar_ruiz,69,69,0,2T,Normal
7655,2022,1,Bragantino,bragantino,Miguel Silveira,miguel_silveira,12,12,0,1T,Normal
7656,2022,2,Goias,goias,Pedro Raúl,pedro_raul,57,57,0,2T,Normal
7656,2022,2,Palmeiras,palmeiras,Rony,rony,96,90,6,2T,Normal
7658,2022,2,Corinthians,corinthians,Róger Guedes,roger_guedes,55,55,0,2T,Normal
7658,2022,2,Corinthians,corinthians,Róger Guedes,roger_guedes,9,9,0,1T,Normal
7658,2022,2,Corinthians,corinthians,Róger Guedes,roger_guedes,25,25,0,1T,Normal
7657,2022,2,America-MG,america_mg,Pedrinho,pedrinho,89,89,0,2T,Normal
7657,2022,2,Juventude,juventude,Rômulo Zwarg,romulo_zwarg,84,84,0,2T,Normal
7657,2022,2,America-MG,america_mg,Iago Maidana,iago_maidana,65,65,0,2T,Normal
7657,2022,2,America-MG,america_mg,Iago Maidana,iago_maidana,19,19,0,1T,Penalty
7657,2022,2,America-MG,america_mg,Felipe Azevedo,felipe_azevedo,25,25,0,1T,Normal
7659,2022,2,Fluminense,fluminense,Paulo Marcos de Jesus Ribeiro,paulo_marcos_de_jesus_ribeiro,92,90,2,2T,Gol Contra
7660,2022,2,Santos,santos,Henrique Adriano Buss,henrique_adriano_buss,32,32,0,1T,Gol Contra
7660,2022,2,Santos,santos,Léo Baptistão,leo_baptistao,12,12,0,1T,Normal
7660,2022,2,Coritiba,coritiba,Léo Gamalho,leo_gamalho,28,28,0,1T,Penalty
7661,2022,2,Flamengo,flamengo,Giorgian De Arrascaeta,giorgian_de_arrascaeta,72,72,0,2T,Normal
7661,2022,2,Sao Paulo,sao_paulo,Jonathan Calleri,jonathan_calleri,41,41,0,1T,Normal
7661,2022,2,Flamengo,flamengo,Gabriel Barbosa Almeida,gabriel_barbosa_almeida,25,25,0,1T,Normal
7661,2022,2,Flamengo,flamengo,Mauricio Isla,mauricio_isla,69,69,0,2T,Normal
7662,2022,2,Atletico-MG,atletico_mg,Matías Zaracho,matias_zaracho,49,49,0,2T,Normal
7663,2022,2,Internacional,internacional,Alexandre Alemão,alexandre_alemao,90,90,0,2T,Normal
7663,2022,2,Fortaleza,fortaleza,Yago Pikachu,yago_pikachu,51,45,6,1T,Penalty
7663,2022,2,Internacional,internacional,Andrés D'Alessandro,andres_d_alessandro,52,45,7,1T,Normal
7664,2022,2,Bragantino,bragantino,Léo Ortiz,leo_ortiz,59,59,0,2T,Normal
7664,2022,2,Bragantino,bragantino,Ytalo José dos Santos,ytalo_jose_dos_santos,19,19,0,1T,Normal
7664,2022,2,Bragantino,bragantino,Natan Bernardo de Souza,natan_bernardo_de_souza,26,26,0,1T,Normal
7664,2022,2,Bragantino,bragantino,Marcos Vinicios,marcos_vinicios,30,30,0,1T,Normal
7665,2022,2,Ceara,ceara,Lima,lima,43,43,0,1T,Normal
7665,2022,2,Botafogo-RJ,botafogo_rj,Erison Danilo de Souza,erison_danilo_de_souza,80,80,0,2T,Penalty
7665,2022,2,Botafogo-RJ,botafogo_rj,João Victor Santos Sá,joao_victor_santos_sa,18,18,0,1T,Normal
7665,2022,2,Botafogo-RJ,botafogo_rj,Erison Danilo de Souza,erison_danilo_de_souza,60,60,0,2T,Normal
7676,2022,3,Bragantino,bragantino,Alerrandro Barra Mansa Realino de Souza,alerrandro_barra_mansa_realino_de_souza,1,1,0,1T,Normal
7676,2022,3,Sao Paulo,sao_paulo,Eder Citadin Martins,eder_citadin_martins,70,70,0,2T,Normal
7677,2022,3,Athletico-PR,athletico_pr,David Terans,david_terans,32,32,0,1T,Penalty
7678,2022,3,Palmeiras,palmeiras,Gustavo Gómez,gustavo_gomez,14,14,0,1T,Normal
7678,2022,3,Palmeiras,palmeiras,Rony,rony,19,19,0,1T,Normal
7678,2022,3,Palmeiras,palmeiras,Eduardo Pereira Rodrigues,eduardo_pereira_rodrigues,71,71,0,2T,Normal
7679,2022,3,Internacional,internacional,Alexandre Alemão,alexandre_alemao,54,54,0,2T,Normal
7680,2022,3,Atletico-MG,atletico_mg,Jefferson Savarino,jefferson_savarino,23,23,0,1T,Normal
7680,2022,3,Atletico-MG,atletico_mg,Jefferson Savarino,jefferson_savarino,36,36,0,1T,Normal
7680,2022,3,Coritiba,coritiba,Igor Paixão,igor_paixao,62,62,0,2T,Normal
7680,2022,3,Coritiba,coritiba,Adrián Emmanuel Martínez,adrian_emmanuel_martinez,78,78,0,2T,Normal
7681,2022,3,Santos,santos,Marcos Leonardo Santos Almeida,marcos_leonardo_santos_almeida,29,29,0,1T,Normal
7681,2022,3,Santos,santos,Vinicius Zanocelo,vinicius_zanocelo,51,51,0,2T,Normal
7681,2022,3,Santos,santos,Vinicius Zanocelo,vinicius_zanocelo,78,78,0,2T,Normal
7682,2022,3,Cuiaba,cuiaba,Elton Rodrigues Brandão,elton_rodrigues_brandao,84,84,0,2T,Penalty
7683,2022,3,Botafogo-RJ,botafogo_rj,Leandro Barcia Montero,leandro_barcia_montero,96,90,6,2T,Gol Contra
7683,2022,3,Atletico-GO,atletico_go,Marlon Freitas,marlon_freitas,51,51,0,2T,Normal
7684,2022,3,Avai,avai,Morato,morato,4,4,0,1T,Normal
7684,2022,3,Avai,avai,Muriqui,muriqui,62,62,0,2T,Penalty
7684,2022,3,Avai,avai,Bissoli,bissoli,51,51,0,2T,Normal
7684,2022,3,Goias,goias,Élvis Vieira Araújo,elvis_vieira_araujo,88,88,0,2T,Penalty
7684,2022,3,Goias,goias,Pedro Raúl,pedro_raul,76,76,0,2T,Normal
7668,2022,4,America-MG,america_mg,Juan Pablo Ramírez Velásquez,juan_pablo_ramirez_velasquez,75,75,0,2T,Normal
7667,2022,4,Bragantino,bragantino,Ytalo José dos Santos,ytalo_jose_dos_santos,17,17,0,1T,Normal
7669,2022,4,Atletico-MG,atletico_mg,Eduardo Vargas,eduardo_vargas,56,56,0,2T,Normal
7669,2022,4,Goias,goias,Apodi,apodi,53,53,0,2T,Normal
7669,2022,4,Goias,goias,Élvis Vieira Araújo,elvis_vieira_araujo,80,80,0,2T,Penalty
7669,2022,4,Atletico-MG,atletico_mg,Hulk,hulk,39,39,0,1T,Normal
7670,2022,4,Cuiaba,cuiaba,Rodrigo Eduardo Costa Marinho,rodrigo_eduardo_costa_marinho,82,82,0,2T,Normal
7670,2022,4,Atletico-GO,atletico_go,Jorginho,jorginho,45,45,0,1T,Normal
7671,2022,4,Juventude,juventude,Isidro Pitta,isidro_pitta,64,64,0,2T,Normal
7671,2022,4,Botafogo-RJ,botafogo_rj,Diego Gonçalves,diego_goncalves,83,83,0,2T,Penalty
7672,2022,4,Corinthians,corinthians,Matheus Jussa,matheus_jussa,53,53,0,2T,Gol Contra
7673,2022,4,Coritiba,coritiba,Léo Gamalho,leo_gamalho,95,90,5,2T,Normal
7673,2022,4,Coritiba,coritiba,Léo Gamalho,leo_gamalho,53,53,0,2T,Penalty
7673,2022,4,Coritiba,coritiba,Andrey,andrey,61,61,0,2T,Normal
7673,2022,4,Fluminense,fluminense,Paulo Henrique Ganso,paulo_henrique_ganso,19,19,0,1T,Normal
7673,2022,4,Fluminense,fluminense,Paulo Henrique Ganso,paulo_henrique_ganso,36,36,0,1T,Normal
7675,2022,4,Sao Paulo,sao_paulo,Jonathan Calleri,jonathan_calleri,10,10,0,1T,Normal
7675,2022,4,Santos,santos,Marcos Leonardo Santos Almeida,marcos_leonardo_santos_almeida,46,45,1,1T,Normal
7675,2022,4,Sao Paulo,sao_paulo,Luciano da Rocha Neves,luciano_da_rocha_neves,82,82,0,2T,Penalty
7686,2022,5,Atletico-MG,atletico_mg,Ignacio Fernández,ignacio_fernandez,69,69,0,2T,Normal
7686,2022,5,America-MG,america_mg,Raúl Cáceres,raul_caceres,81,81,0,2T,Normal
7686,2022,5,America-MG,america_mg,Iago Maidana,iago_maidana,7,7,0,1T,Penalty
7687,2022,5,Athletico-PR,athletico_pr,Abner Vinícius,abner_vinicius,49,49,0,2T,Normal
7688,2022,5,Botafogo-RJ,botafogo_rj,Erison Danilo de Souza,erison_danilo_de_souza,51,51,0,2T,Normal
7689,2022,5,Palmeiras,palmeiras,Eduardo Pereira Rodrigues,eduardo_pereira_rodrigues,72,72,0,2T,Normal
7689,2022,5,Fluminense,fluminense,Germán Cano,german_cano,83,83,0,2T,Normal
7690,2022,5,Goias,goias,Élvis Vieira Araújo,elvis_vieira_araujo,1,1,0,1T,Normal
7691,2022,5,Corinthians,corinthians,Renato Augusto,renato_augusto,54,54,0,2T,Normal
7692,2022,5,Santos,santos,Léo Baptistão,leo_baptistao,3,3,0,1T,Normal
7692,2022,5,Cuiaba,cuiaba,Alesson,alesson,11,11,0,1T,Normal
7692,2022,5,Santos,santos,Marcos Leonardo Santos Almeida,marcos_leonardo_santos_almeida,37,37,0,1T,Normal
7692,2022,5,Santos,santos,Bryan Angulo,bryan_angulo,76,76,0,2T,Normal
7692,2022,5,Santos,santos,Rwan Philipe Rodrigues de Souza Cruz,rwan_philipe_rodrigues_de_souza_cruz,78,78,0,2T,Normal
7694,2022,5,Sao Paulo,sao_paulo,Luciano da Rocha Neves,luciano_da_rocha_neves,57,57,0,2T,Normal
7694,2022,5,Fortaleza,fortaleza,Yago Pikachu,yago_pikachu,69,69,0,2T,Normal
7693,2022,5,Juventude,juventude,Óscar Ruiz,oscar_ruiz,93,90,3,2T,Normal
7693,2022,5,Internacional,internacional,Vitão,vitao,47,47,0,2T,Normal
7695,2022,5,Avai,avai,Muriqui,muriqui,73,73,0,2T,Penalty
7695,2022,5,Coritiba,coritiba,Igor Paixão,igor_paixao,52,52,0,2T,Normal
7695,2022,5,Avai,avai,Bissoli,bissoli,62,62,0,2T,Penalty
7696,2022,7,Bragantino,bragantino,Ytalo José dos Santos,ytalo_jose_dos_santos,13,13,0,1T,Normal
7696,2022,7,Atletico-MG,atletico_mg,Ignacio Fernández,ignacio_fernandez,66,66,0,2T,Normal
7706,2022,6,Palmeiras,palmeiras,Raphael Cavalcante Veiga,raphael_cavalcante_veiga,99,90,9,2T,Penalty
7706,2022,6,Palmeiras,palmeiras,Danilo,danilo,30,30,0,1T,Normal
7707,2022,6,Flamengo,flamengo,Willian Arão,willian_arao,7,7,0,1T,Normal
7707,2022,6,Flamengo,flamengo,Willian Arão,willian_arao,38,38,0,1T,Normal
7707,2022,6,Ceara,ceara,Stiven Mendoza,stiven_mendoza,26,26,0,1T,Normal
7707,2022,6,Ceara,ceara,Nino Paraíba,nino_paraiba,91,90,1,2T,Normal
7709,2022,6,Atletico-MG,atletico_mg,Hulk,hulk,72,72,0,2T,Normal
7709,2022,6,Atletico-MG,atletico_mg,Marlon Freitas,marlon_freitas,14,14,0,1T,Gol Contra
7708,2022,6,Corinthians,corinthians,Raul Gustavo Pereira Bicalho,raul_gustavo_pereira_bicalho,30,30,0,1T,Normal
7708,2022,6,Corinthians,corinthians,Jô,jo,64,64,0,2T,Normal
7708,2022,6,Internacional,internacional,Alan Patrick,alan_patrick,25,25,0,1T,Normal
7708,2022,6,Internacional,internacional,Wanderson,wanderson,44,44,0,1T,Normal
7710,2022,6,Fluminense,fluminense,Germán Cano,german_cano,78,78,0,2T,Normal
7710,2022,6,Athletico-PR,athletico_pr,Matheus Felipe Santos Nascimento,matheus_felipe_santos_nascimento,91,90,1,2T,Normal
7710,2022,6,Fluminense,fluminense,Germán Cano,german_cano,8,8,0,1T,Normal
7711,2022,6,Cuiaba,cuiaba,Jenison de Jesus Brito e Brito,jenison_de_jesus_brito_e_brito,33,33,0,1T,Normal
7711,2022,6,Sao Paulo,sao_paulo,Jonathan Calleri,jonathan_calleri,66,66,0,2T,Penalty
7711,2022,6,Sao Paulo,sao_paulo,Nikão,nikao,82,82,0,2T,Normal
7712,2022,6,Coritiba,coritiba,Andrey,andrey,47,45,2,1T,Normal
7713,2022,6,Botafogo-RJ,botafogo_rj,Daniel Borges,daniel_borges,94,90,4,2T,Normal
7713,2022,6,Fortaleza,fortaleza,Moisés Vieira da Veiga,moises_vieira_da_veiga,14,14,0,1T,Normal
7713,2022,6,Botafogo-RJ,botafogo_rj,Erison Danilo de Souza,erison_danilo_de_souza,42,42,0,1T,Normal
7713,2022,6,Botafogo-RJ,botafogo_rj,Patrick de Paula,patrick_de_paula,89,89,0,2T,Normal
7714,2022,6,Juventude,juventude,Vitor Mendes,vitor_mendes,70,70,0,2T,Normal
7714,2022,6,Avai,avai,Bissoli,bissoli,27,27,0,1T,Normal
7714,2022,6,Juventude,juventude,Óscar Ruiz,oscar_ruiz,25,25,0,1T,Normal
7715,2022,6,Goias,goias,Élvis Vieira Araújo,elvis_vieira_araujo,19,19,0,1T,Penalty
7697,2022,7,Atletico-GO,atletico_go,Jorginho,jorginho,47,45,2,1T,Normal
7697,2022,7,Atletico-GO,atletico_go,Airton,airton,90,90,0,2T,Normal
7698,2022,7,Flamengo,flamengo,Pedro,pedro,17,17,0,1T,Normal
7700,2022,7,Palmeiras,palmeiras,Rony,rony,31,31,0,1T,Normal
7700,2022,7,Palmeiras,palmeiras,Gabriel Menino,gabriel_menino,92,90,2,2T,Normal
7700,2022,7,Palmeiras,palmeiras,José Rafael Vivian,jose_rafael_vivian,9,9,0,1T,Normal
7701,2022,7,Internacional,internacional,Carlos de Pena,carlos_de_pena,83,83,0,2T,Penalty
7701,2022,7,Cuiaba,cuiaba,Valdívia,valdivia,50,50,0,2T,Normal
7702,2022,7,Botafogo-RJ,botafogo_rj,Erison Danilo de Souza,erison_danilo_de_souza,86,86,0,2T,Normal
7702,2022,7,America-MG,america_mg,Aloísio dos Santos Gonçalves,aloisio_dos_santos_goncalves,38,38,0,1T,Normal
7704,2022,7,Fluminense,fluminense,Luiz Henrique,luiz_henrique,9,9,0,1T,Normal
7703,2022,7,Corinthians,corinthians,Adson,adson,80,80,0,2T,Normal
7703,2022,7,Sao Paulo,sao_paulo,Jonathan Calleri,jonathan_calleri,51,45,6,1T,Normal
7705,2022,7,Athletico-PR,athletico_pr,David Terans,david_terans,44,44,0,1T,Normal
7705,2022,7,Athletico-PR,athletico_pr,David Terans,david_terans,25,25,0,1T,Penalty
7705,2022,7,Avai,avai,William Pottker,william_pottker,51,51,0,2T,Penalty
7716,2022,8,Goias,goias,Nicolas Godinho Johann,nicolas_godinho_johann,74,74,0,2T,Normal
7716,2022,8,Bragantino,bragantino,Artur Victor Guimarães,artur_victor_guimaraes,40,40,0,1T,Normal
7717,2022,8,Sao Paulo,sao_paulo,Rodrigo Nestor,rodrigo_nestor,42,42,0,1T,Normal
7717,2022,8,Ceara,ceara,Cléber,cleber,37,37,0,1T,Normal
7717,2022,8,Ceara,ceara,Stiven Mendoza,stiven_mendoza,71,71,0,2T,Normal
7717,2022,8,Sao Paulo,sao_paulo,Jonathan Calleri,jonathan_calleri,8,8,0,1T,Normal
7718,2022,8,Juventude,juventude,Vitor Gabriel,vitor_gabriel,49,49,0,2T,Normal
7718,2022,8,Fortaleza,fortaleza,José Welison,jose_welison,65,65,0,2T,Normal
7720,2022,8,Palmeiras,palmeiras,Gustavo Gómez,gustavo_gomez,80,80,0,2T,Normal
7719,2022,8,Coritiba,coritiba,Igor Paixão,igor_paixao,29,29,0,1T,Normal
7721,2022,8,Athletico-PR,athletico_pr,Vitor Roque,vitor_roque,85,85,0,2T,Normal
7722,2022,8,Corinthians,corinthians,Gustavo Mosquito,gustavo_mosquito,82,82,0,2T,Normal
7722,2022,8,America-MG,america_mg,Aloísio dos Santos Gonçalves,aloisio_dos_santos_goncalves,67,67,0,2T,Normal
7723,2022,8,Flamengo,flamengo,Gabriel Barbosa Almeida,gabriel_barbosa_almeida,57,57,0,2T,Normal
7723,2022,8,Fluminense,fluminense,Germán Cano,german_cano,10,10,0,1T,Normal
7723,2022,8,Flamengo,flamengo,Andreas Pereira,andreas_pereira,34,34,0,1T,Normal
7724,2022,8,Atletico-MG,atletico_mg,Hulk,hulk,53,53,0,2T,Normal
7724,2022,8,Atletico-MG,atletico_mg,Eduardo Sasha,eduardo_sasha,66,66,0,2T,Normal
7724,2022,8,Avai,avai,Morato,morato,41,41,0,1T,Normal
7725,2022,8,Internacional,internacional,Wanderson,wanderson,12,12,0,1T,Normal
7725,2022,8,Atletico-GO,atletico_go,Diego Churín,diego_churin,79,79,0,2T,Normal
7685,2022,3,Ceara,ceara,Cléber,cleber,56,45,11,1T,Normal
7726,2022,9,Cuiaba,cuiaba,André Felipe Ribeiro de Souza,andre_felipe_ribeiro_de_souza,42,42,0,1T,Normal
7726,2022,9,America-MG,america_mg,Alexandre Egea,alexandre_egea,25,25,0,1T,Normal
7726,2022,9,America-MG,america_mg,Felipe Azevedo,felipe_azevedo,53,53,0,2T,Normal
7728,2022,9,Ceara,ceara,Stiven Mendoza,stiven_mendoza,37,37,0,1T,Normal
7728,2022,9,Coritiba,coritiba,Adrián Emmanuel Martínez,adrian_emmanuel_martinez,85,85,0,2T,Normal
7727,2022,9,Athletico-PR,athletico_pr,Léo Baptistão,leo_baptistao,56,56,0,2T,Gol Contra
7727,2022,9,Athletico-PR,athletico_pr,Pablo Felipe Teixeira,pablo_felipe_teixeira,43,43,0,1T,Normal
7727,2022,9,Santos,santos,Marcos Leonardo Santos Almeida,marcos_leonardo_santos_almeida,12,12,0,1T,Normal
7727,2022,9,Santos,santos,Marcos Leonardo Santos Almeida,marcos_leonardo_santos_almeida,64,64,0,2T,Normal
7729,2022,9,Avai,avai,Muriqui,muriqui,67,67,0,2T,Normal
7729,2022,9,Sao Paulo,sao_paulo,Reinaldo Manoel da Silva,reinaldo_manoel_da_silva,49,45,4,1T,Penalty
7730,2022,9,Corinthians,corinthians,Gustavo Mantuan,gustavo_mantuan,33,33,0,1T,Normal
7731,2022,9,Juventude,juventude,Luccas Claro,luccas_claro,32,32,0,1T,Gol Contra
7732,2022,9,Flamengo,flamengo,Éverton Ribeiro,everton_ribeiro,50,45,5,1T,Normal
7732,2022,9,Fortaleza,fortaleza,Robson Fernandes,robson_fernandes,28,28,0,1T,Normal
7732,2022,9,Fortaleza,fortaleza,Hércules,hercules,92,90,2,2T,Normal
7734,2022,9,Internacional,internacional,Carlos de Pena,carlos_de_pena,100,90,10,2T,Penalty
7734,2022,9,Internacional,internacional,Johnny Cardoso,johnny_cardoso,92,90,2,2T,Normal
7735,2022,9,Botafogo-RJ,botafogo_rj,Víctor Cuesta,victor_cuesta,46,45,1,1T,Normal
7735,2022,9,Goias,goias,Pedro Raúl,pedro_raul,73,73,0,2T,Normal
7735,2022,9,Goias,goias,Pedro Raúl,pedro_raul,84,84,0,2T,Normal
7736,2022,10,Cuiaba,cuiaba,Uendel Pereira Gonçalves,uendel_pereira_goncalves,36,36,0,1T,Normal
7737,2022,10,Ceara,ceara,Stiven Mendoza,stiven_mendoza,22,22,0,1T,Normal
7737,2022,10,Ceara,ceara,Stiven Mendoza,stiven_mendoza,55,55,0,2T,Normal
7738,2022,10,Athletico-PR,athletico_pr,David Terans,david_terans,63,63,0,2T,Normal
7738,2022,10,Athletico-PR,athletico_pr,Vitor Bueno,vitor_bueno,96,90,6,2T,Normal
7738,2022,10,Juventude,juventude,Jadson,jadson,38,38,0,1T,Normal
7738,2022,10,Athletico-PR,athletico_pr,Pablo Felipe Teixeira,pablo_felipe_teixeira,47,45,2,1T,Normal
7739,2022,10,Avai,avai,Bissoli,bissoli,43,43,0,1T,Normal
7739,2022,10,Atletico-GO,atletico_go,Gabriel Baralhas,gabriel_baralhas,34,34,0,1T,Normal
7739,2022,10,Atletico-GO,atletico_go,Wellington Rato,wellington_rato,92,90,2,2T,Normal
7740,2022,10,Bragantino,bragantino,Luan Cândido,luan_candido,17,17,0,1T,Normal
7741,2022,10,Fluminense,fluminense,Germán Cano,german_cano,58,58,0,2T,Normal
7741,2022,10,Atletico-MG,atletico_mg,Jair Rodrigues Júnior,jair_rodrigues_junior,49,45,4,1T,Normal
7741,2022,10,Fluminense,fluminense,Samuel Xavier,samuel_xavier,37,37,0,1T,Normal
7741,2022,10,Atletico-MG,atletico_mg,Eduardo Sasha,eduardo_sasha,53,53,0,2T,Normal
7741,2022,10,Fluminense,fluminense,Jhon Arias,jhon_arias,18,18,0,1T,Normal
7741,2022,10,Fluminense,fluminense,Luiz Henrique,luiz_henrique,63,63,0,2T,Normal
7741,2022,10,Fluminense,fluminense,Germán Cano,german_cano,29,29,0,1T,Normal
7741,2022,10,Atletico-MG,atletico_mg,Hulk,hulk,35,35,0,1T,Normal
7742,2022,10,Santos,santos,Lucas Braga Ribeiro,lucas_braga_ribeiro,63,63,0,2T,Normal
7742,2022,10,Internacional,internacional,Bruno Méndez,bruno_mendez,71,71,0,2T,Normal
7743,2022,10,Palmeiras,palmeiras,Rony,rony,11,11,0,1T,Normal
7743,2022,10,Palmeiras,palmeiras,Rony,rony,33,33,0,1T,Normal
7743,2022,10,Palmeiras,palmeiras,Gustavo Scarpa,gustavo_scarpa,18,18,0,1T,Normal
7743,2022,10,Palmeiras,palmeiras,Wesley Ribeiro Silva,wesley_ribeiro_silva,87,87,0,2T,Normal
7744,2022,10,Coritiba,coritiba,Alef Manga,alef_manga,59,59,0,2T,Normal
7744,2022,10,Sao Paulo,sao_paulo,Jonathan Calleri,jonathan_calleri,4,4,0,1T,Normal
7745,2022,10,Fortaleza,fortaleza,Yago Pikachu,yago_pikachu,13,13,0,1T,Normal
7745,2022,10,Goias,goias,Pedro Raúl,pedro_raul,86,86,0,2T,Normal
7746,2022,11,Corinthians,corinthians,Adson,adson,2,2,0,1T,Normal
7746,2022,11,Corinthians,corinthians,Gustavo Mantuan,gustavo_mantuan,84,84,0,2T,Normal
7747,2022,11,Santos,santos,Rwan Philipe Rodrigues de Souza Cruz,rwan_philipe_rodrigues_de_souza_cruz,84,84,0,2T,Penalty
7747,2022,11,Atletico-MG,atletico_mg,Sávio Moreira de Oliveira,savio_moreira_de_oliveira,6,6,0,1T,Normal
7749,2022,11,Bragantino,bragantino,Artur Victor Guimarães,artur_victor_guimaraes,17,17,0,1T,Normal
7749,2022,11,Cuiaba,cuiaba,André Felipe Ribeiro de Souza,andre_felipe_ribeiro_de_souza,51,45,6,1T,Penalty
7748,2022,11,Atletico-GO,atletico_go,Wellington Rato,wellington_rato,46,45,1,1T,Normal
7748,2022,11,Atletico-GO,atletico_go,Jefferson,jefferson,35,35,0,1T,Normal
7750,2022,11,Flamengo,flamengo,Andreas Pereira,andreas_pereira,58,58,0,2T,Normal
7750,2022,11,Internacional,internacional,Wanderson,wanderson,1,1,0,1T,Normal
7750,2022,11,Internacional,internacional,Wanderson,wanderson,22,22,0,1T,Normal
7750,2022,11,Internacional,internacional,Pedro Henrique Konzen,pedro_henrique_konzen,92,90,2,2T,Penalty
7751,2022,11,Goias,goias,Pedro Raúl,pedro_raul,85,85,0,2T,Penalty
7751,2022,11,Ceara,ceara,Stiven Mendoza,stiven_mendoza,9,9,0,1T,Normal
7752,2022,11,Sao Paulo,sao_paulo,Patrick,patrick,34,34,0,1T,Normal
7753,2022,11,Palmeiras,palmeiras,Rony,rony,63,63,0,2T,Normal
7753,2022,11,Palmeiras,palmeiras,Eduardo Pereira Rodrigues,eduardo_pereira_rodrigues,23,23,0,1T,Normal
7755,2022,11,Avai,avai,Kevin Peterson dos Santos Silva,kevin_peterson_dos_santos_silva,46,45,1,1T,Normal
7756,2022,12,Santos,santos,Marcos Leonardo Santos Almeida,marcos_leonardo_santos_almeida,77,77,0,2T,Normal
7756,2022,12,Juventude,juventude,Ricardo Bueno,ricardo_bueno,26,26,0,1T,Normal
7756,2022,12,Santos,santos,Eduardo,eduardo,57,57,0,2T,Normal
7758,2022,12,Bragantino,bragantino,Natan Bernardo de Souza,natan_bernardo_de_souza,75,75,0,2T,Normal
7758,2022,12,Bragantino,bragantino,Hyoran,hyoran,7,7,0,1T,Normal
7758,2022,12,Coritiba,coritiba,Igor Paixão,igor_paixao,51,51,0,2T,Normal
7758,2022,12,Bragantino,bragantino,Hyoran,hyoran,36,36,0,1T,Normal
7758,2022,12,Coritiba,coritiba,Adrián Emmanuel Martínez,adrian_emmanuel_martinez,92,90,2,2T,Normal
7758,2022,12,Bragantino,bragantino,Artur Victor Guimarães,artur_victor_guimaraes,34,34,0,1T,Normal
7759,2022,12,Internacional,internacional,Edenílson Andrade dos Santos,edenilson_andrade_dos_santos,8,8,0,1T,Normal
7759,2022,12,Internacional,internacional,Alan Patrick,alan_patrick,47,47,0,2T,Normal
7759,2022,12,Goias,goias,Da Silva,da_silva,41,41,0,1T,Normal
7760,2022,12,Flamengo,flamengo,Ayrton Lucas Dantas de Medeiros,ayrton_lucas_dantas_de_medeiros,6,6,0,1T,Normal
7760,2022,12,Flamengo,flamengo,Gabriel Barbosa Almeida,gabriel_barbosa_almeida,79,79,0,2T,Normal
7761,2022,12,Corinthians,corinthians,Róger Guedes,roger_guedes,5,5,0,1T,Normal
7761,2022,12,Athletico-PR,athletico_pr,David Terans,david_terans,82,82,0,2T,Penalty
7763,2022,12,Botafogo-RJ,botafogo_rj,Kayque,kayque,61,61,0,2T,Normal
7764,2022,12,Palmeiras,palmeiras,Gustavo Gómez,gustavo_gomez,49,45,4,1T,Normal
7764,2022,12,Palmeiras,palmeiras,Gustavo Scarpa,gustavo_scarpa,45,45,0,1T,Normal
7764,2022,12,Atletico-GO,atletico_go,Luan Garcia Teixeira,luan_garcia_teixeira,28,28,0,1T,Gol Contra
7764,2022,12,Palmeiras,palmeiras,José Rafael Vivian,jose_rafael_vivian,42,42,0,1T,Normal
7764,2022,12,Atletico-GO,atletico_go,Diego Churín,diego_churin,79,79,0,2T,Normal
7764,2022,12,Palmeiras,palmeiras,Gustavo Gómez,gustavo_gomez,44,44,0,1T,Normal
7765,2022,12,Fortaleza,fortaleza,Robson Fernandes,robson_fernandes,44,44,0,1T,Normal
7765,2022,12,Fortaleza,fortaleza,Moisés Vieira da Veiga,moises_vieira_da_veiga,65,65,0,2T,Normal
7765,2022,12,Avai,avai,Bissoli,bissoli,40,40,0,1T,Penalty
7765,2022,12,Avai,avai,Muriqui,muriqui,33,33,0,1T,Normal
7765,2022,12,Avai,avai,Bissoli,bissoli,70,70,0,2T,Penalty
7767,2022,13,Bragantino,bragantino,Hyoran,hyoran,46,45,1,1T,Normal
7767,2022,13,Bragantino,bragantino,Luan Cândido,luan_candido,71,71,0,2T,Normal
7767,2022,13,Santos,santos,Léo Baptistão,leo_baptistao,17,17,0,1T,Normal
7767,2022,13,Santos,santos,Léo Baptistão,leo_baptistao,36,36,0,1T,Normal
7768,2022,13,Atletico-MG,atletico_mg,Ignacio Fernández,ignacio_fernandez,35,35,0,1T,Normal
7768,2022,13,Atletico-MG,atletico_mg,Ademir,ademir,85,85,0,2T,Normal
7769,2022,13,Athletico-PR,athletico_pr,Khellven,khellven,100,90,10,2T,Penalty
7770,2022,13,Corinthians,corinthians,Fábio Santos,fabio_santos,34,34,0,1T,Penalty
7771,2022,13,Internacional,internacional,Fabricio Bustos,fabricio_bustos,14,14,0,1T,Normal
7771,2022,13,Botafogo-RJ,botafogo_rj,Vinícius Lopes,vinicius_lopes,19,19,0,1T,Normal
7771,2022,13,Botafogo-RJ,botafogo_rj,Erison Danilo de Souza,erison_danilo_de_souza,59,59,0,2T,Normal
7771,2022,13,Internacional,internacional,Edenílson Andrade dos Santos,edenilson_andrade_dos_santos,9,9,0,1T,Penalty
7771,2022,13,Botafogo-RJ,botafogo_rj,Hugo,hugo,101,90,11,2T,Normal
7772,2022,13,Fortaleza,fortaleza,Yago Pikachu,yago_pikachu,43,43,0,1T,Normal
7773,2022,13,Juventude,juventude,Rodrigo Alves Soares,rodrigo_alves_soares,23,23,0,1T,Normal
7773,2022,13,Atletico-GO,atletico_go,Airton,airton,59,59,0,2T,Normal
7773,2022,13,Atletico-GO,atletico_go,Wellington Rato,wellington_rato,63,63,0,2T,Normal
7773,2022,13,Atletico-GO,atletico_go,Léo Pereira,leo_pereira,86,86,0,2T,Normal
7774,2022,13,Fluminense,fluminense,Germán Cano,german_cano,5,5,0,1T,Normal
7774,2022,13,Fluminense,fluminense,Matheus Martins,matheus_martins,72,72,0,2T,Normal
7775,2022,13,Palmeiras,palmeiras,Gustavo Gómez,gustavo_gomez,90,90,0,2T,Normal
7775,2022,13,Palmeiras,palmeiras,Murilo Cerqueira,murilo_cerqueira,96,90,6,2T,Normal
7775,2022,13,Sao Paulo,sao_paulo,Patrick,patrick,17,17,0,1T,Normal
7776,2022,14,Internacional,internacional,Alexandre Alemão,alexandre_alemao,54,54,0,2T,Normal
7776,2022,14,Internacional,internacional,Taison,taison,19,19,0,1T,Normal
7776,2022,14,Internacional,internacional,Edenílson Andrade dos Santos,edenilson_andrade_dos_santos,42,42,0,1T,Normal
7777,2022,14,Athletico-PR,athletico_pr,Hugo Moura,hugo_moura,67,67,0,2T,Normal
7777,2022,14,Athletico-PR,athletico_pr,Erick Luis Conrado Carvalho,erick_luis_conrado_carvalho,5,5,0,1T,Normal
7777,2022,14,Bragantino,bragantino,Alerrandro Barra Mansa Realino de Souza,alerrandro_barra_mansa_realino_de_souza,79,79,0,2T,Normal
7777,2022,14,Athletico-PR,athletico_pr,Luis Manuel Orejuela,luis_manuel_orejuela,16,16,0,1T,Normal
7777,2022,14,Athletico-PR,athletico_pr,Rômulo José Cardoso da Cruz,romulo_jose_cardoso_da_cruz,23,23,0,1T,Normal
7777,2022,14,Bragantino,bragantino,Lucas Evangelista,lucas_evangelista,82,82,0,2T,Penalty
7778,2022,14,Flamengo,flamengo,Mário Sérgio Santos Costa,mario_sergio_santos_costa,91,90,1,2T,Normal
7778,2022,14,Flamengo,flamengo,Gabriel Barbosa Almeida,gabriel_barbosa_almeida,41,41,0,1T,Normal
7778,2022,14,Flamengo,flamengo,Giorgian De Arrascaeta,giorgian_de_arrascaeta,71,71,0,2T,Normal
7780,2022,14,Fortaleza,fortaleza,Romarinho,romarinho,29,29,0,1T,Normal
7780,2022,14,Atletico-MG,atletico_mg,Rubens,rubens,76,76,0,2T,Normal
7780,2022,14,Atletico-MG,atletico_mg,Réver,rever,87,87,0,2T,Normal
7780,2022,14,Atletico-MG,atletico_mg,Matheus Jussa,matheus_jussa,96,90,6,2T,Gol Contra
7780,2022,14,Fortaleza,fortaleza,Romarinho,romarinho,3,3,0,1T,Normal
7781,2022,14,Avai,avai,Bissoli,bissoli,53,45,8,1T,Penalty
7781,2022,14,Avai,avai,Jean Pyerre,jean_pyerre,73,73,0,2T,Normal
7781,2022,14,Palmeiras,palmeiras,Gustavo Scarpa,gustavo_scarpa,47,47,0,2T,Penalty
7781,2022,14,Palmeiras,palmeiras,Rony,rony,65,65,0,2T,Normal
7782,2022,14,Fluminense,fluminense,Manoel Messias Silva Carvalho,manoel_messias_silva_carvalho,82,82,0,2T,Normal
7783,2022,14,Goias,goias,Pedro Raúl,pedro_raul,80,80,0,2T,Normal
7784,2022,14,Ceara,ceara,Erick,erick,48,48,0,2T,Normal
7784,2022,14,Atletico-GO,atletico_go,Jorginho,jorginho,26,26,0,1T,Normal
7786,2022,15,Atletico-MG,atletico_mg,Eduardo Sasha,eduardo_sasha,56,56,0,2T,Normal
7786,2022,15,Atletico-MG,atletico_mg,Hulk,hulk,30,30,0,1T,Penalty
7786,2022,15,Juventude,juventude,Onitlasi Júnior de Moraes Rodrigues,onitlasi_junior_de_moraes_rodrigues,76,76,0,2T,Normal
7787,2022,15,Fluminense,fluminense,Fred,fred,91,90,1,2T,Normal
7787,2022,15,Fluminense,fluminense,Manoel Messias Silva Carvalho,manoel_messias_silva_carvalho,15,15,0,1T,Normal
7787,2022,15,Fluminense,fluminense,Germán Cano,german_cano,42,42,0,1T,Normal
7787,2022,15,Fluminense,fluminense,Germán Cano,german_cano,71,71,0,2T,Normal
7788,2022,15,Santos,santos,Vinicius Zanocelo,vinicius_zanocelo,66,66,0,2T,Normal
7788,2022,15,Flamengo,flamengo,Pedro,pedro,18,18,0,1T,Normal
7788,2022,15,Flamengo,flamengo,Gabriel Barbosa Almeida,gabriel_barbosa_almeida,73,73,0,2T,Normal
7789,2022,15,Internacional,internacional,Moisés Roberto Barbosa,moises_roberto_barbosa,24,24,0,1T,Normal
7789,2022,15,Ceara,ceara,Lima,lima,20,20,0,1T,Penalty
7790,2022,15,Athletico-PR,athletico_pr,Vitor Bueno,vitor_bueno,58,58,0,2T,Penalty
7790,2022,15,Athletico-PR,athletico_pr,Vitor Roque,vitor_roque,36,36,0,1T,Normal
7791,2022,15,Cuiaba,cuiaba,Joaquim Henrique Pereira Silva,joaquim_henrique_pereira_silva,64,64,0,2T,Normal
7791,2022,15,Avai,avai,Eduardo Jacinto de Biasi,eduardo_jacinto_de_biasi,30,30,0,1T,Normal
7791,2022,15,Cuiaba,cuiaba,Valdívia,valdivia,49,49,0,2T,Normal
7792,2022,15,Sao Paulo,sao_paulo,Luciano da Rocha Neves,luciano_da_rocha_neves,62,62,0,2T,Normal
7792,2022,15,Atletico-GO,atletico_go,Marlon Freitas,marlon_freitas,30,30,0,1T,Penalty
7792,2022,15,Sao Paulo,sao_paulo,Luciano da Rocha Neves,luciano_da_rocha_neves,24,24,0,1T,Penalty
7793,2022,15,America-MG,america_mg,Henrique Almeida,henrique_almeida,59,59,0,2T,Normal
7794,2022,15,Coritiba,coritiba,José Hugo,jose_hugo,94,90,4,2T,Normal
7794,2022,15,Fortaleza,fortaleza,Habraão,habraao,85,85,0,2T,Normal
7794,2022,15,Coritiba,coritiba,Léo Gamalho,leo_gamalho,2,2,0,1T,Normal
7795,2022,15,Botafogo-RJ,botafogo_rj,Vinícius Lopes,vinicius_lopes,64,64,0,2T,Normal
7796,2022,16,Bragantino,bragantino,Alerrandro Barra Mansa Realino de Souza,alerrandro_barra_mansa_realino_de_souza,76,76,0,2T,Normal
7796,2022,16,Bragantino,bragantino,Hélio Junio Nunes de Castro,helio_junio_nunes_de_castro,87,87,0,2T,Normal
7796,2022,16,Bragantino,bragantino,Bruno Praxedes,bruno_praxedes,90,90,0,2T,Normal
7796,2022,16,Bragantino,bragantino,Luan Cândido,luan_candido,70,70,0,2T,Normal
7797,2022,16,Fluminense,fluminense,Matheus Martins,matheus_martins,54,54,0,2T,Normal
7797,2022,16,Ceara,ceara,Luiz Otávio,luiz_otavio,93,90,3,2T,Normal
7797,2022,16,Fluminense,fluminense,Germán Cano,german_cano,39,39,0,1T,Normal
7798,2022,16,Goias,goias,Pedro Raúl,pedro_raul,6,6,0,1T,Normal
7798,2022,16,Goias,goias,Nicolas Godinho Johann,nicolas_godinho_johann,40,40,0,1T,Normal
7798,2022,16,Athletico-PR,athletico_pr,David Terans,david_terans,62,62,0,2T,Penalty
7799,2022,16,Coritiba,coritiba,Léo Gamalho,leo_gamalho,53,53,0,2T,Normal
7799,2022,16,Juventude,juventude,Ricardo Bueno,ricardo_bueno,34,34,0,1T,Penalty
7799,2022,16,Coritiba,coritiba,Adrián Emmanuel Martínez,adrian_emmanuel_martinez,78,78,0,2T,Normal
7799,2022,16,Juventude,juventude,Paulo,paulo,5,5,0,1T,Normal
7800,2022,16,Corinthians,corinthians,Rodinei Marcelo De Almeida,rodinei_marcelo_de_almeida,52,52,0,2T,Gol Contra
7801,2022,16,Santos,santos,Lucas Barbosa,lucas_barbosa,76,76,0,2T,Normal
7804,2022,16,Cuiaba,cuiaba,Alesson,alesson,22,22,0,1T,Normal
7804,2022,16,Cuiaba,cuiaba,André Luis,andre_luis,98,90,8,2T,Normal
7805,2022,16,Internacional,internacional,Moisés Roberto Barbosa,moises_roberto_barbosa,95,90,5,2T,Normal
7807,2022,17,Flamengo,flamengo,Diego Ribas,diego_ribas,22,22,0,1T,Normal
7807,2022,17,Flamengo,flamengo,Gustavo Henrique Vernes,gustavo_henrique_vernes,13,13,0,1T,Normal
7808,2022,17,Avai,avai,Bissoli,bissoli,10,10,0,1T,Penalty
7809,2022,17,Corinthians,corinthians,Róger Guedes,roger_guedes,4,4,0,1T,Normal
7809,2022,17,Ceara,ceara,Bruno Pacheco,bruno_pacheco,28,28,0,1T,Normal
7809,2022,17,Ceara,ceara,Vinícius,vinicius,33,33,0,1T,Normal
7809,2022,17,Ceara,ceara,Cléber,cleber,76,76,0,2T,Normal
7811,2022,17,Fluminense,fluminense,Manoel Messias Silva Carvalho,manoel_messias_silva_carvalho,64,64,0,2T,Normal
7811,2022,17,Sao Paulo,sao_paulo,Luciano da Rocha Neves,luciano_da_rocha_neves,34,34,0,1T,Normal
7811,2022,17,Sao Paulo,sao_paulo,Patrick,patrick,42,42,0,1T,Normal
7811,2022,17,Fluminense,fluminense,André Trindade,andre_trindade,25,25,0,1T,Normal
7813,2022,17,Fortaleza,fortaleza,Moisés Vieira da Veiga,moises_vieira_da_veiga,74,74,0,2T,Normal
7812,2022,17,Atletico-MG,atletico_mg,Matías Zaracho,matias_zaracho,55,55,0,2T,Normal
7814,2022,17,Bragantino,bragantino,Alerrandro Barra Mansa Realino de Souza,alerrandro_barra_mansa_realino_de_souza,7,7,0,1T,Normal
7814,2022,17,Bragantino,bragantino,Marcos Vinicios,marcos_vinicios,41,41,0,1T,Normal
7814,2022,17,Bragantino,bragantino,Alerrandro Barra Mansa Realino de Souza,alerrandro_barra_mansa_realino_de_souza,2,2,0,1T,Normal
7815,2022,17,Palmeiras,palmeiras,Gabriel Veron,gabriel_veron,49,49,0,2T,Normal
7816,2022,18,Ceara,ceara,Vinícius,vinicius,48,45,3,1T,Normal
7818,2022,18,Goias,goias,Nicolas Godinho Johann,nicolas_godinho_johann,80,80,0,2T,Normal
7818,2022,18,Fluminense,fluminense,Jhon Arias,jhon_arias,28,28,0,1T,Normal
7818,2022,18,Fluminense,fluminense,Germán Cano,german_cano,84,84,0,2T,Normal
7818,2022,18,Goias,goias,Pedro Raúl,pedro_raul,44,44,0,1T,Normal
7818,2022,18,Fluminense,fluminense,Willian Gomes de Siqueira,willian_gomes_de_siqueira,85,85,0,2T,Normal
7817,2022,18,Bragantino,bragantino,Lucas Evangelista,lucas_evangelista,37,37,0,1T,Normal
7817,2022,18,Bragantino,bragantino,Gabriel Novaes,gabriel_novaes,95,90,5,2T,Normal
7817,2022,18,Fortaleza,fortaleza,Emanuel Brítez,emanuel_britez,57,57,0,2T,Normal
7819,2022,18,Athletico-PR,athletico_pr,Tomás Cuello,tomas_cuello,9,9,0,1T,Normal
7819,2022,18,Atletico-GO,atletico_go,Kelvin,kelvin,72,72,0,2T,Normal
7819,2022,18,Athletico-PR,athletico_pr,Agustín Canobbio,agustin_canobbio,14,14,0,1T,Normal
7819,2022,18,Athletico-PR,athletico_pr,David Terans,david_terans,49,49,0,2T,Normal
7819,2022,18,Athletico-PR,athletico_pr,Léo Cittadini,leo_cittadini,95,90,5,2T,Normal
7820,2022,18,Flamengo,flamengo,Lázaro Vinícius,lazaro_vinicius,86,86,0,2T,Normal
7820,2022,18,Flamengo,flamengo,Pedro,pedro,6,6,0,1T,Normal
7820,2022,18,Flamengo,flamengo,Pedro,pedro,13,13,0,1T,Normal
7820,2022,18,Flamengo,flamengo,Éverton Ribeiro,everton_ribeiro,18,18,0,1T,Normal
7821,2022,18,Sao Paulo,sao_paulo,Nikão,nikao,30,30,0,1T,Normal
7821,2022,18,Internacional,internacional,Pedro Henrique Konzen,pedro_henrique_konzen,4,4,0,1T,Normal
7821,2022,18,Sao Paulo,sao_paulo,Luciano da Rocha Neves,luciano_da_rocha_neves,54,54,0,2T,Normal
7821,2022,18,Internacional,internacional,Pedro Henrique Konzen,pedro_henrique_konzen,24,24,0,1T,Normal
7821,2022,18,Internacional,internacional,Edenílson Andrade dos Santos,edenilson_andrade_dos_santos,41,41,0,1T,Penalty
7821,2022,18,Sao Paulo,sao_paulo,Nikão,nikao,10,10,0,1T,Normal
7822,2022,18,Santos,santos,Léo Baptistão,leo_baptistao,33,33,0,1T,Normal
7822,2022,18,Santos,santos,Marcos Leonardo Santos Almeida,marcos_leonardo_santos_almeida,77,77,0,2T,Normal
7823,2022,18,Corinthians,corinthians,Róger Guedes,roger_guedes,36,36,0,1T,Normal
7823,2022,18,Corinthians,corinthians,Adson,adson,67,67,0,2T,Normal
7823,2022,18,Corinthians,corinthians,Raul Gustavo Pereira Bicalho,raul_gustavo_pereira_bicalho,85,85,0,2T,Normal
7823,2022,18,Coritiba,coritiba,Luciano Castán,luciano_castan,54,54,0,2T,Normal
7824,2022,18,Cuiaba,cuiaba,Gabriel Pirani,gabriel_pirani,99,90,9,2T,Normal
7824,2022,18,Atletico-MG,atletico_mg,Alan Kardec,alan_kardec,94,90,4,2T,Normal
7825,2022,18,Palmeiras,palmeiras,Gustavo Scarpa,gustavo_scarpa,65,65,0,2T,Normal
7826,2022,19,Sao Paulo,sao_paulo,Rodrigo Nestor,rodrigo_nestor,33,33,0,1T,Normal
7826,2022,19,Goias,goias,Pedro Raúl,pedro_raul,92,90,2,2T,Normal
7826,2022,19,Sao Paulo,sao_paulo,Patrick,patrick,48,48,0,2T,Normal
7826,2022,19,Goias,goias,Dada,dada,8,8,0,1T,Normal
7826,2022,19,Sao Paulo,sao_paulo,Jonathan Calleri,jonathan_calleri,29,29,0,1T,Normal
7826,2022,19,Goias,goias,Danilo Cardoso,danilo_cardoso,39,39,0,1T,Normal
7827,2022,19,Botafogo-RJ,botafogo_rj,Erison Danilo de Souza,erison_danilo_de_souza,19,19,0,1T,Normal
7827,2022,19,Botafogo-RJ,botafogo_rj,Jeffinho,jeffinho,54,54,0,2T,Normal
7828,2022,19,Flamengo,flamengo,Pedro,pedro,55,55,0,2T,Normal
7828,2022,19,Flamengo,flamengo,Pedro,pedro,84,84,0,2T,Normal
7828,2022,19,Avai,avai,Arthur Chaves,arthur_chaves,47,47,0,2T,Normal
7830,2022,19,Palmeiras,palmeiras,Gustavo Gómez,gustavo_gomez,18,18,0,1T,Normal
7830,2022,19,Palmeiras,palmeiras,Gabriel Menino,gabriel_menino,88,88,0,2T,Normal
7830,2022,19,Internacional,internacional,Alexandre Alemão,alexandre_alemao,82,82,0,2T,Normal
7831,2022,19,Juventude,juventude,Isidro Pitta,isidro_pitta,66,66,0,2T,Normal
7829,2022,19,Bragantino,bragantino,Luan Cândido,luan_candido,72,72,0,2T,Normal
7829,2022,19,Fluminense,fluminense,Jhon Arias,jhon_arias,62,62,0,2T,Normal
7829,2022,19,Fluminense,fluminense,Germán Cano,german_cano,66,66,0,2T,Normal
7833,2022,19,America-MG,america_mg,Felipe Azevedo,felipe_azevedo,33,33,0,1T,Normal
7832,2022,19,Atletico-MG,atletico_mg,Keno,keno,9,9,0,1T,Normal
7832,2022,19,Corinthians,corinthians,Fábio Santos,fabio_santos,80,80,0,2T,Normal
7832,2022,19,Corinthians,corinthians,Fábio Santos,fabio_santos,86,86,0,2T,Penalty
7835,2022,19,Coritiba,coritiba,Alef Manga,alef_manga,40,40,0,1T,Normal
7836,2022,20,Goias,goias,Pedro Raúl,pedro_raul,80,80,0,2T,Normal
7837,2022,20,Ceara,ceara,Stiven Mendoza,stiven_mendoza,80,80,0,2T,Penalty
7837,2022,20,Palmeiras,palmeiras,Eduardo Pereira Rodrigues,eduardo_pereira_rodrigues,31,31,0,1T,Normal
7837,2022,20,Palmeiras,palmeiras,José Manuel Alberto López,jose_manuel_alberto_lopez,45,45,0,1T,Normal
7838,2022,20,Corinthians,corinthians,Gustavo Mosquito,gustavo_mosquito,27,27,0,1T,Normal
7839,2022,20,Atletico-GO,atletico_go,Wellington Rato,wellington_rato,82,82,0,2T,Normal
7839,2022,20,Flamengo,flamengo,Lázaro Vinícius,lazaro_vinicius,22,22,0,1T,Normal
7839,2022,20,Flamengo,flamengo,Arturo Vidal,arturo_vidal,32,32,0,1T,Penalty
7839,2022,20,Flamengo,flamengo,Mário Sérgio Santos Costa,mario_sergio_santos_costa,23,23,0,1T,Normal
7839,2022,20,Flamengo,flamengo,Victor Hugo,victor_hugo,50,45,5,1T,Normal
7841,2022,20,Internacional,internacional,Maurício,mauricio,7,7,0,1T,Normal
7841,2022,20,Internacional,internacional,Maurício,mauricio,31,31,0,1T,Normal
7841,2022,20,Internacional,internacional,Wanderson,wanderson,24,24,0,1T,Normal
7840,2022,20,Athletico-PR,athletico_pr,Vitor Bueno,vitor_bueno,69,69,0,2T,Penalty
7842,2022,20,Fortaleza,fortaleza,Robson Fernandes,robson_fernandes,25,25,0,1T,Normal
7843,2022,20,Avai,avai,Bissoli,bissoli,4,4,0,1T,Normal
7843,2022,20,America-MG,america_mg,Henrique Almeida,henrique_almeida,34,34,0,1T,Normal
7843,2022,20,America-MG,america_mg,Everaldo,everaldo,70,70,0,2T,Normal
7843,2022,20,America-MG,america_mg,Everaldo,everaldo,90,90,0,2T,Normal
7844,2022,20,Bragantino,bragantino,Hélio Junio Nunes de Castro,helio_junio_nunes_de_castro,28,28,0,1T,Normal
7845,2022,20,Fluminense,fluminense,Jhon Arias,jhon_arias,72,72,0,2T,Normal
7845,2022,20,Santos,santos,Luiz Felipe,luiz_felipe,16,16,0,1T,Normal
7845,2022,20,Santos,santos,Marcos Leonardo Santos Almeida,marcos_leonardo_santos_almeida,86,86,0,2T,Normal
7845,2022,20,Fluminense,fluminense,Paulo Henrique Ganso,paulo_henrique_ganso,71,71,0,2T,Penalty
7846,2022,21,America-MG,america_mg,Pedrinho,pedrinho,8,8,0,1T,Normal
7847,2022,21,Botafogo-RJ,botafogo_rj,Víctor Cuesta,victor_cuesta,9,9,0,1T,Normal
7847,2022,21,Ceara,ceara,Stiven Mendoza,stiven_mendoza,49,49,0,2T,Normal
7849,2022,21,Atletico-GO,atletico_go,Marlon Freitas,marlon_freitas,52,52,0,2T,Normal
7849,2022,21,Atletico-GO,atletico_go,Diego Churín,diego_churin,60,60,0,2T,Normal
7849,2022,21,Bragantino,bragantino,Luan Cândido,luan_candido,86,86,0,2T,Normal
7848,2022,21,Corinthians,corinthians,Fabián Balbuena,fabian_balbuena,77,77,0,2T,Normal
7848,2022,21,Avai,avai,Bissoli,bissoli,36,36,0,1T,Penalty
7850,2022,21,Flamengo,flamengo,Lázaro Vinícius,lazaro_vinicius,7,7,0,1T,Normal
7850,2022,21,Flamengo,flamengo,Gabriel Barbosa Almeida,gabriel_barbosa_almeida,95,90,5,2T,Normal
7851,2022,21,Fluminense,fluminense,Germán Cano,german_cano,2,2,0,1T,Normal
7852,2022,21,Palmeiras,palmeiras,Eduard Atuesta,eduard_atuesta,83,83,0,2T,Normal
7852,2022,21,Palmeiras,palmeiras,Raphael Cavalcante Veiga,raphael_cavalcante_veiga,50,45,5,1T,Penalty
7852,2022,21,Palmeiras,palmeiras,Mayke,mayke,19,19,0,1T,Normal
7853,2022,21,Fortaleza,fortaleza,Lucas Crispim,lucas_crispim,45,45,0,1T,Normal
7853,2022,21,Fortaleza,fortaleza,Hércules,hercules,70,70,0,2T,Normal
7853,2022,21,Fortaleza,fortaleza,Robson Fernandes,robson_fernandes,84,84,0,2T,Normal
7854,2022,21,Atletico-MG,atletico_mg,Igor Rabello,igor_rabello,30,30,0,1T,Normal
7854,2022,21,Athletico-PR,athletico_pr,Agustín Canobbio,agustin_canobbio,96,90,6,2T,Normal
7854,2022,21,Atletico-MG,atletico_mg,Cristian Pavón,cristian_pavon,54,54,0,2T,Normal
7854,2022,21,Athletico-PR,athletico_pr,Vitor Roque,vitor_roque,46,46,0,2T,Normal
7854,2022,21,Athletico-PR,athletico_pr,Vitor Roque,vitor_roque,56,56,0,2T,Normal
7855,2022,21,Coritiba,coritiba,Léo Gamalho,leo_gamalho,57,57,0,2T,Normal
7855,2022,21,Santos,santos,Madson,madson,47,47,0,2T,Normal
7855,2022,21,Santos,santos,Bryan Angulo,bryan_angulo,93,90,3,2T,Normal
7856,2022,22,Goias,goias,Dada,dada,79,79,0,2T,Normal
7856,2022,22,Avai,avai,Bissoli,bissoli,45,45,0,1T,Penalty
7857,2022,22,Palmeiras,palmeiras,Roni,roni,72,72,0,2T,Gol Contra
7858,2022,22,Cuiaba,cuiaba,André Felipe Ribeiro de Souza,andre_felipe_ribeiro_de_souza,22,22,0,1T,Normal
7860,2022,22,Atletico-MG,atletico_mg,Alan Kardec,alan_kardec,94,90,4,2T,Normal
7861,2022,22,Fortaleza,fortaleza,Moisés Vieira da Veiga,moises_vieira_da_veiga,17,17,0,1T,Normal
7862,2022,22,Flamengo,flamengo,Fabrício Bruno,fabricio_bruno,56,56,0,2T,Normal
7862,2022,22,Flamengo,flamengo,Pedro,pedro,92,90,2,2T,Normal
7862,2022,22,Flamengo,flamengo,Fabrício Bruno,fabricio_bruno,59,59,0,2T,Normal
7862,2022,22,Flamengo,flamengo,Ayrton Lucas Dantas de Medeiros,ayrton_lucas_dantas_de_medeiros,63,63,0,2T,Normal
7862,2022,22,Flamengo,flamengo,Lázaro Vinícius,lazaro_vinicius,71,71,0,2T,Normal
7863,2022,22,Sao Paulo,sao_paulo,Rodrigo Nestor,rodrigo_nestor,25,25,0,1T,Normal
7863,2022,22,Sao Paulo,sao_paulo,Jonathan Calleri,jonathan_calleri,59,59,0,2T,Normal
7863,2022,22,Sao Paulo,sao_paulo,Igor Vinícius,igor_vinicius,61,61,0,2T,Normal
7864,2022,22,America-MG,america_mg,Pedrinho,pedrinho,14,14,0,1T,Normal
7865,2022,22,Internacional,internacional,Fabricio Bustos,fabricio_bustos,36,36,0,1T,Normal
7865,2022,22,Internacional,internacional,Alexandre Alemão,alexandre_alemao,71,71,0,2T,Normal
7865,2022,22,Internacional,internacional,Carlos de Pena,carlos_de_pena,93,90,3,2T,Normal
7866,2022,23,Goias,goias,Pedro Raúl,pedro_raul,51,51,0,2T,Normal
7867,2022,23,Fluminense,fluminense,Willian Gomes de Siqueira,willian_gomes_de_siqueira,90,90,0,2T,Normal
7867,2022,23,Fluminense,fluminense,Caio Paulista,caio_paulista,3,3,0,1T,Normal
7867,2022,23,Fluminense,fluminense,Willian Gomes de Siqueira,willian_gomes_de_siqueira,95,90,5,2T,Normal
7867,2022,23,Fluminense,fluminense,Jhon Arias,jhon_arias,36,36,0,1T,Normal
7867,2022,23,Coritiba,coritiba,Alef Manga,alef_manga,72,72,0,2T,Normal
7867,2022,23,Fluminense,fluminense,Nathan,nathan,77,77,0,2T,Normal
7867,2022,23,Coritiba,coritiba,Egídio,egidio,84,84,0,2T,Normal
7868,2022,23,Juventude,juventude,Isidro Pitta,isidro_pitta,9,9,0,1T,Normal
7868,2022,23,Juventude,juventude,Isidro Pitta,isidro_pitta,65,65,0,2T,Normal
7868,2022,23,Botafogo-RJ,botafogo_rj,Júnior Santos,junior_santos,61,61,0,2T,Normal
7868,2022,23,Botafogo-RJ,botafogo_rj,Gabriel Appelt Pires,gabriel_appelt_pires,72,72,0,2T,Normal
7869,2022,23,Palmeiras,palmeiras,Raphael Cavalcante Veiga,raphael_cavalcante_veiga,66,66,0,2T,Normal
7869,2022,23,Flamengo,flamengo,Victor Hugo,victor_hugo,29,29,0,1T,Normal
7870,2022,23,Athletico-PR,athletico_pr,Éder,eder,25,25,0,1T,Gol Contra
7870,2022,23,America-MG,america_mg,Henrique Almeida,henrique_almeida,64,64,0,2T,Normal
7871,2022,23,Cuiaba,cuiaba,Rodrigo Eduardo Costa Marinho,rodrigo_eduardo_costa_marinho,81,81,0,2T,Normal
7871,2022,23,Atletico-GO,atletico_go,Diego Churín,diego_churin,34,34,0,1T,Normal
7872,2022,23,Fortaleza,fortaleza,Moisés Vieira da Veiga,moises_vieira_da_veiga,65,65,0,2T,Normal
7873,2022,23,Ceara,ceara,Zé Roberto,ze_roberto,80,80,0,2T,Penalty
7873,2022,23,Bragantino,bragantino,Luan Cândido,luan_candido,103,90,13,2T,Penalty
7874,2022,23,Santos,santos,Lucas Braga Ribeiro,lucas_braga_ribeiro,33,33,0,1T,Normal
7875,2022,23,Internacional,internacional,Pedro Henrique Konzen,pedro_henrique_konzen,98,90,8,2T,Penalty
7876,2022,24,Goias,goias,Marquinhos,marquinhos,54,54,0,2T,Normal
7876,2022,24,Atletico-GO,atletico_go,Shaylon,shaylon,84,84,0,2T,Normal
7876,2022,24,Goias,goias,João Victor Andrade Caetano,joao_victor_andrade_caetano,11,11,0,1T,Normal
7877,2022,24,Coritiba,coritiba,Fabrício Daniel de Souza,fabricio_daniel_de_souza,78,78,0,2T,Normal
7878,2022,24,Palmeiras,palmeiras,Rony,rony,8,8,0,1T,Normal
7878,2022,24,Fluminense,fluminense,Manoel Messias Silva Carvalho,manoel_messias_silva_carvalho,38,38,0,1T,Normal
7881,2022,24,America-MG,america_mg,Henrique Almeida,henrique_almeida,19,19,0,1T,Normal
7881,2022,24,Atletico-MG,atletico_mg,Hulk,hulk,10,10,0,1T,Normal
7880,2022,24,Fortaleza,fortaleza,Juninho Capixaba,juninho_capixaba,32,32,0,1T,Normal
7882,2022,24,Flamengo,flamengo,Arturo Vidal,arturo_vidal,58,58,0,2T,Normal
7884,2022,24,Internacional,internacional,Johnny Cardoso,johnny_cardoso,38,38,0,1T,Normal
7884,2022,24,Internacional,internacional,Johnny Cardoso,johnny_cardoso,48,48,0,2T,Normal
7884,2022,24,Internacional,internacional,Edenílson Andrade dos Santos,edenilson_andrade_dos_santos,92,90,2,2T,Penalty
7884,2022,24,Internacional,internacional,Wanderson,wanderson,50,45,5,1T,Normal
7885,2022,24,Corinthians,corinthians,Gustavo Mosquito,gustavo_mosquito,31,31,0,1T,Normal
7886,2022,25,Avai,avai,Bissoli,bissoli,59,59,0,2T,Normal
7886,2022,25,Juventude,juventude,Chico,chico,70,70,0,2T,Penalty
7887,2022,25,Palmeiras,palmeiras,Miguel Merentiel,miguel_merentiel,71,71,0,2T,Normal
7887,2022,25,Bragantino,bragantino,Luan Cândido,luan_candido,25,25,0,1T,Normal
7887,2022,25,Palmeiras,palmeiras,Cleiton Schwengber,cleiton_schwengber,49,45,4,1T,Gol Contra
7887,2022,25,Bragantino,bragantino,Artur Victor Guimarães,artur_victor_guimaraes,35,35,0,1T,Normal
7888,2022,25,Athletico-PR,athletico_pr,Pablo Felipe Teixeira,pablo_felipe_teixeira,26,26,0,1T,Normal
7889,2022,25,America-MG,america_mg,Pedrinho,pedrinho,30,30,0,1T,Normal
7889,2022,25,America-MG,america_mg,Matheus Leonardo Sales Cardoso,matheus_leonardo_sales_cardoso,78,78,0,2T,Normal
7890,2022,25,Flamengo,flamengo,Gabriel Barbosa Almeida,gabriel_barbosa_almeida,53,53,0,2T,Normal
7890,2022,25,Ceara,ceara,Jô,jo,45,45,0,1T,Normal
7891,2022,25,Internacional,internacional,Alexandre Alemão,alexandre_alemao,1,1,0,1T,Normal
7891,2022,25,Internacional,internacional,Alan Patrick,alan_patrick,67,67,0,2T,Normal
7891,2022,25,Corinthians,corinthians,Fabián Balbuena,fabian_balbuena,13,13,0,1T,Normal
7891,2022,25,Corinthians,corinthians,Yuri Alberto,yuri_alberto,19,19,0,1T,Normal
7892,2022,25,Botafogo-RJ,botafogo_rj,Carlos Eduardo de Oliveira Alves,carlos_eduardo_de_oliveira_alves,36,36,0,1T,Normal
7892,2022,25,Botafogo-RJ,botafogo_rj,Fernando Marçal,fernando_marcal,64,64,0,2T,Normal
7892,2022,25,Fortaleza,fortaleza,Moisés Vieira da Veiga,moises_vieira_da_veiga,70,70,0,2T,Normal
7892,2022,25,Botafogo-RJ,botafogo_rj,Carlos Eduardo de Oliveira Alves,carlos_eduardo_de_oliveira_alves,19,19,0,1T,Normal
7893,2022,25,Atletico-MG,atletico_mg,Keno,keno,50,45,5,1T,Normal
7893,2022,25,Atletico-MG,atletico_mg,Hulk,hulk,58,58,0,2T,Normal
7894,2022,25,Sao Paulo,sao_paulo,Luizão,luizao,80,80,0,2T,Normal
7894,2022,25,Cuiaba,cuiaba,Deyverson,deyverson,7,7,0,1T,Penalty
7895,2022,25,Santos,santos,Madson,madson,55,55,0,2T,Normal
7895,2022,25,Goias,goias,Pedro Raúl,pedro_raul,2,2,0,1T,Normal
7895,2022,25,Goias,goias,Pedro Raúl,pedro_raul,61,61,0,2T,Normal
7896,2022,26,Atletico-MG,atletico_mg,Ademir,ademir,17,17,0,1T,Normal
7896,2022,26,Bragantino,bragantino,Aderlan Silva,aderlan_silva,31,31,0,1T,Normal
7898,2022,26,Ceara,ceara,Zé Roberto,ze_roberto,30,30,0,1T,Normal
7898,2022,26,Santos,santos,Marcos Leonardo Santos Almeida,marcos_leonardo_santos_almeida,56,56,0,2T,Normal
7898,2022,26,Ceara,ceara,Guilherme Castilho,guilherme_castilho,6,6,0,1T,Normal
7897,2022,26,Internacional,internacional,Alexandre Alemão,alexandre_alemao,68,68,0,2T,Normal
7899,2022,26,Fortaleza,fortaleza,Thiago Galhardo,thiago_galhardo,51,51,0,2T,Normal
7899,2022,26,Fluminense,fluminense,Germán Cano,german_cano,11,11,0,1T,Normal
7899,2022,26,Fluminense,fluminense,Germán Cano,german_cano,56,56,0,2T,Normal
7900,2022,26,Palmeiras,palmeiras,Rony,rony,46,46,0,2T,Normal
7900,2022,26,Palmeiras,palmeiras,Murilo Cerqueira,murilo_cerqueira,67,67,0,2T,Normal
7900,2022,26,Juventude,juventude,Guilherme Parede,guilherme_parede,63,63,0,2T,Normal
7901,2022,26,Avai,avai,William Pottker,william_pottker,22,22,0,1T,Normal
7901,2022,26,Athletico-PR,athletico_pr,David Terans,david_terans,48,48,0,2T,Normal
7904,2022,26,Coritiba,coritiba,Fabrício Daniel de Souza,fabricio_daniel_de_souza,49,49,0,2T,Normal
7904,2022,26,Coritiba,coritiba,Alef Manga,alef_manga,45,45,0,1T,Normal
7903,2022,26,Sao Paulo,sao_paulo,Eder Citadin Martins,eder_citadin_martins,33,33,0,1T,Penalty
7903,2022,26,Corinthians,corinthians,Yuri Alberto,yuri_alberto,14,14,0,1T,Normal
7905,2022,26,Goias,goias,Diego,diego,80,80,0,2T,Normal
7905,2022,26,Flamengo,flamengo,Matheus França,matheus_franca,84,84,0,2T,Normal
7906,2022,27,Avai,avai,Bissoli,bissoli,54,54,0,2T,Penalty
7907,2022,27,Botafogo-RJ,botafogo_rj,Francisco Soares,francisco_soares,79,79,0,2T,Normal
7907,2022,27,Botafogo-RJ,botafogo_rj,Víctor Cuesta,victor_cuesta,75,75,0,2T,Normal
7908,2022,27,Bragantino,bragantino,Alerrandro Barra Mansa Realino de Souza,alerrandro_barra_mansa_realino_de_souza,28,28,0,1T,Normal
7908,2022,27,Goias,goias,Pedro Raúl,pedro_raul,55,55,0,2T,Penalty
7910,2022,27,Sao Paulo,sao_paulo,Jonathan Calleri,jonathan_calleri,23,23,0,1T,Normal
7910,2022,27,Sao Paulo,sao_paulo,Nahuel Bustos,nahuel_bustos,93,90,3,2T,Normal
7909,2022,27,Fluminense,fluminense,Paulo Henrique Ganso,paulo_henrique_ganso,45,45,0,1T,Penalty
7909,2022,27,Flamengo,flamengo,Gabriel Barbosa Almeida,gabriel_barbosa_almeida,83,83,0,2T,Normal
7909,2022,27,Fluminense,fluminense,Nathan,nathan,76,76,0,2T,Normal
7912,2022,27,Fortaleza,fortaleza,Paulo Miranda,paulo_miranda,44,44,0,1T,Gol Contra
7912,2022,27,Juventude,juventude,Vitor Gabriel,vitor_gabriel,78,78,0,2T,Normal
7911,2022,27,America-MG,america_mg,Juninho,juninho,77,77,0,2T,Normal
7913,2022,27,Palmeiras,palmeiras,Miguel Merentiel,miguel_merentiel,77,77,0,2T,Normal
7914,2022,27,Athletico-PR,athletico_pr,Tomás Cuello,tomas_cuello,35,35,0,1T,Normal
7914,2022,27,Athletico-PR,athletico_pr,David Terans,david_terans,49,45,4,1T,Penalty
7914,2022,27,Cuiaba,cuiaba,Rodrigo Eduardo Costa Marinho,rodrigo_eduardo_costa_marinho,8,8,0,1T,Normal
7914,2022,27,Cuiaba,cuiaba,Deyverson,deyverson,64,64,0,2T,Normal
7915,2022,27,Atletico-GO,atletico_go,Diego Churín,diego_churin,64,64,0,2T,Normal
7915,2022,27,Internacional,internacional,Pedro Henrique Konzen,pedro_henrique_konzen,28,28,0,1T,Normal
7915,2022,27,Internacional,internacional,Pedro Henrique Konzen,pedro_henrique_konzen,35,35,0,1T,Normal
7916,2022,28,Sao Paulo,sao_paulo,Luciano da Rocha Neves,luciano_da_rocha_neves,48,45,3,1T,Normal
7916,2022,28,Sao Paulo,sao_paulo,Patrick,patrick,51,45,6,1T,Normal
7916,2022,28,Sao Paulo,sao_paulo,Eder Citadin Martins,eder_citadin_martins,93,90,3,2T,Normal
7916,2022,28,Sao Paulo,sao_paulo,Diego Henrique Costa Barbosa,diego_henrique_costa_barbosa,25,25,0,1T,Normal
7917,2022,28,Santos,santos,Nicolás Hernández,nicolas_hernandez,92,90,2,2T,Gol Contra
7917,2022,28,Santos,santos,Luan Guilherme de Jesus Vieira,luan_guilherme_de_jesus_vieira,35,35,0,1T,Normal
7921,2022,28,Fortaleza,fortaleza,Pedro Rocha Neves,pedro_rocha_neves,18,18,0,1T,Normal
7921,2022,28,Fortaleza,fortaleza,Pedro Rocha Neves,pedro_rocha_neves,51,51,0,2T,Normal
7921,2022,28,Fortaleza,fortaleza,Caio Alexandre,caio_alexandre,94,90,4,2T,Normal
7921,2022,28,Flamengo,flamengo,Gabriel Barbosa Almeida,gabriel_barbosa_almeida,50,45,5,1T,Penalty
7921,2022,28,Flamengo,flamengo,Gabriel Barbosa Almeida,gabriel_barbosa_almeida,32,32,0,1T,Normal
7919,2022,28,Corinthians,corinthians,Róger Guedes,roger_guedes,12,12,0,1T,Normal
7919,2022,28,Corinthians,corinthians,Yuri Alberto,yuri_alberto,88,88,0,2T,Normal
7919,2022,28,Atletico-GO,atletico_go,Wellington Rato,wellington_rato,17,17,0,1T,Normal
7920,2022,28,Fluminense,fluminense,Germán Cano,german_cano,19,19,0,1T,Normal
7920,2022,28,Fluminense,fluminense,Samuel Xavier,samuel_xavier,28,28,0,1T,Normal
7920,2022,28,Fluminense,fluminense,Jhon Arias,jhon_arias,56,56,0,2T,Normal
7920,2022,28,Fluminense,fluminense,Michel Araújo,michel_araujo,88,88,0,2T,Normal
7918,2022,28,Coritiba,coritiba,Fabrício Daniel de Souza,fabricio_daniel_de_souza,30,30,0,1T,Normal
7922,2022,28,Cuiaba,cuiaba,Sidcley,sidcley,32,32,0,1T,Normal
7922,2022,28,Cuiaba,cuiaba,André Luis,andre_luis,62,62,0,2T,Normal
7922,2022,28,America-MG,america_mg,Gonzalo Mastriani,gonzalo_mastriani,97,90,7,2T,Normal
7925,2022,28,Botafogo-RJ,botafogo_rj,Romildo Del Piage,romildo_del_piage,89,89,0,2T,Normal
7924,2022,28,Palmeiras,palmeiras,Murilo Cerqueira,murilo_cerqueira,51,51,0,2T,Normal
7926,2022,29,Atletico-MG,atletico_mg,Hulk,hulk,41,41,0,1T,Normal
7926,2022,29,Atletico-MG,atletico_mg,Hulk,hulk,65,65,0,2T,Penalty
7928,2022,29,America-MG,america_mg,Juninho,juninho,25,25,0,1T,Normal
7928,2022,29,America-MG,america_mg,Felipe Azevedo,felipe_azevedo,68,68,0,2T,Normal
7928,2022,29,Ceara,ceara,Vinícius,vinicius,93,90,3,2T,Normal
7927,2022,29,Internacional,internacional,Carlos de Pena,carlos_de_pena,23,23,0,1T,Normal
7929,2022,29,Atletico-GO,atletico_go,Gabriel Baralhas,gabriel_baralhas,56,56,0,2T,Normal
7929,2022,29,Avai,avai,William Pottker,william_pottker,66,66,0,2T,Normal
7929,2022,29,Atletico-GO,atletico_go,Wellington Rato,wellington_rato,46,45,1,1T,Normal
7930,2022,29,Athletico-PR,athletico_pr,Vitor Hugo Naum dos Santos,vitor_hugo_naum_dos_santos,20,20,0,1T,Normal
7930,2022,29,Athletico-PR,athletico_pr,Fernandinho,fernandinho,69,69,0,2T,Normal
7931,2022,29,Flamengo,flamengo,Pedro,pedro,66,66,0,2T,Normal
7931,2022,29,Bragantino,bragantino,Hélio Junio Nunes de Castro,helio_junio_nunes_de_castro,48,48,0,2T,Penalty
7931,2022,29,Flamengo,flamengo,Pedro,pedro,70,70,0,2T,Normal
7931,2022,29,Flamengo,flamengo,Pedro,pedro,71,71,0,2T,Normal
7931,2022,29,Flamengo,flamengo,Gabriel Barbosa Almeida,gabriel_barbosa_almeida,12,12,0,1T,Normal
7932,2022,29,Fortaleza,fortaleza,Lucas Sasha,lucas_sasha,14,14,0,1T,Normal
7933,2022,29,Corinthians,corinthians,Yuri Alberto,yuri_alberto,33,33,0,1T,Normal
7933,2022,29,Corinthians,corinthians,Róger Guedes,roger_guedes,49,45,4,1T,Normal
7934,2022,29,Palmeiras,palmeiras,Eduardo Pereira Rodrigues,eduardo_pereira_rodrigues,60,60,0,2T,Normal
7934,2022,29,Palmeiras,palmeiras,Gustavo Scarpa,gustavo_scarpa,26,26,0,1T,Penalty
7934,2022,29,Botafogo-RJ,botafogo_rj,Francisco Soares,francisco_soares,20,20,0,1T,Normal
7934,2022,29,Palmeiras,palmeiras,Mayke,mayke,36,36,0,1T,Normal
7936,2022,30,Corinthians,corinthians,Yuri Alberto,yuri_alberto,54,54,0,2T,Normal
7936,2022,30,Juventude,juventude,Óscar Ruiz,oscar_ruiz,46,46,0,2T,Normal
7936,2022,30,Juventude,juventude,Isidro Pitta,isidro_pitta,62,62,0,2T,Normal
7936,2022,30,Corinthians,corinthians,Giuliano Victor de Paula,giuliano_victor_de_paula,24,24,0,1T,Normal
7937,2022,30,Atletico-GO,atletico_go,Gabriel Baralhas,gabriel_baralhas,75,75,0,2T,Normal
7937,2022,30,Atletico-GO,atletico_go,Marlon Freitas,marlon_freitas,88,88,0,2T,Normal
7937,2022,30,Atletico-GO,atletico_go,Diego Churín,diego_churin,45,45,0,1T,Penalty
7937,2022,30,Fluminense,fluminense,Germán Cano,german_cano,37,37,0,1T,Normal
7937,2022,30,Fluminense,fluminense,Jhon Arias,jhon_arias,5,5,0,1T,Penalty
7938,2022,30,Ceara,ceara,Stiven Mendoza,stiven_mendoza,47,47,0,2T,Normal
7938,2022,30,Goias,goias,Nicolas Godinho Johann,nicolas_godinho_johann,93,90,3,2T,Normal
7939,2022,30,Cuiaba,cuiaba,Deyverson,deyverson,34,34,0,1T,Penalty
7939,2022,30,Bragantino,bragantino,Werik Popó,werik_popo,50,45,5,1T,Normal
7939,2022,30,Bragantino,bragantino,Artur Victor Guimarães,artur_victor_guimaraes,60,60,0,2T,Normal
7940,2022,30,Athletico-PR,athletico_pr,Pablo Felipe Teixeira,pablo_felipe_teixeira,92,90,2,2T,Normal
7940,2022,30,Fortaleza,fortaleza,Thiago Galhardo,thiago_galhardo,15,15,0,1T,Normal
7942,2022,30,Santos,santos,Marcos Leonardo Santos Almeida,marcos_leonardo_santos_almeida,88,88,0,2T,Penalty
7942,2022,30,Atletico-MG,atletico_mg,Hulk,hulk,72,72,0,2T,Normal
7942,2022,30,Atletico-MG,atletico_mg,Ignacio Fernández,ignacio_fernandez,92,90,2,2T,Penalty
7943,2022,30,Palmeiras,palmeiras,Rony,rony,34,34,0,1T,Normal
7943,2022,30,Palmeiras,palmeiras,Gustavo Gómez,gustavo_gomez,51,51,0,2T,Normal
7943,2022,30,Palmeiras,palmeiras,Breno Lopes,breno_lopes,77,77,0,2T,Normal
7943,2022,30,Palmeiras,palmeiras,Mayke,mayke,15,15,0,1T,Normal
7945,2022,30,Botafogo-RJ,botafogo_rj,Víctor Cuesta,victor_cuesta,49,49,0,2T,Normal
7945,2022,30,Botafogo-RJ,botafogo_rj,Francisco Soares,francisco_soares,56,56,0,2T,Normal
7945,2022,30,Avai,avai,Bissoli,bissoli,11,11,0,1T,Penalty
7944,2022,30,Sao Paulo,sao_paulo,Jonathan Calleri,jonathan_calleri,34,34,0,1T,Normal
7944,2022,30,Sao Paulo,sao_paulo,Alisson Euler de Freitas Castro,alisson_euler_de_freitas_castro,91,90,1,2T,Normal
7944,2022,30,America-MG,america_mg,Aloísio dos Santos Gonçalves,aloisio_dos_santos_goncalves,10,10,0,1T,Normal
7946,2022,31,Cuiaba,cuiaba,Rafael Gustavo Meneghel Gava,rafael_gustavo_meneghel_gava,94,90,4,2T,Normal
7946,2022,31,Flamengo,flamengo,Mário Sérgio Santos Costa,mario_sergio_santos_costa,66,66,0,2T,Penalty
7946,2022,31,Flamengo,flamengo,Matheus França,matheus_franca,58,58,0,2T,Normal
7947,2022,31,Corinthians,corinthians,Róger Guedes,roger_guedes,22,22,0,1T,Penalty
7947,2022,31,Corinthians,corinthians,Fabián Balbuena,fabian_balbuena,6,6,0,1T,Normal
7947,2022,31,Athletico-PR,athletico_pr,Erick Luis Conrado Carvalho,erick_luis_conrado_carvalho,81,81,0,2T,Normal
7948,2022,31,Internacional,internacional,Maurício,mauricio,13,13,0,1T,Normal
7948,2022,31,Goias,goias,Pedro Raúl,pedro_raul,48,45,3,1T,Normal
7948,2022,31,Internacional,internacional,Alan Patrick,alan_patrick,42,42,0,1T,Normal
7948,2022,31,Internacional,internacional,Alan Patrick,alan_patrick,57,57,0,2T,Normal
7948,2022,31,Goias,goias,Pedro Raúl,pedro_raul,33,33,0,1T,Penalty
7948,2022,31,Internacional,internacional,Carlos de Pena,carlos_de_pena,96,90,6,2T,Normal
7950,2022,31,Fortaleza,fortaleza,Thiago Galhardo,thiago_galhardo,54,54,0,2T,Normal
7950,2022,31,Fortaleza,fortaleza,Hércules,hercules,90,90,0,2T,Normal
7949,2022,31,Botafogo-RJ,botafogo_rj,Francisco Soares,francisco_soares,90,90,0,2T,Penalty
7951,2022,31,Coritiba,coritiba,Bruno Gomes,bruno_gomes,58,58,0,2T,Normal
7951,2022,31,Bragantino,bragantino,Werik Popó,werik_popo,26,26,0,1T,Normal
7951,2022,31,Coritiba,coritiba,Alef Manga,alef_manga,12,12,0,1T,Normal
7953,2022,31,America-MG,america_mg,Juninho,juninho,5,5,0,1T,Normal
7953,2022,31,America-MG,america_mg,Matheus Leonardo Sales Cardoso,matheus_leonardo_sales_cardoso,34,34,0,1T,Normal
7954,2022,31,Atletico-GO,atletico_go,Shaylon,shaylon,65,65,0,2T,Normal
7954,2022,31,Palmeiras,palmeiras,Murilo Cerqueira,murilo_cerqueira,49,49,0,2T,Normal
7955,2022,31,Santos,santos,Marcos Leonardo Santos Almeida,marcos_leonardo_santos_almeida,54,54,0,2T,Normal
7955,2022,31,Santos,santos,Madson,madson,63,63,0,2T,Normal
7955,2022,31,Santos,santos,Lucas Braga Ribeiro,lucas_braga_ribeiro,24,24,0,1T,Normal
7955,2022,31,Juventude,juventude,Bruno Nazário,bruno_nazario,78,78,0,2T,Normal
7955,2022,31,Santos,santos,Lucas Braga Ribeiro,lucas_braga_ribeiro,75,75,0,2T,Normal
7956,2022,32,Flamengo,flamengo,Everton Cebolinha,everton_cebolinha,38,38,0,1T,Normal
7957,2022,32,Fortaleza,fortaleza,Thiago Galhardo,thiago_galhardo,34,34,0,1T,Normal
7957,2022,32,America-MG,america_mg,Wellington Paulista,wellington_paulista,91,90,1,2T,Penalty
7957,2022,32,Fortaleza,fortaleza,Thiago Galhardo,thiago_galhardo,83,83,0,2T,Normal
7958,2022,32,Ceara,ceara,Jô,jo,92,90,2,2T,Normal
7958,2022,32,Cuiaba,cuiaba,Deyverson,deyverson,82,82,0,2T,Normal
7960,2022,32,Juventude,juventude,Óscar Ruiz,oscar_ruiz,76,76,0,2T,Normal
7960,2022,32,Atletico-GO,atletico_go,Wellington Rato,wellington_rato,51,51,0,2T,Normal
7961,2022,32,Internacional,internacional,Braian Romero,braian_romero,67,67,0,2T,Normal
7962,2022,32,Fluminense,fluminense,David Braz,david_braz,41,41,0,1T,Normal
7962,2022,32,Fluminense,fluminense,Matheus Martinelli,matheus_martinelli,63,63,0,2T,Normal
7962,2022,32,Fluminense,fluminense,Germán Cano,german_cano,25,25,0,1T,Normal
7963,2022,32,Athletico-PR,athletico_pr,Alex Paulo Menezes Santana,alex_paulo_menezes_santana,90,90,0,2T,Normal
7964,2022,32,Santos,santos,Ângelo Gabriel,angelo_gabriel,69,69,0,2T,Normal
7964,2022,32,Santos,santos,Guilherme Camacho,guilherme_camacho,51,51,0,2T,Normal
7935,2022,29,Coritiba,coritiba,Matheus Cadorini,matheus_cadorini,84,84,0,2T,Normal
7935,2022,29,Sao Paulo,sao_paulo,Jonathan Calleri,jonathan_calleri,2,2,0,1T,Normal
7935,2022,29,Sao Paulo,sao_paulo,Jonathan Calleri,jonathan_calleri,63,63,0,2T,Normal
7935,2022,29,Sao Paulo,sao_paulo,Luciano da Rocha Neves,luciano_da_rocha_neves,72,72,0,2T,Normal
7966,2022,33,Bragantino,bragantino,Luan Cândido,luan_candido,90,90,0,2T,Normal
7966,2022,33,Bragantino,bragantino,Eric dos Santos Rodrigues,eric_dos_santos_rodrigues,5,5,0,1T,Normal
7966,2022,33,Athletico-PR,athletico_pr,Vitor Bueno,vitor_bueno,64,64,0,2T,Normal
7966,2022,33,Bragantino,bragantino,Werik Popó,werik_popo,37,37,0,1T,Normal
7966,2022,33,Athletico-PR,athletico_pr,Vitor Hugo Naum dos Santos,vitor_hugo_naum_dos_santos,67,67,0,2T,Normal
7966,2022,33,Bragantino,bragantino,Luan Cândido,luan_candido,50,45,5,1T,Normal
7967,2022,33,Flamengo,flamengo,Matheus França,matheus_franca,11,11,0,1T,Normal
7967,2022,33,Flamengo,flamengo,Everton Cebolinha,everton_cebolinha,24,24,0,1T,Normal
7967,2022,33,America-MG,america_mg,Everaldo,everaldo,13,13,0,1T,Normal
7968,2022,33,Corinthians,corinthians,Róger Guedes,roger_guedes,89,89,0,2T,Normal
7969,2022,33,Palmeiras,palmeiras,Vanderlan,vanderlan,90,90,0,2T,Normal
7969,2022,33,Palmeiras,palmeiras,Gustavo Scarpa,gustavo_scarpa,4,4,0,1T,Penalty
7969,2022,33,Palmeiras,palmeiras,Eduardo Pereira Rodrigues,eduardo_pereira_rodrigues,55,55,0,2T,Normal
7971,2022,33,Juventude,juventude,Capixaba,capixaba,39,39,0,1T,Normal
7971,2022,33,Sao Paulo,sao_paulo,Reinaldo Manoel da Silva,reinaldo_manoel_da_silva,36,36,0,1T,Normal
7971,2022,33,Sao Paulo,sao_paulo,Reinaldo Manoel da Silva,reinaldo_manoel_da_silva,56,56,0,2T,Normal
7970,2022,33,Fluminense,fluminense,Matheus Martins,matheus_martins,82,82,0,2T,Normal
7970,2022,33,Botafogo-RJ,botafogo_rj,Carlos Eduardo de Oliveira Alves,carlos_eduardo_de_oliveira_alves,41,41,0,1T,Normal
7970,2022,33,Fluminense,fluminense,Paulo Henrique Ganso,paulo_henrique_ganso,76,76,0,2T,Penalty
7970,2022,33,Botafogo-RJ,botafogo_rj,Jeffinho,jeffinho,52,52,0,2T,Normal
7973,2022,33,Atletico-GO,atletico_go,Lucas Gazal,lucas_gazal,24,24,0,1T,Normal
7974,2022,33,Goias,goias,Vinícius Santos Silva,vinicius_santos_silva,20,20,0,1T,Normal
7974,2022,33,Cuiaba,cuiaba,Deyverson,deyverson,65,65,0,2T,Normal
7974,2022,33,Goias,goias,Pedro Raúl,pedro_raul,8,8,0,1T,Normal
7972,2022,33,Internacional,internacional,Vitão,vitao,60,60,0,2T,Normal
7972,2022,33,Coritiba,coritiba,Luciano Castán,luciano_castan,24,24,0,1T,Normal
7976,2022,34,Santos,santos,Alex,alex,53,53,0,2T,Normal
7976,2022,34,Flamengo,flamengo,Pedro,pedro,50,45,5,1T,Normal
7976,2022,34,Santos,santos,Gabriel Carabajal,gabriel_carabajal,97,90,7,2T,Normal
7976,2022,34,Flamengo,flamengo,Mário Sérgio Santos Costa,mario_sergio_santos_costa,78,78,0,2T,Normal
7976,2022,34,Flamengo,flamengo,Giorgian De Arrascaeta,giorgian_de_arrascaeta,87,87,0,2T,Normal
7977,2022,34,Palmeiras,palmeiras,Endrick,endrick,70,70,0,2T,Normal
7977,2022,34,Palmeiras,palmeiras,Gustavo Gómez,gustavo_gomez,76,76,0,2T,Normal
7977,2022,34,Athletico-PR,athletico_pr,Matheus Felipe Santos Nascimento,matheus_felipe_santos_nascimento,30,30,0,1T,Normal
7977,2022,34,Palmeiras,palmeiras,Endrick,endrick,59,59,0,2T,Normal
7978,2022,34,Bragantino,bragantino,Luan Cândido,luan_candido,62,62,0,2T,Normal
7978,2022,34,Botafogo-RJ,botafogo_rj,Gabriel Appelt Pires,gabriel_appelt_pires,18,18,0,1T,Normal
7978,2022,34,Botafogo-RJ,botafogo_rj,Danilo Neves,danilo_neves,71,71,0,2T,Normal
7980,2022,34,Ceara,ceara,Lima,lima,6,6,0,1T,Penalty
7980,2022,34,Internacional,internacional,Edenílson Andrade dos Santos,edenilson_andrade_dos_santos,65,65,0,2T,Normal
7980,2022,34,Internacional,internacional,Alan Patrick,alan_patrick,78,78,0,2T,Penalty
7981,2022,34,Goias,goias,Vinícius Santos Silva,vinicius_santos_silva,61,61,0,2T,Normal
7981,2022,34,Goias,goias,Diego,diego,94,90,4,2T,Normal
7981,2022,34,America-MG,america_mg,Aloísio dos Santos Gonçalves,aloisio_dos_santos_goncalves,60,60,0,2T,Penalty
7981,2022,34,America-MG,america_mg,Wellington Paulista,wellington_paulista,88,88,0,2T,Normal
7979,2022,34,Fluminense,fluminense,Germán Cano,german_cano,12,12,0,1T,Normal
7979,2022,34,Fluminense,fluminense,Germán Cano,german_cano,70,70,0,2T,Normal
7982,2022,34,Fortaleza,fortaleza,Juninho Capixaba,juninho_capixaba,55,55,0,2T,Normal
7982,2022,34,Fortaleza,fortaleza,Romarinho,romarinho,73,73,0,2T,Normal
7982,2022,34,Coritiba,coritiba,Matheus Cadorini,matheus_cadorini,60,60,0,2T,Normal
7982,2022,34,Fortaleza,fortaleza,Juninho Capixaba,juninho_capixaba,2,2,0,1T,Normal
7983,2022,34,Sao Paulo,sao_paulo,Luan Vinícius da Silva Santos,luan_vinicius_da_silva_santos,95,90,5,2T,Normal
7983,2022,34,Atletico-GO,atletico_go,Gabriel Baralhas,gabriel_baralhas,72,72,0,2T,Normal
7983,2022,34,Sao Paulo,sao_paulo,Jonathan Calleri,jonathan_calleri,22,22,0,1T,Normal
7984,2022,34,Atletico-MG,atletico_mg,José Rodolfo Pires Ribeiro,jose_rodolfo_pires_ribeiro,12,12,0,1T,Normal
7985,2022,34,Cuiaba,cuiaba,Pepê,pepe,91,90,1,2T,Normal
7986,2022,35,Fluminense,fluminense,Germán Cano,german_cano,72,72,0,2T,Normal
7987,2022,35,Cuiaba,cuiaba,André Luis,andre_luis,41,41,0,1T,Normal
7987,2022,35,Cuiaba,cuiaba,Deyverson,deyverson,52,52,0,2T,Normal
7988,2022,35,Sao Paulo,sao_paulo,Jonathan Calleri,jonathan_calleri,50,45,5,1T,Normal
7988,2022,35,Atletico-MG,atletico_mg,Eduardo Vargas,eduardo_vargas,81,81,0,2T,Normal
7988,2022,35,Atletico-MG,atletico_mg,Eduardo Vargas,eduardo_vargas,25,25,0,1T,Penalty
7988,2022,35,Sao Paulo,sao_paulo,Jonathan Calleri,jonathan_calleri,40,40,0,1T,Normal
7989,2022,35,Goias,goias,Yan Souto,yan_souto,40,40,0,1T,Normal
7989,2022,35,Goias,goias,Pedro Raúl,pedro_raul,51,51,0,2T,Normal
7989,2022,35,Athletico-PR,athletico_pr,David Terans,david_terans,29,29,0,1T,Normal
7989,2022,35,Athletico-PR,athletico_pr,Alex Paulo Menezes Santana,alex_paulo_menezes_santana,13,13,0,1T,Normal
7989,2022,35,Athletico-PR,athletico_pr,David Terans,david_terans,6,6,0,1T,Penalty
7990,2022,35,America-MG,america_mg,Alexandre Egea,alexandre_egea,76,76,0,2T,Normal
7993,2022,35,Santos,santos,Marcos Leonardo Santos Almeida,marcos_leonardo_santos_almeida,19,19,0,1T,Normal
7993,2022,35,Santos,santos,Lucas Braga Ribeiro,lucas_braga_ribeiro,52,52,0,2T,Normal
7993,2022,35,Atletico-GO,atletico_go,Diego Churín,diego_churin,29,29,0,1T,Normal
7993,2022,35,Santos,santos,Lucas Barbosa,lucas_barbosa,94,90,4,2T,Normal
7993,2022,35,Atletico-GO,atletico_go,Luiz Fernando Moraes dos Santos,luiz_fernando_moraes_dos_santos,39,39,0,1T,Normal
7991,2022,35,Coritiba,coritiba,Régis,regis,92,90,2,2T,Normal
7992,2022,35,Bragantino,bragantino,Artur Victor Guimarães,artur_victor_guimaraes,60,60,0,2T,Normal
7992,2022,35,Avai,avai,Kevin Peterson dos Santos Silva,kevin_peterson_dos_santos_silva,90,90,0,2T,Penalty
7992,2022,35,Bragantino,bragantino,Hélio Junio Nunes de Castro,helio_junio_nunes_de_castro,68,68,0,2T,Normal
7995,2022,35,Corinthians,corinthians,Du Queiroz,du_queiroz,42,42,0,1T,Normal
7995,2022,35,Corinthians,corinthians,Yuri Alberto,yuri_alberto,75,75,0,2T,Normal
7995,2022,35,Flamengo,flamengo,Matheus França,matheus_franca,48,48,0,2T,Normal
7994,2022,35,Palmeiras,palmeiras,Rony,rony,48,48,0,2T,Normal
7994,2022,35,Palmeiras,palmeiras,Eduardo Pereira Rodrigues,eduardo_pereira_rodrigues,32,32,0,1T,Normal
7994,2022,35,Palmeiras,palmeiras,Endrick,endrick,64,64,0,2T,Normal
7994,2022,35,Palmeiras,palmeiras,Rony,rony,15,15,0,1T,Normal
7997,2022,36,Fluminense,fluminense,Germán Cano,german_cano,56,56,0,2T,Normal
7997,2022,36,Fluminense,fluminense,Germán Cano,german_cano,59,59,0,2T,Normal
7997,2022,36,Sao Paulo,sao_paulo,Luciano da Rocha Neves,luciano_da_rocha_neves,30,30,0,1T,Normal
7997,2022,36,Fluminense,fluminense,Germán Cano,german_cano,46,46,0,2T,Normal
7996,2022,36,Santos,santos,Marcos Leonardo Santos Almeida,marcos_leonardo_santos_almeida,5,5,0,1T,Penalty
7996,2022,36,Avai,avai,Raniele,raniele,51,51,0,2T,Normal
7998,2022,36,America-MG,america_mg,Juninho,juninho,90,90,0,2T,Normal
7998,2022,36,America-MG,america_mg,Henrique Almeida,henrique_almeida,25,25,0,1T,Normal
7998,2022,36,Bragantino,bragantino,Luan Cândido,luan_candido,18,18,0,1T,Penalty
7998,2022,36,America-MG,america_mg,Juninho,juninho,6,6,0,1T,Normal
7998,2022,36,America-MG,america_mg,Everaldo,everaldo,42,42,0,1T,Penalty
7999,2022,36,Goias,goias,Nicolas Godinho Johann,nicolas_godinho_johann,81,81,0,2T,Normal
8000,2022,36,Corinthians,corinthians,Yuri Alberto,yuri_alberto,90,90,0,2T,Normal
8001,2022,36,Internacional,internacional,Pedro Henrique Konzen,pedro_henrique_konzen,63,63,0,2T,Normal
8001,2022,36,Internacional,internacional,Maurício,mauricio,67,67,0,2T,Normal
8002,2022,36,Fortaleza,fortaleza,Rómulo Otero,romulo_otero,58,58,0,2T,Normal
8002,2022,36,Atletico-GO,atletico_go,Luiz Fernando Moraes dos Santos,luiz_fernando_moraes_dos_santos,17,17,0,1T,Normal
8003,2022,36,Coritiba,coritiba,Alef Manga,alef_manga,58,58,0,2T,Penalty
8004,2022,36,Cuiaba,cuiaba,Jonathan Cafú,jonathan_cafu,6,6,0,1T,Normal
8004,2022,36,Palmeiras,palmeiras,José Manuel Alberto López,jose_manuel_alberto_lopez,75,75,0,2T,Normal
8005,2022,36,Botafogo-RJ,botafogo_rj,João Victor Santos Sá,joao_victor_santos_sa,76,76,0,2T,Normal
8005,2022,36,Botafogo-RJ,botafogo_rj,Francisco Soares,francisco_soares,84,84,0,2T,Normal
8006,2022,37,Internacional,internacional,Maurício,mauricio,21,21,0,1T,Normal
8008,2022,37,Fluminense,fluminense,Germán Cano,german_cano,78,78,0,2T,Normal
8008,2022,37,Fluminense,fluminense,Alan Carvalho,alan_carvalho,83,83,0,2T,Normal
8008,2022,37,Fluminense,fluminense,Michel Araújo,michel_araujo,90,90,0,2T,Normal
8007,2022,37,Coritiba,coritiba,Alef Manga,alef_manga,10,10,0,1T,Normal
8007,2022,37,Coritiba,coritiba,Alef Manga,alef_manga,37,37,0,1T,Penalty
8007,2022,37,Corinthians,corinthians,Du Queiroz,du_queiroz,30,30,0,1T,Normal
8007,2022,37,Corinthians,corinthians,Yuri Alberto,yuri_alberto,48,48,0,2T,Normal
8009,2022,37,Avai,avai,Mateus Ferreira,mateus_ferreira,91,90,1,2T,Normal
8009,2022,37,Avai,avai,Natanael,natanael,49,49,0,2T,Normal
8010,2022,37,Fortaleza,fortaleza,Silvio Romero,silvio_romero,57,57,0,2T,Normal
8010,2022,37,Fortaleza,fortaleza,José Welison,jose_welison,26,26,0,1T,Normal
8010,2022,37,Fortaleza,fortaleza,Thiago Galhardo,thiago_galhardo,90,90,0,2T,Normal
8010,2022,37,Fortaleza,fortaleza,Hércules,hercules,37,37,0,1T,Normal
8010,2022,37,Fortaleza,fortaleza,Pedro Rocha Neves,pedro_rocha_neves,42,42,0,1T,Penalty
8010,2022,37,Fortaleza,fortaleza,Silvio Romero,silvio_romero,45,45,0,1T,Normal
8013,2022,37,Atletico-GO,atletico_go,Shaylon,shaylon,51,51,0,2T,Normal
8013,2022,37,Athletico-PR,athletico_pr,David Terans,david_terans,61,61,0,2T,Normal
8011,2022,37,Flamengo,flamengo,Matheuzinho,matheuzinho,1,1,0,1T,Normal
8011,2022,37,Flamengo,flamengo,Werton,werton,91,90,1,2T,Normal
8011,2022,37,Juventude,juventude,Paulo,paulo,36,36,0,1T,Normal
8011,2022,37,Juventude,juventude,Jadson,jadson,43,43,0,1T,Normal
8012,2022,37,Palmeiras,palmeiras,Murilo Cerqueira,murilo_cerqueira,81,81,0,2T,Normal
8012,2022,37,America-MG,america_mg,Martín Benítez,martin_benitez,15,15,0,1T,Normal
8012,2022,37,Palmeiras,palmeiras,Gustavo Scarpa,gustavo_scarpa,42,42,0,1T,Penalty
8015,2022,37,Atletico-MG,atletico_mg,Keno,keno,4,4,0,1T,Normal
8015,2022,37,Atletico-MG,atletico_mg,Keno,keno,45,45,0,1T,Normal
8015,2022,37,Atletico-MG,atletico_mg,Eduardo Vargas,eduardo_vargas,56,56,0,2T,Normal
8014,2022,37,Botafogo-RJ,botafogo_rj,Francisco Soares,francisco_soares,70,70,0,2T,Normal
8014,2022,37,Botafogo-RJ,botafogo_rj,Lucas Fernandes da Silva,lucas_fernandes_da_silva,10,10,0,1T,Normal
8014,2022,37,Botafogo-RJ,botafogo_rj,Lucas Fernandes da Silva,lucas_fernandes_da_silva,53,53,0,2T,Normal
8016,2022,38,Avai,avai,Marcio Antonio de Sousa Junior,marcio_antonio_de_sousa_junior,50,45,5,1T,Normal
8016,2022,38,Avai,avai,Felipe Florencio da Silva,felipe_florencio_da_silva,79,79,0,2T,Normal
8016,2022,38,Flamengo,flamengo,Wellington Ferreira Nascimento,wellington_ferreira_nascimento,42,42,0,1T,Gol Contra
8017,2022,38,Athletico-PR,athletico_pr,Vitor Roque,vitor_roque,62,62,0,2T,Normal
8017,2022,38,Athletico-PR,athletico_pr,Adryelson,adryelson,52,52,0,2T,Gol Contra
8017,2022,38,Athletico-PR,athletico_pr,Erick Luis Conrado Carvalho,erick_luis_conrado_carvalho,94,90,4,2T,Normal
8018,2022,38,Ceara,ceara,Vitor Mendes,vitor_mendes,47,45,2,1T,Gol Contra
8018,2022,38,Ceara,ceara,Cléber,cleber,23,23,0,1T,Normal
8018,2022,38,Ceara,ceara,Erick,erick,89,89,0,2T,Penalty
8018,2022,38,Ceara,ceara,Fernando Sobral,fernando_sobral,70,70,0,2T,Normal
8018,2022,38,Juventude,juventude,Guilherme Parede,guilherme_parede,52,52,0,2T,Normal
8019,2022,38,Atletico-GO,atletico_go,Dudu,dudu,17,17,0,1T,Normal
8019,2022,38,America-MG,america_mg,Henrique Almeida,henrique_almeida,53,45,8,1T,Normal
8020,2022,38,Fortaleza,fortaleza,Thiago Galhardo,thiago_galhardo,66,66,0,2T,Normal
8020,2022,38,Fortaleza,fortaleza,Moisés Vieira da Veiga,moises_vieira_da_veiga,80,80,0,2T,Normal
8021,2022,38,Cuiaba,cuiaba,Jonathan Cafú,jonathan_cafu,44,44,0,1T,Normal
8021,2022,38,Coritiba,coritiba,Léo Gamalho,leo_gamalho,76,76,0,2T,Normal
8021,2022,38,Cuiaba,cuiaba,Alan Empereur,alan_empereur,37,37,0,1T,Normal
8022,2022,38,Fluminense,fluminense,Germán Cano,german_cano,31,31,0,1T,Normal
8023,2022,38,Atletico-MG,atletico_mg,Eduardo Vargas,eduardo_vargas,45,45,0,1T,Penalty
8024,2022,38,Internacional,internacional,Alexandre Alemão,alexandre_alemao,39,39,0,1T,Normal
8024,2022,38,Internacional,internacional,Braian Romero,braian_romero,85,85,0,2T,Normal
8024,2022,38,Internacional,internacional,Maurício,mauricio,10,10,0,1T,Normal
8025,2022,38,Sao Paulo,sao_paulo,Marcos Guilherme,marcos_guilherme,77,77,0,2T,Normal
8025,2022,38,Sao Paulo,sao_paulo,Juan Santos da Silva,juan_santos_da_silva,91,90,1,2T,Normal
8025,2022,38,Sao Paulo,sao_paulo,Giuliano Galoppo,giuliano_galoppo,20,20,0,1T,Normal
8025,2022,38,Sao Paulo,sao_paulo,Luciano da Rocha Neves,luciano_da_rocha_neves,71,71,0,2T,Normal
8026,2023,1,Cuiaba,cuiaba,Raniele,raniele,52,45,7,1T,Normal
8026,2023,1,Palmeiras,palmeiras,Endrick,endrick,5,5,0,1T,Normal
8026,2023,1,Palmeiras,palmeiras,José Manuel Alberto López,jose_manuel_alberto_lopez,65,65,0,2T,Normal
8027,2023,1,Fluminense,fluminense,Germán Cano,german_cano,52,52,0,2T,Normal
8027,2023,1,Fluminense,fluminense,John Kennedy,john_kennedy,60,60,0,2T,Normal
8027,2023,1,Fluminense,fluminense,Leanderson da Silva Genésio,leanderson_da_silva_genesio,72,72,0,2T,Normal
8029,2023,1,Bragantino,bragantino,Eduardo Sasha,eduardo_sasha,70,70,0,2T,Normal
8029,2023,1,Bahia,bahia,Everaldo Stum,everaldo_stum,45,45,0,1T,Normal
8029,2023,1,Bragantino,bragantino,Bruno Gonçalves,bruno_goncalves,54,54,0,2T,Normal
8030,2023,1,Athletico-PR,athletico_pr,Pedro Henrique Ribeiro Gonçalves,pedro_henrique_ribeiro_goncalves,36,36,0,1T,Normal
8030,2023,1,Athletico-PR,athletico_pr,Christian Roberto Alves Cardoso,christian_roberto_alves_cardoso,57,57,0,2T,Normal
8031,2023,1,Fortaleza,fortaleza,Moisés Vieira da Veiga,moises_vieira_da_veiga,56,56,0,2T,Normal
8031,2023,1,Internacional,internacional,Wanderson,wanderson,54,54,0,2T,Normal
8028,2023,1,Botafogo-RJ,botafogo_rj,Tiquinho Soares,tiquinho_soares,4,4,0,1T,Normal
8028,2023,1,Botafogo-RJ,botafogo_rj,Carlos Eduardo de Oliveira Alves,carlos_eduardo_de_oliveira_alves,88,88,0,2T,Normal
8028,2023,1,Sao Paulo,sao_paulo,Jonathan Calleri,jonathan_calleri,15,15,0,1T,Normal
8032,2023,1,Vasco,vasco,Gabriel Pec,gabriel_pec,10,10,0,1T,Normal
8032,2023,1,Atletico-MG,atletico_mg,Mauricio Lemos,mauricio_lemos,50,45,5,1T,Normal
8032,2023,1,Vasco,vasco,Andrey Santos,andrey_santos,5,5,0,1T,Normal
8034,2023,1,Flamengo,flamengo,Ayrton Lucas Dantas de Medeiros,ayrton_lucas_dantas_de_medeiros,12,12,0,1T,Normal
8034,2023,1,Flamengo,flamengo,Pedro,pedro,95,90,5,2T,Normal
8034,2023,1,Flamengo,flamengo,Gabriel Barbosa,gabriel_barbosa,56,56,0,2T,Penalty
8033,2023,1,Corinthians,corinthians,Matheus Araújo,matheus_araujo,68,68,0,2T,Normal
8033,2023,1,Corinthians,corinthians,Róger Guedes,roger_guedes,87,87,0,2T,Normal
8033,2023,1,Cruzeiro,cruzeiro,Oliveira,oliveira,95,90,5,2T,Normal
8035,2023,1,Gremio,gremio,João Pedro Maturano dos Santos,joao_pedro_maturano_dos_santos,44,44,0,1T,Normal
8036,2023,2,Fluminense,fluminense,Nino,nino,67,67,0,2T,Normal
8036,2023,2,Fluminense,fluminense,Lima,lima,11,11,0,1T,Normal
8038,2023,2,Cuiaba,cuiaba,Mateusinho,mateusinho,67,67,0,2T,Normal
8038,2023,2,Bragantino,bragantino,Thiago Borbas,thiago_borbas,86,86,0,2T,Normal
8037,2023,2,Sao Paulo,sao_paulo,Luciano da Rocha Neves,luciano_da_rocha_neves,21,21,0,1T,Normal
8037,2023,2,Sao Paulo,sao_paulo,Jonathan Calleri,jonathan_calleri,82,82,0,2T,Normal
8037,2023,2,Sao Paulo,sao_paulo,Marcos Paulo Costa do Nascimento,marcos_paulo_costa_do_nascimento,95,90,5,2T,Normal
8039,2023,2,Cruzeiro,cruzeiro,Bruno Rodrigues,bruno_rodrigues,64,64,0,2T,Normal
8040,2023,2,Internacional,internacional,Maurício Magalhães Prado,mauricio_magalhaes_prado,98,90,8,2T,Normal
8040,2023,2,Flamengo,flamengo,Gerson Santos da Silva,gerson_santos_da_silva,63,63,0,2T,Normal
8040,2023,2,Internacional,internacional,Maurício Magalhães Prado,mauricio_magalhaes_prado,67,67,0,2T,Normal
8042,2023,2,Palmeiras,palmeiras,Rafael Navarro,rafael_navarro,46,45,1,1T,Normal
8042,2023,2,Palmeiras,palmeiras,Artur Victor Guimarães,artur_victor_guimaraes,62,62,0,2T,Normal
8042,2023,2,Vasco,vasco,Pedro Raul,pedro_raul,29,29,0,1T,Normal
8042,2023,2,Vasco,vasco,Gabriel Pec,gabriel_pec,40,40,0,1T,Normal
8043,2023,2,Fortaleza,fortaleza,Yago Pikachu,yago_pikachu,91,90,1,2T,Normal
8043,2023,2,Fortaleza,fortaleza,Silvio Romero,silvio_romero,51,51,0,2T,Normal
8043,2023,2,Fortaleza,fortaleza,Yago Pikachu,yago_pikachu,83,83,0,2T,Normal
8044,2023,2,Corinthians,corinthians,Róger Guedes,roger_guedes,17,17,0,1T,Normal
8044,2023,2,Goias,goias,Matheus Peixoto,matheus_peixoto,31,31,0,1T,Normal
8044,2023,2,Goias,goias,Lucas Halter,lucas_halter,80,80,0,2T,Normal
8044,2023,2,Goias,goias,Apodi,apodi,94,90,4,2T,Normal
8045,2023,2,Bahia,bahia,Vítor Jacaré,vitor_jacare,41,41,0,1T,Normal
8045,2023,2,Botafogo-RJ,botafogo_rj,Júnior Santos,junior_santos,29,29,0,1T,Normal
8045,2023,2,Botafogo-RJ,botafogo_rj,Danilo Neves,danilo_neves,78,78,0,2T,Normal
8047,2023,3,Coritiba,coritiba,Bruno Gomes,bruno_gomes,12,12,0,1T,Normal
8047,2023,3,Sao Paulo,sao_paulo,Marcos Paulo Costa do Nascimento,marcos_paulo_costa_do_nascimento,81,81,0,2T,Normal
8046,2023,3,Fortaleza,fortaleza,Thiago Galhardo,thiago_galhardo,29,29,0,1T,Normal
8046,2023,3,Fluminense,fluminense,Alan Carvalho,alan_carvalho,47,45,2,1T,Normal
8046,2023,3,Fortaleza,fortaleza,Moisés Vieira da Veiga,moises_vieira_da_veiga,35,35,0,1T,Normal
8046,2023,3,Fluminense,fluminense,John Kennedy,john_kennedy,69,69,0,2T,Normal
8046,2023,3,Fortaleza,fortaleza,Moisés Vieira da Veiga,moises_vieira_da_veiga,60,60,0,2T,Normal
8046,2023,3,Fortaleza,fortaleza,Hércules,hercules,79,79,0,2T,Normal
8048,2023,3,Palmeiras,palmeiras,Murilo Cerqueira,murilo_cerqueira,16,16,0,1T,Normal
8048,2023,3,Corinthians,corinthians,Joaquín Piquerez,joaquin_piquerez,76,76,0,2T,Gol Contra
8048,2023,3,Palmeiras,palmeiras,Raphael Cavalcante Veiga,raphael_cavalcante_veiga,36,36,0,1T,Normal
8049,2023,3,America-MG,america_mg,Alexandre Egea,alexandre_egea,7,7,0,1T,Normal
8049,2023,3,America-MG,america_mg,Everaldo,everaldo,49,49,0,2T,Normal
8049,2023,3,Santos,santos,Stiven Mendoza,stiven_mendoza,19,19,0,1T,Normal
8049,2023,3,Santos,santos,Eduardo,eduardo,40,40,0,1T,Normal
8049,2023,3,Santos,santos,Marcos Leonardo,marcos_leonardo,69,69,0,2T,Penalty
8050,2023,3,Cruzeiro,cruzeiro,Bruno Rodrigues,bruno_rodrigues,87,87,0,2T,Normal
8050,2023,3,Cruzeiro,cruzeiro,Ramiro,ramiro,1,1,0,1T,Normal
8050,2023,3,Cruzeiro,cruzeiro,Gilberto Oliveira Souza Junior,gilberto_oliveira_souza_junior,64,64,0,2T,Normal
8051,2023,3,Atletico-MG,atletico_mg,Hulk,hulk,10,10,0,1T,Normal
8051,2023,3,Atletico-MG,atletico_mg,Hulk,hulk,84,84,0,2T,Normal
8051,2023,3,Athletico-PR,athletico_pr,Vitor Roque,vitor_roque,92,90,2,2T,Normal
8052,2023,3,Flamengo,flamengo,Léo Pereira,leo_pereira,58,58,0,2T,Normal
8052,2023,3,Botafogo-RJ,botafogo_rj,Tiquinho Soares,tiquinho_soares,30,30,0,1T,Penalty
8052,2023,3,Flamengo,flamengo,Léo Pereira,leo_pereira,86,86,0,2T,Normal
8052,2023,3,Botafogo-RJ,botafogo_rj,Tiquinho Soares,tiquinho_soares,71,71,0,2T,Normal
8052,2023,3,Botafogo-RJ,botafogo_rj,Danilo Barbosa da Silva,danilo_barbosa_da_silva,50,45,5,1T,Normal
8053,2023,3,Cuiaba,cuiaba,Marllon Borges,marllon_borges,29,29,0,1T,Normal
8053,2023,3,Gremio,gremio,Vina,vina,10,10,0,1T,Normal
8053,2023,3,Gremio,gremio,Everton,everton,68,68,0,2T,Normal
8054,2023,3,Internacional,internacional,Carlos de Pena,carlos_de_pena,52,52,0,2T,Normal
8055,2023,3,Bahia,bahia,Thaciano,thaciano,44,44,0,1T,Normal
8056,2023,4,Cruzeiro,cruzeiro,Wesley Ribeiro Silva,wesley_ribeiro_silva,21,21,0,1T,Normal
8056,2023,4,Cruzeiro,cruzeiro,Wesley Ribeiro Silva,wesley_ribeiro_silva,62,62,0,2T,Normal
8056,2023,4,Santos,santos,Ângelo Gabriel,angelo_gabriel,57,57,0,2T,Normal
8057,2023,4,Fluminense,fluminense,Lima,lima,55,55,0,2T,Normal
8057,2023,4,Vasco,vasco,Pedro Raul,pedro_raul,1,1,0,1T,Normal
8058,2023,4,Cuiaba,cuiaba,Marlon,marlon,85,85,0,2T,Gol Contra
8058,2023,4,America-MG,america_mg,Aloísio dos Santos Gonçalves,aloisio_dos_santos_goncalves,12,12,0,1T,Normal
8058,2023,4,Cuiaba,cuiaba,Ronald,ronald,92,90,2,2T,Normal
8059,2023,4,Bahia,bahia,Gabriel Teixeira,gabriel_teixeira,65,65,0,2T,Normal
8059,2023,4,Bahia,bahia,David Duarte,david_duarte,68,68,0,2T,Normal
8059,2023,4,Coritiba,coritiba,Gabriel Boschilia,gabriel_boschilia,63,63,0,2T,Normal
8059,2023,4,Bahia,bahia,Victor Luis,victor_luis,16,16,0,1T,Gol Contra
8061,2023,4,Athletico-PR,athletico_pr,Vitor Roque,vitor_roque,29,29,0,1T,Normal
8061,2023,4,Flamengo,flamengo,Gabriel Barbosa,gabriel_barbosa,15,15,0,1T,Penalty
8061,2023,4,Athletico-PR,athletico_pr,Erick Luis Conrado Carvalho,erick_luis_conrado_carvalho,80,80,0,2T,Normal
8060,2023,4,Sao Paulo,sao_paulo,Pablo Maia,pablo_maia,70,70,0,2T,Normal
8060,2023,4,Sao Paulo,sao_paulo,Luciano da Rocha Neves,luciano_da_rocha_neves,33,33,0,1T,Normal
8062,2023,4,Gremio,gremio,Everton,everton,62,62,0,2T,Normal
8062,2023,4,Bragantino,bragantino,Matheus Fernandes,matheus_fernandes,9,9,0,1T,Normal
8062,2023,4,Bragantino,bragantino,Eduardo Sasha,eduardo_sasha,53,53,0,2T,Normal
8062,2023,4,Gremio,gremio,Franco Cristaldo,franco_cristaldo,6,6,0,1T,Penalty
8062,2023,4,Gremio,gremio,Luis Alberto Suárez,luis_alberto_suarez,56,56,0,2T,Normal
8062,2023,4,Bragantino,bragantino,Thiago Borbas,thiago_borbas,91,90,1,2T,Normal
8063,2023,4,Botafogo-RJ,botafogo_rj,João Victor Santos Sá,joao_victor_santos_sa,30,30,0,1T,Normal
8063,2023,4,Botafogo-RJ,botafogo_rj,Matheus Nascimento,matheus_nascimento,60,60,0,2T,Normal
8064,2023,4,Palmeiras,palmeiras,Sidimar Fernando Sigolini,sidimar_fernando_sigolini,48,48,0,2T,Gol Contra
8064,2023,4,Palmeiras,palmeiras,Endrick,endrick,83,83,0,2T,Normal
8064,2023,4,Palmeiras,palmeiras,Eduardo Pereira Rodrigues,eduardo_pereira_rodrigues,90,90,0,2T,Normal
8064,2023,4,Palmeiras,palmeiras,Artur Victor Guimarães,artur_victor_guimaraes,10,10,0,1T,Normal
8064,2023,4,Palmeiras,palmeiras,Raphael Cavalcante Veiga,raphael_cavalcante_veiga,78,78,0,2T,Normal
8065,2023,4,Corinthians,corinthians,Yuri Alberto,yuri_alberto,88,88,0,2T,Normal
8065,2023,4,Fortaleza,fortaleza,Caio Alexandre,caio_alexandre,79,79,0,2T,Normal
8067,2023,5,Santos,santos,Ângelo Gabriel,angelo_gabriel,51,51,0,2T,Normal
8067,2023,5,Santos,santos,Deivid Washington,deivid_washington,4,4,0,1T,Normal
8067,2023,5,Santos,santos,Stiven Mendoza,stiven_mendoza,14,14,0,1T,Normal
8066,2023,5,Athletico-PR,athletico_pr,Christian Roberto Alves Cardoso,christian_roberto_alves_cardoso,79,79,0,2T,Normal
8066,2023,5,Athletico-PR,athletico_pr,Willian Gomes de Siqueira,willian_gomes_de_siqueira,96,90,6,2T,Normal
8068,2023,5,America-MG,america_mg,Aloísio dos Santos Gonçalves,aloisio_dos_santos_goncalves,78,78,0,2T,Penalty
8068,2023,5,Bragantino,bragantino,Hélio Junio Nunes de Castro,helio_junio_nunes_de_castro,33,33,0,1T,Normal
8068,2023,5,Bragantino,bragantino,Hélio Junio Nunes de Castro,helio_junio_nunes_de_castro,44,44,0,1T,Normal
8068,2023,5,America-MG,america_mg,Aloísio dos Santos Gonçalves,aloisio_dos_santos_goncalves,15,15,0,1T,Penalty
8069,2023,5,Atletico-MG,atletico_mg,Cristian Pavón,cristian_pavon,72,72,0,2T,Normal
8069,2023,5,Atletico-MG,atletico_mg,Paulinho,paulinho,87,87,0,2T,Normal
8069,2023,5,Atletico-MG,atletico_mg,Hulk,hulk,51,51,0,2T,Penalty
8069,2023,5,Atletico-MG,atletico_mg,Hyoran,hyoran,13,13,0,1T,Normal
8070,2023,5,Flamengo,flamengo,Éverton Ribeiro,everton_ribeiro,49,49,0,2T,Normal
8070,2023,5,Flamengo,flamengo,Pedro,pedro,8,8,0,1T,Penalty
8071,2023,5,Fluminense,fluminense,Germán Cano,german_cano,54,54,0,2T,Normal
8071,2023,5,Fluminense,fluminense,Paulo Henrique Ganso,paulo_henrique_ganso,44,44,0,1T,Normal
8072,2023,5,Gremio,gremio,João Paulo Bitello,joao_paulo_bitello,47,45,2,1T,Normal
8072,2023,5,Palmeiras,palmeiras,Raphael Cavalcante Veiga,raphael_cavalcante_veiga,24,24,0,1T,Normal
8072,2023,5,Palmeiras,palmeiras,Mayke,mayke,68,68,0,2T,Normal
8072,2023,5,Palmeiras,palmeiras,Luan Garcia Teixeira,luan_garcia_teixeira,73,73,0,2T,Normal
8072,2023,5,Palmeiras,palmeiras,Raphael Cavalcante Veiga,raphael_cavalcante_veiga,56,56,0,2T,Penalty
8073,2023,5,Coritiba,coritiba,Zé Roberto,ze_roberto,49,45,4,1T,Normal
8073,2023,5,Vasco,vasco,Erick Marcus,erick_marcus,80,80,0,2T,Normal
8074,2023,5,Botafogo-RJ,botafogo_rj,Carlos Eduardo de Oliveira Alves,carlos_eduardo_de_oliveira_alves,81,81,0,2T,Normal
8074,2023,5,Botafogo-RJ,botafogo_rj,Tiquinho Soares,tiquinho_soares,65,65,0,2T,Penalty
8074,2023,5,Botafogo-RJ,botafogo_rj,Tiquinho Soares,tiquinho_soares,12,12,0,1T,Normal
8076,2023,6,Flamengo,flamengo,David Luiz,david_luiz,49,45,4,1T,Normal
8076,2023,6,Bahia,bahia,Gabriel Teixeira,gabriel_teixeira,35,35,0,1T,Normal
8076,2023,6,Flamengo,flamengo,Gabriel Barbosa,gabriel_barbosa,29,29,0,1T,Penalty
8076,2023,6,Bahia,bahia,Ademir,ademir,51,51,0,2T,Normal
8076,2023,6,Flamengo,flamengo,Matheus França,matheus_franca,23,23,0,1T,Normal
8077,2023,6,Fluminense,fluminense,Nino,nino,6,6,0,1T,Normal
8077,2023,6,Fluminense,fluminense,Paulo Henrique Ganso,paulo_henrique_ganso,56,56,0,2T,Normal
8078,2023,6,Bragantino,bragantino,Juninho Capixaba,juninho_capixaba,71,71,0,2T,Normal
8078,2023,6,Palmeiras,palmeiras,Artur Victor Guimarães,artur_victor_guimaraes,65,65,0,2T,Normal
8079,2023,6,Atletico-MG,atletico_mg,Eduardo Vargas,eduardo_vargas,3,3,0,1T,Normal
8079,2023,6,Atletico-MG,atletico_mg,Paulinho,paulinho,95,90,5,2T,Normal
8081,2023,6,Santos,santos,Deivid Washington,deivid_washington,29,29,0,1T,Normal
8082,2023,6,Sao Paulo,sao_paulo,Michel Araújo,michel_araujo,15,15,0,1T,Normal
8082,2023,6,Corinthians,corinthians,Róger Guedes,roger_guedes,50,45,5,1T,Penalty
8083,2023,6,Coritiba,coritiba,Marcelino Moreno,marcelino_moreno,20,20,0,1T,Normal
8083,2023,6,Athletico-PR,athletico_pr,Pablo Felipe Teixeira,pablo_felipe_teixeira,49,49,0,2T,Normal
8083,2023,6,Coritiba,coritiba,Robson Fernandes,robson_fernandes,66,66,0,2T,Normal
8083,2023,6,Athletico-PR,athletico_pr,Willian Gomes de Siqueira,willian_gomes_de_siqueira,91,90,1,2T,Normal
8083,2023,6,Athletico-PR,athletico_pr,Agustín Canobbio,agustin_canobbio,97,90,7,2T,Normal
8085,2023,6,Cruzeiro,cruzeiro,Henrique Dourado,henrique_dourado,33,33,0,1T,Normal
8085,2023,6,Cruzeiro,cruzeiro,Marlon Rodrigues Xavier,marlon_rodrigues_xavier,70,70,0,2T,Normal
8085,2023,6,Cruzeiro,cruzeiro,Gilberto Oliveira Souza Junior,gilberto_oliveira_souza_junior,84,84,0,2T,Normal
8085,2023,6,Cruzeiro,cruzeiro,Gilberto Oliveira Souza Junior,gilberto_oliveira_souza_junior,91,90,1,2T,Normal
8084,2023,6,Goias,goias,Bruno Melo,bruno_melo,50,45,5,1T,Normal
8084,2023,6,Goias,goias,Magno Jose da Silva,magno_jose_da_silva,57,57,0,2T,Normal
8084,2023,6,Botafogo-RJ,botafogo_rj,Tiquinho Soares,tiquinho_soares,33,33,0,1T,Penalty
8086,2023,7,Bahia,bahia,Everaldo Stum,everaldo_stum,25,25,0,1T,Normal
8086,2023,7,Goias,goias,Bruno Melo,bruno_melo,31,31,0,1T,Normal
8087,2023,7,Bragantino,bragantino,Eduardo Sasha,eduardo_sasha,16,16,0,1T,Normal
8087,2023,7,Bragantino,bragantino,Thiago Borbas,thiago_borbas,86,86,0,2T,Normal
8088,2023,7,Sao Paulo,sao_paulo,Jonathan Calleri,jonathan_calleri,24,24,0,1T,Normal
8088,2023,7,Vasco,vasco,Cauan Barros,cauan_barros,45,45,0,1T,Normal
8088,2023,7,Sao Paulo,sao_paulo,Rodrigo Nestor,rodrigo_nestor,42,42,0,1T,Normal
8088,2023,7,Vasco,vasco,Matías Galarza,matias_galarza,83,83,0,2T,Normal
8088,2023,7,Sao Paulo,sao_paulo,Lucas Beraldo,lucas_beraldo,89,89,0,2T,Normal
8088,2023,7,Sao Paulo,sao_paulo,Juan Santos da Silva,juan_santos_da_silva,92,90,2,2T,Normal
8090,2023,7,America-MG,america_mg,Felipe Azevedo,felipe_azevedo,33,33,0,1T,Normal
8090,2023,7,Fortaleza,fortaleza,Tomás Pochettino,tomas_pochettino,26,26,0,1T,Normal
8090,2023,7,America-MG,america_mg,Breno,breno,2,2,0,1T,Normal
8091,2023,7,Botafogo-RJ,botafogo_rj,Víctor Cuesta,victor_cuesta,74,74,0,2T,Normal
8089,2023,7,Coritiba,coritiba,Robson Fernandes,robson_fernandes,13,13,0,1T,Penalty
8089,2023,7,Atletico-MG,atletico_mg,Hulk,hulk,91,90,1,2T,Penalty
8089,2023,7,Atletico-MG,atletico_mg,Hyoran,hyoran,37,37,0,1T,Normal
8093,2023,7,Flamengo,flamengo,Léo Pereira,leo_pereira,94,90,4,2T,Normal
8094,2023,7,Gremio,gremio,Luis Alberto Suárez,luis_alberto_suarez,7,7,0,1T,Normal
8094,2023,7,Gremio,gremio,Mathías Villasanti,mathias_villasanti,31,31,0,1T,Normal
8094,2023,7,Gremio,gremio,João Paulo Bitello,joao_paulo_bitello,65,65,0,2T,Normal
8094,2023,7,Internacional,internacional,Johnny Cardoso,johnny_cardoso,87,87,0,2T,Normal
8095,2023,7,Cuiaba,cuiaba,Deyverson,deyverson,37,37,0,1T,Normal
8096,2023,8,Athletico-PR,athletico_pr,Vitor Roque,vitor_roque,34,34,0,1T,Normal
8096,2023,8,Gremio,gremio,Cuiabano,cuiabano,31,31,0,1T,Normal
8096,2023,8,Gremio,gremio,Bruno Uvini,bruno_uvini,49,49,0,2T,Normal
8097,2023,8,Fortaleza,fortaleza,Thiago Galhardo,thiago_galhardo,87,87,0,2T,Normal
8097,2023,8,Fortaleza,fortaleza,Silvio Romero,silvio_romero,94,90,4,2T,Normal
8098,2023,8,Flamengo,flamengo,Ayrton Lucas Dantas de Medeiros,ayrton_lucas_dantas_de_medeiros,33,33,0,1T,Normal
8098,2023,8,Cruzeiro,cruzeiro,Marlon Rodrigues Xavier,marlon_rodrigues_xavier,5,5,0,1T,Normal
8099,2023,8,Cuiaba,cuiaba,Fernando Sobral,fernando_sobral,3,3,0,1T,Normal
8099,2023,8,Coritiba,coritiba,Robson Fernandes,robson_fernandes,49,49,0,2T,Normal
8100,2023,8,Goias,goias,Magno Jose da Silva,magno_jose_da_silva,29,29,0,1T,Normal
8100,2023,8,Sao Paulo,sao_paulo,Pablo Maia,pablo_maia,57,57,0,2T,Normal
8100,2023,8,Sao Paulo,sao_paulo,David Corrêa da Fonseca,david_correa_da_fonseca,91,90,1,2T,Normal
8102,2023,8,Internacional,internacional,Wanderson,wanderson,99,90,9,2T,Normal
8102,2023,8,Internacional,internacional,Johnny Cardoso,johnny_cardoso,49,49,0,2T,Normal
8101,2023,8,Corinthians,corinthians,Róger Guedes,roger_guedes,59,59,0,2T,Normal
8101,2023,8,Corinthians,corinthians,Róger Guedes,roger_guedes,92,90,2,2T,Normal
8104,2023,8,Bragantino,bragantino,Juninho Capixaba,juninho_capixaba,75,75,0,2T,Normal
8104,2023,8,Bragantino,bragantino,Vitor Hugo Naum dos Santos,vitor_hugo_naum_dos_santos,31,31,0,1T,Normal
8103,2023,8,Atletico-MG,atletico_mg,Cristian Pavón,cristian_pavon,45,45,0,1T,Normal
8103,2023,8,Palmeiras,palmeiras,Eduardo Pereira Rodrigues,eduardo_pereira_rodrigues,52,52,0,2T,Normal
8105,2023,8,Botafogo-RJ,botafogo_rj,Júnior Santos,junior_santos,3,3,0,1T,Normal
8105,2023,8,Botafogo-RJ,botafogo_rj,Luis Henrique,luis_henrique,60,60,0,2T,Normal
8107,2023,9,Athletico-PR,athletico_pr,Alex Paulo Menezes Santana,alex_paulo_menezes_santana,42,42,0,1T,Normal
8108,2023,9,Atletico-MG,atletico_mg,Hulk,hulk,27,27,0,1T,Normal
8109,2023,9,America-MG,america_mg,Renato Marques,renato_marques,87,87,0,2T,Normal
8109,2023,9,America-MG,america_mg,Danilo Avelar,danilo_avelar,74,74,0,2T,Penalty
8110,2023,9,Santos,santos,Lucas Rafael Araújo Lima,lucas_rafael_araujo_lima,12,12,0,1T,Normal
8110,2023,9,Internacional,internacional,Luiz Adriano,luiz_adriano,3,3,0,1T,Normal
8111,2023,9,Fluminense,fluminense,Paulo Henrique Ganso,paulo_henrique_ganso,27,27,0,1T,Normal
8111,2023,9,Fluminense,fluminense,Felipe Melo,felipe_melo,34,34,0,1T,Normal
8111,2023,9,Bragantino,bragantino,Thiago Borbas,thiago_borbas,54,54,0,2T,Normal
8112,2023,9,Sao Paulo,sao_paulo,Jonathan Calleri,jonathan_calleri,15,15,0,1T,Normal
8112,2023,9,Gremio,gremio,Reinaldo Manoel da Silva,reinaldo_manoel_da_silva,39,39,0,1T,Normal
8112,2023,9,Gremio,gremio,Franco Cristaldo,franco_cristaldo,31,31,0,1T,Penalty
8113,2023,9,Cuiaba,cuiaba,Deyverson,deyverson,54,54,0,2T,Normal
8114,2023,9,Palmeiras,palmeiras,Rony,rony,73,73,0,2T,Normal
8114,2023,9,Coritiba,coritiba,Alef Manga,alef_manga,83,83,0,2T,Normal
8114,2023,9,Palmeiras,palmeiras,Artur Victor Guimarães,artur_victor_guimaraes,30,30,0,1T,Normal
8114,2023,9,Palmeiras,palmeiras,Rony,rony,34,34,0,1T,Normal
8115,2023,9,Flamengo,flamengo,Pedro,pedro,42,42,0,1T,Normal
8115,2023,9,Vasco,vasco,Jair Rodrigues Júnior,jair_rodrigues_junior,58,58,0,2T,Penalty
8115,2023,9,Flamengo,flamengo,Ayrton Lucas Dantas de Medeiros,ayrton_lucas_dantas_de_medeiros,47,45,2,1T,Normal
8115,2023,9,Flamengo,flamengo,Erick Pulgar,erick_pulgar,14,14,0,1T,Normal
8115,2023,9,Flamengo,flamengo,Gerson Santos da Silva,gerson_santos_da_silva,16,16,0,1T,Normal
8119,2023,10,Atletico-MG,atletico_mg,Paulinho,paulinho,17,17,0,1T,Normal
8119,2023,10,Bragantino,bragantino,Eduardo Sasha,eduardo_sasha,35,35,0,1T,Normal
8117,2023,10,Cruzeiro,cruzeiro,Bruno Rodrigues,bruno_rodrigues,30,30,0,1T,Normal
8117,2023,10,Cruzeiro,cruzeiro,Wesley Ribeiro Silva,wesley_ribeiro_silva,46,45,1,1T,Normal
8117,2023,10,Bahia,bahia,Kayky,kayky,18,18,0,1T,Normal
8117,2023,10,Bahia,bahia,Arthur Sales,arthur_sales,66,66,0,2T,Normal
8118,2023,10,Corinthians,corinthians,Ruan Oliveira,ruan_oliveira,81,81,0,2T,Normal
8118,2023,10,Cuiaba,cuiaba,Deyverson,deyverson,55,55,0,2T,Normal
8120,2023,10,Botafogo-RJ,botafogo_rj,Tiquinho Soares,tiquinho_soares,48,45,3,1T,Normal
8120,2023,10,Botafogo-RJ,botafogo_rj,Tiquinho Soares,tiquinho_soares,63,63,0,2T,Normal
8121,2023,10,America-MG,america_mg,Wellington Paulista,wellington_paulista,76,76,0,2T,Normal
8121,2023,10,America-MG,america_mg,Danilo Avelar,danilo_avelar,96,90,6,2T,Normal
8121,2023,10,Athletico-PR,athletico_pr,Vitor Roque,vitor_roque,9,9,0,1T,Normal
8121,2023,10,Athletico-PR,athletico_pr,Christian Roberto Alves Cardoso,christian_roberto_alves_cardoso,48,48,0,2T,Normal
8122,2023,10,Palmeiras,palmeiras,Gabriel Menino,gabriel_menino,11,11,0,1T,Normal
8122,2023,10,Palmeiras,palmeiras,Endrick,endrick,78,78,0,2T,Normal
8123,2023,10,Vasco,vasco,Rayan,rayan,29,29,0,1T,Normal
8123,2023,10,Internacional,internacional,Rômulo Zwarg,romulo_zwarg,3,3,0,1T,Normal
8123,2023,10,Internacional,internacional,Wanderson,wanderson,16,16,0,1T,Normal
8124,2023,10,Flamengo,flamengo,Everton Cebolinha,everton_cebolinha,24,24,0,1T,Normal
8124,2023,10,Flamengo,flamengo,Pedro,pedro,65,65,0,2T,Normal
8124,2023,10,Flamengo,flamengo,Bruno Henrique,bruno_henrique,97,90,7,2T,Normal
8125,2023,10,Goias,goias,Alesson,alesson,85,85,0,2T,Normal
8125,2023,10,Fluminense,fluminense,Germán Cano,german_cano,2,2,0,1T,Normal
8125,2023,10,Goias,goias,Matheus Peixoto,matheus_peixoto,45,45,0,1T,Penalty
8125,2023,10,Fluminense,fluminense,Lima,lima,47,47,0,2T,Normal
8126,2023,11,Fortaleza,fortaleza,Juan Martín Lucero,juan_martin_lucero,80,80,0,2T,Normal
8127,2023,11,Sao Paulo,sao_paulo,Gabriel Neves,gabriel_neves,19,19,0,1T,Normal
8127,2023,11,Sao Paulo,sao_paulo,Luciano da Rocha Neves,luciano_da_rocha_neves,47,47,0,2T,Normal
8127,2023,11,Athletico-PR,athletico_pr,Vitor Roque,vitor_roque,11,11,0,1T,Normal
8128,2023,11,Corinthians,corinthians,Ruan Oliveira,ruan_oliveira,28,28,0,1T,Normal
8128,2023,11,Corinthians,corinthians,Yuri Alberto,yuri_alberto,19,19,0,1T,Normal
8129,2023,11,Atletico-MG,atletico_mg,Guga,guga,35,35,0,1T,Gol Contra
8129,2023,11,Fluminense,fluminense,Samuel Xavier,samuel_xavier,46,45,1,1T,Normal
8130,2023,11,Bahia,bahia,Thaciano,thaciano,93,90,3,2T,Normal
8131,2023,11,Gremio,gremio,Luis Alberto Suárez,luis_alberto_suarez,69,69,0,2T,Normal
8131,2023,11,America-MG,america_mg,Danilo Avelar,danilo_avelar,25,25,0,1T,Normal
8131,2023,11,Gremio,gremio,Matheus Cavichioli,matheus_cavichioli,40,40,0,1T,Gol Contra
8131,2023,11,Gremio,gremio,Mathías Villasanti,mathias_villasanti,61,61,0,2T,Normal
8133,2023,11,Botafogo-RJ,botafogo_rj,Tiquinho Soares,tiquinho_soares,60,60,0,2T,Penalty
8134,2023,11,Goias,goias,Everton Morelli,everton_morelli,73,73,0,2T,Normal
8132,2023,11,Internacional,internacional,Pedro Henrique Konzen,pedro_henrique_konzen,66,66,0,2T,Penalty
8135,2023,11,Bragantino,bragantino,Henry Mosquera,henry_mosquera,49,49,0,2T,Normal
8135,2023,11,Bragantino,bragantino,Henry Mosquera,henry_mosquera,81,81,0,2T,Normal
8135,2023,11,Bragantino,bragantino,Alerrandro Barra Mansa Realino de Souza,alerrandro_barra_mansa_realino_de_souza,76,76,0,2T,Normal
8135,2023,11,Bragantino,bragantino,Eduardo Santos,eduardo_santos,40,40,0,1T,Normal
8136,2023,12,Athletico-PR,athletico_pr,Vitor Roque,vitor_roque,36,36,0,1T,Normal
8137,2023,12,Fluminense,fluminense,Leanderson da Silva Genésio,leanderson_da_silva_genesio,49,49,0,2T,Normal
8137,2023,12,Fluminense,fluminense,Gabriel Pirani,gabriel_pirani,51,51,0,2T,Normal
8137,2023,12,Bahia,bahia,Vinicius Mingotti,vinicius_mingotti,28,28,0,1T,Normal
8138,2023,12,Fortaleza,fortaleza,Tinga,tinga,62,62,0,2T,Normal
8138,2023,12,Atletico-MG,atletico_mg,Alan Kardec,alan_kardec,87,87,0,2T,Normal
8138,2023,12,Fortaleza,fortaleza,Tomás Pochettino,tomas_pochettino,54,54,0,2T,Normal
8139,2023,12,Cruzeiro,cruzeiro,Rafinha,rafinha,3,3,0,1T,Gol Contra
8140,2023,12,Botafogo-RJ,botafogo_rj,Tiquinho Soares,tiquinho_soares,28,28,0,1T,Normal
8141,2023,12,Gremio,gremio,João Paulo Bitello,joao_paulo_bitello,54,54,0,2T,Normal
8141,2023,12,Gremio,gremio,Franco Cristaldo,franco_cristaldo,34,34,0,1T,Penalty
8141,2023,12,Gremio,gremio,Luis Alberto Suárez,luis_alberto_suarez,66,66,0,2T,Normal
8141,2023,12,Gremio,gremio,André Henrique,andre_henrique,84,84,0,2T,Normal
8141,2023,12,Gremio,gremio,Mathías Villasanti,mathias_villasanti,48,48,0,2T,Normal
8141,2023,12,Coritiba,coritiba,Alef Manga,alef_manga,41,41,0,1T,Normal
8144,2023,12,Bragantino,bragantino,Eduardo Sasha,eduardo_sasha,7,7,0,1T,Normal
8144,2023,12,Bragantino,bragantino,Marcos Vinicios,marcos_vinicios,47,45,2,1T,Normal
8142,2023,12,America-MG,america_mg,Juninho,juninho,19,19,0,1T,Normal
8142,2023,12,Internacional,internacional,Jean Dias,jean_dias,63,63,0,2T,Normal
8142,2023,12,Internacional,internacional,Alexandre Alemão,alexandre_alemao,85,85,0,2T,Normal
8143,2023,12,Santos,santos,Rodrigo Fernández,rodrigo_fernandez,52,52,0,2T,Normal
8143,2023,12,Flamengo,flamengo,Everton Cebolinha,everton_cebolinha,22,22,0,1T,Normal
8143,2023,12,Flamengo,flamengo,Éverton Ribeiro,everton_ribeiro,50,50,0,2T,Normal
8143,2023,12,Santos,santos,Stiven Mendoza,stiven_mendoza,40,40,0,1T,Normal
8143,2023,12,Flamengo,flamengo,Erick Pulgar,erick_pulgar,57,57,0,2T,Normal
8145,2023,12,Vasco,vasco,Jair Rodrigues Júnior,jair_rodrigues_junior,77,77,0,2T,Penalty
8146,2023,13,Sao Paulo,sao_paulo,Luciano da Rocha Neves,luciano_da_rocha_neves,87,87,0,2T,Normal
8147,2023,13,Flamengo,flamengo,Giorgian De Arrascaeta,giorgian_de_arrascaeta,64,64,0,2T,Normal
8147,2023,13,Flamengo,flamengo,Gabriel Barbosa,gabriel_barbosa,14,14,0,1T,Normal
8148,2023,13,Bahia,bahia,Kayky,kayky,20,20,0,1T,Normal
8148,2023,13,Gremio,gremio,Franco Cristaldo,franco_cristaldo,9,9,0,1T,Normal
8148,2023,13,Gremio,gremio,Gustavo Martins,gustavo_martins,95,90,5,2T,Normal
8150,2023,13,Bragantino,bragantino,Eduardo Sasha,eduardo_sasha,17,17,0,1T,Normal
8151,2023,13,Botafogo-RJ,botafogo_rj,Luis Henrique,luis_henrique,54,54,0,2T,Normal
8151,2023,13,Botafogo-RJ,botafogo_rj,Carlos Alberto,carlos_alberto,95,90,5,2T,Normal
8152,2023,13,Atletico-MG,atletico_mg,Hulk,hulk,28,28,0,1T,Normal
8152,2023,13,America-MG,america_mg,Gonzalo Mastriani,gonzalo_mastriani,58,58,0,2T,Normal
8152,2023,13,America-MG,america_mg,Gonzalo Mastriani,gonzalo_mastriani,72,72,0,2T,Normal
8152,2023,13,Atletico-MG,atletico_mg,Matías Zaracho,matias_zaracho,2,2,0,1T,Normal
8153,2023,13,Palmeiras,palmeiras,Endrick,endrick,22,22,0,1T,Normal
8153,2023,13,Palmeiras,palmeiras,Gabriel Menino,gabriel_menino,57,57,0,2T,Normal
8153,2023,13,Athletico-PR,athletico_pr,Vitor Bueno,vitor_bueno,67,67,0,2T,Penalty
8153,2023,13,Athletico-PR,athletico_pr,Vitor Roque,vitor_roque,73,73,0,2T,Normal
8154,2023,13,Cuiaba,cuiaba,Rikelme,rikelme,86,86,0,2T,Normal
8154,2023,13,Cuiaba,cuiaba,Deyverson,deyverson,53,53,0,2T,Normal
8154,2023,13,Cuiaba,cuiaba,Denilson,denilson,75,75,0,2T,Normal
8155,2023,13,Goias,goias,Dodô,dodo,69,69,0,2T,Normal
8155,2023,13,Coritiba,coritiba,Alef Manga,alef_manga,26,26,0,1T,Normal
8155,2023,13,Coritiba,coritiba,Benjamín Kuscevic,benjamin_kuscevic,43,43,0,1T,Normal
8156,2023,14,Bahia,bahia,Alan Empereur,alan_empereur,51,51,0,2T,Gol Contra
8156,2023,14,Cuiaba,cuiaba,Deyverson,deyverson,18,18,0,1T,Penalty
8157,2023,14,Cruzeiro,cruzeiro,Machado,machado,49,45,4,1T,Normal
8158,2023,14,Corinthians,corinthians,Róger Guedes,roger_guedes,40,40,0,1T,Normal
8159,2023,14,America-MG,america_mg,Juninho,juninho,8,8,0,1T,Normal
8159,2023,14,Coritiba,coritiba,Alef Manga,alef_manga,40,40,0,1T,Penalty
8159,2023,14,Coritiba,coritiba,Robson Fernandes,robson_fernandes,44,44,0,1T,Normal
8159,2023,14,Coritiba,coritiba,Victor Luis,victor_luis,96,90,6,2T,Normal
8160,2023,14,Palmeiras,palmeiras,Eduardo Pereira Rodrigues,eduardo_pereira_rodrigues,24,24,0,1T,Normal
8160,2023,14,Flamengo,flamengo,Giorgian De Arrascaeta,giorgian_de_arrascaeta,81,81,0,2T,Normal
8161,2023,14,Santos,santos,Marcos Leonardo,marcos_leonardo,30,30,0,1T,Normal
8161,2023,14,Santos,santos,Stiven Mendoza,stiven_mendoza,46,45,1,1T,Normal
8161,2023,14,Santos,santos,Stiven Mendoza,stiven_mendoza,94,90,4,2T,Penalty
8161,2023,14,Goias,goias,Guilherme,guilherme,61,61,0,2T,Normal
8161,2023,14,Goias,goias,Guilherme,guilherme,40,40,0,1T,Penalty
8161,2023,14,Santos,santos,Marcos Leonardo,marcos_leonardo,16,16,0,1T,Normal
8161,2023,14,Goias,goias,João Magno,joao_magno,81,81,0,2T,Normal
8162,2023,14,Fluminense,fluminense,Germán Cano,german_cano,25,25,0,1T,Normal
8162,2023,14,Fluminense,fluminense,Martinelli,martinelli,40,40,0,1T,Normal
8164,2023,14,Fortaleza,fortaleza,Yago Pikachu,yago_pikachu,84,84,0,2T,Normal
8165,2023,14,Botafogo-RJ,botafogo_rj,Carlos Alberto,carlos_alberto,88,88,0,2T,Normal
8165,2023,14,Botafogo-RJ,botafogo_rj,Carlos Eduardo de Oliveira Alves,carlos_eduardo_de_oliveira_alves,75,75,0,2T,Normal
8166,2023,15,Botafogo-RJ,botafogo_rj,Carlos Eduardo de Oliveira Alves,carlos_eduardo_de_oliveira_alves,48,48,0,2T,Normal
8166,2023,15,Botafogo-RJ,botafogo_rj,Leonel Di Plácido,leonel_di_placido,60,60,0,2T,Normal
8168,2023,15,Cuiaba,cuiaba,Deyverson,deyverson,19,19,0,1T,Normal
8170,2023,15,Sao Paulo,sao_paulo,Jonathan Calleri,jonathan_calleri,46,45,1,1T,Normal
8170,2023,15,Santos,santos,Marcos Leonardo,marcos_leonardo,93,90,3,2T,Penalty
8170,2023,15,Sao Paulo,sao_paulo,David Corrêa da Fonseca,david_correa_da_fonseca,79,79,0,2T,Normal
8170,2023,15,Sao Paulo,sao_paulo,Alexandre Pato,alexandre_pato,88,88,0,2T,Normal
8170,2023,15,Sao Paulo,sao_paulo,Jonathan Calleri,jonathan_calleri,22,22,0,1T,Penalty
8171,2023,15,Athletico-PR,athletico_pr,Erick Luis Conrado Carvalho,erick_luis_conrado_carvalho,35,35,0,1T,Normal
8171,2023,15,Athletico-PR,athletico_pr,Vitor Roque,vitor_roque,24,24,0,1T,Normal
8176,2023,16,Palmeiras,palmeiras,Richard Ríos,richard_rios,8,8,0,1T,Normal
8176,2023,16,Palmeiras,palmeiras,Raphael Cavalcante Veiga,raphael_cavalcante_veiga,76,76,0,2T,Normal
8176,2023,16,Fortaleza,fortaleza,Juan Martín Lucero,juan_martin_lucero,45,45,0,1T,Penalty
8176,2023,16,Palmeiras,palmeiras,Breno Lopes,breno_lopes,96,90,6,2T,Normal
8177,2023,16,Flamengo,flamengo,Victor Hugo,victor_hugo,95,90,5,2T,Normal
8177,2023,16,America-MG,america_mg,Felipe Azevedo,felipe_azevedo,84,84,0,2T,Normal
8178,2023,16,Cuiaba,cuiaba,Isidro Pitta,isidro_pitta,78,78,0,2T,Normal
8178,2023,16,Sao Paulo,sao_paulo,Nathan,nathan,99,90,9,2T,Normal
8178,2023,16,Cuiaba,cuiaba,Clayson,clayson,66,66,0,2T,Penalty
8180,2023,16,Gremio,gremio,Ronald Falkoski,ronald_falkoski,11,11,0,1T,Normal
8183,2023,16,Goias,goias,João Magno,joao_magno,28,28,0,1T,Normal
8182,2023,16,Botafogo-RJ,botafogo_rj,Adryelson,adryelson,87,87,0,2T,Normal
8182,2023,16,Santos,santos,Marcos Leonardo,marcos_leonardo,24,24,0,1T,Normal
8182,2023,16,Santos,santos,Marcos Leonardo,marcos_leonardo,81,81,0,2T,Normal
8182,2023,16,Botafogo-RJ,botafogo_rj,Tiquinho Soares,tiquinho_soares,84,84,0,2T,Normal
8184,2023,16,Athletico-PR,athletico_pr,Vitor Bueno,vitor_bueno,80,80,0,2T,Penalty
8184,2023,16,Athletico-PR,athletico_pr,Christian Roberto Alves Cardoso,christian_roberto_alves_cardoso,71,71,0,2T,Normal
8185,2023,16,Coritiba,coritiba,Robson Fernandes,robson_fernandes,24,24,0,1T,Penalty
8185,2023,16,Coritiba,coritiba,Diogo de Oliveira Barbosa,diogo_de_oliveira_barbosa,28,28,0,1T,Normal
8186,2023,17,Fluminense,fluminense,Germán Cano,german_cano,77,77,0,2T,Normal
8187,2023,17,Cruzeiro,cruzeiro,Arthur Gomes,arthur_gomes,37,37,0,1T,Normal
8187,2023,17,Athletico-PR,athletico_pr,Madson,madson,41,41,0,1T,Normal
8187,2023,17,Cruzeiro,cruzeiro,Wesley Ribeiro Silva,wesley_ribeiro_silva,82,82,0,2T,Normal
8187,2023,17,Athletico-PR,athletico_pr,Pablo Felipe Teixeira,pablo_felipe_teixeira,78,78,0,2T,Normal
8187,2023,17,Athletico-PR,athletico_pr,Fernandinho,fernandinho,87,87,0,2T,Penalty
8187,2023,17,Cruzeiro,cruzeiro,Arthur Gomes,arthur_gomes,8,8,0,1T,Normal
8188,2023,17,Cuiaba,cuiaba,Deyverson,deyverson,88,88,0,2T,Normal
8188,2023,17,Internacional,internacional,Fabricio Bustos,fabricio_bustos,16,16,0,1T,Normal
8188,2023,17,Cuiaba,cuiaba,Raniele,raniele,44,44,0,1T,Normal
8190,2023,17,Bragantino,bragantino,Luan Cândido,luan_candido,23,23,0,1T,Normal
8190,2023,17,Bragantino,bragantino,Bruno Gonçalves,bruno_goncalves,69,69,0,2T,Normal
8190,2023,17,Bragantino,bragantino,Thiago Borbas,thiago_borbas,92,90,2,2T,Normal
8189,2023,17,Corinthians,corinthians,Maycon de Andrade Barberan,maycon_de_andrade_barberan,19,19,0,1T,Normal
8189,2023,17,Corinthians,corinthians,Yuri Alberto,yuri_alberto,62,62,0,2T,Normal
8189,2023,17,Vasco,vasco,Gabriel Pec,gabriel_pec,71,71,0,2T,Normal
8189,2023,17,Corinthians,corinthians,Róger Guedes,roger_guedes,73,73,0,2T,Penalty
8191,2023,17,Flamengo,flamengo,Giorgian De Arrascaeta,giorgian_de_arrascaeta,80,80,0,2T,Normal
8191,2023,17,Flamengo,flamengo,Wesley França,wesley_franca,87,87,0,2T,Normal
8191,2023,17,Atletico-MG,atletico_mg,Paulinho,paulinho,33,33,0,1T,Normal
8193,2023,17,Palmeiras,palmeiras,Rony,rony,26,26,0,1T,Normal
8193,2023,17,Palmeiras,palmeiras,Rony,rony,59,59,0,2T,Normal
8193,2023,17,America-MG,america_mg,Nicolas,nicolas,38,38,0,1T,Normal
8193,2023,17,Palmeiras,palmeiras,Artur Victor Guimarães,artur_victor_guimaraes,53,53,0,2T,Normal
8193,2023,17,Palmeiras,palmeiras,Murilo Cerqueira,murilo_cerqueira,18,18,0,1T,Normal
8194,2023,17,Botafogo-RJ,botafogo_rj,Gustavo Sauer,gustavo_sauer,48,45,3,1T,Normal
8194,2023,17,Botafogo-RJ,botafogo_rj,Tiquinho Soares,tiquinho_soares,36,36,0,1T,Normal
8194,2023,17,Botafogo-RJ,botafogo_rj,Tiquinho Soares,tiquinho_soares,51,51,0,2T,Normal
8194,2023,17,Botafogo-RJ,botafogo_rj,Gustavo Sauer,gustavo_sauer,3,3,0,1T,Normal
8194,2023,17,Coritiba,coritiba,Bruno Gomes,bruno_gomes,9,9,0,1T,Normal
8195,2023,17,Goias,goias,Matheus Babi,matheus_babi,77,77,0,2T,Normal
8195,2023,17,Gremio,gremio,André Henrique,andre_henrique,93,90,3,2T,Normal
8196,2023,18,Santos,santos,Marcos Leonardo,marcos_leonardo,96,90,6,2T,Penalty
8196,2023,18,Athletico-PR,athletico_pr,Pablo Felipe Teixeira,pablo_felipe_teixeira,30,30,0,1T,Normal
8197,2023,18,Goias,goias,Tobias Figueiredo,tobias_figueiredo,53,53,0,2T,Gol Contra
8198,2023,18,Internacional,internacional,Luiz Adriano,luiz_adriano,99,90,9,2T,Normal
8198,2023,18,Corinthians,corinthians,Renato Augusto,renato_augusto,13,13,0,1T,Normal
8198,2023,18,Corinthians,corinthians,Fábio Santos,fabio_santos,86,86,0,2T,Penalty
8198,2023,18,Internacional,internacional,Bruno Henrique Corsini,bruno_henrique_corsini,17,17,0,1T,Normal
8199,2023,18,Fluminense,fluminense,John Kennedy,john_kennedy,59,59,0,2T,Normal
8199,2023,18,Fluminense,fluminense,Jhon Arias,jhon_arias,15,15,0,1T,Penalty
8199,2023,18,Palmeiras,palmeiras,Gustavo Gómez,gustavo_gomez,96,90,6,2T,Normal
8200,2023,18,Vasco,vasco,Pablo Vegetti,pablo_vegetti,80,80,0,2T,Normal
8201,2023,18,Atletico-MG,atletico_mg,Hulk,hulk,4,4,0,1T,Normal
8201,2023,18,Atletico-MG,atletico_mg,Cristian Pavón,cristian_pavon,69,69,0,2T,Penalty
8202,2023,18,Bragantino,bragantino,Marcos Vinicios,marcos_vinicios,19,19,0,1T,Normal
8203,2023,18,Bahia,bahia,Cauly,cauly,60,60,0,2T,Normal
8203,2023,18,Bahia,bahia,Rafael Ratão,rafael_ratao,69,69,0,2T,Normal
8203,2023,18,America-MG,america_mg,Gonzalo Mastriani,gonzalo_mastriani,52,52,0,2T,Normal
8203,2023,18,Bahia,bahia,Everaldo Stum,everaldo_stum,26,26,0,1T,Normal
8205,2023,18,Cuiaba,cuiaba,Clayson,clayson,54,54,0,2T,Normal
8205,2023,18,Cuiaba,cuiaba,Deyverson,deyverson,80,80,0,2T,Normal
8205,2023,18,Cuiaba,cuiaba,Matheus Alexandre Anastácio de Souza,matheus_alexandre_anastacio_de_souza,46,46,0,2T,Normal
8206,2023,19,Internacional,internacional,Maurício Magalhães Prado,mauricio_magalhaes_prado,18,18,0,1T,Normal
8206,2023,19,Botafogo-RJ,botafogo_rj,Nicolás Hernández,nicolas_hernandez,58,58,0,2T,Gol Contra
8206,2023,19,Botafogo-RJ,botafogo_rj,João Victor Santos Sá,joao_victor_santos_sa,55,55,0,2T,Normal
8206,2023,19,Botafogo-RJ,botafogo_rj,Luis Henrique,luis_henrique,73,73,0,2T,Normal
8207,2023,19,Atletico-MG,atletico_mg,Paulinho,paulinho,49,49,0,2T,Normal
8208,2023,19,Goias,goias,Lucas Halter,lucas_halter,34,34,0,1T,Normal
8210,2023,19,Fluminense,fluminense,Germán Cano,german_cano,19,19,0,1T,Normal
8210,2023,19,Gremio,gremio,João Paulo Bitello,joao_paulo_bitello,25,25,0,1T,Normal
8210,2023,19,Gremio,gremio,Aldemir Ferreira,aldemir_ferreira,46,45,1,1T,Normal
8209,2023,19,Corinthians,corinthians,Yuri Alberto,yuri_alberto,54,54,0,2T,Normal
8209,2023,19,Corinthians,corinthians,Wesley Gassova,wesley_gassova,67,67,0,2T,Normal
8209,2023,19,Coritiba,coritiba,Murillo,murillo,28,28,0,1T,Gol Contra
8209,2023,19,Corinthians,corinthians,Carlos Gilberto do Nascimento Silva,carlos_gilberto_do_nascimento_silva,51,51,0,2T,Normal
8211,2023,19,Fortaleza,fortaleza,João Basso,joao_basso,80,80,0,2T,Gol Contra
8211,2023,19,Fortaleza,fortaleza,Imanol Machuca,imanol_machuca,58,58,0,2T,Normal
8211,2023,19,Fortaleza,fortaleza,Caio Alexandre,caio_alexandre,83,83,0,2T,Normal
8211,2023,19,Fortaleza,fortaleza,Bruno Pacheco,bruno_pacheco,91,90,1,2T,Normal
8212,2023,19,Sao Paulo,sao_paulo,Lucas Moura,lucas_moura,38,38,0,1T,Normal
8212,2023,19,Flamengo,flamengo,Pedro,pedro,96,90,6,2T,Penalty
8213,2023,19,Palmeiras,palmeiras,José Manuel Alberto López,jose_manuel_alberto_lopez,96,90,6,2T,Normal
8214,2023,19,Vasco,vasco,Pablo Vegetti,pablo_vegetti,32,32,0,1T,Penalty
8214,2023,19,Bragantino,bragantino,Gustavinho,gustavinho,53,45,8,1T,Normal
8215,2023,19,Athletico-PR,athletico_pr,Bruno Zapelli,bruno_zapelli,82,82,0,2T,Normal
8215,2023,19,Athletico-PR,athletico_pr,Agustín Canobbio,agustin_canobbio,45,45,0,1T,Normal
8217,2023,20,Fortaleza,fortaleza,Thiago Galhardo,thiago_galhardo,13,13,0,1T,Penalty
8218,2023,20,Palmeiras,palmeiras,Raphael Cavalcante Veiga,raphael_cavalcante_veiga,31,31,0,1T,Normal
8218,2023,20,Palmeiras,palmeiras,Richard Ríos,richard_rios,66,66,0,2T,Normal
8219,2023,20,Fluminense,fluminense,Germán Cano,german_cano,65,65,0,2T,Normal
8219,2023,20,Fluminense,fluminense,Jhon Arias,jhon_arias,89,89,0,2T,Normal
8219,2023,20,America-MG,america_mg,Felipe Azevedo,felipe_azevedo,52,52,0,2T,Normal
8219,2023,20,Fluminense,fluminense,John Kennedy,john_kennedy,58,58,0,2T,Normal
8220,2023,20,Corinthians,corinthians,Gustavo Mosquito,gustavo_mosquito,98,90,8,2T,Normal
8220,2023,20,Cruzeiro,cruzeiro,Rafael Elias,rafael_elias,45,45,0,1T,Normal
8221,2023,20,Vasco,vasco,Sergio Antonio De Luiz Junior,sergio_antonio_de_luiz_junior,5,5,0,1T,Normal
8223,2023,20,Bahia,bahia,Cauly,cauly,84,84,0,2T,Normal
8223,2023,20,Bahia,bahia,Julio Cesar de Rezende Miranda,julio_cesar_de_rezende_miranda,9,9,0,1T,Normal
8223,2023,20,Bahia,bahia,Vitor Hugo Franchescoli de Souza,vitor_hugo_franchescoli_de_souza,38,38,0,1T,Normal
8223,2023,20,Bahia,bahia,Vinicius Mingotti,vinicius_mingotti,60,60,0,2T,Normal
8224,2023,20,Santos,santos,Marcos Leonardo,marcos_leonardo,63,63,0,2T,Normal
8224,2023,20,Santos,santos,Julio Furch,julio_furch,90,90,0,2T,Normal
8224,2023,20,Gremio,gremio,Franco Cristaldo,franco_cristaldo,46,46,0,2T,Normal
8222,2023,20,Flamengo,flamengo,Gerson Santos da Silva,gerson_santos_da_silva,94,90,4,2T,Normal
8222,2023,20,Flamengo,flamengo,Gabriel Barbosa,gabriel_barbosa,19,19,0,1T,Penalty
8222,2023,20,Coritiba,coritiba,Edu,edu,46,46,0,2T,Normal
8222,2023,20,Flamengo,flamengo,Giorgian De Arrascaeta,giorgian_de_arrascaeta,31,31,0,1T,Normal
8222,2023,20,Coritiba,coritiba,Robson Fernandes,robson_fernandes,15,15,0,1T,Penalty
8225,2023,20,Goias,goias,Alesson,alesson,81,81,0,2T,Normal
8225,2023,20,Athletico-PR,athletico_pr,Vitor Roque,vitor_roque,39,39,0,1T,Normal
8227,2023,21,Goias,goias,Guilherme,guilherme,59,59,0,2T,Penalty
8227,2023,21,Corinthians,corinthians,Maycon de Andrade Barberan,maycon_de_andrade_barberan,82,82,0,2T,Normal
8228,2023,21,Bragantino,bragantino,Talisson de Almeida,talisson_de_almeida,83,83,0,2T,Normal
8228,2023,21,Bragantino,bragantino,Thiago Borbas,thiago_borbas,55,55,0,2T,Normal
8229,2023,21,Botafogo-RJ,botafogo_rj,Diego Costa,diego_costa,4,4,0,1T,Normal
8229,2023,21,Botafogo-RJ,botafogo_rj,Diego Costa,diego_costa,52,52,0,2T,Normal
8229,2023,21,Botafogo-RJ,botafogo_rj,Luis Henrique,luis_henrique,76,76,0,2T,Normal
8231,2023,21,Sao Paulo,sao_paulo,Alexandre Pato,alexandre_pato,81,81,0,2T,Normal
8231,2023,21,America-MG,america_mg,Gonzalo Mastriani,gonzalo_mastriani,61,61,0,2T,Normal
8231,2023,21,America-MG,america_mg,Rodrigo Varanda,rodrigo_varanda,90,90,0,2T,Normal
8230,2023,21,Atletico-MG,atletico_mg,Paulinho,paulinho,12,12,0,1T,Normal
8230,2023,21,Atletico-MG,atletico_mg,Paulinho,paulinho,67,67,0,2T,Normal
8232,2023,21,Palmeiras,palmeiras,Raphael Cavalcante Veiga,raphael_cavalcante_veiga,65,65,0,2T,Normal
8233,2023,21,Coritiba,coritiba,Benjamín Kuscevic,benjamin_kuscevic,68,68,0,2T,Normal
8233,2023,21,Fortaleza,fortaleza,Juan Martín Lucero,juan_martin_lucero,49,45,4,1T,Normal
8233,2023,21,Fortaleza,fortaleza,Juan Martín Lucero,juan_martin_lucero,42,42,0,1T,Penalty
8233,2023,21,Fortaleza,fortaleza,Mário Sérgio Santos Costa,mario_sergio_santos_costa,60,60,0,2T,Normal
8234,2023,21,Fluminense,fluminense,João Neto,joao_neto,87,87,0,2T,Normal
8234,2023,21,Athletico-PR,athletico_pr,Carlos de Menezes Júnior,carlos_de_menezes_junior,13,13,0,1T,Normal
8234,2023,21,Athletico-PR,athletico_pr,Vitor Roque,vitor_roque,93,90,3,2T,Normal
8234,2023,21,Fluminense,fluminense,Guga,guga,76,76,0,2T,Normal
8235,2023,21,Gremio,gremio,Luis Alberto Suárez,luis_alberto_suarez,29,29,0,1T,Normal
8235,2023,21,Gremio,gremio,Felipe Carballo,felipe_carballo,54,54,0,2T,Normal
8235,2023,21,Gremio,gremio,Pepê,pepe,78,78,0,2T,Normal
8237,2023,22,Athletico-PR,athletico_pr,Vitor Roque,vitor_roque,78,78,0,2T,Normal
8237,2023,22,Atletico-MG,atletico_mg,Paulinho,paulinho,6,6,0,1T,Normal
8238,2023,22,Flamengo,flamengo,Marlon Freitas,marlon_freitas,2,2,0,1T,Gol Contra
8238,2023,22,Botafogo-RJ,botafogo_rj,João Victor Santos Sá,joao_victor_santos_sa,19,19,0,1T,Normal
8238,2023,22,Flamengo,flamengo,Bruno Henrique,bruno_henrique,73,73,0,2T,Normal
8239,2023,22,Gremio,gremio,Luis Alberto Suárez,luis_alberto_suarez,30,30,0,1T,Normal
8239,2023,22,Gremio,gremio,Rikelme,rikelme,63,63,0,2T,Gol Contra
8241,2023,22,Fluminense,fluminense,Diogo Barbosa,diogo_barbosa,92,90,2,2T,Normal
8242,2023,22,Bahia,bahia,Ademir,ademir,45,45,0,1T,Normal
8242,2023,22,Vasco,vasco,Pablo Vegetti,pablo_vegetti,63,63,0,2T,Penalty
8244,2023,22,America-MG,america_mg,Juninho,juninho,55,55,0,2T,Normal
8244,2023,22,America-MG,america_mg,Rodrigo Varanda,rodrigo_varanda,29,29,0,1T,Normal
8246,2023,23,Athletico-PR,athletico_pr,Alex Paulo Menezes Santana,alex_paulo_menezes_santana,84,84,0,2T,Normal
8246,2023,23,Athletico-PR,athletico_pr,Vitor Bueno,vitor_bueno,97,90,7,2T,Penalty
8246,2023,23,Athletico-PR,athletico_pr,Carlos de Menezes Júnior,carlos_de_menezes_junior,27,27,0,1T,Normal
8247,2023,23,Internacional,internacional,Fabricio Bustos,fabricio_bustos,59,59,0,2T,Normal
8247,2023,23,Internacional,internacional,Renê Rodrigues Martins,rene_rodrigues_martins,70,70,0,2T,Normal
8247,2023,23,Sao Paulo,sao_paulo,Jonathan Calleri,jonathan_calleri,49,45,4,1T,Penalty
8248,2023,23,Cruzeiro,cruzeiro,Bruno Rodrigues,bruno_rodrigues,70,70,0,2T,Normal
8248,2023,23,Cruzeiro,cruzeiro,Nikão,nikao,89,89,0,2T,Normal
8248,2023,23,Cruzeiro,cruzeiro,Matheus Jussa,matheus_jussa,41,41,0,1T,Normal
8249,2023,23,Corinthians,corinthians,Pedro Henrique Silva dos Santos,pedro_henrique_silva_dos_santos,33,33,0,1T,Normal
8249,2023,23,Fortaleza,fortaleza,Juan Martín Lucero,juan_martin_lucero,26,26,0,1T,Normal
8249,2023,23,Fortaleza,fortaleza,Yago Pikachu,yago_pikachu,94,90,4,2T,Normal
8250,2023,23,Bahia,bahia,Thaciano,thaciano,30,30,0,1T,Normal
8250,2023,23,Coritiba,coritiba,Sebastián Gómez,sebastian_gomez,2,2,0,1T,Normal
8250,2023,23,Bahia,bahia,Ademir,ademir,34,34,0,1T,Normal
8250,2023,23,Coritiba,coritiba,Andrey,andrey,94,90,4,2T,Normal
8250,2023,23,Bahia,bahia,Gabriel Teixeira,gabriel_teixeira,74,74,0,2T,Normal
8250,2023,23,Bahia,bahia,Rafael Ratão,rafael_ratao,11,11,0,1T,Normal
8251,2023,23,Bragantino,bragantino,João Pedro Maturano dos Santos,joao_pedro_maturano_dos_santos,20,20,0,1T,Gol Contra
8251,2023,23,Bragantino,bragantino,Vitor Hugo Naum dos Santos,vitor_hugo_naum_dos_santos,46,45,1,1T,Normal
8252,2023,23,Cuiaba,cuiaba,Wellington Alves da Silva,wellington_alves_da_silva,41,41,0,1T,Normal
8252,2023,23,America-MG,america_mg,Rodriguinho,rodriguinho,11,11,0,1T,Normal
8252,2023,23,America-MG,america_mg,Felipe Azevedo,felipe_azevedo,32,32,0,1T,Normal
8252,2023,23,Cuiaba,cuiaba,Deyverson,deyverson,35,35,0,1T,Penalty
8253,2023,23,Palmeiras,palmeiras,Breno Lopes,breno_lopes,96,90,6,2T,Normal
8254,2023,23,Vasco,vasco,Bruno Praxedes,bruno_praxedes,23,23,0,1T,Normal
8254,2023,23,Fluminense,fluminense,Marcelo Vieira da Silva Júnior,marcelo_vieira_da_silva_junior,46,46,0,2T,Normal
8254,2023,23,Vasco,vasco,Pablo Vegetti,pablo_vegetti,50,50,0,2T,Normal
8254,2023,23,Fluminense,fluminense,Lima,lima,56,56,0,2T,Normal
8254,2023,23,Vasco,vasco,Gabriel Pec,gabriel_pec,74,74,0,2T,Normal
8254,2023,23,Vasco,vasco,Gabriel Pec,gabriel_pec,85,85,0,2T,Normal
8255,2023,23,Atletico-MG,atletico_mg,Paulinho,paulinho,81,81,0,2T,Normal
8174,2023,15,Gremio,gremio,Nathan,nathan,21,21,0,1T,Normal
8174,2023,15,Corinthians,corinthians,Lucas Veríssimo,lucas_verissimo,49,45,4,1T,Normal
8174,2023,15,Gremio,gremio,Franco Cristaldo,franco_cristaldo,27,27,0,1T,Normal
8174,2023,15,Corinthians,corinthians,Fábio Santos,fabio_santos,45,45,0,1T,Penalty
8174,2023,15,Corinthians,corinthians,Yuri Alberto,yuri_alberto,51,45,6,1T,Normal
8174,2023,15,Gremio,gremio,Everton,everton,51,51,0,2T,Normal
8174,2023,15,Corinthians,corinthians,Giuliano Victor de Paula,giuliano_victor_de_paula,67,67,0,2T,Normal
8174,2023,15,Gremio,gremio,Luis Alberto Suárez,luis_alberto_suarez,58,58,0,2T,Normal
8256,2023,24,Santos,santos,Marcos Leonardo,marcos_leonardo,73,73,0,2T,Normal
8256,2023,24,Santos,santos,Julio Furch,julio_furch,94,90,4,2T,Normal
8256,2023,24,Bahia,bahia,Camilo Cándido,camilo_candido,59,59,0,2T,Normal
8257,2023,24,Bragantino,bragantino,Jadsom,jadsom,36,36,0,1T,Normal
8257,2023,24,Bragantino,bragantino,Lucas Evangelista,lucas_evangelista,100,90,10,2T,Normal
8259,2023,24,Fluminense,fluminense,Leo Fernández,leo_fernandez,67,67,0,2T,Normal
8260,2023,24,Fortaleza,fortaleza,Juan Martín Lucero,juan_martin_lucero,53,53,0,2T,Penalty
8260,2023,24,Sao Paulo,sao_paulo,James Rodríguez,james_rodriguez,79,79,0,2T,Normal
8260,2023,24,Fortaleza,fortaleza,José Welison,jose_welison,16,16,0,1T,Normal
8261,2023,24,Vasco,vasco,Rossicley Pereira da Silva,rossicley_pereira_da_silva,34,34,0,1T,Normal
8261,2023,24,Coritiba,coritiba,Sebastián Gómez,sebastian_gomez,80,80,0,2T,Normal
8261,2023,24,Vasco,vasco,Pablo Vegetti,pablo_vegetti,50,50,0,2T,Normal
8261,2023,24,Vasco,vasco,Pablo Vegetti,pablo_vegetti,63,63,0,2T,Normal
8261,2023,24,Vasco,vasco,Zé Gabriel,ze_gabriel,8,8,0,1T,Normal
8261,2023,24,Vasco,vasco,Gabriel Pec,gabriel_pec,81,81,0,2T,Normal
8262,2023,24,Athletico-PR,athletico_pr,Erick Luis Conrado Carvalho,erick_luis_conrado_carvalho,24,24,0,1T,Normal
8262,2023,24,Athletico-PR,athletico_pr,Alex Paulo Menezes Santana,alex_paulo_menezes_santana,90,90,0,2T,Normal
8262,2023,24,Internacional,internacional,Carlos de Pena,carlos_de_pena,36,36,0,1T,Normal
8263,2023,24,Gremio,gremio,João Pedro Maturano dos Santos,joao_pedro_maturano_dos_santos,9,9,0,1T,Normal
8264,2023,24,Corinthians,corinthians,Carlos Gilberto do Nascimento Silva,carlos_gilberto_do_nascimento_silva,59,59,0,2T,Normal
8265,2023,24,Atletico-MG,atletico_mg,Paulinho,paulinho,42,42,0,1T,Normal
8175,2023,15,Vasco,vasco,Jair Rodrigues Júnior,jair_rodrigues_junior,91,90,1,2T,Normal
8245,2023,22,Sao Paulo,sao_paulo,Luciano da Rocha Neves,luciano_da_rocha_neves,58,45,13,1T,Penalty
8245,2023,22,Sao Paulo,sao_paulo,Alan Franco,alan_franco,30,30,0,1T,Normal
8245,2023,22,Coritiba,coritiba,Islam Slimani,islam_slimani,51,45,6,1T,Normal
8266,2023,25,Flamengo,flamengo,Pedro,pedro,61,61,0,2T,Penalty
8267,2023,25,Fortaleza,fortaleza,Thiago Galhardo,thiago_galhardo,44,44,0,1T,Penalty
8267,2023,25,Gremio,gremio,Luis Alberto Suárez,luis_alberto_suarez,80,80,0,2T,Normal
8268,2023,25,Sao Paulo,sao_paulo,Jonathan Calleri,jonathan_calleri,40,40,0,1T,Normal
8268,2023,25,Sao Paulo,sao_paulo,Jonathan Calleri,jonathan_calleri,47,45,2,1T,Normal
8268,2023,25,Corinthians,corinthians,Ángel Romero,angel_romero,3,3,0,1T,Normal
8269,2023,25,Cuiaba,cuiaba,Alan Empereur,alan_empereur,64,64,0,2T,Normal
8269,2023,25,Cuiaba,cuiaba,Fernando Sobral,fernando_sobral,87,87,0,2T,Normal
8269,2023,25,Cuiaba,cuiaba,Clayson,clayson,57,57,0,2T,Normal
8270,2023,25,Atletico-MG,atletico_mg,Hulk,hulk,73,73,0,2T,Normal
8270,2023,25,Atletico-MG,atletico_mg,Igor Gomes,igor_gomes,81,81,0,2T,Normal
8271,2023,25,Cruzeiro,cruzeiro,Luciano Castán,luciano_castan,21,21,0,1T,Normal
8271,2023,25,America-MG,america_mg,Martín Benítez,martin_benitez,28,28,0,1T,Normal
8273,2023,25,Santos,santos,Marcos Leonardo,marcos_leonardo,48,45,3,1T,Normal
8273,2023,25,Santos,santos,Tomás Rincón,tomas_rincon,46,45,1,1T,Normal
8273,2023,25,Santos,santos,Yeferson Soteldo,yeferson_soteldo,75,75,0,2T,Normal
8273,2023,25,Vasco,vasco,Pablo Vegetti,pablo_vegetti,31,31,0,1T,Normal
8273,2023,25,Santos,santos,Marcos Leonardo,marcos_leonardo,15,15,0,1T,Penalty
8272,2023,25,Coritiba,coritiba,Victor Luis,victor_luis,14,14,0,1T,Normal
8272,2023,25,Coritiba,coritiba,Islam Slimani,islam_slimani,48,45,3,1T,Normal
8274,2023,25,Bragantino,bragantino,Eric dos Santos Rodrigues,eric_dos_santos_rodrigues,90,90,0,2T,Normal
8274,2023,25,Bragantino,bragantino,Eduardo Sasha,eduardo_sasha,61,61,0,2T,Penalty
8274,2023,25,Palmeiras,palmeiras,Endrick,endrick,15,15,0,1T,Normal
8275,2023,25,Botafogo-RJ,botafogo_rj,Tiquinho Soares,tiquinho_soares,52,52,0,2T,Normal
8275,2023,25,Goias,goias,Lucas Halter,lucas_halter,27,27,0,1T,Normal
8276,2023,26,Goias,goias,Guilherme,guilherme,27,27,0,1T,Normal
8276,2023,26,Bahia,bahia,Everaldo Stum,everaldo_stum,37,37,0,1T,Normal
8276,2023,26,Bahia,bahia,Gabriel Teixeira,gabriel_teixeira,95,90,5,2T,Normal
8276,2023,26,Goias,goias,Matheus Babi,matheus_babi,49,45,4,1T,Normal
8276,2023,26,Bahia,bahia,Everaldo Stum,everaldo_stum,53,53,0,2T,Normal
8276,2023,26,Goias,goias,Guilherme,guilherme,47,45,2,1T,Penalty
8276,2023,26,Goias,goias,João Magno,joao_magno,50,50,0,2T,Normal
8276,2023,26,Bahia,bahia,Gilberto Moraes Júnior,gilberto_moraes_junior,18,18,0,1T,Normal
8276,2023,26,Bahia,bahia,Everaldo Stum,everaldo_stum,15,15,0,1T,Normal
8276,2023,26,Bahia,bahia,Rafael Ratão,rafael_ratao,56,56,0,2T,Normal
8278,2023,26,Flamengo,flamengo,Gerson Santos da Silva,gerson_santos_da_silva,54,54,0,2T,Normal
8278,2023,26,Corinthians,corinthians,Fábio Santos,fabio_santos,79,79,0,2T,Penalty
8279,2023,26,Internacional,internacional,Alan Patrick,alan_patrick,70,70,0,2T,Normal
8279,2023,26,Gremio,gremio,João Pedro Maturano dos Santos,joao_pedro_maturano_dos_santos,67,67,0,2T,Normal
8279,2023,26,Internacional,internacional,Enner Valencia,enner_valencia,6,6,0,1T,Normal
8279,2023,26,Gremio,gremio,Luis Alberto Suárez,luis_alberto_suarez,74,74,0,2T,Normal
8279,2023,26,Internacional,internacional,Wanderson,wanderson,49,49,0,2T,Normal
8281,2023,26,Botafogo-RJ,botafogo_rj,Júnior Santos,junior_santos,20,20,0,1T,Normal
8281,2023,26,Botafogo-RJ,botafogo_rj,Tiquinho Soares,tiquinho_soares,22,22,0,1T,Normal
8280,2023,26,Santos,santos,Tomás Rincón,tomas_rincon,46,45,1,1T,Normal
8280,2023,26,Santos,santos,Marcos Leonardo,marcos_leonardo,70,70,0,2T,Normal
8280,2023,26,Palmeiras,palmeiras,José Rafael Vivian,jose_rafael_vivian,43,43,0,1T,Normal
8282,2023,26,Athletico-PR,athletico_pr,Pablo Felipe Teixeira,pablo_felipe_teixeira,40,40,0,1T,Normal
8282,2023,26,Bragantino,bragantino,Eric dos Santos Rodrigues,eric_dos_santos_rodrigues,34,34,0,1T,Normal
8283,2023,26,Coritiba,coritiba,Islam Slimani,islam_slimani,91,90,1,2T,Normal
8283,2023,26,Atletico-MG,atletico_mg,Hulk,hulk,59,59,0,2T,Normal
8283,2023,26,Coritiba,coritiba,Matheus Bianqui,matheus_bianqui,64,64,0,2T,Normal
8284,2023,26,America-MG,america_mg,Gonzalo Mastriani,gonzalo_mastriani,23,23,0,1T,Normal
8284,2023,26,Fortaleza,fortaleza,Juan Martín Lucero,juan_martin_lucero,31,31,0,1T,Normal
8284,2023,26,Fortaleza,fortaleza,Imanol Machuca,imanol_machuca,56,56,0,2T,Normal
8284,2023,26,Fortaleza,fortaleza,Bruno Pacheco,bruno_pacheco,68,68,0,2T,Normal
8284,2023,26,America-MG,america_mg,Gonzalo Mastriani,gonzalo_mastriani,18,18,0,1T,Penalty
8286,2023,27,Gremio,gremio,Lucas Besozzi,lucas_besozzi,7,7,0,1T,Normal
8286,2023,27,Athletico-PR,athletico_pr,Bruno Zapelli,bruno_zapelli,38,38,0,1T,Normal
8286,2023,27,Athletico-PR,athletico_pr,Kaique Rocha,kaique_rocha,94,90,4,2T,Normal
8287,2023,27,Cuiaba,cuiaba,Deyverson,deyverson,24,24,0,1T,Normal
8287,2023,27,Cuiaba,cuiaba,Isidro Pitta,isidro_pitta,82,82,0,2T,Normal
8287,2023,27,Cuiaba,cuiaba,Raniele,raniele,88,88,0,2T,Normal
8288,2023,27,Botafogo-RJ,botafogo_rj,Júnior Santos,junior_santos,22,22,0,1T,Normal
8288,2023,27,Botafogo-RJ,botafogo_rj,Júnior Santos,junior_santos,50,50,0,2T,Normal
8288,2023,27,America-MG,america_mg,Martín Benítez,martin_benitez,39,39,0,1T,Normal
8289,2023,27,Goias,goias,Hugo,hugo,10,10,0,1T,Normal
8289,2023,27,Goias,goias,Everton Morelli,everton_morelli,50,45,5,1T,Normal
8291,2023,27,Vasco,vasco,Dimitri Payet,dimitri_payet,58,58,0,2T,Normal
8290,2023,27,Bahia,bahia,Gabriel Teixeira,gabriel_teixeira,44,44,0,1T,Normal
8293,2023,27,Flamengo,flamengo,Ayrton Lucas Dantas de Medeiros,ayrton_lucas_dantas_de_medeiros,39,39,0,1T,Normal
8293,2023,27,Flamengo,flamengo,Pedro,pedro,44,44,0,1T,Penalty
8292,2023,27,Atletico-MG,atletico_mg,Hulk,hulk,2,2,0,1T,Normal
8292,2023,27,Atletico-MG,atletico_mg,Paulinho,paulinho,76,76,0,2T,Normal
8294,2023,27,Santos,santos,Léo Ortiz,leo_ortiz,86,86,0,2T,Gol Contra
8294,2023,27,Bragantino,bragantino,Eduardo Sasha,eduardo_sasha,9,9,0,1T,Normal
8294,2023,27,Bragantino,bragantino,Eduardo Sasha,eduardo_sasha,29,29,0,1T,Penalty
8294,2023,27,Bragantino,bragantino,Eric dos Santos Rodrigues,eric_dos_santos_rodrigues,47,47,0,2T,Normal
8295,2023,27,Fluminense,fluminense,Lima,lima,56,56,0,2T,Normal
8295,2023,27,Fluminense,fluminense,Jhon Arias,jhon_arias,84,84,0,2T,Normal
8295,2023,27,Corinthians,corinthians,Yuri Alberto,yuri_alberto,10,10,0,1T,Normal
8295,2023,27,Corinthians,corinthians,Fábio Santos,fabio_santos,32,32,0,1T,Penalty
8295,2023,27,Fluminense,fluminense,Lima,lima,22,22,0,1T,Normal
8295,2023,27,Corinthians,corinthians,Yuri Alberto,yuri_alberto,27,27,0,1T,Normal
8296,2023,28,Cuiaba,cuiaba,Clayson,clayson,46,46,0,2T,Normal
8296,2023,28,Goias,goias,Guilherme,guilherme,53,45,8,1T,Penalty
8297,2023,28,Sao Paulo,sao_paulo,Michel Araújo,michel_araujo,21,21,0,1T,Normal
8297,2023,28,Sao Paulo,sao_paulo,Pablo Maia,pablo_maia,68,68,0,2T,Normal
8297,2023,28,Sao Paulo,sao_paulo,Luciano da Rocha Neves,luciano_da_rocha_neves,97,90,7,2T,Normal
8298,2023,28,Bahia,bahia,Kanu,kanu,22,22,0,1T,Normal
8298,2023,28,Bahia,bahia,Rafael Ratão,rafael_ratao,96,90,6,2T,Normal
8300,2023,28,Cruzeiro,cruzeiro,Jemerson de Jesus Nascimento,jemerson_de_jesus_nascimento,87,87,0,2T,Gol Contra
8301,2023,28,Flamengo,flamengo,Gerson Santos da Silva,gerson_santos_da_silva,76,76,0,2T,Normal
8302,2023,28,Internacional,internacional,Wanderson,wanderson,39,39,0,1T,Normal
8302,2023,28,Internacional,internacional,Alan Patrick,alan_patrick,14,14,0,1T,Normal
8302,2023,28,Internacional,internacional,Fabricio Bustos,fabricio_bustos,54,54,0,2T,Normal
8302,2023,28,Internacional,internacional,Kevyson,kevyson,1,1,0,1T,Gol Contra
8302,2023,28,Internacional,internacional,Enner Valencia,enner_valencia,27,27,0,1T,Normal
8302,2023,28,Internacional,internacional,Luiz Adriano,luiz_adriano,75,75,0,2T,Normal
8302,2023,28,Internacional,internacional,Enner Valencia,enner_valencia,61,61,0,2T,Normal
8302,2023,28,Santos,santos,Maximiliano Silvera,maximiliano_silvera,80,80,0,2T,Normal
8303,2023,28,Bragantino,bragantino,Eduardo Sasha,eduardo_sasha,17,17,0,1T,Penalty
8305,2023,28,Corinthians,corinthians,Giuliano Victor de Paula,giuliano_victor_de_paula,99,90,9,2T,Normal
8305,2023,28,America-MG,america_mg,Martín Benítez,martin_benitez,38,38,0,1T,Normal
8304,2023,28,Palmeiras,palmeiras,Gustavo Gómez,gustavo_gomez,33,33,0,1T,Normal
8304,2023,28,Palmeiras,palmeiras,Joaquín Piquerez,joaquin_piquerez,48,45,3,1T,Normal
8299,2023,28,Botafogo-RJ,botafogo_rj,Tiquinho Soares,tiquinho_soares,24,24,0,1T,Normal
8299,2023,28,Athletico-PR,athletico_pr,Pablo Felipe Teixeira,pablo_felipe_teixeira,41,41,0,1T,Normal
8306,2023,29,Bragantino,bragantino,Talisson de Almeida,talisson_de_almeida,84,84,0,2T,Normal
8306,2023,29,Atletico-MG,atletico_mg,Igor Gomes,igor_gomes,80,80,0,2T,Normal
8306,2023,29,Atletico-MG,atletico_mg,Hulk,hulk,36,36,0,1T,Penalty
8307,2023,29,Athletico-PR,athletico_pr,Vitor Bueno,vitor_bueno,48,45,3,1T,Normal
8307,2023,29,America-MG,america_mg,Gonzalo Mastriani,gonzalo_mastriani,12,12,0,1T,Normal
8307,2023,29,Athletico-PR,athletico_pr,Erick Luis Conrado Carvalho,erick_luis_conrado_carvalho,28,28,0,1T,Normal
8307,2023,29,America-MG,america_mg,Emmanuel Martínez,emmanuel_martinez,77,77,0,2T,Normal
8307,2023,29,Athletico-PR,athletico_pr,Pablo Felipe Teixeira,pablo_felipe_teixeira,45,45,0,1T,Normal
8308,2023,29,Fluminense,fluminense,Jhon Arias,jhon_arias,37,37,0,1T,Normal
8308,2023,29,Goias,goias,Matheus Babi,matheus_babi,13,13,0,1T,Normal
8308,2023,29,Fluminense,fluminense,Jhon Arias,jhon_arias,47,47,0,2T,Normal
8308,2023,29,Goias,goias,Julián Palacios,julian_palacios,68,68,0,2T,Normal
8308,2023,29,Fluminense,fluminense,Keno,keno,62,62,0,2T,Normal
8308,2023,29,Fluminense,fluminense,Keno,keno,53,53,0,2T,Penalty
8308,2023,29,Fluminense,fluminense,Felipe Melo,felipe_melo,17,17,0,1T,Normal
8308,2023,29,Goias,goias,Allano,allano,5,5,0,1T,Normal
8310,2023,29,Palmeiras,palmeiras,Breno Lopes,breno_lopes,16,16,0,1T,Normal
8310,2023,29,Palmeiras,palmeiras,Breno Lopes,breno_lopes,26,26,0,1T,Normal
8310,2023,29,Palmeiras,palmeiras,Joaquín Piquerez,joaquin_piquerez,87,87,0,2T,Normal
8310,2023,29,Palmeiras,palmeiras,Marcos Rocha,marcos_rocha,84,84,0,2T,Normal
8310,2023,29,Palmeiras,palmeiras,Joaquín Piquerez,joaquin_piquerez,52,45,7,1T,Penalty
8309,2023,29,Cruzeiro,cruzeiro,Marlon Rodrigues Xavier,marlon_rodrigues_xavier,53,53,0,2T,Normal
8309,2023,29,Cruzeiro,cruzeiro,Kanu,kanu,19,19,0,1T,Gol Contra
8309,2023,29,Cruzeiro,cruzeiro,Bruno Rodrigues,bruno_rodrigues,88,88,0,2T,Normal
8311,2023,29,Gremio,gremio,Aldemir Ferreira,aldemir_ferreira,76,76,0,2T,Normal
8311,2023,29,Flamengo,flamengo,Luiz Araújo,luiz_araujo,89,89,0,2T,Normal
8311,2023,29,Gremio,gremio,Nathan Fernandes,nathan_fernandes,81,81,0,2T,Normal
8311,2023,29,Gremio,gremio,André Henrique,andre_henrique,86,86,0,2T,Normal
8311,2023,29,Flamengo,flamengo,Everton Cebolinha,everton_cebolinha,42,42,0,1T,Normal
8312,2023,29,Corinthians,corinthians,Ángel Romero,angel_romero,77,77,0,2T,Normal
8313,2023,29,Internacional,internacional,Enner Valencia,enner_valencia,59,59,0,2T,Normal
8313,2023,29,Vasco,vasco,Alex Teixeira,alex_teixeira,84,84,0,2T,Normal
8313,2023,29,Internacional,internacional,Maurício Magalhães Prado,mauricio_magalhaes_prado,20,20,0,1T,Normal
8314,2023,29,Santos,santos,Matheus Bianqui,matheus_bianqui,4,4,0,1T,Gol Contra
8314,2023,29,Coritiba,coritiba,Robson Fernandes,robson_fernandes,11,11,0,1T,Penalty
8314,2023,29,Santos,santos,Marcos Leonardo,marcos_leonardo,73,73,0,2T,Normal
8317,2023,30,America-MG,america_mg,Gonzalo Mastriani,gonzalo_mastriani,49,49,0,2T,Normal
8317,2023,30,Gremio,gremio,Everton,everton,20,20,0,1T,Normal
8317,2023,30,Gremio,gremio,Reinaldo Manoel da Silva,reinaldo_manoel_da_silva,17,17,0,1T,Penalty
8317,2023,30,America-MG,america_mg,Rodriguinho,rodriguinho,3,3,0,1T,Normal
8317,2023,30,Gremio,gremio,Luis Alberto Suárez,luis_alberto_suarez,71,71,0,2T,Normal
8317,2023,30,America-MG,america_mg,Gonzalo Mastriani,gonzalo_mastriani,35,35,0,1T,Normal
8317,2023,30,Gremio,gremio,Franco Cristaldo,franco_cristaldo,78,78,0,2T,Normal
8316,2023,30,Palmeiras,palmeiras,Raphael Cavalcante Veiga,raphael_cavalcante_veiga,38,38,0,1T,Normal
8318,2023,30,Atletico-MG,atletico_mg,Paulinho,paulinho,62,62,0,2T,Normal
8318,2023,30,Atletico-MG,atletico_mg,Paulinho,paulinho,83,83,0,2T,Normal
8319,2023,30,Athletico-PR,athletico_pr,Pablo Felipe Teixeira,pablo_felipe_teixeira,7,7,0,1T,Normal
8319,2023,30,Sao Paulo,sao_paulo,Pablo Maia,pablo_maia,10,10,0,1T,Normal
8320,2023,30,Goias,goias,Matheus Babi,matheus_babi,92,90,2,2T,Normal
8320,2023,30,Vasco,vasco,Pablo Vegetti,pablo_vegetti,58,58,0,2T,Normal
8321,2023,30,Coritiba,coritiba,Maurício Garcez,mauricio_garcez,28,28,0,1T,Normal
8321,2023,30,Coritiba,coritiba,Robson Fernandes,robson_fernandes,90,90,0,2T,Penalty
8321,2023,30,Coritiba,coritiba,Matheus Bianqui,matheus_bianqui,49,45,4,1T,Normal
8321,2023,30,Internacional,internacional,Bruno Henrique Corsini,bruno_henrique_corsini,83,83,0,2T,Normal
8321,2023,30,Internacional,internacional,Alan Patrick,alan_patrick,43,43,0,1T,Penalty
8321,2023,30,Internacional,internacional,Enner Valencia,enner_valencia,102,90,12,2T,Normal
8321,2023,30,Coritiba,coritiba,Robson Fernandes,robson_fernandes,70,70,0,2T,Penalty
8322,2023,30,Santos,santos,Stiven Mendoza,stiven_mendoza,99,90,9,2T,Penalty
8322,2023,30,Corinthians,corinthians,Jean Lucas Oliveira,jean_lucas_oliveira,57,57,0,2T,Gol Contra
8323,2023,30,Cuiaba,cuiaba,Isidro Pitta,isidro_pitta,52,52,0,2T,Normal
8326,2023,31,Bahia,bahia,Everaldo Stum,everaldo_stum,40,40,0,1T,Normal
8327,2023,31,Internacional,internacional,Enner Valencia,enner_valencia,15,15,0,1T,Normal
8327,2023,31,America-MG,america_mg,Marlon,marlon,74,74,0,2T,Normal
8328,2023,31,Corinthians,corinthians,Yuri Alberto,yuri_alberto,64,64,0,2T,Normal
8330,2023,31,Santos,santos,Gustavo Nonato,gustavo_nonato,33,33,0,1T,Normal
8330,2023,31,Santos,santos,Joaquim Henrique,joaquim_henrique,89,89,0,2T,Normal
8330,2023,31,Flamengo,flamengo,Pedro,pedro,21,21,0,1T,Normal
8329,2023,31,Gremio,gremio,Mathías Villasanti,mathias_villasanti,27,27,0,1T,Normal
8329,2023,31,Gremio,gremio,Aldemir Ferreira,aldemir_ferreira,83,83,0,2T,Normal
8329,2023,31,Coritiba,coritiba,Robson Fernandes,robson_fernandes,60,60,0,2T,Penalty
8331,2023,31,Fortaleza,fortaleza,Juan Martín Lucero,juan_martin_lucero,44,44,0,1T,Normal
8331,2023,31,Atletico-MG,atletico_mg,Paulinho,paulinho,16,16,0,1T,Normal
8331,2023,31,Atletico-MG,atletico_mg,Paulinho,paulinho,56,56,0,2T,Normal
8331,2023,31,Atletico-MG,atletico_mg,Hulk,hulk,61,61,0,2T,Penalty
8332,2023,31,Palmeiras,palmeiras,Endrick,endrick,49,49,0,2T,Normal
8332,2023,31,Botafogo-RJ,botafogo_rj,Carlos Eduardo de Oliveira Alves,carlos_eduardo_de_oliveira_alves,21,21,0,1T,Normal
8332,2023,31,Palmeiras,palmeiras,Endrick,endrick,84,84,0,2T,Normal
8332,2023,31,Botafogo-RJ,botafogo_rj,Danilo Neves,danilo_neves,30,30,0,1T,Normal
8332,2023,31,Palmeiras,palmeiras,José Manuel Alberto López,jose_manuel_alberto_lopez,89,89,0,2T,Normal
8332,2023,31,Botafogo-RJ,botafogo_rj,Júnior Santos,junior_santos,36,36,0,1T,Normal
8332,2023,31,Palmeiras,palmeiras,Murilo Cerqueira,murilo_cerqueira,99,90,9,2T,Normal
8333,2023,31,Vasco,vasco,Gabriel Pec,gabriel_pec,57,57,0,2T,Normal
8333,2023,31,Vasco,vasco,Luca Orellano,luca_orellano,100,90,10,2T,Normal
8334,2023,31,Bragantino,bragantino,Thiago Borbas,thiago_borbas,45,45,0,1T,Normal
8334,2023,31,Bragantino,bragantino,Talisson de Almeida,talisson_de_almeida,90,90,0,2T,Normal
8335,2023,31,Sao Paulo,sao_paulo,Luciano da Rocha Neves,luciano_da_rocha_neves,84,84,0,2T,Normal
8336,2023,32,Gremio,gremio,Luis Alberto Suárez,luis_alberto_suarez,70,70,0,2T,Normal
8337,2023,32,America-MG,america_mg,Gonzalo Mastriani,gonzalo_mastriani,66,66,0,2T,Normal
8337,2023,32,Atletico-MG,atletico_mg,Paulinho,paulinho,80,80,0,2T,Normal
8338,2023,32,Palmeiras,palmeiras,Endrick,endrick,6,6,0,1T,Normal
8339,2023,32,Cruzeiro,cruzeiro,Bruno Rodrigues,bruno_rodrigues,92,90,2,2T,Penalty
8339,2023,32,Internacional,internacional,Maurício Magalhães Prado,mauricio_magalhaes_prado,14,14,0,1T,Normal
8339,2023,32,Internacional,internacional,Wanderson,wanderson,52,52,0,2T,Normal
8341,2023,32,Flamengo,flamengo,Pedro,pedro,45,45,0,1T,Normal
8341,2023,32,Flamengo,flamengo,Luiz Araújo,luiz_araujo,87,87,0,2T,Normal
8340,2023,32,Bragantino,bragantino,Hélio Junio Nunes de Castro,helio_junio_nunes_de_castro,29,29,0,1T,Normal
8342,2023,32,Goias,goias,Raphael Guzzo,raphael_guzzo,70,70,0,2T,Normal
8343,2023,32,Vasco,vasco,Paulo,paulo,29,29,0,1T,Normal
8347,2023,33,Coritiba,coritiba,Bruno Gomes,bruno_gomes,22,22,0,1T,Normal
8347,2023,33,Coritiba,coritiba,Marcelino Moreno,marcelino_moreno,35,35,0,1T,Normal
8347,2023,33,Coritiba,coritiba,Robson Fernandes,robson_fernandes,69,69,0,2T,Normal
8348,2023,33,Athletico-PR,athletico_pr,Willian Gomes de Siqueira,willian_gomes_de_siqueira,57,57,0,2T,Normal
8348,2023,33,Fortaleza,fortaleza,Guilherme,guilherme,54,54,0,2T,Normal
8349,2023,33,Sao Paulo,sao_paulo,Erison Danilo de Souza,erison_danilo_de_souza,93,90,3,2T,Penalty
8350,2023,33,Flamengo,flamengo,Giorgian De Arrascaeta,giorgian_de_arrascaeta,29,29,0,1T,Normal
8350,2023,33,Flamengo,flamengo,Pedro,pedro,18,18,0,1T,Normal
8350,2023,33,Flamengo,flamengo,Pedro,pedro,64,64,0,2T,Normal
8351,2023,33,Santos,santos,Julio Furch,julio_furch,87,87,0,2T,Normal
8352,2023,33,Corinthians,corinthians,Ángel Romero,angel_romero,23,23,0,1T,Normal
8352,2023,33,Atletico-MG,atletico_mg,Paulinho,paulinho,67,67,0,2T,Normal
8354,2023,33,Botafogo-RJ,botafogo_rj,Marlon Freitas,marlon_freitas,46,46,0,2T,Normal
8354,2023,33,Gremio,gremio,Luis Alberto Suárez,luis_alberto_suarez,69,69,0,2T,Normal
8354,2023,33,Gremio,gremio,Everton,everton,9,9,0,1T,Normal
8354,2023,33,Botafogo-RJ,botafogo_rj,Diego Costa,diego_costa,6,6,0,1T,Normal
8354,2023,33,Gremio,gremio,Luis Alberto Suárez,luis_alberto_suarez,50,50,0,2T,Normal
8354,2023,33,Botafogo-RJ,botafogo_rj,Júnior Santos,junior_santos,29,29,0,1T,Normal
8354,2023,33,Gremio,gremio,Luis Alberto Suárez,luis_alberto_suarez,53,53,0,2T,Normal
8353,2023,33,Cuiaba,cuiaba,Isidro Pitta,isidro_pitta,77,77,0,2T,Normal
8353,2023,33,Cuiaba,cuiaba,Ronald,ronald,98,90,8,2T,Normal
8353,2023,33,Cuiaba,cuiaba,Deyverson,deyverson,22,22,0,1T,Penalty
8356,2023,34,Coritiba,coritiba,Robson Fernandes,robson_fernandes,91,90,1,2T,Normal
8357,2023,34,Flamengo,flamengo,Giorgian De Arrascaeta,giorgian_de_arrascaeta,47,45,2,1T,Normal
8357,2023,34,Fluminense,fluminense,Yony González,yony_gonzalez,62,62,0,2T,Normal
8358,2023,34,Palmeiras,palmeiras,Endrick,endrick,59,59,0,2T,Normal
8358,2023,34,Palmeiras,palmeiras,Rony,rony,88,88,0,2T,Normal
8358,2023,34,Palmeiras,palmeiras,José Rafael Vivian,jose_rafael_vivian,38,38,0,1T,Normal
8359,2023,34,Botafogo-RJ,botafogo_rj,João Victor Santos Sá,joao_victor_santos_sa,35,35,0,1T,Normal
8359,2023,34,Botafogo-RJ,botafogo_rj,Carlos Eduardo de Oliveira Alves,carlos_eduardo_de_oliveira_alves,37,37,0,1T,Normal
8359,2023,34,Bragantino,bragantino,Thiago Borbas,thiago_borbas,3,3,0,1T,Normal
8359,2023,34,Bragantino,bragantino,Thiago Borbas,thiago_borbas,96,90,6,2T,Normal
8360,2023,34,Corinthians,corinthians,Ángel Romero,angel_romero,32,32,0,1T,Normal
8362,2023,34,Vasco,vasco,Dimitri Payet,dimitri_payet,94,90,4,2T,Normal
8362,2023,34,America-MG,america_mg,Gonzalo Mastriani,gonzalo_mastriani,13,13,0,1T,Normal
8362,2023,34,Vasco,vasco,Pablo Vegetti,pablo_vegetti,4,4,0,1T,Normal
8363,2023,34,Atletico-MG,atletico_mg,Hulk,hulk,41,41,0,1T,Penalty
8363,2023,34,Atletico-MG,atletico_mg,Guilherme Arana,guilherme_arana,70,70,0,2T,Normal
8363,2023,34,Goias,goias,Dodô,dodo,88,88,0,2T,Normal
8365,2023,34,Cuiaba,cuiaba,Deyverson,deyverson,6,6,0,1T,Normal
8365,2023,34,Fortaleza,fortaleza,Yago Pikachu,yago_pikachu,98,90,8,2T,Normal
8365,2023,34,Cuiaba,cuiaba,Isidro Pitta,isidro_pitta,92,90,2,2T,Penalty
8364,2023,34,Athletico-PR,athletico_pr,Agustín Canobbio,agustin_canobbio,87,87,0,2T,Normal
8364,2023,34,Bahia,bahia,Everaldo Stum,everaldo_stum,73,73,0,2T,Penalty
8324,2023,30,Cruzeiro,cruzeiro,Bruno Rodrigues,bruno_rodrigues,80,80,0,2T,Normal
8345,2023,32,Fluminense,fluminense,Germán Cano,german_cano,54,54,0,2T,Normal
8355,2023,33,Cruzeiro,cruzeiro,Arthur Gomes,arthur_gomes,41,41,0,1T,Normal
8355,2023,33,Vasco,vasco,José Luis Rodríguez Bebanz,jose_luis_rodriguez_bebanz,15,15,0,1T,Normal
8355,2023,33,Cruzeiro,cruzeiro,Bruno Rodrigues,bruno_rodrigues,54,45,9,1T,Penalty
8355,2023,33,Vasco,vasco,Gabriel Pec,gabriel_pec,77,77,0,2T,Normal
8315,2023,29,Botafogo-RJ,botafogo_rj,Danilo Barbosa da Silva,danilo_barbosa_da_silva,78,78,0,2T,Normal
8315,2023,29,Botafogo-RJ,botafogo_rj,Emanuel Brítez,emanuel_britez,20,20,0,1T,Gol Contra
8315,2023,29,Fortaleza,fortaleza,Yago Pikachu,yago_pikachu,8,8,0,1T,Normal
8315,2023,29,Fortaleza,fortaleza,Guilherme,guilherme,41,41,0,1T,Normal
8325,2023,30,Flamengo,flamengo,Giorgian De Arrascaeta,giorgian_de_arrascaeta,75,75,0,2T,Normal
8366,2023,35,Bahia,bahia,Julio Cesar de Rezende Miranda,julio_cesar_de_rezende_miranda,4,4,0,1T,Normal
8366,2023,35,Bahia,bahia,Thaciano,thaciano,85,85,0,2T,Penalty
8366,2023,35,Bahia,bahia,Cauly,cauly,16,16,0,1T,Normal
8366,2023,35,Bahia,bahia,Ademir,ademir,75,75,0,2T,Normal
8366,2023,35,Corinthians,corinthians,Renato Augusto,renato_augusto,67,67,0,2T,Normal
8366,2023,35,Bahia,bahia,Thaciano,thaciano,29,29,0,1T,Penalty
8368,2023,35,Fluminense,fluminense,John Kennedy,john_kennedy,63,63,0,2T,Normal
8368,2023,35,Coritiba,coritiba,Jesé Rodríguez,jese_rodriguez,90,90,0,2T,Normal
8368,2023,35,Fluminense,fluminense,Germán Cano,german_cano,46,45,1,1T,Normal
8369,2023,35,Atletico-MG,atletico_mg,Hulk,hulk,58,58,0,2T,Normal
8369,2023,35,Atletico-MG,atletico_mg,Guilherme Arana,guilherme_arana,25,25,0,1T,Normal
8369,2023,35,Atletico-MG,atletico_mg,Matías Zaracho,matias_zaracho,50,50,0,2T,Normal
8370,2023,35,Botafogo-RJ,botafogo_rj,Danilo Barbosa da Silva,danilo_barbosa_da_silva,11,11,0,1T,Normal
8370,2023,35,Santos,santos,Messias Rodrigues da Silva Júnior,messias_rodrigues_da_silva_junior,90,90,0,2T,Normal
8373,2023,35,Internacional,internacional,Enner Valencia,enner_valencia,30,30,0,1T,Penalty
8371,2023,35,Flamengo,flamengo,Pedro,pedro,50,50,0,2T,Normal
8371,2023,35,Flamengo,flamengo,Éverton Ribeiro,everton_ribeiro,85,85,0,2T,Normal
8371,2023,35,Flamengo,flamengo,Everton Cebolinha,everton_cebolinha,29,29,0,1T,Normal
8374,2023,35,Palmeiras,palmeiras,Raphael Cavalcante Veiga,raphael_cavalcante_veiga,66,66,0,2T,Normal
8374,2023,35,Palmeiras,palmeiras,José Rafael Vivian,jose_rafael_vivian,77,77,0,2T,Normal
8374,2023,35,Fortaleza,fortaleza,Thiago Galhardo,thiago_galhardo,20,20,0,1T,Normal
8374,2023,35,Fortaleza,fortaleza,Calebe Gonçalves Ferreira da Silva,calebe_goncalves_ferreira_da_silva,70,70,0,2T,Normal
8375,2023,35,Cruzeiro,cruzeiro,Robert,robert,96,90,6,2T,Normal
8376,2023,36,Vasco,vasco,Pablo Vegetti,pablo_vegetti,25,25,0,1T,Normal
8376,2023,36,Corinthians,corinthians,Giovane,giovane,94,90,4,2T,Normal
8376,2023,36,Corinthians,corinthians,Ángel Romero,angel_romero,13,13,0,1T,Normal
8376,2023,36,Corinthians,corinthians,Ángel Romero,angel_romero,45,45,0,1T,Normal
8376,2023,36,Vasco,vasco,José Luis Rodríguez Bebanz,jose_luis_rodriguez_bebanz,3,3,0,1T,Normal
8376,2023,36,Corinthians,corinthians,Gabriel Moscardo,gabriel_moscardo,61,61,0,2T,Normal
8377,2023,36,Fluminense,fluminense,Martinelli,martinelli,10,10,0,1T,Normal
8377,2023,36,Fluminense,fluminense,Jhon Arias,jhon_arias,36,36,0,1T,Normal
8377,2023,36,Fluminense,fluminense,Germán Cano,german_cano,59,59,0,2T,Normal
8378,2023,36,Atletico-MG,atletico_mg,Paulinho,paulinho,8,8,0,1T,Normal
8378,2023,36,Atletico-MG,atletico_mg,Edenílson Andrade dos Santos,edenilson_andrade_dos_santos,47,47,0,2T,Normal
8378,2023,36,Atletico-MG,atletico_mg,Rubens,rubens,82,82,0,2T,Normal
8380,2023,36,Internacional,internacional,Enner Valencia,enner_valencia,52,52,0,2T,Normal
8380,2023,36,Internacional,internacional,Pedro Henrique Konzen,pedro_henrique_konzen,89,89,0,2T,Normal
8379,2023,36,Sao Paulo,sao_paulo,Caio Paulista,caio_paulista,97,90,7,2T,Normal
8381,2023,36,Coritiba,coritiba,Edu,edu,99,90,9,2T,Normal
8381,2023,36,Botafogo-RJ,botafogo_rj,Tiquinho Soares,tiquinho_soares,97,90,7,2T,Penalty
8382,2023,36,Palmeiras,palmeiras,José Manuel Alberto López,jose_manuel_alberto_lopez,88,88,0,2T,Normal
8382,2023,36,Palmeiras,palmeiras,José Manuel Alberto López,jose_manuel_alberto_lopez,92,90,2,2T,Normal
8382,2023,36,Palmeiras,palmeiras,Éder,eder,40,40,0,1T,Gol Contra
8382,2023,36,Palmeiras,palmeiras,Endrick,endrick,2,2,0,1T,Normal
8383,2023,36,Goias,goias,Everton Morelli,everton_morelli,28,28,0,1T,Normal
8383,2023,36,Gremio,gremio,Aldemir Ferreira,aldemir_ferreira,50,50,0,2T,Normal
8383,2023,36,Gremio,gremio,Franco Cristaldo,franco_cristaldo,56,56,0,2T,Normal
8384,2023,36,Cruzeiro,cruzeiro,Matheus Pereira,matheus_pereira,84,84,0,2T,Normal
8384,2023,36,Athletico-PR,athletico_pr,Vitor Roque,vitor_roque,65,65,0,2T,Normal
8385,2023,36,Fortaleza,fortaleza,Yago Pikachu,yago_pikachu,14,14,0,1T,Normal
8385,2023,36,Fortaleza,fortaleza,Calebe Gonçalves Ferreira da Silva,calebe_goncalves_ferreira_da_silva,23,23,0,1T,Normal
8385,2023,36,Bragantino,bragantino,Eduardo Sasha,eduardo_sasha,48,45,3,1T,Normal
8386,2023,37,Internacional,internacional,Wanderson,wanderson,66,66,0,2T,Normal
8386,2023,37,Corinthians,corinthians,Ángel Romero,angel_romero,57,57,0,2T,Normal
8386,2023,37,Internacional,internacional,Maurício Magalhães Prado,mauricio_magalhaes_prado,35,35,0,1T,Normal
8387,2023,37,Sao Paulo,sao_paulo,Luciano da Rocha Neves,luciano_da_rocha_neves,91,90,1,2T,Penalty
8387,2023,37,Atletico-MG,atletico_mg,Hulk,hulk,77,77,0,2T,Normal
8387,2023,37,Atletico-MG,atletico_mg,Paulinho,paulinho,94,90,4,2T,Normal
8388,2023,37,Flamengo,flamengo,Pedro,pedro,49,45,4,1T,Normal
8388,2023,37,Cuiaba,cuiaba,Clayson,clayson,79,79,0,2T,Penalty
8388,2023,37,Flamengo,flamengo,Luiz Araújo,luiz_araujo,6,6,0,1T,Normal
8389,2023,37,Palmeiras,palmeiras,Breno Lopes,breno_lopes,30,30,0,1T,Normal
8391,2023,37,America-MG,america_mg,Renato Marques,renato_marques,47,47,0,2T,Normal
8391,2023,37,Bahia,bahia,Ademir,ademir,57,57,0,2T,Normal
8391,2023,37,Bahia,bahia,Everaldo Stum,everaldo_stum,26,26,0,1T,Penalty
8391,2023,37,America-MG,america_mg,Ricardo Silva,ricardo_silva,29,29,0,1T,Normal
8391,2023,37,America-MG,america_mg,Renato Marques,renato_marques,38,38,0,1T,Normal
8392,2023,37,Fortaleza,fortaleza,Guilherme,guilherme,6,6,0,1T,Normal
8393,2023,37,Bragantino,bragantino,Léo Ortiz,leo_ortiz,75,75,0,2T,Normal
8395,2023,37,Athletico-PR,athletico_pr,Vitor Bueno,vitor_bueno,51,45,6,1T,Normal
8395,2023,37,Athletico-PR,athletico_pr,Madson,madson,75,75,0,2T,Normal
8395,2023,37,Athletico-PR,athletico_pr,Willian Gomes de Siqueira,willian_gomes_de_siqueira,93,90,3,2T,Normal
8394,2023,37,Gremio,gremio,Luis Alberto Suárez,luis_alberto_suarez,46,46,0,2T,Normal
8396,2023,38,Goias,goias,Luis Felipe Oyama,luis_felipe_oyama,33,33,0,1T,Normal
8397,2023,38,Botafogo-RJ,botafogo_rj,Janderson,janderson,47,47,0,2T,Normal
8397,2023,38,Internacional,internacional,Enner Valencia,enner_valencia,19,19,0,1T,Normal
8397,2023,38,Internacional,internacional,Alan Patrick,alan_patrick,50,50,0,2T,Normal
8397,2023,38,Internacional,internacional,Pedro Henrique Konzen,pedro_henrique_konzen,53,53,0,2T,Normal
8398,2023,38,Corinthians,corinthians,Fausto Vera,fausto_vera,11,11,0,1T,Normal
8398,2023,38,Corinthians,corinthians,Ángel Romero,angel_romero,21,21,0,1T,Normal
8399,2023,38,Gremio,gremio,Luis Alberto Suárez,luis_alberto_suarez,64,64,0,2T,Penalty
8399,2023,38,Gremio,gremio,Luis Alberto Suárez,luis_alberto_suarez,43,43,0,1T,Normal
8399,2023,38,Gremio,gremio,Everton,everton,45,45,0,1T,Normal
8399,2023,38,Fluminense,fluminense,Jhon Arias,jhon_arias,34,34,0,1T,Penalty
8399,2023,38,Fluminense,fluminense,John Kennedy,john_kennedy,81,81,0,2T,Normal
8400,2023,38,Cruzeiro,cruzeiro,Nikão,nikao,80,80,0,2T,Normal
8400,2023,38,Palmeiras,palmeiras,Endrick,endrick,21,21,0,1T,Normal
8401,2023,38,Bahia,bahia,Cauly,cauly,11,11,0,1T,Normal
8401,2023,38,Atletico-MG,atletico_mg,Paulinho,paulinho,36,36,0,1T,Normal
8401,2023,38,Bahia,bahia,Luciano Juba,luciano_juba,52,45,7,1T,Normal
8401,2023,38,Bahia,bahia,Thaciano,thaciano,67,67,0,2T,Normal
8401,2023,38,Bahia,bahia,Ademir,ademir,92,90,2,2T,Normal
8402,2023,38,Cuiaba,cuiaba,Clayson,clayson,13,13,0,1T,Penalty
8402,2023,38,Cuiaba,cuiaba,Clayson,clayson,96,90,6,2T,Normal
8402,2023,38,Cuiaba,cuiaba,Derik Lacerda,derik_lacerda,17,17,0,1T,Normal
8403,2023,38,Fortaleza,fortaleza,Mário Sérgio Santos Costa,mario_sergio_santos_costa,39,39,0,1T,Normal
8403,2023,38,Fortaleza,fortaleza,Juan Martín Lucero,juan_martin_lucero,96,90,6,2T,Normal
8403,2023,38,Santos,santos,Messias Rodrigues da Silva Júnior,messias_rodrigues_da_silva_junior,58,58,0,2T,Normal
8404,2023,38,Sao Paulo,sao_paulo,Luciano da Rocha Neves,luciano_da_rocha_neves,26,26,0,1T,Normal
8405,2023,38,Vasco,vasco,Sergio Antonio De Luiz Junior,sergio_antonio_de_luiz_junior,82,82,0,2T,Normal
8405,2023,38,Bragantino,bragantino,Léo Ortiz,leo_ortiz,63,63,0,2T,Normal
8405,2023,38,Vasco,vasco,Paulinho,paulinho,29,29,0,1T,Normal
8406,2024,1,Bahia,bahia,Gabriel Teixeira,gabriel_teixeira,70,70,0,2T,Normal
8406,2024,1,Internacional,internacional,Wesley Ribeiro Silva,wesley_ribeiro_silva,72,72,0,2T,Normal
8406,2024,1,Internacional,internacional,Fernando Reges,fernando_reges,83,83,0,2T,Normal
8407,2024,1,Criciuma,criciuma,Renato Kayzer,renato_kayzer,36,36,0,1T,Normal
8407,2024,1,Juventude,juventude,Jean Carlos,jean_carlos,64,64,0,2T,Normal
8408,2024,1,Fluminense,fluminense,Lima,lima,68,68,0,2T,Normal
8408,2024,1,Bragantino,bragantino,Eduardo Sasha,eduardo_sasha,47,47,0,2T,Normal
8408,2024,1,Bragantino,bragantino,Thiago Borbas,thiago_borbas,52,52,0,2T,Normal
8408,2024,1,Fluminense,fluminense,Lima,lima,49,45,4,1T,Normal
8409,2024,1,Fortaleza,fortaleza,Juan Martín Lucero,juan_martin_lucero,66,66,0,2T,Normal
8409,2024,1,Fortaleza,fortaleza,Imanol Machuca,imanol_machuca,80,80,0,2T,Normal
8409,2024,1,Sao Paulo,sao_paulo,André Silva,andre_silva,84,84,0,2T,Normal
8411,2024,1,Athletico-PR,athletico_pr,Gonzalo Mastriani,gonzalo_mastriani,81,81,0,2T,Normal
8411,2024,1,Athletico-PR,athletico_pr,Pablo Felipe Teixeira,pablo_felipe_teixeira,23,23,0,1T,Normal
8411,2024,1,Athletico-PR,athletico_pr,Agustín Canobbio,agustin_canobbio,37,37,0,1T,Normal
8411,2024,1,Athletico-PR,athletico_pr,Leonardo Godoy,leonardo_godoy,39,39,0,1T,Normal
8410,2024,1,Gremio,gremio,Gustavo Martins,gustavo_martins,68,68,0,2T,Normal
8410,2024,1,Vasco,vasco,David Corrêa da Fonseca,david_correa_da_fonseca,24,24,0,1T,Normal
8410,2024,1,Vasco,vasco,Mateus Carvalho,mateus_carvalho,37,37,0,1T,Normal
8412,2024,1,Atletico-GO,atletico_go,Luiz Fernando Moraes dos Santos,luiz_fernando_moraes_dos_santos,63,63,0,2T,Normal
8412,2024,1,Flamengo,flamengo,Pedro,pedro,103,90,13,2T,Penalty
8412,2024,1,Flamengo,flamengo,Nicolás de la Cruz,nicolas_de_la_cruz,51,45,6,1T,Normal
8414,2024,1,Cruzeiro,cruzeiro,Rafael da Silva,rafael_da_silva,64,64,0,2T,Normal
8414,2024,1,Cruzeiro,cruzeiro,Rafael Elias,rafael_elias,91,90,1,2T,Normal
8414,2024,1,Botafogo-RJ,botafogo_rj,Tiquinho Soares,tiquinho_soares,5,5,0,1T,Normal
8414,2024,1,Cruzeiro,cruzeiro,Lucas Silva Borges,lucas_silva_borges,20,20,0,1T,Normal
8414,2024,1,Botafogo-RJ,botafogo_rj,Danilo Barbosa da Silva,danilo_barbosa_da_silva,83,83,0,2T,Normal
8415,2024,1,Palmeiras,palmeiras,Richard Ríos,richard_rios,20,20,0,1T,Normal
8416,2024,2,Bahia,bahia,Caio Alexandre,caio_alexandre,34,34,0,1T,Normal
8416,2024,2,Bahia,bahia,Cauly,cauly,61,61,0,2T,Normal
8416,2024,2,Fluminense,fluminense,Germán Cano,german_cano,4,4,0,1T,Normal
8418,2024,2,Gremio,gremio,Yeferson Soteldo,yeferson_soteldo,51,51,0,2T,Normal
8418,2024,2,Gremio,gremio,Franco Cristaldo,franco_cristaldo,19,19,0,1T,Normal
8417,2024,2,Bragantino,bragantino,Ignacio Laquintana,ignacio_laquintana,7,7,0,1T,Normal
8417,2024,2,Bragantino,bragantino,Vitor Hugo Naum dos Santos,vitor_hugo_naum_dos_santos,78,78,0,2T,Normal
8417,2024,2,Vasco,vasco,Pablo Vegetti,pablo_vegetti,63,63,0,2T,Normal
8421,2024,2,Atletico-MG,atletico_mg,Gustavo Scarpa,gustavo_scarpa,40,40,0,1T,Normal
8421,2024,2,Criciuma,criciuma,Matheus Leonardo Sales Cardoso,matheus_leonardo_sales_cardoso,84,84,0,2T,Normal
8419,2024,2,Fortaleza,fortaleza,Hércules,hercules,19,19,0,1T,Normal
8419,2024,2,Cruzeiro,cruzeiro,Mateus Vital,mateus_vital,89,89,0,2T,Normal
8422,2024,2,Juventude,juventude,Jean Carlos,jean_carlos,53,53,0,2T,Normal
8422,2024,2,Juventude,juventude,Lucas Barbosa,lucas_barbosa,59,59,0,2T,Normal
8420,2024,2,Internacional,internacional,Wesley Ribeiro Silva,wesley_ribeiro_silva,45,45,0,1T,Normal
8423,2024,2,Flamengo,flamengo,Luiz Araújo,luiz_araujo,20,20,0,1T,Normal
8423,2024,2,Flamengo,flamengo,Nicolás de la Cruz,nicolas_de_la_cruz,54,54,0,2T,Normal
8423,2024,2,Sao Paulo,sao_paulo,Aldemir Ferreira,aldemir_ferreira,79,79,0,2T,Normal
8424,2024,2,Botafogo-RJ,botafogo_rj,Mateo Ponte,mateo_ponte,32,32,0,1T,Normal
8426,2024,3,Fluminense,fluminense,Paulo Henrique Ganso,paulo_henrique_ganso,10,10,0,1T,Normal
8426,2024,3,Fluminense,fluminense,Martinelli,martinelli,53,53,0,2T,Normal
8426,2024,3,Vasco,vasco,Pablo Vegetti,pablo_vegetti,55,55,0,2T,Normal
8428,2024,3,Gremio,gremio,Franco Cristaldo,franco_cristaldo,44,44,0,1T,Normal
8427,2024,3,Bragantino,bragantino,Vitor Hugo Naum dos Santos,vitor_hugo_naum_dos_santos,5,5,0,1T,Normal
8429,2024,3,Atletico-MG,atletico_mg,Matías Zaracho,matias_zaracho,25,25,0,1T,Normal
8429,2024,3,Atletico-MG,atletico_mg,Paulinho,paulinho,35,35,0,1T,Normal
8429,2024,3,Atletico-MG,atletico_mg,Guilherme Arana,guilherme_arana,47,45,2,1T,Normal
8431,2024,3,Vitoria,vitoria,Matheus Martins Fogaça de Paulo,matheus_martins_fogaca_de_paulo,20,20,0,1T,Normal
8431,2024,3,Vitoria,vitoria,Wagner Leonardo,wagner_leonardo,57,57,0,2T,Normal
8431,2024,3,Bahia,bahia,Gabriel Teixeira,gabriel_teixeira,69,69,0,2T,Normal
8431,2024,3,Bahia,bahia,Everaldo Stum,everaldo_stum,72,72,0,2T,Normal
8432,2024,3,Athletico-PR,athletico_pr,Agustín Canobbio,agustin_canobbio,71,71,0,2T,Normal
8434,2024,3,Sao Paulo,sao_paulo,Luciano da Rocha Neves,luciano_da_rocha_neves,52,52,0,2T,Penalty
8434,2024,3,Sao Paulo,sao_paulo,Jonathan Calleri,jonathan_calleri,14,14,0,1T,Normal
8434,2024,3,Sao Paulo,sao_paulo,Aldemir Ferreira,aldemir_ferreira,76,76,0,2T,Normal
8433,2024,3,Botafogo-RJ,botafogo_rj,Jacob Montes,jacob_montes,80,80,0,2T,Normal
8433,2024,3,Botafogo-RJ,botafogo_rj,Júnior Santos,junior_santos,4,4,0,1T,Normal
8433,2024,3,Juventude,juventude,Danilo Boza,danilo_boza,85,85,0,2T,Normal
8433,2024,3,Botafogo-RJ,botafogo_rj,Danilo Barbosa da Silva,danilo_barbosa_da_silva,53,53,0,2T,Normal
8433,2024,3,Botafogo-RJ,botafogo_rj,Tiquinho Soares,tiquinho_soares,9,9,0,1T,Penalty
8433,2024,3,Botafogo-RJ,botafogo_rj,Jefferson Savarino,jefferson_savarino,61,61,0,2T,Normal
8436,2024,4,Criciuma,criciuma,Yannick Bolasie,yannick_bolasie,55,55,0,2T,Normal
8436,2024,4,Criciuma,criciuma,Higor Meritão,higor_meritao,69,69,0,2T,Normal
8436,2024,4,Criciuma,criciuma,Fellipe Mateus,fellipe_mateus,32,32,0,1T,Normal
8436,2024,4,Criciuma,criciuma,Fellipe Mateus,fellipe_mateus,47,47,0,2T,Normal
8437,2024,4,Atletico-MG,atletico_mg,Paulinho,paulinho,78,78,0,2T,Penalty
8437,2024,4,Atletico-MG,atletico_mg,Eduardo Vargas,eduardo_vargas,28,28,0,1T,Normal
8437,2024,4,Atletico-MG,atletico_mg,Gustavo Scarpa,gustavo_scarpa,61,61,0,2T,Normal
8438,2024,4,Bahia,bahia,Everaldo Stum,everaldo_stum,17,17,0,1T,Normal
8439,2024,4,Botafogo-RJ,botafogo_rj,Luiz Henrique,luiz_henrique,53,53,0,2T,Normal
8439,2024,4,Botafogo-RJ,botafogo_rj,Jefferson Savarino,jefferson_savarino,93,90,3,2T,Normal
8441,2024,4,Vitoria,vitoria,Lucas Silva Borges,lucas_silva_borges,52,52,0,2T,Gol Contra
8441,2024,4,Cruzeiro,cruzeiro,Arthur Gomes,arthur_gomes,75,75,0,2T,Normal
8441,2024,4,Cruzeiro,cruzeiro,Matheus Pereira,matheus_pereira,50,50,0,2T,Normal
8441,2024,4,Cruzeiro,cruzeiro,Rafael da Silva,rafael_da_silva,58,58,0,2T,Normal
8440,2024,4,Corinthians,corinthians,Wesley Gassova Ribeiro Teixeira,wesley_gassova_ribeiro_teixeira,47,45,2,1T,Normal
8440,2024,4,Corinthians,corinthians,Cacá,caca,47,47,0,2T,Normal
8440,2024,4,Corinthians,corinthians,Wesley Gassova Ribeiro Teixeira,wesley_gassova_ribeiro_teixeira,40,40,0,1T,Normal
8442,2024,4,Fortaleza,fortaleza,Kervin Andrade,kervin_andrade,9,9,0,1T,Normal
8442,2024,4,Bragantino,bragantino,Eduardo Sasha,eduardo_sasha,40,40,0,1T,Normal
8443,2024,4,Athletico-PR,athletico_pr,Nikão,nikao,73,73,0,2T,Normal
8443,2024,4,Juventude,juventude,Erick Farias,erick_farias,8,8,0,1T,Normal
8444,2024,4,Internacional,internacional,Rafael Santos Borré,rafael_santos_borre,55,55,0,2T,Normal
8444,2024,4,Atletico-GO,atletico_go,Derek,derek,50,50,0,2T,Normal
8446,2024,5,Fluminense,fluminense,Renato Augusto,renato_augusto,61,61,0,2T,Normal
8446,2024,5,Atletico-MG,atletico_mg,Eduardo Vargas,eduardo_vargas,73,73,0,2T,Normal
8446,2024,5,Atletico-MG,atletico_mg,Eduardo Vargas,eduardo_vargas,79,79,0,2T,Normal
8446,2024,5,Fluminense,fluminense,Germán Cano,german_cano,4,4,0,1T,Normal
8447,2024,5,Flamengo,flamengo,Bruno Henrique,bruno_henrique,79,79,0,2T,Normal
8447,2024,5,Bragantino,bragantino,Pedro Henrique Ribeiro Gonçalves,pedro_henrique_ribeiro_goncalves,30,30,0,1T,Normal
8449,2024,5,Athletico-PR,athletico_pr,Erick Luis Conrado Carvalho,erick_luis_conrado_carvalho,26,26,0,1T,Normal
8450,2024,5,Sao Paulo,sao_paulo,Luciano da Rocha Neves,luciano_da_rocha_neves,45,45,0,1T,Normal
8450,2024,5,Sao Paulo,sao_paulo,Luciano da Rocha Neves,luciano_da_rocha_neves,53,53,0,2T,Normal
8450,2024,5,Sao Paulo,sao_paulo,Nahuel Ferraresi,nahuel_ferraresi,84,84,0,2T,Normal
8450,2024,5,Vitoria,vitoria,Willian,willian,49,49,0,2T,Normal
8451,2024,5,Bahia,bahia,Rafael Ratão,rafael_ratao,86,86,0,2T,Normal
8451,2024,5,Bahia,bahia,Everaldo Stum,everaldo_stum,48,45,3,1T,Penalty
8451,2024,5,Botafogo-RJ,botafogo_rj,Jefferson Ruan Pereira dos Santos,jefferson_ruan_pereira_dos_santos,63,63,0,2T,Normal
8452,2024,5,Palmeiras,palmeiras,Lázaro Vinícius,lazaro_vinicius,46,45,1,1T,Normal
8452,2024,5,Palmeiras,palmeiras,Estêvão,estevao,71,71,0,2T,Penalty
8456,2024,6,Flamengo,flamengo,Pedro,pedro,20,20,0,1T,Normal
8456,2024,6,Flamengo,flamengo,Lorran Lucas Pereira de Souza,lorran_lucas_pereira_de_souza,63,63,0,2T,Normal
8459,2024,6,Fortaleza,fortaleza,Tomás Pochettino,tomas_pochettino,10,10,0,1T,Normal
8459,2024,6,Botafogo-RJ,botafogo_rj,Danilo Barbosa da Silva,danilo_barbosa_da_silva,41,41,0,1T,Normal
8457,2024,6,Athletico-PR,athletico_pr,Pablo Felipe Teixeira,pablo_felipe_teixeira,54,45,9,1T,Normal
8457,2024,6,Athletico-PR,athletico_pr,Gustavo Gómez,gustavo_gomez,59,59,0,2T,Gol Contra
8458,2024,6,Cruzeiro,cruzeiro,Matheus Pereira,matheus_pereira,81,81,0,2T,Normal
8460,2024,6,Vasco,vasco,Maicon Pereira Roque,maicon_pereira_roque,50,50,0,2T,Normal
8460,2024,6,Vasco,vasco,Pablo Vegetti,pablo_vegetti,56,56,0,2T,Normal
8460,2024,6,Vitoria,vitoria,Iury Lirio Freitas de Castilho,iury_lirio_freitas_de_castilho,89,89,0,2T,Normal
8461,2024,6,Bahia,bahia,Thaciano,thaciano,37,37,0,1T,Normal
8462,2024,6,Sao Paulo,sao_paulo,Damián Bobadilla,damian_bobadilla,32,32,0,1T,Normal
8462,2024,6,Sao Paulo,sao_paulo,Robert Arboleda,robert_arboleda,84,84,0,2T,Normal
8462,2024,6,Fluminense,fluminense,Igor Vinícius,igor_vinicius,28,28,0,1T,Gol Contra
8467,2024,7,Atletico-GO,atletico_go,Gabriel Baralhas,gabriel_baralhas,69,69,0,2T,Normal
8467,2024,7,Atletico-GO,atletico_go,Vágner Love,vagner_love,42,42,0,1T,Normal
8466,2024,7,Bragantino,bragantino,Luan Cândido,luan_candido,60,60,0,2T,Penalty
8466,2024,7,Bragantino,bragantino,Eric dos Santos Rodrigues,eric_dos_santos_rodrigues,3,3,0,1T,Normal
8468,2024,7,Juventude,juventude,Jadson,jadson,67,67,0,2T,Normal
8468,2024,7,Fluminense,fluminense,Marcelo Vieira da Silva Júnior,marcelo_vieira_da_silva_junior,42,42,0,1T,Penalty
8469,2024,7,Internacional,internacional,Hugo Mallo,hugo_mallo,69,69,0,2T,Normal
8470,2024,7,Botafogo-RJ,botafogo_rj,Júnior Santos,junior_santos,59,59,0,2T,Normal
8471,2024,7,Vasco,vasco,Pablo Vegetti,pablo_vegetti,9,9,0,1T,Normal
8471,2024,7,Flamengo,flamengo,Giorgian De Arrascaeta,giorgian_de_arrascaeta,52,52,0,2T,Normal
8471,2024,7,Flamengo,flamengo,Everton Cebolinha,everton_cebolinha,28,28,0,1T,Normal
8471,2024,7,Flamengo,flamengo,Bruno Henrique,bruno_henrique,74,74,0,2T,Normal
8471,2024,7,Flamengo,flamengo,Pedro,pedro,33,33,0,1T,Normal
8471,2024,7,Flamengo,flamengo,Gabriel Barbosa,gabriel_barbosa,89,89,0,2T,Normal
8471,2024,7,Flamengo,flamengo,David Luiz,david_luiz,43,43,0,1T,Normal
8472,2024,7,Bahia,bahia,Ademir,ademir,70,70,0,2T,Normal
8472,2024,7,Atletico-MG,atletico_mg,Hulk,hulk,62,62,0,2T,Normal
8473,2024,7,Criciuma,criciuma,Matheus Leonardo Sales Cardoso,matheus_leonardo_sales_cardoso,68,68,0,2T,Normal
8473,2024,7,Palmeiras,palmeiras,Lázaro Vinícius,lazaro_vinicius,92,90,2,2T,Normal
8473,2024,7,Palmeiras,palmeiras,Gustavo Gómez,gustavo_gomez,67,67,0,2T,Penalty
8474,2024,7,Sao Paulo,sao_paulo,Jonathan Calleri,jonathan_calleri,48,48,0,2T,Normal
8474,2024,7,Sao Paulo,sao_paulo,Lucas Moura,lucas_moura,5,5,0,1T,Normal
8475,2024,7,Fortaleza,fortaleza,Benjamín Kuscevic,benjamin_kuscevic,45,45,0,1T,Normal
8453,2024,5,Juventude,juventude,Lucas Barbosa,lucas_barbosa,38,38,0,1T,Normal
8463,2024,6,Cuiaba,cuiaba,Isidro Pitta,isidro_pitta,16,16,0,1T,Normal
8463,2024,6,Cuiaba,cuiaba,Ramon Ramos Lima,ramon_ramos_lima,95,90,5,2T,Normal
8463,2024,6,Cuiaba,cuiaba,Clayson,clayson,23,23,0,1T,Normal
8463,2024,6,Criciuma,criciuma,Matheus Leonardo Sales Cardoso,matheus_leonardo_sales_cardoso,63,63,0,2T,Normal
8463,2024,6,Cuiaba,cuiaba,Clayson,clayson,35,35,0,1T,Normal
8463,2024,6,Criciuma,criciuma,Tobias Figueiredo,tobias_figueiredo,65,65,0,2T,Normal
8463,2024,6,Cuiaba,cuiaba,Max Alves,max_alves,46,46,0,2T,Normal
8476,2024,8,Atletico-GO,atletico_go,Shaylon,shaylon,92,90,2,2T,Penalty
8476,2024,8,Corinthians,corinthians,Yuri Alberto,yuri_alberto,15,15,0,1T,Normal
8476,2024,8,Corinthians,corinthians,Yuri Alberto,yuri_alberto,62,62,0,2T,Normal
8476,2024,8,Atletico-GO,atletico_go,Cacá,caca,66,66,0,2T,Gol Contra
8477,2024,8,Juventude,juventude,Rodrigo Sam,rodrigo_sam,34,34,0,1T,Normal
8477,2024,8,Vitoria,vitoria,Willian,willian,42,42,0,1T,Normal
8478,2024,8,Botafogo-RJ,botafogo_rj,Bastos,bastos,66,66,0,2T,Normal
8479,2024,8,Atletico-MG,atletico_mg,Matías Zaracho,matias_zaracho,42,42,0,1T,Normal
8479,2024,8,Atletico-MG,atletico_mg,Paulinho,paulinho,44,44,0,1T,Normal
8479,2024,8,Bragantino,bragantino,Lucas Evangelista,lucas_evangelista,25,25,0,1T,Normal
8480,2024,8,Cuiaba,cuiaba,Isidro Pitta,isidro_pitta,64,64,0,2T,Penalty
8480,2024,8,Cruzeiro,cruzeiro,Matheus Pereira,matheus_pereira,46,45,1,1T,Normal
8480,2024,8,Cruzeiro,cruzeiro,Rafael da Silva,rafael_da_silva,67,67,0,2T,Normal
8481,2024,8,Athletico-PR,athletico_pr,Gonzalo Mastriani,gonzalo_mastriani,23,23,0,1T,Normal
8481,2024,8,Athletico-PR,athletico_pr,Gonzalo Mastriani,gonzalo_mastriani,54,54,0,2T,Normal
8481,2024,8,Athletico-PR,athletico_pr,Tomás Cuello,tomas_cuello,79,79,0,2T,Normal
8481,2024,8,Criciuma,criciuma,Gustavo Bonatto Barreto,gustavo_bonatto_barreto,8,8,0,1T,Normal
8483,2024,8,Flamengo,flamengo,Luiz Araújo,luiz_araujo,42,42,0,1T,Normal
8483,2024,8,Flamengo,flamengo,Luiz Araújo,luiz_araujo,67,67,0,2T,Normal
8483,2024,8,Gremio,gremio,Edenílson Andrade dos Santos,edenilson_andrade_dos_santos,96,90,6,2T,Normal
8485,2024,8,Palmeiras,palmeiras,Joaquín Piquerez,joaquin_piquerez,26,26,0,1T,Normal
8485,2024,8,Palmeiras,palmeiras,Rony,rony,56,56,0,2T,Normal
8484,2024,8,Bahia,bahia,Jean Lucas Oliveira,jean_lucas_oliveira,80,80,0,2T,Normal
8486,2024,9,Juventude,juventude,Luis Mandaca,luis_mandaca,25,25,0,1T,Normal
8486,2024,9,Bragantino,bragantino,Hélio Junio Nunes de Castro,helio_junio_nunes_de_castro,2,2,0,1T,Normal
8486,2024,9,Bragantino,bragantino,Hélio Junio Nunes de Castro,helio_junio_nunes_de_castro,82,82,0,2T,Normal
8487,2024,9,Fluminense,fluminense,Paulo Henrique Ganso,paulo_henrique_ganso,41,41,0,1T,Normal
8487,2024,9,Atletico-GO,atletico_go,Luiz Fernando Moraes dos Santos,luiz_fernando_moraes_dos_santos,71,71,0,2T,Normal
8487,2024,9,Atletico-GO,atletico_go,Mateo Zuleta,mateo_zuleta,95,90,5,2T,Normal
8490,2024,9,Flamengo,flamengo,Evertton Araújo,evertton_araujo,99,90,9,2T,Normal
8490,2024,9,Athletico-PR,athletico_pr,Fernandinho,fernandinho,92,90,2,2T,Penalty
8488,2024,9,Sao Paulo,sao_paulo,Cacá,caca,41,41,0,1T,Gol Contra
8488,2024,9,Corinthians,corinthians,Igor Coronado,igor_coronado,31,31,0,1T,Normal
8488,2024,9,Corinthians,corinthians,Gustavo Mosquito,gustavo_mosquito,48,45,3,1T,Normal
8488,2024,9,Sao Paulo,sao_paulo,Lucas Moura,lucas_moura,4,4,0,1T,Normal
8489,2024,9,Internacional,internacional,Wesley Ribeiro Silva,wesley_ribeiro_silva,82,82,0,2T,Normal
8489,2024,9,Vitoria,vitoria,Wagner Leonardo,wagner_leonardo,102,90,12,2T,Penalty
8489,2024,9,Vitoria,vitoria,Willian,willian,8,8,0,1T,Normal
8494,2024,9,Cuiaba,cuiaba,Isidro Pitta,isidro_pitta,53,45,8,1T,Normal
8494,2024,9,Cuiaba,cuiaba,Fernando Sobral,fernando_sobral,54,54,0,2T,Penalty
8494,2024,9,Cuiaba,cuiaba,Clayson,clayson,3,3,0,1T,Normal
8494,2024,9,Cuiaba,cuiaba,Ramon Ramos Lima,ramon_ramos_lima,11,11,0,1T,Normal
8494,2024,9,Cuiaba,cuiaba,Jonathan Cafú,jonathan_cafu,37,37,0,1T,Normal
8493,2024,9,Botafogo-RJ,botafogo_rj,Júnior Santos,junior_santos,57,57,0,2T,Normal
8493,2024,9,Gremio,gremio,Gustavo Nunes,gustavo_nunes,21,21,0,1T,Normal
8493,2024,9,Botafogo-RJ,botafogo_rj,Cuiabano,cuiabano,10,10,0,1T,Normal
8492,2024,9,Bahia,bahia,Everaldo Stum,everaldo_stum,56,56,0,2T,Normal
8492,2024,9,Bahia,bahia,Caio Alexandre,caio_alexandre,72,72,0,2T,Normal
8492,2024,9,Criciuma,criciuma,Marcelo Hermes,marcelo_hermes,34,34,0,1T,Normal
8492,2024,9,Criciuma,criciuma,Arthur Caike do Nascimento Cruz,arthur_caike_do_nascimento_cruz,46,46,0,2T,Normal
8495,2024,9,Palmeiras,palmeiras,Aníbal Moreno,anibal_moreno,25,25,0,1T,Normal
8495,2024,9,Palmeiras,palmeiras,Joaquín Piquerez,joaquin_piquerez,60,60,0,2T,Penalty
8495,2024,9,Palmeiras,palmeiras,Estêvão,estevao,61,61,0,2T,Normal
8495,2024,9,Palmeiras,palmeiras,José Manuel Alberto López,jose_manuel_alberto_lopez,95,90,5,2T,Normal
8496,2024,10,Botafogo-RJ,botafogo_rj,Bastos,bastos,98,90,8,2T,Normal
8496,2024,10,Athletico-PR,athletico_pr,Gonzalo Mastriani,gonzalo_mastriani,53,53,0,2T,Normal
8497,2024,10,Criciuma,criciuma,Miguel Trauco,miguel_trauco,103,90,13,2T,Normal
8497,2024,10,Atletico-GO,atletico_go,Guilherme Romão,guilherme_romao,11,11,0,1T,Normal
8497,2024,10,Criciuma,criciuma,Newton,newton,60,60,0,2T,Normal
8500,2024,10,Fortaleza,fortaleza,Juan Martín Lucero,juan_martin_lucero,42,42,0,1T,Penalty
8498,2024,10,Cuiaba,cuiaba,Eliel,eliel,82,82,0,2T,Normal
8499,2024,10,Juventude,juventude,Lucas Barbosa,lucas_barbosa,52,52,0,2T,Normal
8499,2024,10,Juventude,juventude,Jean Carlos,jean_carlos,98,90,8,2T,Normal
8501,2024,10,Cruzeiro,cruzeiro,William de Asevedo Furtado,william_de_asevedo_furtado,93,90,3,2T,Normal
8501,2024,10,Cruzeiro,cruzeiro,William de Asevedo Furtado,william_de_asevedo_furtado,41,41,0,1T,Penalty
8502,2024,10,Internacional,internacional,Wesley Ribeiro Silva,wesley_ribeiro_silva,42,42,0,1T,Normal
8503,2024,10,Vitoria,vitoria,Willian,willian,66,66,0,2T,Normal
8503,2024,10,Atletico-MG,atletico_mg,Gustavo Scarpa,gustavo_scarpa,14,14,0,1T,Penalty
8503,2024,10,Vitoria,vitoria,Erick Castillo,erick_castillo,76,76,0,2T,Normal
8503,2024,10,Vitoria,vitoria,Matheus Martins Fogaça de Paulo,matheus_martins_fogaca_de_paulo,8,8,0,1T,Normal
8503,2024,10,Atletico-MG,atletico_mg,Brahian Palacios,brahian_palacios,88,88,0,2T,Normal
8503,2024,10,Vitoria,vitoria,Willian,willian,44,44,0,1T,Normal
8504,2024,10,Flamengo,flamengo,David Luiz,david_luiz,94,90,4,2T,Normal
8504,2024,10,Bahia,bahia,Everaldo Stum,everaldo_stum,35,35,0,1T,Normal
8504,2024,10,Flamengo,flamengo,Gerson Santos da Silva,gerson_santos_da_silva,24,24,0,1T,Normal
8505,2024,10,Bragantino,bragantino,Matheus Fernandes,matheus_fernandes,49,49,0,2T,Normal
8505,2024,10,Palmeiras,palmeiras,Raphael Veiga,raphael_veiga,21,21,0,1T,Normal
8505,2024,10,Palmeiras,palmeiras,Rony,rony,55,55,0,2T,Normal
8506,2024,11,Criciuma,criciuma,Gustavo Bonatto Barreto,gustavo_bonatto_barreto,10,10,0,1T,Normal
8506,2024,11,Criciuma,criciuma,Arthur Caike do Nascimento Cruz,arthur_caike_do_nascimento_cruz,84,84,0,2T,Normal
8506,2024,11,Botafogo-RJ,botafogo_rj,Lucas Halter,lucas_halter,55,55,0,2T,Normal
8507,2024,11,Internacional,internacional,Gustavo Martins,gustavo_martins,64,64,0,2T,Gol Contra
8509,2024,11,Vasco,vasco,Guilherme Estrella,guilherme_estrella,48,45,3,1T,Normal
8509,2024,11,Vasco,vasco,Leandrinho,leandrinho,80,80,0,2T,Normal
8509,2024,11,Vasco,vasco,Alan Franco,alan_franco,33,33,0,1T,Gol Contra
8509,2024,11,Vasco,vasco,David Corrêa da Fonseca,david_correa_da_fonseca,93,90,3,2T,Normal
8509,2024,11,Sao Paulo,sao_paulo,André Silva,andre_silva,10,10,0,1T,Normal
8511,2024,11,Athletico-PR,athletico_pr,Christian Roberto Alves Cardoso,christian_roberto_alves_cardoso,45,45,0,1T,Normal
8511,2024,11,Corinthians,corinthians,Cacá,caca,92,90,2,2T,Normal
8512,2024,11,Flamengo,flamengo,Pedro,pedro,86,86,0,2T,Penalty
8510,2024,11,Bahia,bahia,Thaciano,thaciano,54,45,9,1T,Normal
8510,2024,11,Cruzeiro,cruzeiro,Gabriel Veron,gabriel_veron,14,14,0,1T,Normal
8510,2024,11,Bahia,bahia,Óscar Estupiñán,oscar_estupinan,78,78,0,2T,Normal
8510,2024,11,Bahia,bahia,Óscar Estupiñán,oscar_estupinan,97,90,7,2T,Normal
8510,2024,11,Bahia,bahia,Gabriel Teixeira,gabriel_teixeira,91,90,1,2T,Normal
8514,2024,11,Atletico-MG,atletico_mg,Paulinho,paulinho,58,58,0,2T,Normal
8514,2024,11,Fortaleza,fortaleza,Breno Lopes,breno_lopes,25,25,0,1T,Normal
8515,2024,11,Palmeiras,palmeiras,José Manuel Alberto López,jose_manuel_alberto_lopez,49,49,0,2T,Normal
8515,2024,11,Palmeiras,palmeiras,Estêvão,estevao,75,75,0,2T,Normal
8515,2024,11,Palmeiras,palmeiras,Mayke,mayke,83,83,0,2T,Normal
8515,2024,11,Juventude,juventude,Erick Farias,erick_farias,64,64,0,2T,Normal
8513,2024,11,Bragantino,bragantino,Hélio Junio Nunes de Castro,helio_junio_nunes_de_castro,66,66,0,2T,Normal
8513,2024,11,Vitoria,vitoria,Jean Mota Oliveira de Souza,jean_mota_oliveira_de_souza,17,17,0,1T,Normal
8513,2024,11,Bragantino,bragantino,Eric dos Santos Rodrigues,eric_dos_santos_rodrigues,48,45,3,1T,Normal
8516,2024,12,Botafogo-RJ,botafogo_rj,Carlos Eduardo de Oliveira Alves,carlos_eduardo_de_oliveira_alves,21,21,0,1T,Normal
8516,2024,12,Botafogo-RJ,botafogo_rj,Carlos Eduardo de Oliveira Alves,carlos_eduardo_de_oliveira_alves,52,52,0,2T,Normal
8516,2024,12,Bragantino,bragantino,Lucas Evangelista,lucas_evangelista,6,6,0,1T,Normal
8517,2024,12,Cruzeiro,cruzeiro,Vitinho,vitinho,91,90,1,2T,Normal
8517,2024,12,Cruzeiro,cruzeiro,Gabriel Veron,gabriel_veron,15,15,0,1T,Normal
8518,2024,12,Atletico-GO,atletico_go,Luiz Felipe,luiz_felipe,72,72,0,2T,Normal
8518,2024,12,Gremio,gremio,Reinaldo Manoel da Silva,reinaldo_manoel_da_silva,82,82,0,2T,Normal
8520,2024,12,Juventude,juventude,Lucas Barbosa,lucas_barbosa,26,26,0,1T,Normal
8520,2024,12,Juventude,juventude,Luis Mandaca,luis_mandaca,87,87,0,2T,Normal
8520,2024,12,Flamengo,flamengo,Pedro,pedro,19,19,0,1T,Normal
8519,2024,12,Cuiaba,cuiaba,Marllon Borges,marllon_borges,5,5,0,1T,Normal
8519,2024,12,Corinthians,corinthians,Matheus Bidu,matheus_bidu,86,86,0,2T,Normal
8521,2024,12,Bahia,bahia,Thaciano,thaciano,7,7,0,1T,Normal
8521,2024,12,Bahia,bahia,Óscar Estupiñán,oscar_estupinan,85,85,0,2T,Normal
8521,2024,12,Vasco,vasco,Paulo,paulo,20,20,0,1T,Normal
8523,2024,12,Fortaleza,fortaleza,Bruno Pacheco,bruno_pacheco,69,69,0,2T,Normal
8523,2024,12,Fortaleza,fortaleza,Juan Martín Lucero,juan_martin_lucero,9,9,0,1T,Normal
8523,2024,12,Fortaleza,fortaleza,Juan Martín Lucero,juan_martin_lucero,48,48,0,2T,Normal
8522,2024,12,Atletico-MG,atletico_mg,Cadu,cadu,53,53,0,2T,Normal
8522,2024,12,Atletico-MG,atletico_mg,Rômulo,romulo,97,90,7,2T,Normal
8522,2024,12,Internacional,internacional,Alan Patrick,alan_patrick,67,67,0,2T,Normal
8524,2024,12,Vitoria,vitoria,Janderson,janderson,90,90,0,2T,Normal
8525,2024,12,Criciuma,criciuma,Arthur Caike do Nascimento Cruz,arthur_caike_do_nascimento_cruz,92,90,2,2T,Normal
8525,2024,12,Sao Paulo,sao_paulo,Alisson Euler de Freitas Castro,alisson_euler_de_freitas_castro,1,1,0,1T,Normal
8525,2024,12,Sao Paulo,sao_paulo,Luciano da Rocha Neves,luciano_da_rocha_neves,22,22,0,1T,Normal
8526,2024,13,Vasco,vasco,Pablo Vegetti,pablo_vegetti,84,84,0,2T,Normal
8526,2024,13,Botafogo-RJ,botafogo_rj,Bastos,bastos,73,73,0,2T,Normal
8527,2024,13,Bragantino,bragantino,Hélio Junio Nunes de Castro,helio_junio_nunes_de_castro,42,42,0,1T,Normal
8527,2024,13,Cuiaba,cuiaba,Derik Lacerda,derik_lacerda,33,33,0,1T,Normal
8528,2024,13,Atletico-MG,atletico_mg,Paulinho,paulinho,23,23,0,1T,Normal
8528,2024,13,Atletico-GO,atletico_go,Luiz Fernando Moraes dos Santos,luiz_fernando_moraes_dos_santos,11,11,0,1T,Normal
8529,2024,13,Gremio,gremio,Gustavo Nunes,gustavo_nunes,61,61,0,2T,Normal
8531,2024,13,Fortaleza,fortaleza,Yago Pikachu,yago_pikachu,48,45,3,1T,Normal
8531,2024,13,Juventude,juventude,Ewerthon Diógenes da Silva,ewerthon_diogenes_da_silva,74,74,0,2T,Normal
8531,2024,13,Fortaleza,fortaleza,Juan Martín Lucero,juan_martin_lucero,21,21,0,1T,Penalty
8530,2024,13,Sao Paulo,sao_paulo,Jonathan Calleri,jonathan_calleri,30,30,0,1T,Normal
8530,2024,13,Sao Paulo,sao_paulo,Aldemir Ferreira,aldemir_ferreira,32,32,0,1T,Normal
8530,2024,13,Sao Paulo,sao_paulo,Luciano da Rocha Neves,luciano_da_rocha_neves,65,65,0,2T,Normal
8530,2024,13,Bahia,bahia,Gilberto Moraes Júnior,gilberto_moraes_junior,49,49,0,2T,Normal
8534,2024,13,Flamengo,flamengo,Pedro,pedro,16,16,0,1T,Normal
8534,2024,13,Flamengo,flamengo,Fabrício Bruno,fabricio_bruno,65,65,0,2T,Normal
8534,2024,13,Cruzeiro,cruzeiro,Matheus Pereira,matheus_pereira,38,38,0,1T,Normal
8532,2024,13,Criciuma,criciuma,Claudinho,claudinho,79,79,0,2T,Normal
8532,2024,13,Internacional,internacional,Bruno Henrique Corsini,bruno_henrique_corsini,40,40,0,1T,Normal
8533,2024,13,Athletico-PR,athletico_pr,Julimar,julimar,80,80,0,2T,Normal
8535,2024,13,Palmeiras,palmeiras,Fabinho,fabinho,53,53,0,2T,Normal
8535,2024,13,Palmeiras,palmeiras,Vitor Reis,vitor_reis,57,57,0,2T,Normal
8536,2024,14,Botafogo-RJ,botafogo_rj,Kauê Rodrigues Pessanha,kaue_rodrigues_pessanha,5,5,0,1T,Normal
8536,2024,14,Botafogo-RJ,botafogo_rj,Mateo Ponte,mateo_ponte,75,75,0,2T,Normal
8536,2024,14,Cuiaba,cuiaba,Isidro Pitta,isidro_pitta,45,45,0,1T,Penalty
8538,2024,14,Vasco,vasco,Mateus Carvalho,mateus_carvalho,48,45,3,1T,Normal
8538,2024,14,Vasco,vasco,Pablo Vegetti,pablo_vegetti,63,63,0,2T,Normal
8537,2024,14,Criciuma,criciuma,Yannick Bolasie,yannick_bolasie,46,46,0,2T,Normal
8540,2024,14,Atletico-MG,atletico_mg,Hulk,hulk,57,57,0,2T,Penalty
8540,2024,14,Flamengo,flamengo,Bruno Henrique,bruno_henrique,68,68,0,2T,Normal
8540,2024,14,Flamengo,flamengo,Carlinhos,carlinhos,24,24,0,1T,Normal
8540,2024,14,Atletico-MG,atletico_mg,Hulk,hulk,90,90,0,2T,Normal
8540,2024,14,Flamengo,flamengo,Ayrton Lucas Dantas de Medeiros,ayrton_lucas_dantas_de_medeiros,51,51,0,2T,Normal
8540,2024,14,Flamengo,flamengo,Bruno Henrique,bruno_henrique,14,14,0,1T,Normal
8541,2024,14,Bragantino,bragantino,Lincoln Henrique Oliveira dos Santos,lincoln_henrique_oliveira_dos_santos,45,45,0,1T,Normal
8541,2024,14,Bragantino,bragantino,Hélio Junio Nunes de Castro,helio_junio_nunes_de_castro,20,20,0,1T,Normal
8541,2024,14,Atletico-GO,atletico_go,Luiz Fernando Moraes dos Santos,luiz_fernando_moraes_dos_santos,29,29,0,1T,Normal
8541,2024,14,Bragantino,bragantino,Lincoln Henrique Oliveira dos Santos,lincoln_henrique_oliveira_dos_santos,6,6,0,1T,Normal
8539,2024,14,Sao Paulo,sao_paulo,Aldemir Ferreira,aldemir_ferreira,33,33,0,1T,Normal
8539,2024,14,Sao Paulo,sao_paulo,Jonathan Calleri,jonathan_calleri,61,61,0,2T,Normal
8539,2024,14,Athletico-PR,athletico_pr,Fernandinho,fernandinho,38,38,0,1T,Normal
8542,2024,14,Palmeiras,palmeiras,José Manuel Alberto López,jose_manuel_alberto_lopez,74,74,0,2T,Normal
8542,2024,14,Gremio,gremio,Franco Cristaldo,franco_cristaldo,70,70,0,2T,Penalty
8542,2024,14,Palmeiras,palmeiras,Estêvão,estevao,77,77,0,2T,Normal
8542,2024,14,Gremio,gremio,Cristian Pavón,cristian_pavon,2,2,0,1T,Normal
8543,2024,14,Bahia,bahia,Thaciano,thaciano,59,59,0,2T,Normal
8543,2024,14,Bahia,bahia,Cauly,cauly,68,68,0,2T,Normal
8544,2024,14,Fluminense,fluminense,Paulo Henrique Ganso,paulo_henrique_ganso,49,45,4,1T,Normal
8544,2024,14,Internacional,internacional,Igor Gomes,igor_gomes,40,40,0,1T,Normal
8545,2024,14,Corinthians,corinthians,Giovane Santana do Nascimento,giovane_santana_do_nascimento,95,90,5,2T,Normal
8545,2024,14,Vitoria,vitoria,Alerrandro Barra Mansa Realino de Souza,alerrandro_barra_mansa_realino_de_souza,37,37,0,1T,Normal
8545,2024,14,Corinthians,corinthians,Rodrigo Garro,rodrigo_garro,26,26,0,1T,Normal
8545,2024,14,Vitoria,vitoria,Alerrandro Barra Mansa Realino de Souza,alerrandro_barra_mansa_realino_de_souza,86,86,0,2T,Penalty
8545,2024,14,Corinthians,corinthians,Rodrigo Garro,rodrigo_garro,43,43,0,1T,Normal
8547,2024,15,Flamengo,flamengo,Pedro,pedro,60,60,0,2T,Normal
8547,2024,15,Cuiaba,cuiaba,Derik Lacerda,derik_lacerda,6,6,0,1T,Normal
8546,2024,15,Sao Paulo,sao_paulo,André Silva,andre_silva,65,65,0,2T,Normal
8546,2024,15,Sao Paulo,sao_paulo,Luciano da Rocha Neves,luciano_da_rocha_neves,91,90,1,2T,Normal
8548,2024,15,Fortaleza,fortaleza,Juan Martín Lucero,juan_martin_lucero,56,56,0,2T,Normal
8549,2024,15,Juventude,juventude,João Lucas,joao_lucas,32,32,0,1T,Normal
8549,2024,15,Juventude,juventude,Erick Farias,erick_farias,83,83,0,2T,Normal
8549,2024,15,Juventude,juventude,Gilberto Oliveira Souza Junior,gilberto_oliveira_souza_junior,25,25,0,1T,Normal
8550,2024,15,Cruzeiro,cruzeiro,Gabriel Veron,gabriel_veron,48,48,0,2T,Normal
8550,2024,15,Cruzeiro,cruzeiro,Matheus Pereira,matheus_pereira,6,6,0,1T,Normal
8550,2024,15,Cruzeiro,cruzeiro,Álvaro Barreal,alvaro_barreal,49,45,4,1T,Normal
8551,2024,15,Internacional,internacional,Fabricio Bustos,fabricio_bustos,80,80,0,2T,Normal
8551,2024,15,Vasco,vasco,Adson,adson,61,61,0,2T,Normal
8551,2024,15,Vasco,vasco,Lyncon,lyncon,72,72,0,2T,Normal
8553,2024,15,Athletico-PR,athletico_pr,Lucas Di Yorio,lucas_di_yorio,78,78,0,2T,Normal
8553,2024,15,Atletico-GO,atletico_go,Luiz Fernando Moraes dos Santos,luiz_fernando_moraes_dos_santos,47,47,0,2T,Normal
8553,2024,15,Athletico-PR,athletico_pr,Julimar,julimar,50,50,0,2T,Normal
8554,2024,15,Palmeiras,palmeiras,Estêvão,estevao,48,45,3,1T,Normal
8554,2024,15,Palmeiras,palmeiras,Rony,rony,61,61,0,2T,Normal
8552,2024,15,Vitoria,vitoria,Lucas Esteves,lucas_esteves,37,37,0,1T,Normal
8552,2024,15,Criciuma,criciuma,Matheus Leonardo Sales Cardoso,matheus_leonardo_sales_cardoso,43,43,0,1T,Normal
8552,2024,15,Vitoria,vitoria,Alerrandro Barra Mansa Realino de Souza,alerrandro_barra_mansa_realino_de_souza,31,31,0,1T,Penalty
8555,2024,15,Botafogo-RJ,botafogo_rj,Cuiabano,cuiabano,79,79,0,2T,Normal
8555,2024,15,Botafogo-RJ,botafogo_rj,Jefferson Savarino,jefferson_savarino,94,90,4,2T,Normal
8555,2024,15,Botafogo-RJ,botafogo_rj,Luiz Henrique,luiz_henrique,13,13,0,1T,Normal
8556,2024,16,Cruzeiro,cruzeiro,Ramiro,ramiro,15,15,0,1T,Normal
8556,2024,16,Cruzeiro,cruzeiro,Arthur Gomes,arthur_gomes,17,17,0,1T,Normal
8558,2024,16,Bahia,bahia,Gabriel Teixeira,gabriel_teixeira,15,15,0,1T,Normal
8558,2024,16,Bahia,bahia,Luciano Juba,luciano_juba,78,78,0,2T,Normal
8558,2024,16,Athletico-PR,athletico_pr,Lucas Di Yorio,lucas_di_yorio,61,61,0,2T,Normal
8558,2024,16,Bahia,bahia,Everaldo Stum,everaldo_stum,9,9,0,1T,Normal
8557,2024,16,Vasco,vasco,Lucas Piton,lucas_piton,55,55,0,2T,Normal
8557,2024,16,Vasco,vasco,Juan Sforza,juan_sforza,95,90,5,2T,Normal
8559,2024,16,Atletico-GO,atletico_go,Shaylon,shaylon,9,9,0,1T,Normal
8559,2024,16,Palmeiras,palmeiras,José Manuel Alberto López,jose_manuel_alberto_lopez,6,6,0,1T,Normal
8559,2024,16,Palmeiras,palmeiras,Raphael Veiga,raphael_veiga,51,51,0,2T,Normal
8559,2024,16,Palmeiras,palmeiras,Alix Vinicius,alix_vinicius,53,53,0,2T,Gol Contra
8561,2024,16,Fortaleza,fortaleza,Wesley França,wesley_franca,11,11,0,1T,Gol Contra
8561,2024,16,Flamengo,flamengo,Pedro,pedro,39,39,0,1T,Penalty
8561,2024,16,Fortaleza,fortaleza,Juan Martín Lucero,juan_martin_lucero,63,63,0,2T,Normal
8560,2024,16,Criciuma,criciuma,Matheus Leonardo Sales Cardoso,matheus_leonardo_sales_cardoso,53,53,0,2T,Normal
8560,2024,16,Fluminense,fluminense,Kauã Elias,kaua_elias,89,89,0,2T,Normal
8562,2024,16,Atletico-MG,atletico_mg,Eduardo Vargas,eduardo_vargas,13,13,0,1T,Normal
8562,2024,16,Atletico-MG,atletico_mg,Paulinho,paulinho,48,45,3,1T,Normal
8562,2024,16,Sao Paulo,sao_paulo,Lucas Moura,lucas_moura,18,18,0,1T,Normal
8563,2024,16,Botafogo-RJ,botafogo_rj,Jefferson Savarino,jefferson_savarino,62,62,0,2T,Normal
8567,2024,17,Cruzeiro,cruzeiro,Matheus Pereira,matheus_pereira,84,84,0,2T,Normal
8567,2024,17,Bragantino,bragantino,Thiago Borbas,thiago_borbas,95,90,5,2T,Normal
8567,2024,17,Cruzeiro,cruzeiro,Gabriel Veron,gabriel_veron,8,8,0,1T,Normal
8566,2024,17,Bahia,bahia,Jean Lucas Oliveira,jean_lucas_oliveira,49,49,0,2T,Normal
8566,2024,17,Cuiaba,cuiaba,Isidro Pitta,isidro_pitta,22,22,0,1T,Normal
8566,2024,17,Cuiaba,cuiaba,Isidro Pitta,isidro_pitta,51,51,0,2T,Normal
8568,2024,17,Juventude,juventude,Jean Carlos,jean_carlos,43,43,0,1T,Normal
8568,2024,17,Atletico-MG,atletico_mg,Junior Alonso,junior_alonso,18,18,0,1T,Normal
8569,2024,17,Corinthians,corinthians,Ángel Romero,angel_romero,54,54,0,2T,Normal
8569,2024,17,Corinthians,corinthians,Cacá,caca,62,62,0,2T,Normal
8569,2024,17,Criciuma,criciuma,Claudinho,claudinho,41,41,0,1T,Normal
8570,2024,17,Vasco,vasco,David Corrêa da Fonseca,david_correa_da_fonseca,51,51,0,2T,Normal
8571,2024,17,Sao Paulo,sao_paulo,Lucas Moura,lucas_moura,10,10,0,1T,Normal
8572,2024,17,Botafogo-RJ,botafogo_rj,Tiquinho Soares,tiquinho_soares,56,56,0,2T,Normal
8573,2024,17,Fortaleza,fortaleza,Tinga,tinga,55,55,0,2T,Normal
8573,2024,17,Vitoria,vitoria,José Hugo,jose_hugo,90,90,0,2T,Normal
8573,2024,17,Fortaleza,fortaleza,Breno Lopes,breno_lopes,25,25,0,1T,Normal
8573,2024,17,Fortaleza,fortaleza,Tomás Pochettino,tomas_pochettino,39,39,0,1T,Normal
8576,2024,18,Flamengo,flamengo,Pedro,pedro,76,76,0,2T,Normal
8576,2024,18,Criciuma,criciuma,Rodrigo Fagundes de Freitas,rodrigo_fagundes_de_freitas,35,35,0,1T,Normal
8576,2024,18,Flamengo,flamengo,Gabriel Barbosa,gabriel_barbosa,89,89,0,2T,Penalty
8577,2024,18,Botafogo-RJ,botafogo_rj,Luiz Henrique,luiz_henrique,38,38,0,1T,Normal
8578,2024,18,Palmeiras,palmeiras,Gabriel Menino,gabriel_menino,92,90,2,2T,Normal
8578,2024,18,Palmeiras,palmeiras,José Manuel Alberto López,jose_manuel_alberto_lopez,36,36,0,1T,Normal
8579,2024,18,Gremio,gremio,Yeferson Soteldo,yeferson_soteldo,63,63,0,2T,Normal
8579,2024,18,Gremio,gremio,Reinaldo Manoel da Silva,reinaldo_manoel_da_silva,96,90,6,2T,Penalty
8580,2024,18,Atletico-MG,atletico_mg,Hulk,hulk,27,27,0,1T,Normal
8580,2024,18,Atletico-MG,atletico_mg,Hulk,hulk,39,39,0,1T,Normal
8581,2024,18,Corinthians,corinthians,Ángel Romero,angel_romero,37,37,0,1T,Normal
8584,2024,18,Atletico-GO,atletico_go,Roni,roni,45,45,0,1T,Normal
8584,2024,18,Fortaleza,fortaleza,Alix Vinicius,alix_vinicius,62,62,0,2T,Gol Contra
8584,2024,18,Fortaleza,fortaleza,Tomás Pochettino,tomas_pochettino,23,23,0,1T,Normal
8584,2024,18,Fortaleza,fortaleza,Renato Kayzer,renato_kayzer,74,74,0,2T,Normal
8582,2024,18,Bragantino,bragantino,Raul,raul,8,8,0,1T,Normal
8585,2024,18,Fluminense,fluminense,Kauã Elias,kaua_elias,73,73,0,2T,Normal
8435,2024,3,Criciuma,criciuma,Miguel Trauco,miguel_trauco,21,21,0,1T,Normal
8435,2024,3,Fortaleza,fortaleza,Juan Martín Lucero,juan_martin_lucero,63,63,0,2T,Normal
8586,2024,19,Cruzeiro,cruzeiro,William de Asevedo Furtado,william_de_asevedo_furtado,45,45,0,1T,Penalty
8586,2024,19,Cruzeiro,cruzeiro,Juan Dinenno,juan_dinenno,87,87,0,2T,Penalty
8587,2024,19,Sao Paulo,sao_paulo,Aldemir Ferreira,aldemir_ferreira,60,60,0,2T,Normal
8587,2024,19,Sao Paulo,sao_paulo,Lucas Moura,lucas_moura,6,6,0,1T,Penalty
8587,2024,19,Botafogo-RJ,botafogo_rj,Cuiabano,cuiabano,22,22,0,1T,Normal
8587,2024,19,Botafogo-RJ,botafogo_rj,Tiquinho Soares,tiquinho_soares,11,11,0,1T,Penalty
8588,2024,19,Vitoria,vitoria,Everaldo,everaldo,75,75,0,2T,Normal
8588,2024,19,Flamengo,flamengo,Giorgian De Arrascaeta,giorgian_de_arrascaeta,39,39,0,1T,Normal
8588,2024,19,Flamengo,flamengo,Carlinhos,carlinhos,90,90,0,2T,Normal
8589,2024,19,Bahia,bahia,Jean Lucas Oliveira,jean_lucas_oliveira,99,90,9,2T,Normal
8589,2024,19,Atletico-GO,atletico_go,Luiz Fernando Moraes dos Santos,luiz_fernando_moraes_dos_santos,60,60,0,2T,Normal
8590,2024,19,Fluminense,fluminense,Jhon Arias,jhon_arias,87,87,0,2T,Normal
8591,2024,19,Corinthians,corinthians,Yuri Alberto,yuri_alberto,25,25,0,1T,Penalty
8591,2024,19,Gremio,gremio,Mathías Villasanti,mathias_villasanti,76,76,0,2T,Normal
8591,2024,19,Corinthians,corinthians,Rodrigo Garro,rodrigo_garro,87,87,0,2T,Normal
8591,2024,19,Gremio,gremio,Rodrigo Ely,rodrigo_ely,2,2,0,1T,Normal
8596,2024,20,Vitoria,vitoria,Matheus Martins Fogaça de Paulo,matheus_martins_fogaca_de_paulo,83,83,0,2T,Normal
8596,2024,20,Vitoria,vitoria,Osvaldo Filho,osvaldo_filho,52,52,0,2T,Normal
8597,2024,20,Juventude,juventude,Luís Felipe Oyama,luis_felipe_oyama,60,60,0,2T,Normal
8597,2024,20,Criciuma,criciuma,Yannick Bolasie,yannick_bolasie,57,57,0,2T,Normal
8597,2024,20,Criciuma,criciuma,Yannick Bolasie,yannick_bolasie,83,83,0,2T,Normal
8598,2024,20,Bahia,bahia,David Duarte,david_duarte,13,13,0,1T,Normal
8598,2024,20,Internacional,internacional,Rafael Santos Borré,rafael_santos_borre,89,89,0,2T,Normal
8599,2024,20,Fortaleza,fortaleza,Renato Kayzer,renato_kayzer,4,4,0,1T,Penalty
8600,2024,20,Cruzeiro,cruzeiro,Álvaro Barreal,alvaro_barreal,77,77,0,2T,Normal
8600,2024,20,Cruzeiro,cruzeiro,William de Asevedo Furtado,william_de_asevedo_furtado,13,13,0,1T,Normal
8600,2024,20,Cruzeiro,cruzeiro,Lautaro Díaz,lautaro_diaz,37,37,0,1T,Normal
8601,2024,20,Fluminense,fluminense,Kauã Elias,kaua_elias,44,44,0,1T,Normal
8602,2024,20,Flamengo,flamengo,Pedro,pedro,19,19,0,1T,Normal
8602,2024,20,Flamengo,flamengo,Giorgian De Arrascaeta,giorgian_de_arrascaeta,61,61,0,2T,Normal
8603,2024,20,Cuiaba,cuiaba,Deyverson,deyverson,96,90,6,2T,Normal
8603,2024,20,Athletico-PR,athletico_pr,Julimar,julimar,11,11,0,1T,Normal
8603,2024,20,Athletico-PR,athletico_pr,Lucas Di Yorio,lucas_di_yorio,94,90,4,2T,Normal
8604,2024,20,Gremio,gremio,Yeferson Soteldo,yeferson_soteldo,57,57,0,2T,Normal
8605,2024,20,Corinthians,corinthians,Yuri Alberto,yuri_alberto,39,39,0,1T,Normal
8605,2024,20,Atletico-MG,atletico_mg,Hulk,hulk,32,32,0,1T,Penalty
8605,2024,20,Atletico-MG,atletico_mg,Hulk,hulk,85,85,0,2T,Penalty
8606,2024,21,Vitoria,vitoria,Wagner Leonardo,wagner_leonardo,71,71,0,2T,Normal
8607,2024,21,Bragantino,bragantino,Jhon Jhon,jhon_jhon,5,5,0,1T,Normal
8607,2024,21,Bragantino,bragantino,Hélio Junio Nunes de Castro,helio_junio_nunes_de_castro,89,89,0,2T,Normal
8607,2024,21,Vasco,vasco,Gabriel Souza da Silva,gabriel_souza_da_silva,50,50,0,2T,Normal
8607,2024,21,Vasco,vasco,Adson,adson,60,60,0,2T,Normal
8609,2024,21,Atletico-GO,atletico_go,Joel Campbell,joel_campbell,43,43,0,1T,Penalty
8609,2024,21,Botafogo-RJ,botafogo_rj,Óscar Romero,oscar_romero,81,81,0,2T,Penalty
8609,2024,21,Botafogo-RJ,botafogo_rj,Carlos Alberto Gomes da Silva Filho,carlos_alberto_gomes_da_silva_filho,21,21,0,1T,Normal
8609,2024,21,Botafogo-RJ,botafogo_rj,Luiz Henrique,luiz_henrique,88,88,0,2T,Penalty
8609,2024,21,Botafogo-RJ,botafogo_rj,Ígor Jesus,igor_jesus,69,69,0,2T,Normal
8608,2024,21,Atletico-MG,atletico_mg,Cadu,cadu,96,90,6,2T,Normal
8608,2024,21,Criciuma,criciuma,Higor Meritão,higor_meritao,58,58,0,2T,Normal
8608,2024,21,Criciuma,criciuma,Wilker Ángel,wilker_angel,65,65,0,2T,Normal
8610,2024,21,Sao Paulo,sao_paulo,Jonathan Calleri,jonathan_calleri,61,61,0,2T,Normal
8611,2024,21,Corinthians,corinthians,Pedro Henrique Konzen,pedro_henrique_konzen,48,48,0,2T,Normal
8611,2024,21,Juventude,juventude,Alan Ruschel,alan_ruschel,4,4,0,1T,Normal
8612,2024,21,Fluminense,fluminense,Kauã Elias,kaua_elias,45,45,0,1T,Normal
8613,2024,21,Gremio,gremio,Miguel Monsalve,miguel_monsalve,21,21,0,1T,Normal
8613,2024,21,Gremio,gremio,Gustavo Martins,gustavo_martins,18,18,0,1T,Normal
8614,2024,21,Internacional,internacional,Bruno Henrique Corsini,bruno_henrique_corsini,31,31,0,1T,Normal
8614,2024,21,Palmeiras,palmeiras,Rony,rony,88,88,0,2T,Normal
8615,2024,21,Fortaleza,fortaleza,Breno Lopes,breno_lopes,9,9,0,1T,Normal
8615,2024,21,Fortaleza,fortaleza,Renato Kayzer,renato_kayzer,42,42,0,1T,Normal
8615,2024,21,Cruzeiro,cruzeiro,Matheus Henrique de Souza,matheus_henrique_de_souza,15,15,0,1T,Normal
8616,2024,22,Fortaleza,fortaleza,Moisés Vieira da Veiga,moises_vieira_da_veiga,47,47,0,2T,Normal
8617,2024,22,Gremio,gremio,Martin Braithwaite,martin_braithwaite,64,64,0,2T,Normal
8617,2024,22,Gremio,gremio,Martin Braithwaite,martin_braithwaite,86,86,0,2T,Normal
8617,2024,22,Cuiaba,cuiaba,Martin Braithwaite,martin_braithwaite,52,52,0,2T,Gol Contra
8617,2024,22,Gremio,gremio,Gustavo Nunes,gustavo_nunes,23,23,0,1T,Normal
8619,2024,22,Corinthians,corinthians,Talles Magno,talles_magno,94,90,4,2T,Normal
8619,2024,22,Bragantino,bragantino,Hélio Junio Nunes de Castro,helio_junio_nunes_de_castro,39,39,0,1T,Normal
8620,2024,22,Vasco,vasco,Pablo Vegetti,pablo_vegetti,23,23,0,1T,Normal
8620,2024,22,Vasco,vasco,Victor Luis,victor_luis,65,65,0,2T,Normal
8621,2024,22,Juventude,juventude,Marcelo José de Lima Filho,marcelo_jose_de_lima_filho,48,48,0,2T,Normal
8621,2024,22,Botafogo-RJ,botafogo_rj,Cuiabano,cuiabano,69,69,0,2T,Normal
8621,2024,22,Juventude,juventude,Danilo Boza,danilo_boza,9,9,0,1T,Normal
8621,2024,22,Botafogo-RJ,botafogo_rj,Fernando Marçal,fernando_marcal,81,81,0,2T,Normal
8621,2024,22,Juventude,juventude,Ronie Carrillo,ronie_carrillo,49,45,4,1T,Normal
8623,2024,22,Sao Paulo,sao_paulo,André Silva,andre_silva,15,15,0,1T,Normal
8624,2024,22,Flamengo,flamengo,Giorgian De Arrascaeta,giorgian_de_arrascaeta,69,69,0,2T,Normal
8624,2024,22,Palmeiras,palmeiras,Luighi,luighi,85,85,0,2T,Normal
8622,2024,22,Bahia,bahia,Luciano Juba,luciano_juba,97,90,7,2T,Normal
8622,2024,22,Bahia,bahia,Éverton Ribeiro,everton_ribeiro,15,15,0,1T,Normal
8625,2024,22,Internacional,internacional,Wesley Ribeiro Silva,wesley_ribeiro_silva,12,12,0,1T,Normal
8625,2024,22,Internacional,internacional,Wanderson,wanderson,96,90,6,2T,Normal
8625,2024,22,Athletico-PR,athletico_pr,João Cruz,joao_cruz,39,39,0,1T,Normal
8625,2024,22,Athletico-PR,athletico_pr,Agustín Canobbio,agustin_canobbio,50,50,0,2T,Normal
8464,2024,6,Internacional,internacional,Thiago Maia,thiago_maia,57,57,0,2T,Normal
8464,2024,6,Internacional,internacional,Bruno Tabata,bruno_tabata,81,81,0,2T,Normal
8464,2024,6,Juventude,juventude,Nenê,nene,49,45,4,1T,Normal
8626,2024,23,Bahia,bahia,Thaciano,thaciano,45,45,0,1T,Normal
8626,2024,23,Bahia,bahia,Thaciano,thaciano,76,76,0,2T,Normal
8627,2024,23,Cuiaba,cuiaba,Isidro Pitta,isidro_pitta,44,44,0,1T,Penalty
8627,2024,23,Atletico-MG,atletico_mg,Igor Gomes,igor_gomes,11,11,0,1T,Penalty
8628,2024,23,Bragantino,bragantino,Lincoln Henrique Oliveira dos Santos,lincoln_henrique_oliveira_dos_santos,38,38,0,1T,Penalty
8628,2024,23,Fortaleza,fortaleza,Tomás Pochettino,tomas_pochettino,26,26,0,1T,Normal
8628,2024,23,Fortaleza,fortaleza,Breno Lopes,breno_lopes,90,90,0,2T,Normal
8630,2024,23,Atletico-GO,atletico_go,Jan Hurtado,jan_hurtado,68,68,0,2T,Normal
8632,2024,23,Palmeiras,palmeiras,José Manuel Alberto López,jose_manuel_alberto_lopez,52,52,0,2T,Normal
8632,2024,23,Palmeiras,palmeiras,José Manuel Alberto López,jose_manuel_alberto_lopez,102,90,12,2T,Normal
8632,2024,23,Sao Paulo,sao_paulo,Luciano da Rocha Neves,luciano_da_rocha_neves,72,72,0,2T,Normal
8631,2024,23,Vasco,vasco,Rayan,rayan,49,45,4,1T,Normal
8631,2024,23,Criciuma,criciuma,Yannick Bolasie,yannick_bolasie,6,6,0,1T,Normal
8631,2024,23,Criciuma,criciuma,Yannick Bolasie,yannick_bolasie,94,90,4,2T,Normal
8631,2024,23,Vasco,vasco,David Corrêa da Fonseca,david_correa_da_fonseca,36,36,0,1T,Normal
8633,2024,23,Athletico-PR,athletico_pr,Nikão,nikao,39,39,0,1T,Normal
8633,2024,23,Juventude,juventude,Nenê,nene,30,30,0,1T,Normal
8633,2024,23,Juventude,juventude,Yan Souto,yan_souto,67,67,0,2T,Normal
8634,2024,23,Botafogo-RJ,botafogo_rj,Ígor Jesus,igor_jesus,54,54,0,2T,Normal
8634,2024,23,Botafogo-RJ,botafogo_rj,Matheus Martins,matheus_martins,84,84,0,2T,Normal
8634,2024,23,Botafogo-RJ,botafogo_rj,Matheus Martins,matheus_martins,94,90,4,2T,Normal
8634,2024,23,Botafogo-RJ,botafogo_rj,Mateo Ponte,mateo_ponte,3,3,0,1T,Normal
8634,2024,23,Flamengo,flamengo,Bruno Henrique,bruno_henrique,24,24,0,1T,Normal
8635,2024,23,Vitoria,vitoria,Alerrandro Barra Mansa Realino de Souza,alerrandro_barra_mansa_realino_de_souza,29,29,0,1T,Normal
8635,2024,23,Cruzeiro,cruzeiro,Juan Dinenno,juan_dinenno,78,78,0,2T,Normal
8635,2024,23,Vitoria,vitoria,Osvaldo Filho,osvaldo_filho,25,25,0,1T,Penalty
8635,2024,23,Cruzeiro,cruzeiro,Juan Dinenno,juan_dinenno,84,84,0,2T,Normal
8636,2024,24,Juventude,juventude,Diego Gonçalves,diego_goncalves,91,90,1,2T,Normal
8636,2024,24,Atletico-GO,atletico_go,Alejo Cruz,alejo_cruz,101,90,11,2T,Penalty
8636,2024,24,Atletico-GO,atletico_go,Jan Hurtado,jan_hurtado,47,47,0,2T,Normal
8637,2024,24,Palmeiras,palmeiras,Estêvão,estevao,27,27,0,1T,Penalty
8637,2024,24,Palmeiras,palmeiras,Felipe Anderson,felipe_anderson,56,56,0,2T,Normal
8637,2024,24,Palmeiras,palmeiras,Murilo Cerqueira,murilo_cerqueira,15,15,0,1T,Normal
8637,2024,24,Palmeiras,palmeiras,Estêvão,estevao,32,32,0,1T,Normal
8637,2024,24,Palmeiras,palmeiras,Maurício,mauricio,47,45,2,1T,Normal
8638,2024,24,Fluminense,fluminense,Kevin Serna,kevin_serna,23,23,0,1T,Normal
8638,2024,24,Fluminense,fluminense,Jhon Arias,jhon_arias,59,59,0,2T,Normal
8641,2024,24,Fortaleza,fortaleza,Yago Pikachu,yago_pikachu,77,77,0,2T,Normal
8640,2024,24,Gremio,gremio,Miguel Monsalve,miguel_monsalve,86,86,0,2T,Normal
8642,2024,24,Vitoria,vitoria,Alerrandro Barra Mansa Realino de Souza,alerrandro_barra_mansa_realino_de_souza,62,62,0,2T,Penalty
8642,2024,24,Sao Paulo,sao_paulo,William Gomes,william_gomes,6,6,0,1T,Normal
8642,2024,24,Sao Paulo,sao_paulo,Erick,erick,30,30,0,1T,Normal
8643,2024,24,Internacional,internacional,Rafael Santos Borré,rafael_santos_borre,70,70,0,2T,Normal
8644,2024,24,Flamengo,flamengo,Michael,michael,16,16,0,1T,Normal
8644,2024,24,Bragantino,bragantino,Douglas Mendes,douglas_mendes,57,57,0,2T,Normal
8644,2024,24,Flamengo,flamengo,Raul,raul,59,59,0,2T,Gol Contra
8645,2024,24,Athletico-PR,athletico_pr,Gabriel Girotto Franco,gabriel_girotto_franco,24,24,0,1T,Normal
8645,2024,24,Vasco,vasco,Emerson Rodríguez,emerson_rodriguez,68,68,0,2T,Normal
8645,2024,24,Vasco,vasco,Pablo Vegetti,pablo_vegetti,86,86,0,2T,Normal
8592,2024,19,Criciuma,criciuma,Marcelo Hermes,marcelo_hermes,36,36,0,1T,Normal
8646,2024,25,Cuiaba,cuiaba,Clayson,clayson,57,57,0,2T,Normal
8646,2024,25,Cuiaba,cuiaba,Lucas Fernandes da Silva,lucas_fernandes_da_silva,67,67,0,2T,Normal
8646,2024,25,Criciuma,criciuma,Arthur Caike do Nascimento Cruz,arthur_caike_do_nascimento_cruz,35,35,0,1T,Normal
8647,2024,25,Botafogo-RJ,botafogo_rj,Ígor Jesus,igor_jesus,73,73,0,2T,Normal
8647,2024,25,Botafogo-RJ,botafogo_rj,Ígor Jesus,igor_jesus,91,90,1,2T,Normal
8649,2024,25,Cruzeiro,cruzeiro,William de Asevedo Furtado,william_de_asevedo_furtado,9,9,0,1T,Penalty
8649,2024,25,Cruzeiro,cruzeiro,Matheus Henrique de Souza,matheus_henrique_de_souza,25,25,0,1T,Normal
8649,2024,25,Cruzeiro,cruzeiro,Kaio Jorge,kaio_jorge,56,56,0,2T,Normal
8649,2024,25,Atletico-GO,atletico_go,Joel Campbell,joel_campbell,33,33,0,1T,Normal
8648,2024,25,Atletico-MG,atletico_mg,Eduardo Vargas,eduardo_vargas,96,90,6,2T,Normal
8648,2024,25,Atletico-MG,atletico_mg,Gustavo Scarpa,gustavo_scarpa,73,73,0,2T,Penalty
8648,2024,25,Gremio,gremio,Martin Braithwaite,martin_braithwaite,32,32,0,1T,Normal
8648,2024,25,Atletico-MG,atletico_mg,Brahian Palacios,brahian_palacios,95,90,5,2T,Penalty
8648,2024,25,Gremio,gremio,Franco Cristaldo,franco_cristaldo,41,41,0,1T,Normal
8650,2024,25,Corinthians,corinthians,Talles Magno,talles_magno,26,26,0,1T,Normal
8650,2024,25,Flamengo,flamengo,Pedro,pedro,37,37,0,1T,Penalty
8650,2024,25,Corinthians,corinthians,Ángel Romero,angel_romero,60,60,0,2T,Normal
8651,2024,25,Bahia,bahia,Luciano Juba,luciano_juba,72,72,0,2T,Normal
8651,2024,25,Bragantino,bragantino,Douglas Mendes,douglas_mendes,64,64,0,2T,Normal
8651,2024,25,Bragantino,bragantino,Gustavinho,gustavinho,95,90,5,2T,Normal
8652,2024,25,Fluminense,fluminense,Kauã Elias,kaua_elias,31,31,0,1T,Normal
8652,2024,25,Fluminense,fluminense,Keno,keno,91,90,1,2T,Normal
8653,2024,25,Palmeiras,palmeiras,Estêvão,estevao,58,58,0,2T,Normal
8653,2024,25,Palmeiras,palmeiras,Maurício,mauricio,8,8,0,1T,Normal
8655,2024,25,Vasco,vasco,João Victor,joao_victor,72,72,0,2T,Normal
8654,2024,25,Internacional,internacional,Alexandro Bernabei,alexandro_bernabei,59,59,0,2T,Normal
8654,2024,25,Juventude,juventude,Luís Felipe Oyama,luis_felipe_oyama,92,90,2,2T,Normal
8654,2024,25,Internacional,internacional,Rafael Santos Borré,rafael_santos_borre,30,30,0,1T,Normal
8654,2024,25,Internacional,internacional,Gabriel Carvalho,gabriel_carvalho,34,34,0,1T,Normal
8593,2024,19,Fortaleza,fortaleza,Titi,titi,47,45,2,1T,Normal
8593,2024,19,Internacional,internacional,Alan Patrick,alan_patrick,21,21,0,1T,Normal
8593,2024,19,Internacional,internacional,Gustavo Prado,gustavo_prado,83,83,0,2T,Normal
8656,2024,26,Vitoria,vitoria,Alerrandro Barra Mansa Realino de Souza,alerrandro_barra_mansa_realino_de_souza,13,13,0,1T,Normal
8656,2024,26,Vitoria,vitoria,Matheus Martins Fogaça de Paulo,matheus_martins_fogaca_de_paulo,78,78,0,2T,Normal
8657,2024,26,Athletico-PR,athletico_pr,Agustín Canobbio,agustin_canobbio,28,28,0,1T,Normal
8657,2024,26,Fortaleza,fortaleza,Moisés Vieira da Veiga,moises_vieira_da_veiga,14,14,0,1T,Normal
8658,2024,26,Corinthians,corinthians,Rodrigo Garro,rodrigo_garro,63,63,0,2T,Penalty
8658,2024,26,Botafogo-RJ,botafogo_rj,Luiz Henrique,luiz_henrique,39,39,0,1T,Normal
8658,2024,26,Botafogo-RJ,botafogo_rj,Thiago Almada,thiago_almada,67,67,0,2T,Normal
8659,2024,26,Bragantino,bragantino,Vinicinho,vinicinho,63,63,0,2T,Normal
8659,2024,26,Gremio,gremio,Miguel Monsalve,miguel_monsalve,28,28,0,1T,Normal
8659,2024,26,Gremio,gremio,Jemerson de Jesus Nascimento,jemerson_de_jesus_nascimento,53,53,0,2T,Normal
8659,2024,26,Bragantino,bragantino,Eduardo Sasha,eduardo_sasha,44,44,0,1T,Penalty
8660,2024,26,Palmeiras,palmeiras,Tobias Figueiredo,tobias_figueiredo,18,18,0,1T,Gol Contra
8660,2024,26,Palmeiras,palmeiras,Felipe Anderson,felipe_anderson,15,15,0,1T,Normal
8660,2024,26,Palmeiras,palmeiras,Estêvão,estevao,52,52,0,2T,Normal
8660,2024,26,Palmeiras,palmeiras,Raphael Veiga,raphael_veiga,77,77,0,2T,Normal
8660,2024,26,Palmeiras,palmeiras,José Manuel Alberto López,jose_manuel_alberto_lopez,1,1,0,1T,Normal
8661,2024,26,Juventude,juventude,Marcelo José de Lima Filho,marcelo_jose_de_lima_filho,83,83,0,2T,Normal
8661,2024,26,Fluminense,fluminense,Jhon Arias,jhon_arias,27,27,0,1T,Normal
8661,2024,26,Juventude,juventude,Ronaldo da Silva Souza,ronaldo_da_silva_souza,81,81,0,2T,Normal
8663,2024,26,Flamengo,flamengo,Gerson Santos da Silva,gerson_santos_da_silva,72,72,0,2T,Normal
8663,2024,26,Vasco,vasco,Philippe Coutinho,philippe_coutinho,87,87,0,2T,Normal
8664,2024,26,Sao Paulo,sao_paulo,William Gomes,william_gomes,59,59,0,2T,Normal
8662,2024,26,Bahia,bahia,Luciano Rodriguez,luciano_rodriguez,92,90,2,2T,Normal
8662,2024,26,Bahia,bahia,Everaldo Stum,everaldo_stum,51,51,0,2T,Normal
8662,2024,26,Bahia,bahia,Éverton Ribeiro,everton_ribeiro,58,58,0,2T,Normal
8665,2024,26,Internacional,internacional,Alan Patrick,alan_patrick,11,11,0,1T,Penalty
8665,2024,26,Internacional,internacional,Gabriel Mercado,gabriel_mercado,41,41,0,1T,Normal
8665,2024,26,Internacional,internacional,Rafael Santos Borré,rafael_santos_borre,73,73,0,2T,Normal
8667,2024,27,Vitoria,vitoria,Gustavo Mosquito,gustavo_mosquito,48,45,3,1T,Penalty
8666,2024,27,Corinthians,corinthians,Rodrigo Garro,rodrigo_garro,83,83,0,2T,Normal
8666,2024,27,Corinthians,corinthians,Ángel Romero,angel_romero,49,45,4,1T,Normal
8666,2024,27,Corinthians,corinthians,Ángel Romero,angel_romero,55,55,0,2T,Normal
8668,2024,27,Botafogo-RJ,botafogo_rj,Luiz Henrique,luiz_henrique,95,90,5,2T,Normal
8669,2024,27,Fortaleza,fortaleza,Tomás Pochettino,tomas_pochettino,80,80,0,2T,Normal
8669,2024,27,Fortaleza,fortaleza,Renato Kayzer,renato_kayzer,89,89,0,2T,Normal
8669,2024,27,Fortaleza,fortaleza,Mário Sérgio Santos Costa,mario_sergio_santos_costa,28,28,0,1T,Normal
8669,2024,27,Bahia,bahia,Everaldo Stum,everaldo_stum,30,30,0,1T,Normal
8669,2024,27,Fortaleza,fortaleza,Mário Sérgio Santos Costa,mario_sergio_santos_costa,37,37,0,1T,Normal
8670,2024,27,Atletico-MG,atletico_mg,Cadu,cadu,52,52,0,2T,Normal
8670,2024,27,Atletico-MG,atletico_mg,Hulk,hulk,78,78,0,2T,Normal
8670,2024,27,Atletico-MG,atletico_mg,Deyverson,deyverson,39,39,0,1T,Normal
8671,2024,27,Palmeiras,palmeiras,José Manuel Alberto López,jose_manuel_alberto_lopez,26,26,0,1T,Normal
8674,2024,27,Sao Paulo,sao_paulo,Luciano da Rocha Neves,luciano_da_rocha_neves,5,5,0,1T,Normal
8674,2024,27,Internacional,internacional,Bruno Gomes,bruno_gomes,42,42,0,1T,Normal
8674,2024,27,Internacional,internacional,Thiago Maia,thiago_maia,54,54,0,2T,Normal
8674,2024,27,Internacional,internacional,Alan Patrick,alan_patrick,63,63,0,2T,Normal
8672,2024,27,Gremio,gremio,Martin Braithwaite,martin_braithwaite,55,55,0,2T,Normal
8672,2024,27,Gremio,gremio,Diego Costa,diego_costa,83,83,0,2T,Normal
8672,2024,27,Flamengo,flamengo,Matheus Gonçalves,matheus_goncalves,25,25,0,1T,Normal
8672,2024,27,Gremio,gremio,Franco Cristaldo,franco_cristaldo,12,12,0,1T,Normal
8672,2024,27,Flamengo,flamengo,Felipe Teresa,felipe_teresa,90,90,0,2T,Normal
8455,2024,5,Criciuma,criciuma,Arthur Caike do Nascimento Cruz,arthur_caike_do_nascimento_cruz,14,14,0,1T,Normal
8455,2024,5,Criciuma,criciuma,Ronald,ronald,78,78,0,2T,Normal
8455,2024,5,Gremio,gremio,Mathías Villasanti,mathias_villasanti,67,67,0,2T,Normal
8565,2024,16,Bragantino,bragantino,Jhon Jhon,jhon_jhon,43,43,0,1T,Normal
8565,2024,16,Bragantino,bragantino,Vitor Hugo Naum dos Santos,vitor_hugo_naum_dos_santos,75,75,0,2T,Normal
8565,2024,16,Internacional,internacional,Rafael Santos Borré,rafael_santos_borre,13,13,0,1T,Normal
8565,2024,16,Internacional,internacional,Enner Valencia,enner_valencia,77,77,0,2T,Normal
8676,2024,28,Atletico-MG,atletico_mg,Hulk,hulk,68,68,0,2T,Normal
8676,2024,28,Palmeiras,palmeiras,Raphael Veiga,raphael_veiga,47,45,2,1T,Penalty
8676,2024,28,Palmeiras,palmeiras,Raphael Veiga,raphael_veiga,86,86,0,2T,Penalty
8678,2024,28,Juventude,juventude,Luis Mandaca,luis_mandaca,48,48,0,2T,Normal
8678,2024,28,Bragantino,bragantino,Eduardo Santos,eduardo_santos,85,85,0,2T,Normal
8681,2024,28,Atletico-GO,atletico_go,Janderson,janderson,84,84,0,2T,Normal
8680,2024,28,Fortaleza,fortaleza,Hércules,hercules,49,45,4,1T,Normal
8679,2024,28,Sao Paulo,sao_paulo,Lucas Moura,lucas_moura,53,45,8,1T,Penalty
8679,2024,28,Sao Paulo,sao_paulo,André Silva,andre_silva,98,90,8,2T,Normal
8679,2024,28,Corinthians,corinthians,Yuri Alberto,yuri_alberto,83,83,0,2T,Normal
8679,2024,28,Sao Paulo,sao_paulo,Robert Arboleda,robert_arboleda,75,75,0,2T,Normal
8682,2024,28,Cruzeiro,cruzeiro,Ivaldo,ivaldo,59,59,0,2T,Normal
8682,2024,28,Vasco,vasco,Pablo Vegetti,pablo_vegetti,41,41,0,1T,Normal
8683,2024,28,Vitoria,vitoria,Wagner Leonardo,wagner_leonardo,58,58,0,2T,Normal
8683,2024,28,Internacional,internacional,Alan Patrick,alan_patrick,49,45,4,1T,Penalty
8683,2024,28,Internacional,internacional,Wesley Ribeiro Silva,wesley_ribeiro_silva,51,51,0,2T,Normal
8683,2024,28,Internacional,internacional,Wesley Ribeiro Silva,wesley_ribeiro_silva,92,90,2,2T,Normal
8684,2024,28,Bahia,bahia,Cauly,cauly,32,32,0,1T,Normal
8685,2024,28,Flamengo,flamengo,Gerson Santos da Silva,gerson_santos_da_silva,90,90,0,2T,Normal
8686,2024,29,Criciuma,criciuma,Fellipe Mateus,fellipe_mateus,47,47,0,2T,Normal
8686,2024,29,Criciuma,criciuma,Rodrigo Fagundes de Freitas,rodrigo_fagundes_de_freitas,42,42,0,1T,Normal
8687,2024,29,Fluminense,fluminense,Jhon Arias,jhon_arias,55,55,0,2T,Normal
8688,2024,29,Gremio,gremio,Yeferson Soteldo,yeferson_soteldo,91,90,1,2T,Normal
8688,2024,29,Fortaleza,fortaleza,Hércules,hercules,18,18,0,1T,Normal
8688,2024,29,Gremio,gremio,Alexander Aravena,alexander_aravena,13,13,0,1T,Normal
8688,2024,29,Gremio,gremio,Martin Braithwaite,martin_braithwaite,60,60,0,2T,Normal
8690,2024,29,Atletico-MG,atletico_mg,Eduardo Vargas,eduardo_vargas,45,45,0,1T,Normal
8690,2024,29,Vitoria,vitoria,Wagner Leonardo,wagner_leonardo,64,64,0,2T,Normal
8690,2024,29,Vitoria,vitoria,Alerrandro Barra Mansa Realino de Souza,alerrandro_barra_mansa_realino_de_souza,68,68,0,2T,Normal
8690,2024,29,Atletico-MG,atletico_mg,Fausto Vera,fausto_vera,8,8,0,1T,Normal
8689,2024,29,Botafogo-RJ,botafogo_rj,Ígor Jesus,igor_jesus,14,14,0,1T,Normal
8693,2024,29,Cuiaba,cuiaba,Bruno Alves,bruno_alves,4,4,0,1T,Normal
8693,2024,29,Cuiaba,cuiaba,Clayson,clayson,42,42,0,1T,Normal
8692,2024,29,Flamengo,flamengo,Carlos Alcaraz,carlos_alcaraz,102,90,12,2T,Penalty
8692,2024,29,Flamengo,flamengo,Ayrton Lucas Dantas de Medeiros,ayrton_lucas_dantas_de_medeiros,35,35,0,1T,Normal
8694,2024,29,Internacional,internacional,Ricardo Mathias,ricardo_mathias,94,90,4,2T,Normal
8694,2024,29,Corinthians,corinthians,Yuri Alberto,yuri_alberto,3,3,0,1T,Normal
8694,2024,29,Corinthians,corinthians,Yuri Alberto,yuri_alberto,73,73,0,2T,Penalty
8694,2024,29,Internacional,internacional,Alexandro Bernabei,alexandro_bernabei,17,17,0,1T,Normal
8695,2024,29,Vasco,vasco,Dimitri Payet,dimitri_payet,11,11,0,1T,Normal
8695,2024,29,Juventude,juventude,Edson Carioca,edson_carioca,4,4,0,1T,Normal
8465,2024,6,Atletico-MG,atletico_mg,Deyverson,deyverson,39,39,0,1T,Normal
8465,2024,6,Atletico-MG,atletico_mg,Hulk,hulk,11,11,0,1T,Penalty
8465,2024,6,Gremio,gremio,Alexander Aravena,alexander_aravena,24,24,0,1T,Normal
8696,2024,30,Sao Paulo,sao_paulo,Lucas Moura,lucas_moura,46,46,0,2T,Normal
8696,2024,30,Sao Paulo,sao_paulo,Lucas Moura,lucas_moura,67,67,0,2T,Normal
8696,2024,30,Sao Paulo,sao_paulo,Luciano da Rocha Neves,luciano_da_rocha_neves,9,9,0,1T,Normal
8697,2024,30,Fortaleza,fortaleza,Mário Sérgio Santos Costa,mario_sergio_santos_costa,15,15,0,1T,Normal
8697,2024,30,Atletico-MG,atletico_mg,Fausto Vera,fausto_vera,48,48,0,2T,Normal
8699,2024,30,Fluminense,fluminense,Jhon Arias,jhon_arias,60,60,0,2T,Normal
8699,2024,30,Fluminense,fluminense,Lima,lima,50,50,0,2T,Normal
8698,2024,30,Corinthians,corinthians,Matheuzinho,matheuzinho,5,5,0,1T,Normal
8698,2024,30,Corinthians,corinthians,Yuri Alberto,yuri_alberto,78,78,0,2T,Normal
8698,2024,30,Corinthians,corinthians,Cacá,caca,18,18,0,1T,Normal
8698,2024,30,Athletico-PR,athletico_pr,Nikão,nikao,30,30,0,1T,Normal
8698,2024,30,Corinthians,corinthians,Memphis Depay,memphis_depay,55,55,0,2T,Normal
8698,2024,30,Athletico-PR,athletico_pr,Erick Luis Conrado Carvalho,erick_luis_conrado_carvalho,39,39,0,1T,Normal
8698,2024,30,Corinthians,corinthians,Rodrigo Garro,rodrigo_garro,66,66,0,2T,Normal
8701,2024,30,Botafogo-RJ,botafogo_rj,Tiquinho Soares,tiquinho_soares,91,90,1,2T,Normal
8701,2024,30,Criciuma,criciuma,Felipe Vizeu,felipe_vizeu,94,90,4,2T,Normal
8702,2024,30,Bahia,bahia,Luciano Rodriguez,luciano_rodriguez,82,82,0,2T,Normal
8702,2024,30,Cruzeiro,cruzeiro,Gabriel Veron,gabriel_veron,61,61,0,2T,Normal
8703,2024,30,Internacional,internacional,Rafael Santos Borré,rafael_santos_borre,67,67,0,2T,Normal
8704,2024,30,Vitoria,vitoria,Everaldo,everaldo,78,78,0,2T,Normal
8705,2024,30,Juventude,juventude,Ronaldo da Silva Souza,ronaldo_da_silva_souza,49,49,0,2T,Normal
8705,2024,30,Palmeiras,palmeiras,Raphael Veiga,raphael_veiga,50,50,0,2T,Normal
8705,2024,30,Juventude,juventude,Edson Carioca,edson_carioca,67,67,0,2T,Normal
8705,2024,30,Palmeiras,palmeiras,Raphael Veiga,raphael_veiga,90,90,0,2T,Normal
8705,2024,30,Palmeiras,palmeiras,Estêvão,estevao,22,22,0,1T,Normal
8705,2024,30,Palmeiras,palmeiras,Richard Ríos,richard_rios,63,63,0,2T,Normal
8705,2024,30,Juventude,juventude,Danilo Boza,danilo_boza,35,35,0,1T,Normal
8705,2024,30,Palmeiras,palmeiras,Raphael Veiga,raphael_veiga,44,44,0,1T,Normal
8574,2024,17,Fluminense,fluminense,Germán Cano,german_cano,81,81,0,2T,Normal
8594,2024,19,Vasco,vasco,Hugo Moura,hugo_moura,53,53,0,2T,Normal
8706,2024,31,Palmeiras,palmeiras,Raphael Veiga,raphael_veiga,29,29,0,1T,Penalty
8706,2024,31,Fortaleza,fortaleza,Moisés Vieira da Veiga,moises_vieira_da_veiga,62,62,0,2T,Normal
8706,2024,31,Palmeiras,palmeiras,Estêvão,estevao,57,57,0,2T,Penalty
8706,2024,31,Fortaleza,fortaleza,Hércules,hercules,38,38,0,1T,Normal
8707,2024,31,Juventude,juventude,Gilberto Oliveira Souza Junior,gilberto_oliveira_souza_junior,24,24,0,1T,Normal
8707,2024,31,Flamengo,flamengo,Michael,michael,8,8,0,1T,Normal
8707,2024,31,Juventude,juventude,Edson Carioca,edson_carioca,70,70,0,2T,Normal
8707,2024,31,Flamengo,flamengo,Gabriel Barbosa,gabriel_barbosa,49,49,0,2T,Penalty
8707,2024,31,Flamengo,flamengo,Giorgian De Arrascaeta,giorgian_de_arrascaeta,54,54,0,2T,Normal
8707,2024,31,Flamengo,flamengo,Gonzalo Plata,gonzalo_plata,95,90,5,2T,Normal
8709,2024,31,Fluminense,fluminense,Lucas Arcanjo,lucas_arcanjo,61,61,0,2T,Gol Contra
8709,2024,31,Vitoria,vitoria,Neris,neris,46,45,1,1T,Normal
8709,2024,31,Vitoria,vitoria,Alerrandro Barra Mansa Realino de Souza,alerrandro_barra_mansa_realino_de_souza,91,90,1,2T,Penalty
8708,2024,31,Gremio,gremio,Mathías Villasanti,mathias_villasanti,83,83,0,2T,Normal
8708,2024,31,Atletico-GO,atletico_go,Derek,derek,28,28,0,1T,Normal
8708,2024,31,Gremio,gremio,Yeferson Soteldo,yeferson_soteldo,40,40,0,1T,Normal
8708,2024,31,Gremio,gremio,Pepê,pepe,59,59,0,2T,Normal
8710,2024,31,Athletico-PR,athletico_pr,Julimar,julimar,46,46,0,2T,Normal
8710,2024,31,Athletico-PR,athletico_pr,Nikão,nikao,80,80,0,2T,Normal
8710,2024,31,Athletico-PR,athletico_pr,Pablo Felipe Teixeira,pablo_felipe_teixeira,25,25,0,1T,Normal
8711,2024,31,Botafogo-RJ,botafogo_rj,Gregore,gregore,86,86,0,2T,Normal
8712,2024,31,Atletico-MG,atletico_mg,Eduardo Vargas,eduardo_vargas,48,45,3,1T,Penalty
8712,2024,31,Internacional,internacional,Bruno Tabata,bruno_tabata,88,88,0,2T,Normal
8712,2024,31,Internacional,internacional,Alan Patrick,alan_patrick,38,38,0,1T,Penalty
8712,2024,31,Internacional,internacional,Alexandro Bernabei,alexandro_bernabei,40,40,0,1T,Normal
8713,2024,31,Criciuma,criciuma,Felipe Vizeu,felipe_vizeu,22,22,0,1T,Normal
8713,2024,31,Sao Paulo,sao_paulo,Liziero,liziero,87,87,0,2T,Normal
8714,2024,31,Corinthians,corinthians,Memphis Depay,memphis_depay,44,44,0,1T,Penalty
8715,2024,31,Vasco,vasco,Dimitri Payet,dimitri_payet,32,32,0,1T,Normal
8715,2024,31,Bahia,bahia,Luciano Rodriguez,luciano_rodriguez,42,42,0,1T,Normal
8715,2024,31,Bahia,bahia,Ademir,ademir,75,75,0,2T,Normal
8715,2024,31,Vasco,vasco,Dimitri Payet,dimitri_payet,18,18,0,1T,Penalty
8715,2024,31,Vasco,vasco,Emerson Rodríguez,emerson_rodriguez,12,12,0,1T,Normal
8575,2024,17,Flamengo,flamengo,Carlos Alcaraz,carlos_alcaraz,48,45,3,1T,Penalty
8575,2024,17,Internacional,internacional,Enner Valencia,enner_valencia,89,89,0,2T,Normal
8716,2024,32,Gremio,gremio,Reinaldo Manoel da Silva,reinaldo_manoel_da_silva,99,90,9,2T,Penalty
8716,2024,32,Fluminense,fluminense,Kauã Elias,kaua_elias,66,66,0,2T,Normal
8716,2024,32,Gremio,gremio,Martin Braithwaite,martin_braithwaite,26,26,0,1T,Normal
8716,2024,32,Fluminense,fluminense,Jhon Arias,jhon_arias,43,43,0,1T,Normal
8719,2024,32,Athletico-PR,athletico_pr,Julimar,julimar,31,31,0,1T,Normal
8719,2024,32,Vitoria,vitoria,Alerrandro Barra Mansa Realino de Souza,alerrandro_barra_mansa_realino_de_souza,33,33,0,1T,Normal
8719,2024,32,Vitoria,vitoria,Matheus Martins Fogaça de Paulo,matheus_martins_fogaca_de_paulo,65,65,0,2T,Normal
8718,2024,32,Fortaleza,fortaleza,Benjamín Kuscevic,benjamin_kuscevic,71,71,0,2T,Normal
8718,2024,32,Fortaleza,fortaleza,Moisés Vieira da Veiga,moises_vieira_da_veiga,48,45,3,1T,Normal
8718,2024,32,Fortaleza,fortaleza,Eros Mancuso,eros_mancuso,52,45,7,1T,Normal
8720,2024,32,Corinthians,corinthians,Rodrigo Garro,rodrigo_garro,41,41,0,1T,Normal
8720,2024,32,Corinthians,corinthians,Yuri Alberto,yuri_alberto,56,56,0,2T,Normal
8723,2024,32,Botafogo-RJ,botafogo_rj,Luiz Henrique,luiz_henrique,12,12,0,1T,Normal
8723,2024,32,Botafogo-RJ,botafogo_rj,Júnior Santos,junior_santos,71,71,0,2T,Normal
8723,2024,32,Botafogo-RJ,botafogo_rj,Jefferson Savarino,jefferson_savarino,9,9,0,1T,Normal
8722,2024,32,Internacional,internacional,Alan Patrick,alan_patrick,43,43,0,1T,Normal
8722,2024,32,Internacional,internacional,Wesley Ribeiro Silva,wesley_ribeiro_silva,93,90,3,2T,Normal
8721,2024,32,Sao Paulo,sao_paulo,Lucas Moura,lucas_moura,91,90,1,2T,Normal
8721,2024,32,Sao Paulo,sao_paulo,Luiz Gustavo,luiz_gustavo,41,41,0,1T,Normal
8721,2024,32,Sao Paulo,sao_paulo,Wellington Rato,wellington_rato,66,66,0,2T,Normal
8725,2024,32,Atletico-GO,atletico_go,Janderson,janderson,89,89,0,2T,Normal
8724,2024,32,Flamengo,flamengo,David Luiz,david_luiz,53,53,0,2T,Normal
8726,2024,33,Internacional,internacional,Rafael Santos Borré,rafael_santos_borre,52,52,0,2T,Normal
8726,2024,33,Internacional,internacional,Bruno Henrique Corsini,bruno_henrique_corsini,95,90,5,2T,Normal
8727,2024,33,Palmeiras,palmeiras,Estêvão,estevao,73,73,0,2T,Normal
8728,2024,33,Corinthians,corinthians,Yuri Alberto,yuri_alberto,24,24,0,1T,Normal
8728,2024,33,Corinthians,corinthians,Memphis Depay,memphis_depay,69,69,0,2T,Normal
8728,2024,33,Vitoria,vitoria,Alerrandro Barra Mansa Realino de Souza,alerrandro_barra_mansa_realino_de_souza,9,9,0,1T,Normal
8731,2024,33,Juventude,juventude,Lucas Barbosa,lucas_barbosa,70,70,0,2T,Normal
8731,2024,33,Juventude,juventude,Gabriel Pereira Taliari,gabriel_pereira_taliari,79,79,0,2T,Normal
8731,2024,33,Bahia,bahia,Cauly,cauly,2,2,0,1T,Normal
8732,2024,33,Fortaleza,fortaleza,Emmanuel Martínez,emmanuel_martinez,13,13,0,1T,Normal
8732,2024,33,Fortaleza,fortaleza,Breno Lopes,breno_lopes,78,78,0,2T,Normal
8732,2024,33,Fortaleza,fortaleza,Renato Kayzer,renato_kayzer,92,90,2,2T,Normal
8730,2024,33,Criciuma,criciuma,Allano,allano,82,82,0,2T,Normal
8730,2024,33,Cruzeiro,cruzeiro,Kaio Jorge,kaio_jorge,9,9,0,1T,Normal
8730,2024,33,Cruzeiro,cruzeiro,Gabriel Veron,gabriel_veron,70,70,0,2T,Normal
8734,2024,33,Sao Paulo,sao_paulo,André Silva,andre_silva,89,89,0,2T,Normal
8734,2024,33,Athletico-PR,athletico_pr,Julimar,julimar,69,69,0,2T,Normal
8734,2024,33,Sao Paulo,sao_paulo,Luciano da Rocha Neves,luciano_da_rocha_neves,52,52,0,2T,Normal
8595,2024,19,Athletico-PR,athletico_pr,Tomás Cuello,tomas_cuello,28,28,0,1T,Normal
8736,2024,34,Cruzeiro,cruzeiro,Kaiki Bruno,kaiki_bruno,34,34,0,1T,Normal
8736,2024,34,Corinthians,corinthians,Memphis Depay,memphis_depay,11,11,0,1T,Normal
8736,2024,34,Corinthians,corinthians,Yuri Alberto,yuri_alberto,16,16,0,1T,Normal
8738,2024,34,Athletico-PR,athletico_pr,Nikão,nikao,66,66,0,2T,Normal
8738,2024,34,Athletico-PR,athletico_pr,Tomás Cuello,tomas_cuello,50,45,5,1T,Normal
8737,2024,34,Bragantino,bragantino,Eduardo Sasha,eduardo_sasha,15,15,0,1T,Normal
8737,2024,34,Sao Paulo,sao_paulo,Lucas Moura,lucas_moura,25,25,0,1T,Normal
8739,2024,34,Vitoria,vitoria,Janderson,janderson,68,68,0,2T,Normal
8740,2024,34,Palmeiras,palmeiras,José Manuel Alberto López,jose_manuel_alberto_lopez,89,89,0,2T,Normal
8740,2024,34,Bahia,bahia,Luciano Rodriguez,luciano_rodriguez,27,27,0,1T,Normal
8740,2024,34,Palmeiras,palmeiras,Raphael Veiga,raphael_veiga,41,41,0,1T,Normal
8741,2024,34,Gremio,gremio,Martin Braithwaite,martin_braithwaite,3,3,0,1T,Normal
8741,2024,34,Gremio,gremio,João Lucas,joao_lucas,94,90,4,2T,Gol Contra
8741,2024,34,Juventude,juventude,Luis Mandaca,luis_mandaca,51,45,6,1T,Normal
8741,2024,34,Juventude,juventude,Lucas Barbosa,lucas_barbosa,52,52,0,2T,Normal
8742,2024,34,Cuiaba,cuiaba,Derik Lacerda,derik_lacerda,59,59,0,2T,Normal
8742,2024,34,Flamengo,flamengo,Guilherme Gomes,guilherme_gomes,62,62,0,2T,Normal
8742,2024,34,Flamengo,flamengo,Matheus Gonçalves,matheus_goncalves,93,90,3,2T,Normal
8744,2024,34,Internacional,internacional,Wesley Ribeiro Silva,wesley_ribeiro_silva,65,65,0,2T,Normal
8745,2024,34,Fluminense,fluminense,Lima,lima,11,11,0,1T,Normal
8745,2024,34,Fluminense,fluminense,Germán Cano,german_cano,85,85,0,2T,Normal
8745,2024,34,Fortaleza,fortaleza,Moisés Vieira da Veiga,moises_vieira_da_veiga,19,19,0,1T,Normal
8745,2024,34,Fortaleza,fortaleza,Mário Sérgio Santos Costa,mario_sergio_santos_costa,43,43,0,1T,Normal
8747,2024,35,Vitoria,vitoria,Alerrandro Barra Mansa Realino de Souza,alerrandro_barra_mansa_realino_de_souza,20,20,0,1T,Normal
8747,2024,35,Botafogo-RJ,botafogo_rj,Wagner Leonardo,wagner_leonardo,87,87,0,2T,Gol Contra
8748,2024,35,Palmeiras,palmeiras,Raphael Veiga,raphael_veiga,20,20,0,1T,Normal
8746,2024,35,Juventude,juventude,Nenê,nene,95,90,5,2T,Normal
8746,2024,35,Cuiaba,cuiaba,Matheus Alexandre Anastácio de Souza,matheus_alexandre_anastacio_de_souza,75,75,0,2T,Normal
8749,2024,35,Sao Paulo,sao_paulo,Fausto Vera,fausto_vera,24,24,0,1T,Gol Contra
8749,2024,35,Sao Paulo,sao_paulo,André Silva,andre_silva,46,45,1,1T,Normal
8749,2024,35,Atletico-MG,atletico_mg,Paulinho,paulinho,1,1,0,1T,Normal
8749,2024,35,Atletico-MG,atletico_mg,Paulinho,paulinho,18,18,0,1T,Normal
8751,2024,35,Internacional,internacional,Wesley Ribeiro Silva,wesley_ribeiro_silva,86,86,0,2T,Normal
8751,2024,35,Internacional,internacional,Alan Patrick,alan_patrick,5,5,0,1T,Penalty
8751,2024,35,Internacional,internacional,Wanderson,wanderson,88,88,0,2T,Normal
8751,2024,35,Bragantino,bragantino,Juninho Capixaba,juninho_capixaba,20,20,0,1T,Normal
8751,2024,35,Internacional,internacional,Rafael Santos Borré,rafael_santos_borre,28,28,0,1T,Normal
8752,2024,35,Athletico-PR,athletico_pr,Nikão,nikao,62,62,0,2T,Normal
8752,2024,35,Bahia,bahia,Gabriel Teixeira,gabriel_teixeira,93,90,3,2T,Normal
8750,2024,35,Corinthians,corinthians,Rodrigo Garro,rodrigo_garro,15,15,0,1T,Normal
8750,2024,35,Corinthians,corinthians,Rodrigo Garro,rodrigo_garro,24,24,0,1T,Normal
8750,2024,35,Vasco,vasco,José Luis Rodríguez Bebanz,jose_luis_rodriguez_bebanz,76,76,0,2T,Normal
8750,2024,35,Corinthians,corinthians,Gustavo Henrique Vernes,gustavo_henrique_vernes,11,11,0,1T,Normal
8757,2024,36,Juventude,juventude,Lucas Barbosa,lucas_barbosa,22,22,0,1T,Normal
8757,2024,36,Juventude,juventude,Gilberto Oliveira Souza Junior,gilberto_oliveira_souza_junior,67,67,0,2T,Normal
8757,2024,36,Atletico-MG,atletico_mg,Eduardo Vargas,eduardo_vargas,81,81,0,2T,Penalty
8757,2024,36,Juventude,juventude,Erick Farias,erick_farias,93,90,3,2T,Normal
8757,2024,36,Atletico-MG,atletico_mg,Alisson Santana,alisson_santana,73,73,0,2T,Normal
8756,2024,36,Botafogo-RJ,botafogo_rj,Gregore,gregore,19,19,0,1T,Normal
8756,2024,36,Botafogo-RJ,botafogo_rj,Jefferson Savarino,jefferson_savarino,73,73,0,2T,Normal
8756,2024,36,Botafogo-RJ,botafogo_rj,Adryelson,adryelson,89,89,0,2T,Normal
8756,2024,36,Palmeiras,palmeiras,Richard Ríos,richard_rios,93,90,3,2T,Normal
8755,2024,35,Cruzeiro,cruzeiro,Matheus Pereira,matheus_pereira,42,42,0,1T,Normal
8755,2024,35,Gremio,gremio,Martin Braithwaite,martin_braithwaite,19,19,0,1T,Normal
8759,2024,36,Cuiaba,cuiaba,Eliel,eliel,16,16,0,1T,Normal
8759,2024,36,Bahia,bahia,Ademir,ademir,37,37,0,1T,Normal
8759,2024,36,Bahia,bahia,Luciano Rodriguez,luciano_rodriguez,84,84,0,2T,Normal
8758,2024,36,Criciuma,criciuma,Yannick Bolasie,yannick_bolasie,38,38,0,1T,Normal
8758,2024,36,Corinthians,corinthians,Yuri Alberto,yuri_alberto,94,90,4,2T,Normal
8758,2024,36,Corinthians,corinthians,Rodrigo Garro,rodrigo_garro,62,62,0,2T,Normal
8758,2024,36,Corinthians,corinthians,Matheus Bidu,matheus_bidu,65,65,0,2T,Normal
8758,2024,36,Criciuma,criciuma,Yannick Bolasie,yannick_bolasie,30,30,0,1T,Normal
8758,2024,36,Corinthians,corinthians,Yuri Alberto,yuri_alberto,83,83,0,2T,Normal
8760,2024,36,Vasco,vasco,Maxime Dominguez,maxime_dominguez,75,75,0,2T,Normal
8760,2024,36,Vasco,vasco,Alex Teixeira,alex_teixeira,93,90,3,2T,Normal
8760,2024,36,Atletico-GO,atletico_go,Luiz Fernando Moraes dos Santos,luiz_fernando_moraes_dos_santos,21,21,0,1T,Normal
8760,2024,36,Atletico-GO,atletico_go,Luiz Fernando Moraes dos Santos,luiz_fernando_moraes_dos_santos,56,56,0,2T,Normal
8762,2024,36,Flamengo,flamengo,Michael,michael,41,41,0,1T,Normal
8762,2024,36,Internacional,internacional,Wesley Ribeiro Silva,wesley_ribeiro_silva,55,55,0,2T,Normal
8762,2024,36,Flamengo,flamengo,Léo Ortiz,leo_ortiz,29,29,0,1T,Normal
8762,2024,36,Internacional,internacional,Enner Valencia,enner_valencia,62,62,0,2T,Normal
8762,2024,36,Flamengo,flamengo,Michael,michael,37,37,0,1T,Normal
8761,2024,36,Gremio,gremio,Franco Cristaldo,franco_cristaldo,36,36,0,1T,Normal
8761,2024,36,Gremio,gremio,Ruan Tressoldi Netto,ruan_tressoldi_netto,46,45,1,1T,Gol Contra
8761,2024,36,Sao Paulo,sao_paulo,Luiz Gustavo,luiz_gustavo,64,64,0,2T,Normal
8763,2024,36,Cruzeiro,cruzeiro,Ramiro,ramiro,85,85,0,2T,Normal
8763,2024,36,Bragantino,bragantino,Eduardo Sasha,eduardo_sasha,6,6,0,1T,Normal
8764,2024,36,Athletico-PR,athletico_pr,Lucas Belezi,lucas_belezi,2,2,0,1T,Normal
8764,2024,36,Fluminense,fluminense,Jhon Arias,jhon_arias,65,65,0,2T,Normal
8765,2024,36,Vitoria,vitoria,Alerrandro Barra Mansa Realino de Souza,alerrandro_barra_mansa_realino_de_souza,37,37,0,1T,Normal
8765,2024,36,Vitoria,vitoria,Alerrandro Barra Mansa Realino de Souza,alerrandro_barra_mansa_realino_de_souza,9,9,0,1T,Normal
8766,2024,37,Corinthians,corinthians,Memphis Depay,memphis_depay,12,12,0,1T,Normal
8766,2024,37,Corinthians,corinthians,Memphis Depay,memphis_depay,61,61,0,2T,Normal
8766,2024,37,Corinthians,corinthians,Yuri Alberto,yuri_alberto,49,45,4,1T,Normal
8767,2024,37,Vasco,vasco,Pablo Vegetti,pablo_vegetti,52,52,0,2T,Normal
8767,2024,37,Vasco,vasco,Philippe Coutinho,philippe_coutinho,64,64,0,2T,Normal
8768,2024,37,Vitoria,vitoria,Alerrandro Barra Mansa Realino de Souza,alerrandro_barra_mansa_realino_de_souza,67,67,0,2T,Normal
8768,2024,37,Gremio,gremio,João Pedro Maturano dos Santos,joao_pedro_maturano_dos_santos,37,37,0,1T,Normal
8769,2024,37,Flamengo,flamengo,Guillermo Varela,guillermo_varela,45,45,0,1T,Normal
8769,2024,37,Flamengo,flamengo,Luiz Araújo,luiz_araujo,84,84,0,2T,Normal
8769,2024,37,Flamengo,flamengo,Bruno Henrique,bruno_henrique,71,71,0,2T,Penalty
8770,2024,37,Juventude,juventude,Erick Farias,erick_farias,62,62,0,2T,Normal
8770,2024,37,Sao Paulo,sao_paulo,Luciano da Rocha Neves,luciano_da_rocha_neves,77,77,0,2T,Normal
8770,2024,37,Juventude,juventude,Gabriel Pereira Taliari,gabriel_pereira_taliari,52,52,0,2T,Normal
8771,2024,37,Fortaleza,fortaleza,Tomás Cardona,tomas_cardona,12,12,0,1T,Normal
8771,2024,37,Atletico-GO,atletico_go,Derek,derek,21,21,0,1T,Normal
8771,2024,37,Atletico-GO,atletico_go,Janderson,janderson,79,79,0,2T,Normal
8771,2024,37,Atletico-GO,atletico_go,Alejo Cruz,alejo_cruz,85,85,0,2T,Normal
8772,2024,37,Botafogo-RJ,botafogo_rj,Jefferson Savarino,jefferson_savarino,5,5,0,1T,Normal
8773,2024,37,Palmeiras,palmeiras,Estêvão,estevao,90,90,0,2T,Normal
8773,2024,37,Cruzeiro,cruzeiro,Matheus Pereira,matheus_pereira,52,52,0,2T,Normal
8773,2024,37,Palmeiras,palmeiras,Maurício,mauricio,61,61,0,2T,Normal
8775,2024,37,Bragantino,bragantino,Eduardo Sasha,eduardo_sasha,82,82,0,2T,Normal
8775,2024,37,Athletico-PR,athletico_pr,Erick Luis Conrado Carvalho,erick_luis_conrado_carvalho,74,74,0,2T,Normal
8775,2024,37,Bragantino,bragantino,Eduardo Sasha,eduardo_sasha,14,14,0,1T,Normal
8774,2024,37,Fluminense,fluminense,Kevin Serna,kevin_serna,59,59,0,2T,Normal
8777,2024,38,Cruzeiro,cruzeiro,Tevis Gabriel,tevis_gabriel,30,30,0,1T,Normal
8778,2024,38,Bahia,bahia,Luciano Rodriguez,luciano_rodriguez,58,58,0,2T,Penalty
8778,2024,38,Bahia,bahia,Thaciano,thaciano,41,41,0,1T,Normal
8779,2024,38,Vitoria,vitoria,Alerrandro Barra Mansa Realino de Souza,alerrandro_barra_mansa_realino_de_souza,16,16,0,1T,Normal
8779,2024,38,Vitoria,vitoria,Janderson,janderson,74,74,0,2T,Normal
8779,2024,38,Flamengo,flamengo,Gabriel Barbosa,gabriel_barbosa,59,59,0,2T,Normal
8779,2024,38,Flamengo,flamengo,Ayrton Lucas Dantas de Medeiros,ayrton_lucas_dantas_de_medeiros,79,79,0,2T,Normal
8781,2024,38,Atletico-MG,atletico_mg,Rubens,rubens,73,73,0,2T,Normal
8782,2024,38,Botafogo-RJ,botafogo_rj,Jefferson Savarino,jefferson_savarino,37,37,0,1T,Normal
8782,2024,38,Botafogo-RJ,botafogo_rj,Gregore,gregore,92,90,2,2T,Normal
8782,2024,38,Sao Paulo,sao_paulo,William Gomes,william_gomes,63,63,0,2T,Normal
8783,2024,38,Cuiaba,cuiaba,Derik Lacerda,derik_lacerda,33,33,0,1T,Normal
8783,2024,38,Vasco,vasco,Pablo Vegetti,pablo_vegetti,17,17,0,1T,Normal
8783,2024,38,Vasco,vasco,Pablo Vegetti,pablo_vegetti,43,43,0,1T,Normal
8784,2024,38,Fluminense,fluminense,Kevin Serna,kevin_serna,37,37,0,1T,Normal
8776,2024,38,Fortaleza,fortaleza,Moisés Vieira da Veiga,moises_vieira_da_veiga,7,7,0,1T,Normal
8776,2024,38,Fortaleza,fortaleza,Moisés Vieira da Veiga,moises_vieira_da_veiga,20,20,0,1T,Normal
8776,2024,38,Fortaleza,fortaleza,Tinga,tinga,53,53,0,2T,Normal
8780,2024,38,Bragantino,bragantino,Eduardo Sasha,eduardo_sasha,55,55,0,2T,Normal
8780,2024,38,Bragantino,bragantino,Henry Mosquera,henry_mosquera,70,70,0,2T,Normal
8780,2024,38,Bragantino,bragantino,Juninho Capixaba,juninho_capixaba,13,13,0,1T,Normal
8780,2024,38,Bragantino,bragantino,Jhon Jhon,jhon_jhon,80,80,0,2T,Normal
8780,2024,38,Bragantino,bragantino,Vinicinho,vinicinho,30,30,0,1T,Normal
8780,2024,38,Criciuma,criciuma,Rodrigo Fagundes de Freitas,rodrigo_fagundes_de_freitas,39,39,0,1T,Normal
8785,2024,38,Corinthians,corinthians,Charles Rigon Matos,charles_rigon_matos,88,88,0,2T,Normal
8785,2024,38,Corinthians,corinthians,Yuri Alberto,yuri_alberto,46,45,1,1T,Penalty
8785,2024,38,Corinthians,corinthians,Memphis Depay,memphis_depay,93,90,3,2T,Normal
