partida_id,temporada,serie,rodada,clube,clube_slug,momento,periodo,minuto_nominal,acrescimo,minuto_continuo,num_entrou,atleta_entrou,atleta_entrou_slug,num_saiu,atleta_saiu,atleta_saiu_slug
170,2026,A,0,Remo,remo,2T,2T,13,0,58,14,Leonel Marcelo Picco,leonel_marcelo_picco,8,Patrick Bezerra do Nascimento,patrick_bezerra_do_nascimento
170,2026,A,0,Remo,remo,2T,2T,13,0,58,99,Gabriel Buscariol Poveda,gabriel_buscariol_poveda,15,Vitor Frezarin Bueno,vitor_frezarin_bueno
170,2026,A,0,Athletico Paranaense,athletico_paranaense,2T,2T,25,0,70,63,Diogo Riquelme Rivas do Nasc,diogo_riquelme_rivas_do_nasc,5,Antonio Feliphe Costa Silva,antonio_feliphe_costa_silva
170,2026,A,0,Remo,remo,2T,2T,31,0,76,33,Diego Manuel Hernandez Gonza,diego_manuel_hernandez_gonza,11,Alef Mangueira Severino Pere,alef_mangueira_severino_pere
170,2026,A,0,Athletico Paranaense,athletico_paranaense,2T,2T,38,0,83,70,Renan Peixoto Nepomuceno,renan_peixoto_nepomuceno,9,Kevin Estiben Viveros Rodall,kevin_estiben_viveros_rodall
170,2026,A,0,Remo,remo,2T,2T,42,0,87,55,Jose Ricardo Araujo Fernandes,jose_ricardo_araujo_fernandes,28,José Welison da Silva,jose_welison_da_silva
221,2026,A,0,Fluminense,fluminense,2T,2T,8,0,53,29,Julian Camilo Millan Diaz,julian_camilo_millan_diaz,21,Igor Rabello da Costa,igor_rabello_da_costa
221,2026,A,0,Fluminense,fluminense,2T,2T,24,0,69,14,German Ezequiel Cano,german_ezequiel_cano,7,Givanildo Vieira de Sousa,givanildo_vieira_de_sousa
221,2026,A,0,Fluminense,fluminense,2T,2T,24,0,69,32,Luciano Federico Acosta,luciano_federico_acosta,10,Paulo Henrique Chagas de Lima,paulo_henrique_chagas_de_lima
221,2026,A,0,Palmeiras,palmeiras,2T,2T,27,0,72,32,Emiliano Martinez Toranza,emiliano_martinez_toranza,11,Jhon Adolfo Arias Andrade,jhon_adolfo_arias_andrade
221,2026,A,0,Palmeiras,palmeiras,2T,2T,27,0,72,18,Mauricio Magalhaes Prado,mauricio_magalhaes_prado,8,Andreas Hugo Hoelgebaum Pere,andreas_hugo_hoelgebaum_pere
221,2026,A,0,Fluminense,fluminense,2T,2T,33,0,78,90,Kevin Steven Serna Jaramillo,kevin_steven_serna_jaramillo,30,Yeferson Julio Soteldo Marti,yeferson_julio_soteldo_marti
221,2026,A,0,Fluminense,fluminense,2T,2T,33,0,78,16,Gustavo Nonato Santana,gustavo_nonato_santana,35,Hercules Pereira do Nascimento,hercules_pereira_do_nascimento
221,2026,A,0,Palmeiras,palmeiras,2T,2T,34,0,79,7,Felipe Anderson Pereira Gomes,felipe_anderson_pereira_gomes,19,Ramon Sosa Acosta,ramon_sosa_acosta
1,2026,A,1,Grêmio,gremio,2T,2T,15,0,60,88,Willian Borges da Silva,willian_borges_da_silva,17,Douglas Moreira Fagundes,douglas_moreira_fagundes
1,2026,A,1,Grêmio,gremio,2T,2T,15,0,60,7,Cristian David Pavon,cristian_david_pavon,9,Francis Apelete Amuzu,francis_apelete_amuzu
1,2026,A,1,Grêmio,gremio,2T,2T,28,0,73,99,Jose David Enamorado Gomez,jose_david_enamorado_gomez,21,Mateus Cardoso Lemos Martins,mateus_cardoso_lemos_martins
1,2026,A,1,Fluminense,fluminense,2T,2T,32,0,77,11,Jefferson David Savarino Qui,jefferson_david_savarino_qui,90,Kevin Steven Serna Jaramillo,kevin_steven_serna_jaramillo
1,2026,A,1,Fluminense,fluminense,2T,2T,32,0,77,5,Facundo Bernal Cruz,facundo_bernal_cruz,16,Gustavo Nonato Santana,gustavo_nonato_santana
1,2026,A,1,Fluminense,fluminense,2T,2T,32,0,77,10,Paulo Henrique Chagas de Lima,paulo_henrique_chagas_de_lima,32,Luciano Federico Acosta,luciano_federico_acosta
1,2026,A,1,Grêmio,gremio,2T,2T,40,0,85,77,Andre Henrique da Silva Mart,andre_henrique_da_silva_mart,95,Carlos Vinicius Alves Morais,carlos_vinicius_alves_morais
1,2026,A,1,Fluminense,fluminense,2T,2T,40,0,85,30,Santiago Moreno,santiago_moreno,17,Agustin Canobbio Graviz,agustin_canobbio_graviz
1,2026,A,1,Fluminense,fluminense,2T,2T,44,0,89,9,Everaldo Stum,everaldo_stum,99,John Kennedy Batista de Souza,john_kennedy_batista_de_souza
2,2026,A,1,Cruzeiro Saf,cruzeiro_saf,2T,2T,10,0,55,99,Keny Alexander Arroyo Alvarado,keny_alexander_arroyo_alvarado,94,Wanderson Maciel Sousa Campos,wanderson_maciel_sousa_campos
2,2026,A,1,Botafogo,botafogo,2T,2T,17,0,62,11,Matheus Martins Silva dos Sa,matheus_martins_silva_dos_sa,19,Arthur Mendonça Cabral,arthur_mendonca_cabral
2,2026,A,1,Botafogo,botafogo,2T,2T,17,0,62,7,Artur Victor Guimaraes,artur_victor_guimaraes,25,Allan Marques Loureiro,allan_marques_loureiro
2,2026,A,1,Cruzeiro Saf,cruzeiro_saf,2T,2T,19,0,64,88,Christian Roberto Alves Card,christian_roberto_alves_card,16,Lucas Silva Borges,lucas_silva_borges
2,2026,A,1,Cruzeiro Saf,cruzeiro_saf,2T,2T,32,0,77,70,Kaique Kenji Takamura Correa,kaique_kenji_takamura_correa,11,Gerson Santos da Silva,gerson_santos_da_silva
2,2026,A,1,Cruzeiro Saf,cruzeiro_saf,2T,2T,32,0,77,8,Matheus Henrique de Souza,matheus_henrique_de_souza,29,Lucas Daniel Romero,lucas_daniel_romero
2,2026,A,1,Cruzeiro Saf,cruzeiro_saf,2T,2T,32,0,77,43,Joao Marcelo Messias Ferreira,joao_marcelo_messias_ferreira,34,Jonathan de Jesus Alves,jonathan_de_jesus_alves
2,2026,A,1,Botafogo,botafogo,2T,2T,34,0,79,21,Fernando Marcal de Oliveira,fernando_marcal_de_oliveira,13,Alex Nicolao Telles,alex_nicolao_telles
2,2026,A,1,Botafogo,botafogo,2T,2T,34,0,79,16,Nathan Ribeiro Fernandes,nathan_ribeiro_fernandes,10,Alvaro Montoro,alvaro_montoro
2,2026,A,1,Botafogo,botafogo,2T,2T,42,0,87,14,Jordan Andres Barrera Herrera,jordan_andres_barrera_herrera,23,Santiago Mariano Rodriguez M,santiago_mariano_rodriguez_m
3,2026,A,1,Flamengo,flamengo,2T,2T,9,0,54,10,Giorgian Daniel de Arrascaet,giorgian_daniel_de_arrascaet,9,Pedro Guilherme Abreu dos Sa,pedro_guilherme_abreu_dos_sa
3,2026,A,1,Flamengo,flamengo,2T,2T,9,0,54,21,Jorge Luiz Frello Filho,jorge_luiz_frello_filho,52,Evertton Gustavo Fernandes A,evertton_gustavo_fernandes_a
3,2026,A,1,Flamengo,flamengo,2T,2T,16,0,61,27,Bruno Henrique Pinto,bruno_henrique_pinto,15,Jorge Andres Carrascal Guardo,jorge_andres_carrascal_guardo
3,2026,A,1,Flamengo,flamengo,2T,2T,16,0,61,16,Samuel Dias Lino,samuel_dias_lino,11,Everton Sousa Soares,everton_sousa_soares
3,2026,A,1,São Paulo,sao_paulo,2T,2T,34,0,79,21,Cedric Ricardo Alves Soares,cedric_ricardo_alves_soares,42,Maik Gomes Viegas,maik_gomes_viegas
3,2026,A,1,São Paulo,sao_paulo,2T,2T,40,0,85,29,Pablo Gonçalves Maia Fortuna,pablo_goncalves_maia_fortuna,94,Daniel de Oliveira Sertanejo,daniel_de_oliveira_sertanejo
3,2026,A,1,São Paulo,sao_paulo,2T,2T,40,0,85,7,Lucas Rodrigues Moura da Silva,lucas_rodrigues_moura_da_silva,10,Luciano da Rocha Neves,luciano_da_rocha_neves
3,2026,A,1,São Paulo,sao_paulo,2T,2T,45,0,90,14,Gonzalo Andrés Tapia Dubourn,gonzalo_andres_tapia_dubourn,9,Jonathan Calleri,jonathan_calleri
4,2026,A,1,Corinthians,corinthians,2T,2T,18,0,63,49,André Luiz Santos Dias,andre_luiz_santos_dias,8,Rodrigo Garro,rodrigo_garro
4,2026,A,1,Corinthians,corinthians,2T,2T,18,0,63,23,Matheus Pereira da Silva,matheus_pereira_da_silva,19,Andre Martin Carrillo Diaz,andre_martin_carrillo_diaz
4,2026,A,1,Corinthians,corinthians,2T,2T,18,0,63,11,Victor Vinicius Coelho Santos,victor_vinicius_coelho_santos,10,Memphis Depay,memphis_depay
4,2026,A,1,Bahia,bahia,2T,2T,19,0,64,89,Wendeson Wanderley Santos de,wendeson_wanderley_santos_de,12,Willian Jose da Silva,willian_jose_da_silva
4,2026,A,1,Bahia,bahia,2T,2T,19,0,64,99,Cristian Gonzalo Olivera Iba,cristian_gonzalo_olivera_iba,16,Erick da Costa Farias,erick_da_costa_farias
4,2026,A,1,Bahia,bahia,2T,2T,23,0,68,14,Erick Luis Conrado Carvalho,erick_luis_conrado_carvalho,6,Jean Lucas de Souza Oliveira,jean_lucas_de_souza_oliveira
4,2026,A,1,Bahia,bahia,2T,2T,32,0,77,15,Michel Daryl Araujo Villar,michel_daryl_araujo_villar,7,Ademir da Silva Santos Junior,ademir_da_silva_santos_junior
4,2026,A,1,Bahia,bahia,2T,2T,32,0,77,11,Rodrigo Nestor Bertalia,rodrigo_nestor_bertalia,26,Nicolas Brian Acevedo Tabarez,nicolas_brian_acevedo_tabarez
4,2026,A,1,Corinthians,corinthians,2T,2T,33,0,78,18,Pedro Raul Garay da Silva,pedro_raul_garay_da_silva,9,Yuri Alberto Monteiro da Silva,yuri_alberto_monteiro_da_silva
4,2026,A,1,Corinthians,corinthians,2T,2T,33,0,78,56,Guilherme William Silva Inacio,guilherme_william_silva_inacio,7,Breno de Souza Bidon,breno_de_souza_bidon
5,2026,A,1,Mirassol,mirassol,2T,2T,17,0,62,17,Everton Galdino Moreira,everton_galdino_moreira,33,Carlos Eduardo de Oliveira A,carlos_eduardo_de_oliveira_a
5,2026,A,1,Mirassol,mirassol,2T,2T,17,0,62,9,Nathan Uiliam Fogaca,nathan_uiliam_fogaca,78,Renato Marques de Oliveira J,renato_marques_de_oliveira_j
5,2026,A,1,Vasco da Gama Saf,vasco_da_gama_saf,2T,2T,23,0,68,9,Matheus França de Oliveira,matheus_franca_de_oliveira,17,Nuno Gonçalo Rocha Moreira,nuno_goncalo_rocha_moreira
5,2026,A,1,Vasco da Gama Saf,vasco_da_gama_saf,2T,2T,23,0,68,74,Andrey Fernandes de Oliveira,andrey_fernandes_de_oliveira,29,Johan Rojas Echavarria,johan_rojas_echavarria
5,2026,A,1,Mirassol,mirassol,2T,2T,23,0,68,21,Jose Aldo Soares de Oliveira,jose_aldo_soares_de_oliveira,25,Antonio Francisco Moura Neto,antonio_francisco_moura_neto
5,2026,A,1,Mirassol,mirassol,2T,2T,23,0,68,27,Antonio Javier Galeano Ferre,antonio_javier_galeano_ferre,77,Alesson dos Santos Batista,alesson_dos_santos_batista
5,2026,A,1,Vasco da Gama Saf,vasco_da_gama_saf,2T,2T,28,0,73,60,João Vitor Fonseca da Silva,joao_vitor_fonseca_da_silva,6,Lucas Piton Crivellaro,lucas_piton_crivellaro
5,2026,A,1,Vasco da Gama Saf,vasco_da_gama_saf,2T,2T,34,0,79,19,Gabriel Souza da Silva,gabriel_souza_da_silva,88,Cauan Lucas Barros da Luz,cauan_lucas_barros_da_luz
5,2026,A,1,Mirassol,mirassol,2T,2T,40,0,85,4,Luiz Otavio da Silva Santos,luiz_otavio_da_silva_santos,6,Reinaldo Manoel da Silva,reinaldo_manoel_da_silva
6,2026,A,1,Atlético Mineiro Saf,atletico_mineiro_saf,2T,2T,15,0,60,28,Tomas Esteban Cuello,tomas_esteban_cuello,92,Eduardo Pereira Rodrigues,eduardo_pereira_rodrigues
6,2026,A,1,Atlético Mineiro Saf,atletico_mineiro_saf,2T,2T,15,0,60,10,Gustavo Henrique Furtado Sca,gustavo_henrique_furtado_sca,11,Bernard Anicio Caldeira Duarte,bernard_anicio_caldeira_duarte
6,2026,A,1,Atlético Mineiro Saf,atletico_mineiro_saf,2T,2T,30,0,75,5,Alexsander Cristhian Gomes d,alexsander_cristhian_gomes_d,30,Victor Hugo Gomes Silva,victor_hugo_gomes_silva
6,2026,A,1,Palmeiras,palmeiras,2T,2T,30,0,75,9,Vitor Hugo Roque Ferreira,vitor_hugo_roque_ferreira,19,Ramon Sosa Acosta,ramon_sosa_acosta
6,2026,A,1,Palmeiras,palmeiras,2T,2T,37,0,82,4,Agustin Giay,agustin_giay,12,Khellven Douglas Silva Olive,khellven_douglas_silva_olive
6,2026,A,1,Palmeiras,palmeiras,2T,2T,37,0,82,37,Riquelme Fillipi Marinho de,riquelme_fillipi_marinho_de,40,Allan Andrade Elias,allan_andrade_elias
6,2026,A,1,Palmeiras,palmeiras,2T,2T,37,0,82,56,Arthur Gabriel Santana Marco,arthur_gabriel_santana_marco,22,Joaquin Piquerez Moreira,joaquin_piquerez_moreira
6,2026,A,1,Atlético Mineiro Saf,atletico_mineiro_saf,2T,2T,40,0,85,19,Reinier Jesus Carvalho,reinier_jesus_carvalho,17,Igor Silveira Gomes,igor_silveira_gomes
6,2026,A,1,Palmeiras,palmeiras,2T,2T,40,0,85,31,Luighi Hanri Sousa Santos,luighi_hanri_sousa_santos,18,Mauricio Magalhaes Prado,mauricio_magalhaes_prado
7,2026,A,1,Internacional,internacional,2T,2T,20,0,65,27,Paulo Lucas Santos de Paula,paulo_lucas_santos_de_paula,8,Bruno Henrique Corsini,bruno_henrique_corsini
7,2026,A,1,Athletico Paranaense,athletico_paranaense,2T,2T,20,0,65,53,Eduardo Kogitzki Anastacio,eduardo_kogitzki_anastacio,7,John Steven Mendoza Valencia,john_steven_mendoza_valencia
7,2026,A,1,Internacional,internacional,2T,2T,20,0,65,35,Braian Nahuel Aguirre,braian_nahuel_aguirre,15,Bruno Gomes da Silva Clevela,bruno_gomes_da_silva_clevela
7,2026,A,1,Athletico Paranaense,athletico_paranaense,2T,2T,20,0,65,16,Jadson Alves dos Santos,jadson_alves_dos_santos,27,Juan Camilo Portilla Orozco,juan_camilo_portilla_orozco
7,2026,A,1,Internacional,internacional,2T,2T,29,0,74,5,Rodrigo Roman Villagra,rodrigo_roman_villagra,16,Ronaldo da Silva Souza Guerr,ronaldo_da_silva_souza_guerr
7,2026,A,1,Athletico Paranaense,athletico_paranaense,2T,2T,35,0,80,19,Luiz Fernando Moraes dos San,luiz_fernando_moraes_dos_san,20,Julimar Silva Oliveira Junior,julimar_silva_oliveira_junior
7,2026,A,1,Athletico Paranaense,athletico_paranaense,2T,2T,35,0,80,3,Leonardo Pinheiro da Conceicao,leonardo_pinheiro_da_conceicao,13,Carlos Teran Diaz,carlos_teran_diaz
7,2026,A,1,Athletico Paranaense,athletico_paranaense,2T,2T,39,0,84,63,Diogo Riquelme Rivas do Nasc,diogo_riquelme_rivas_do_nasc,10,Bruno Zapelli,bruno_zapelli
7,2026,A,1,Internacional,internacional,2T,2T,45,0,90,48,Raykkonen Pereira Soares,raykkonen_pereira_soares,10,Alan Patrick Lourenço,alan_patrick_lourenco
8,2026,A,1,Coritiba S.a.f.,coritiba_s_a_f,2T,2T,18,0,63,55,Jacy Maranhao Oliveira,jacy_maranhao_oliveira,7,Joaquin Lavega Colzada,joaquin_lavega_colzada
8,2026,A,1,Coritiba S.a.f.,coritiba_s_a_f,2T,2T,18,0,63,77,Breno Henrique Vasconcelos L,breno_henrique_vasconcelos_l,32,Pedro Rocha Neves,pedro_rocha_neves
8,2026,A,1,Red Bull Bragantino,red_bull_bragantino,2T,2T,24,0,69,15,Ignacio Sosa Ospital,ignacio_sosa_ospital,35,Matheus Fernandes Siqueira,matheus_fernandes_siqueira
8,2026,A,1,Red Bull Bragantino,red_bull_bragantino,2T,2T,24,0,69,23,Ariel Agustín Sant'anna Quin,ariel_agustin_sant_anna_quin,34,Jose Andres Hurtado Cheme,jose_andres_hurtado_cheme
8,2026,A,1,Coritiba S.a.f.,coritiba_s_a_f,2T,2T,30,0,75,36,Vinicius Romualdo dos Santos,vinicius_romualdo_dos_santos,11,Lucas Ronier Vieira Pires,lucas_ronier_vieira_pires
8,2026,A,1,Coritiba S.a.f.,coritiba_s_a_f,2T,2T,36,0,81,21,Thiago dos Santos,thiago_dos_santos,26,Bruno Ferreira Melo,bruno_ferreira_melo
8,2026,A,1,Coritiba S.a.f.,coritiba_s_a_f,2T,2T,36,0,81,8,Wallisson Luiz Alves Maximo,wallisson_luiz_alves_maximo,29,Willian Osmar de Oliveira Si,willian_osmar_de_oliveira_si
8,2026,A,1,Red Bull Bragantino,red_bull_bragantino,2T,2T,40,0,85,17,Vinicius Mendonca Pereira,vinicius_mendonca_pereira,30,Henry David Mosquera Sanchez,henry_david_mosquera_sanchez
9,2026,A,1,Remo,remo,1T,1T,33,0,33,8,Patrick Bezerra do Nascimento,patrick_bezerra_do_nascimento,10,Jaderson Flores dos Reis,jaderson_flores_dos_reis
9,2026,A,1,Remo,remo,2T,2T,9,0,54,39,Eduardo de Queiroz Melo,eduardo_de_queiroz_melo,45,João Pedro Sousa Silva,joao_pedro_sousa_silva
9,2026,A,1,Vitória,vitoria,2T,2T,16,0,61,83,Jamerson Santos de Jesus,jamerson_santos_de_jesus,13,Ramon Ramos Lima,ramon_ramos_lima
9,2026,A,1,Remo,remo,2T,2T,21,0,66,31,Raphael Guimaraes de Paula,raphael_guimaraes_de_paula,12,Patrick de Paula Carreiro,patrick_de_paula_carreiro
9,2026,A,1,Remo,remo,2T,2T,21,0,66,79,Marcelo Rodrigues Souza,marcelo_rodrigues_souza,11,Alef Mangueira Severino Pere,alef_mangueira_severino_pere
9,2026,A,1,Vitória,vitoria,2T,2T,26,0,71,23,Fabricio do Rosario dos Santos,fabricio_do_rosario_dos_santos,79,Renato Kayzer de Souza,renato_kayzer_de_souza
9,2026,A,1,Vitória,vitoria,2T,2T,35,0,80,11,Osvaldo Lourenco Filho,osvaldo_lourenco_filho,10,Matheus Martins Fogaca de Pa,matheus_martins_fogaca_de_pa
10,2026,A,1,Chapecoense,chapecoense,2T,2T,12,0,57,20,Jean Carlos Vicente,jean_carlos_vicente,10,Giovanni Augusto Oliveira Ca,giovanni_augusto_oliveira_ca
10,2026,A,1,Chapecoense,chapecoense,2T,2T,12,0,57,11,Bolasie Yala,bolasie_yala,7,Marcio Antonio de Sousa Junior,marcio_antonio_de_sousa_junior
10,2026,A,1,Chapecoense,chapecoense,2T,2T,22,0,67,22,Higor Matheus Meritao,higor_matheus_meritao,27,Camilo Reijers de Oliveira,camilo_reijers_de_oliveira
10,2026,A,1,Chapecoense,chapecoense,2T,2T,29,0,74,8,Robert dos Santos Conceicao,robert_dos_santos_conceicao,4,Joao Paulo Silveira dos Santos,joao_paulo_silveira_dos_santos
10,2026,A,1,Santos Fc,santos_fc,2T,2T,32,0,77,7,Robson de Souza Júnior,robson_de_souza_junior,6,Jose Rafael Vivian,jose_rafael_vivian
10,2026,A,1,Santos Fc,santos_fc,2T,2T,32,0,77,55,Fernando Pradella Rocha,fernando_pradella_rocha,19,Lautaro Ariel Diaz,lautaro_ariel_diaz
10,2026,A,1,Santos Fc,santos_fc,2T,2T,38,0,83,32,Benjamin Rollheiser,benjamin_rollheiser,30,Miguel Angel Terceros Acuna,miguel_angel_terceros_acuna
10,2026,A,1,Santos Fc,santos_fc,2T,2T,44,0,89,49,Gabriel Morais Silva Bontempo,gabriel_morais_silva_bontempo,25,Gabriel Vinicius Menino,gabriel_vinicius_menino
11,2026,A,2,Internacional,internacional,2T,2T,12,0,57,8,Bruno Henrique Corsini,bruno_henrique_corsini,16,Ronaldo da Silva Souza Guerr,ronaldo_da_silva_souza_guerr
11,2026,A,2,Internacional,internacional,2T,2T,12,0,57,35,Braian Nahuel Aguirre,braian_nahuel_aguirre,28,Vitor Hugo Naum dos Santos,vitor_hugo_naum_dos_santos
11,2026,A,2,Flamengo,flamengo,2T,2T,19,0,64,15,Jorge Andres Carrascal Guardo,jorge_andres_carrascal_guardo,20,Lucas Tolentino Coelho de Lima,lucas_tolentino_coelho_de_lima
11,2026,A,2,Flamengo,flamengo,2T,2T,19,0,64,16,Samuel Dias Lino,samuel_dias_lino,11,Everton Sousa Soares,everton_sousa_soares
11,2026,A,2,Flamengo,flamengo,2T,2T,28,0,73,52,Evertton Gustavo Fernandes A,evertton_gustavo_fernandes_a,18,Diego Nicolas de La Cruz Arc,diego_nicolas_de_la_cruz_arc
11,2026,A,2,Internacional,internacional,2T,2T,35,0,80,4,Felix Eduardo Torres Caicedo,felix_eduardo_torres_caicedo,25,Gabriel Ivan Mercado,gabriel_ivan_mercado
11,2026,A,2,Internacional,internacional,2T,2T,41,0,86,9,Alerrandro Barra Mansa Reali,alerrandro_barra_mansa_reali,19,Rafael Santos Borre Maury,rafael_santos_borre_maury
11,2026,A,2,Internacional,internacional,2T,2T,41,0,86,29,Thiago Maia Alencar,thiago_maia_alencar,7,Johan Stiven Carbonero Balanta,johan_stiven_carbonero_balanta
12,2026,A,2,Chapecoense,chapecoense,2T,2T,8,0,53,22,Higor Matheus Meritao,higor_matheus_meritao,10,Giovanni Augusto Oliveira Ca,giovanni_augusto_oliveira_ca
12,2026,A,2,Chapecoense,chapecoense,2T,2T,23,0,68,7,Marcio Antonio de Sousa Junior,marcio_antonio_de_sousa_junior,77,Italo de Vargas da Rosa,italo_de_vargas_da_rosa
12,2026,A,2,Chapecoense,chapecoense,2T,2T,23,0,68,70,Rubens Tadeu Hartmann Ricoldi,rubens_tadeu_hartmann_ricoldi,33,Bruno Leonardo dos Santos Co,bruno_leonardo_dos_santos_co
12,2026,A,2,Chapecoense,chapecoense,2T,2T,23,0,68,20,Jean Carlos Vicente,jean_carlos_vicente,27,Camilo Reijers de Oliveira,camilo_reijers_de_oliveira
12,2026,A,2,Vasco da Gama Saf,vasco_da_gama_saf,2T,2T,23,0,68,7,David Correa da Fonseca,david_correa_da_fonseca,20,Brenner Souza da Silva,brenner_souza_da_silva
12,2026,A,2,Vasco da Gama Saf,vasco_da_gama_saf,2T,2T,34,0,79,60,João Vitor Fonseca da Silva,joao_vitor_fonseca_da_silva,6,Lucas Piton Crivellaro,lucas_piton_crivellaro
12,2026,A,2,Chapecoense,chapecoense,2T,2T,34,0,79,19,David Antunes da Silva,david_antunes_da_silva,99,Rafael dos Santos Carvalheir,rafael_dos_santos_carvalheir
12,2026,A,2,Vasco da Gama Saf,vasco_da_gama_saf,2T,2T,34,0,79,18,Marino Hinestroza Angulo,marino_hinestroza_angulo,17,Nuno Gonçalo Rocha Moreira,nuno_goncalo_rocha_moreira
12,2026,A,2,Vasco da Gama Saf,vasco_da_gama_saf,2T,2T,34,0,79,25,Hugo Moura Arruda da Silva,hugo_moura_arruda_da_silva,23,Thiago Henrique Santos Mendes,thiago_henrique_santos_mendes
12,2026,A,2,Vasco da Gama Saf,vasco_da_gama_saf,2T,2T,40,0,85,29,Johan Rojas Echavarria,johan_rojas_echavarria,10,Philippe Coutinho Correia,philippe_coutinho_correia
13,2026,A,2,São Paulo,sao_paulo,2T,2T,16,0,61,8,Marcos Antonio Silva Santos,marcos_antonio_silva_santos,29,Pablo Gonçalves Maia Fortuna,pablo_goncalves_maia_fortuna
13,2026,A,2,São Paulo,sao_paulo,2T,2T,16,0,61,7,Lucas Rodrigues Moura da Silva,lucas_rodrigues_moura_da_silva,28,Alan Javier Franco,alan_javier_franco
13,2026,A,2,São Paulo,sao_paulo,2T,2T,16,0,61,10,Luciano da Rocha Neves,luciano_da_rocha_neves,14,Gonzalo Andrés Tapia Dubourn,gonzalo_andres_tapia_dubourn
13,2026,A,2,Santos Fc,santos_fc,2T,2T,24,0,69,30,Miguel Angel Terceros Acuna,miguel_angel_terceros_acuna,6,Jose Rafael Vivian,jose_rafael_vivian
13,2026,A,2,Santos Fc,santos_fc,2T,2T,34,0,79,32,Benjamin Rollheiser,benjamin_rollheiser,22,Alvaro Martin Barreal,alvaro_martin_barreal
13,2026,A,2,São Paulo,sao_paulo,2T,2T,38,0,83,33,Luan Vinicius da Silva Santos,luan_vinicius_da_silva_santos,16,Damian Josue Bobadilla Benitez,damian_josue_bobadilla_benitez
13,2026,A,2,Santos Fc,santos_fc,2T,2T,43,0,88,19,Lautaro Ariel Diaz,lautaro_ariel_diaz,11,Ronielson da Silva Barbosa,ronielson_da_silva_barbosa
13,2026,A,2,Santos Fc,santos_fc,2T,2T,43,0,88,49,Gabriel Morais Silva Bontempo,gabriel_morais_silva_bontempo,25,Gabriel Vinicius Menino,gabriel_vinicius_menino
13,2026,A,2,São Paulo,sao_paulo,2T,2T,45,0,90,32,Nahuel Adolfo Ferraresi Hern,nahuel_adolfo_ferraresi_hern,42,Maik Gomes Viegas,maik_gomes_viegas
14,2026,A,2,Vitória,vitoria,2T,2T,18,0,63,10,Matheus Martins Fogaca de Pa,matheus_martins_fogaca_de_pa,33,Erick de Arruda Serafim,erick_de_arruda_serafim
14,2026,A,2,Vitória,vitoria,2T,2T,24,0,69,36,Luan Candido de Almeida,luan_candido_de_almeida,3,Jose Marcos Alves Luis,jose_marcos_alves_luis
14,2026,A,2,Palmeiras,palmeiras,2T,2T,26,0,71,19,Ramon Sosa Acosta,ramon_sosa_acosta,40,Allan Andrade Elias,allan_andrade_elias
14,2026,A,2,Vitória,vitoria,2T,2T,33,0,78,63,Lawan Kennyd Gabriel Santos,lawan_kennyd_gabriel_santos,23,Fabricio do Rosario dos Santos,fabricio_do_rosario_dos_santos
14,2026,A,2,Palmeiras,palmeiras,2T,2T,40,0,85,48,Larson Torna Ferreira dos Sa,larson_torna_ferreira_dos_sa,18,Mauricio Magalhaes Prado,mauricio_magalhaes_prado
14,2026,A,2,Palmeiras,palmeiras,2T,2T,40,0,85,31,Luighi Hanri Sousa Santos,luighi_hanri_sousa_santos,9,Vitor Hugo Roque Ferreira,vitor_hugo_roque_ferreira
14,2026,A,2,Palmeiras,palmeiras,2T,2T,40,0,85,50,Luis Felipe Pacheco da Costa,luis_felipe_pacheco_da_costa,8,Andreas Hugo Hoelgebaum Pere,andreas_hugo_hoelgebaum_pere
14,2026,A,2,Palmeiras,palmeiras,2T,2T,40,0,85,11,Bruno Rafael Rodrigues do Na,bruno_rafael_rodrigues_do_na,42,Jose Manuel Alberto Lopez,jose_manuel_alberto_lopez
15,2026,A,2,Atlético Mineiro Saf,atletico_mineiro_saf,2T,2T,17,0,62,19,Reinier Jesus Carvalho,reinier_jesus_carvalho,7,Givanildo Vieira de Sousa,givanildo_vieira_de_sousa
15,2026,A,2,Red Bull Bragantino,red_bull_bragantino,2T,2T,21,0,66,9,Isidro Miguel Pitta Saldivar,isidro_miguel_pitta_saldivar,8,Eduardo Colcenti Antunes,eduardo_colcenti_antunes
15,2026,A,2,Red Bull Bragantino,red_bull_bragantino,2T,2T,21,0,66,15,Ignacio Sosa Ospital,ignacio_sosa_ospital,35,Matheus Fernandes Siqueira,matheus_fernandes_siqueira
15,2026,A,2,Red Bull Bragantino,red_bull_bragantino,2T,2T,21,0,66,5,Fabio Silva de Freitas,fabio_silva_de_freitas,6,Gabriel Girotto Franco,gabriel_girotto_franco
15,2026,A,2,Red Bull Bragantino,red_bull_bragantino,2T,2T,25,0,70,14,Pedro Henrique Ribeiro Gonca,pedro_henrique_ribeiro_gonca,4,Alix Vinicius de Souza Sampaio,alix_vinicius_de_souza_sampaio
15,2026,A,2,Atlético Mineiro Saf,atletico_mineiro_saf,2T,2T,25,0,70,10,Gustavo Henrique Furtado Sca,gustavo_henrique_furtado_sca,23,Angelo Smit Preciado Quiñonez,angelo_smit_preciado_quinonez
15,2026,A,2,Red Bull Bragantino,red_bull_bragantino,2T,2T,36,0,81,7,Eric dos Santos Rodrigues,eric_dos_santos_rodrigues,22,Gustavo Ribeiro Neves,gustavo_ribeiro_neves
15,2026,A,2,Atlético Mineiro Saf,atletico_mineiro_saf,2T,2T,42,0,87,39,Mamady Cissé,mamady_cisse,8,Maycon de Andrade Barberan,maycon_de_andrade_barberan
16,2026,A,2,Cruzeiro Saf,cruzeiro_saf,2T,2T,13,0,58,8,Matheus Henrique de Souza,matheus_henrique_de_souza,29,Lucas Daniel Romero,lucas_daniel_romero
16,2026,A,2,Cruzeiro Saf,cruzeiro_saf,2T,2T,13,0,58,23,Fagner Conserva Lemos,fagner_conserva_lemos,12,William de Asevedo Furtado,william_de_asevedo_furtado
16,2026,A,2,Coritiba S.a.f.,coritiba_s_a_f,2T,2T,21,0,66,20,Marcos da Silva Franca,marcos_da_silva_franca,77,Breno Henrique Vasconcelos L,breno_henrique_vasconcelos_l
16,2026,A,2,Coritiba S.a.f.,coritiba_s_a_f,2T,2T,27,0,72,55,Jacy Maranhao Oliveira,jacy_maranhao_oliveira,23,Tiago Coser,tiago_coser
16,2026,A,2,Coritiba S.a.f.,coritiba_s_a_f,2T,2T,27,0,72,88,Fernando Pereira do Nascimento,fernando_pereira_do_nascimento,7,Joaquin Lavega Colzada,joaquin_lavega_colzada
16,2026,A,2,Cruzeiro Saf,cruzeiro_saf,2T,2T,32,0,77,16,Lucas Silva Borges,lucas_silva_borges,11,Gerson Santos da Silva,gerson_santos_da_silva
16,2026,A,2,Cruzeiro Saf,cruzeiro_saf,2T,2T,37,0,82,36,Kaua Prates de Almeida,kaua_prates_de_almeida,6,Kaiki Bruno da Silva,kaiki_bruno_da_silva
16,2026,A,2,Coritiba S.a.f.,coritiba_s_a_f,2T,2T,41,0,86,21,Thiago dos Santos,thiago_dos_santos,3,Maicon Pereira Roque,maicon_pereira_roque
17,2026,A,2,Botafogo,botafogo,1T,1T,18,0,18,7,Artur Victor Guimaraes,artur_victor_guimaraes,23,Santiago Mariano Rodriguez M,santiago_mariano_rodriguez_m
17,2026,A,2,Grêmio,gremio,1T,1T,45,2,47,88,Willian Borges da Silva,willian_borges_da_silva,11,Miguel Angel Monsalve Gonzalez,miguel_angel_monsalve_gonzalez
17,2026,A,2,Botafogo,botafogo,2T,2T,16,0,61,11,Matheus Martins Silva dos Sa,matheus_martins_silva_dos_sa,4,Mateo Ponte Costa,mateo_ponte_costa
17,2026,A,2,Botafogo,botafogo,2T,2T,16,0,61,14,Jordan Andres Barrera Herrera,jordan_andres_barrera_herrera,10,Alvaro Montoro,alvaro_montoro
17,2026,A,2,Grêmio,gremio,2T,2T,23,0,68,8,Edenilson Andrade dos Santos,edenilson_andrade_dos_santos,21,Mateus Cardoso Lemos Martins,mateus_cardoso_lemos_martins
17,2026,A,2,Grêmio,gremio,2T,2T,23,0,68,77,Andre Henrique da Silva Mart,andre_henrique_da_silva_mart,95,Carlos Vinicius Alves Morais,carlos_vinicius_alves_morais
17,2026,A,2,Botafogo,botafogo,2T,2T,37,0,82,16,Nathan Ribeiro Fernandes,nathan_ribeiro_fernandes,7,Artur Victor Guimaraes,artur_victor_guimaraes
17,2026,A,2,Botafogo,botafogo,2T,2T,37,0,82,64,Marcos Felipe Vinagre Souza,marcos_felipe_vinagre_souza,25,Allan Marques Loureiro,allan_marques_loureiro
17,2026,A,2,Grêmio,gremio,2T,2T,90,1,91,17,Douglas Moreira Fagundes,douglas_moreira_fagundes,29,Arthur Henrique Ramos de Oli,arthur_henrique_ramos_de_oli
18,2026,A,2,Corinthians,corinthians,2T,2T,15,0,60,49,André Luiz Santos Dias,andre_luiz_santos_dias,11,Victor Vinicius Coelho Santos,victor_vinicius_coelho_santos
18,2026,A,2,Corinthians,corinthians,2T,2T,15,0,60,29,Allan Rodrigues de Souza,allan_rodrigues_de_souza,35,Charles Rigon Matos,charles_rigon_matos
18,2026,A,2,Corinthians,corinthians,2T,2T,15,0,60,56,Guilherme William Silva Inacio,guilherme_william_silva_inacio,8,Rodrigo Garro,rodrigo_garro
18,2026,A,2,Athletico Paranaense,athletico_paranaense,2T,2T,21,0,66,48,Bruno Braga Ramos,bruno_braga_ramos,20,Julimar Silva Oliveira Junior,julimar_silva_oliveira_junior
18,2026,A,2,Athletico Paranaense,athletico_paranaense,2T,2T,24,0,69,6,Leonardo Derik Dias Goncalves,leonardo_derik_dias_goncalves,37,Lucas Angel Esquivel,lucas_angel_esquivel
18,2026,A,2,Corinthians,corinthians,2T,2T,29,0,74,5,Andre Ramalho Silva,andre_ramalho_silva,23,Matheus Pereira da Silva,matheus_pereira_da_silva
18,2026,A,2,Athletico Paranaense,athletico_paranaense,2T,2T,36,0,81,8,João Victor Machado Cruz,joao_victor_machado_cruz,7,John Steven Mendoza Valencia,john_steven_mendoza_valencia
18,2026,A,2,Athletico Paranaense,athletico_paranaense,2T,2T,36,0,81,53,Eduardo Kogitzki Anastacio,eduardo_kogitzki_anastacio,10,Bruno Zapelli,bruno_zapelli
18,2026,A,2,Corinthians,corinthians,2T,2T,36,0,81,19,Andre Martin Carrillo Diaz,andre_martin_carrillo_diaz,10,Memphis Depay,memphis_depay
19,2026,A,2,Fluminense,fluminense,2T,2T,14,0,59,5,Facundo Bernal Cruz,facundo_bernal_cruz,16,Gustavo Nonato Santana,gustavo_nonato_santana
19,2026,A,2,Bahia,bahia,2T,2T,16,0,61,14,Erick Luis Conrado Carvalho,erick_luis_conrado_carvalho,6,Jean Lucas de Souza Oliveira,jean_lucas_de_souza_oliveira
19,2026,A,2,Bahia,bahia,2T,2T,16,0,61,99,Cristian Gonzalo Olivera Iba,cristian_gonzalo_olivera_iba,16,Erick da Costa Farias,erick_da_costa_farias
19,2026,A,2,Bahia,bahia,2T,2T,16,0,61,19,Caio Alexandre Sousa E Silva,caio_alexandre_sousa_e_silva,26,Nicolas Brian Acevedo Tabarez,nicolas_brian_acevedo_tabarez
19,2026,A,2,Bahia,bahia,2T,2T,23,0,68,23,Mateo Naim Sanabria Doracio,mateo_naim_sanabria_doracio,7,Ademir da Silva Santos Junior,ademir_da_silva_santos_junior
19,2026,A,2,Fluminense,fluminense,2T,2T,33,0,78,30,Santiago Moreno,santiago_moreno,90,Kevin Steven Serna Jaramillo,kevin_steven_serna_jaramillo
19,2026,A,2,Fluminense,fluminense,2T,2T,33,0,78,10,Paulo Henrique Chagas de Lima,paulo_henrique_chagas_de_lima,32,Luciano Federico Acosta,luciano_federico_acosta
19,2026,A,2,Bahia,bahia,2T,2T,33,0,78,89,Wendeson Wanderley Santos de,wendeson_wanderley_santos_de,12,Willian Jose da Silva,willian_jose_da_silva
19,2026,A,2,Fluminense,fluminense,2T,2T,42,0,87,13,Guilherme Antonio Arana Lopes,guilherme_antonio_arana_lopes,6,Rene Rodrigues Martins,rene_rodrigues_martins
19,2026,A,2,Fluminense,fluminense,2T,2T,42,0,87,45,Vinicius Moreira de Lima,vinicius_moreira_de_lima,8,Matheus Martinelli Lima,matheus_martinelli_lima
20,2026,A,2,Remo,remo,2T,2T,17,0,62,8,Patrick Bezerra do Nascimento,patrick_bezerra_do_nascimento,33,Diego Manuel Hernandez Gonza,diego_manuel_hernandez_gonza
20,2026,A,2,Remo,remo,2T,2T,17,0,62,22,Glaybson Yago Souza Lisboa,glaybson_yago_souza_lisboa,45,João Pedro Sousa Silva,joao_pedro_sousa_silva
20,2026,A,2,Remo,remo,2T,2T,17,0,62,28,José Welison da Silva,jose_welison_da_silva,15,Vitor Frezarin Bueno,vitor_frezarin_bueno
20,2026,A,2,Mirassol,mirassol,2T,2T,22,0,67,21,Jose Aldo Soares de Oliveira,jose_aldo_soares_de_oliveira,5,Yuri Lima Lara,yuri_lima_lara
20,2026,A,2,Mirassol,mirassol,2T,2T,22,0,67,9,Nathan Uiliam Fogaca,nathan_uiliam_fogaca,96,Carlos Eduardo Ferreira de S,carlos_eduardo_ferreira_de_s
20,2026,A,2,Mirassol,mirassol,2T,2T,22,0,67,27,Antonio Javier Galeano Ferre,antonio_javier_galeano_ferre,77,Alesson dos Santos Batista,alesson_dos_santos_batista
20,2026,A,2,Remo,remo,2T,2T,23,0,68,23,Franco Catarozzi Parafita,franco_catarozzi_parafita,11,Alef Mangueira Severino Pere,alef_mangueira_severino_pere
20,2026,A,2,Remo,remo,2T,2T,23,0,68,27,Kayky Henrique Almeida Brand,kayky_henrique_almeida_brand,14,Leonel Marcelo Picco,leonel_marcelo_picco
21,2026,A,3,Botafogo,botafogo,1T,1T,25,0,25,14,Jordan Andres Barrera Herrera,jordan_andres_barrera_herrera,25,Allan Marques Loureiro,allan_marques_loureiro
21,2026,A,3,Botafogo,botafogo,2T,2T,24,0,69,11,Matheus Martins Silva dos Sa,matheus_martins_silva_dos_sa,13,Alex Nicolao Telles,alex_nicolao_telles
21,2026,A,3,Fluminense,fluminense,2T,2T,29,0,74,23,Claudio Rodrigues Gomes,claudio_rodrigues_gomes,2,Samuel Xavier Brito,samuel_xavier_brito
21,2026,A,3,Fluminense,fluminense,2T,2T,29,0,74,13,Guilherme Antonio Arana Lopes,guilherme_antonio_arana_lopes,32,Luciano Federico Acosta,luciano_federico_acosta
21,2026,A,3,Botafogo,botafogo,2T,2T,37,0,82,37,Jose Kadir Barria Rose,jose_kadir_barria_rose,7,Artur Victor Guimaraes,artur_victor_guimaraes
21,2026,A,3,Botafogo,botafogo,2T,2T,37,0,82,77,Lucas Martín Villalba Jaume,lucas_martin_villalba_jaume,2,Victor Alexander da Silva,victor_alexander_da_silva
21,2026,A,3,Fluminense,fluminense,2T,2T,41,0,86,35,Hercules Pereira do Nascimento,hercules_pereira_do_nascimento,9,John Kennedy Batista de Souza,john_kennedy_batista_de_souza
21,2026,A,3,Fluminense,fluminense,2T,2T,90,5,95,10,Paulo Henrique Chagas de Lima,paulo_henrique_chagas_de_lima,90,Kevin Steven Serna Jaramillo,kevin_steven_serna_jaramillo
22,2026,A,3,Bahia,bahia,2T,2T,12,0,57,27,Everaldo Stum,everaldo_stum,12,Willian Jose da Silva,willian_jose_da_silva
22,2026,A,3,Bahia,bahia,2T,2T,12,0,57,3,Gabriel Lheman Xavier,gabriel_lheman_xavier,4,Victor Hugo Soares dos Santos,victor_hugo_soares_dos_santos
22,2026,A,3,Bahia,bahia,2T,2T,12,0,57,16,Erick da Costa Farias,erick_da_costa_farias,7,Ademir da Silva Santos Junior,ademir_da_silva_santos_junior
22,2026,A,3,Vasco da Gama Saf,vasco_da_gama_saf,2T,2T,18,0,63,96,Paulo Henrique de Oliveira A,paulo_henrique_de_oliveira_a,6,Lucas Piton Crivellaro,lucas_piton_crivellaro
22,2026,A,3,Vasco da Gama Saf,vasco_da_gama_saf,2T,2T,18,0,63,18,Marino Hinestroza Angulo,marino_hinestroza_angulo,17,Nuno Gonçalo Rocha Moreira,nuno_goncalo_rocha_moreira
22,2026,A,3,Vasco da Gama Saf,vasco_da_gama_saf,2T,2T,18,0,63,77,Claudio Paul Spinelli,claudio_paul_spinelli,20,Brenner Souza da Silva,brenner_souza_da_silva
22,2026,A,3,Bahia,bahia,2T,2T,26,0,71,14,Erick Luis Conrado Carvalho,erick_luis_conrado_carvalho,6,Jean Lucas de Souza Oliveira,jean_lucas_de_souza_oliveira
22,2026,A,3,Vasco da Gama Saf,vasco_da_gama_saf,2T,2T,31,0,76,19,Gabriel Souza da Silva,gabriel_souza_da_silva,23,Thiago Henrique Santos Mendes,thiago_henrique_santos_mendes
22,2026,A,3,Vasco da Gama Saf,vasco_da_gama_saf,2T,2T,38,0,83,29,Johan Rojas Echavarria,johan_rojas_echavarria,10,Philippe Coutinho Correia,philippe_coutinho_correia
22,2026,A,3,Bahia,bahia,2T,2T,38,0,83,19,Caio Alexandre Sousa E Silva,caio_alexandre_sousa_e_silva,26,Nicolas Brian Acevedo Tabarez,nicolas_brian_acevedo_tabarez
23,2026,A,3,São Paulo,sao_paulo,1T,1T,32,0,32,29,Pablo Gonçalves Maia Fortuna,pablo_goncalves_maia_fortuna,16,Damian Josue Bobadilla Benitez,damian_josue_bobadilla_benitez
23,2026,A,3,Grêmio,gremio,1T,1T,39,0,39,88,Willian Borges da Silva,willian_borges_da_silva,8,Edenilson Andrade dos Santos,edenilson_andrade_dos_santos
23,2026,A,3,Grêmio,gremio,2T,2T,7,0,52,53,Gustavo Martins de Souza San,gustavo_martins_de_souza_san,9,Francis Apelete Amuzu,francis_apelete_amuzu
23,2026,A,3,Grêmio,gremio,2T,2T,23,0,68,7,Cristian David Pavon,cristian_david_pavon,21,Mateus Cardoso Lemos Martins,mateus_cardoso_lemos_martins
23,2026,A,3,Grêmio,gremio,2T,2T,23,0,68,99,Jose David Enamorado Gomez,jose_david_enamorado_gomez,18,Joao Pedro Maturano dos Santos,joao_pedro_maturano_dos_santos
23,2026,A,3,Grêmio,gremio,2T,2T,23,0,68,77,Andre Henrique da Silva Mart,andre_henrique_da_silva_mart,95,Carlos Vinicius Alves Morais,carlos_vinicius_alves_morais
23,2026,A,3,São Paulo,sao_paulo,2T,2T,25,0,70,14,Gonzalo Andrés Tapia Dubourn,gonzalo_andres_tapia_dubourn,28,Alan Javier Franco,alan_javier_franco
23,2026,A,3,São Paulo,sao_paulo,2T,2T,25,0,70,32,Nahuel Adolfo Ferraresi Hern,nahuel_adolfo_ferraresi_hern,7,Lucas Rodrigues Moura da Silva,lucas_rodrigues_moura_da_silva
23,2026,A,3,São Paulo,sao_paulo,2T,2T,40,0,85,46,Pedro Henrique Ferreira da S,pedro_henrique_ferreira_da_s,8,Marcos Antonio Silva Santos,marcos_antonio_silva_santos
23,2026,A,3,São Paulo,sao_paulo,2T,2T,40,0,85,11,Aldemir dos Santos Ferreira,aldemir_dos_santos_ferreira,10,Luciano da Rocha Neves,luciano_da_rocha_neves
24,2026,A,3,Red Bull Bragantino,red_bull_bragantino,2T,2T,14,0,59,7,Eric dos Santos Rodrigues,eric_dos_santos_rodrigues,6,Gabriel Girotto Franco,gabriel_girotto_franco
24,2026,A,3,Red Bull Bragantino,red_bull_bragantino,2T,2T,22,0,67,32,Jose Maria Herrera Ares,jose_maria_herrera_ares,22,Gustavo Ribeiro Neves,gustavo_ribeiro_neves
24,2026,A,3,Corinthians,corinthians,2T,2T,24,0,69,29,Allan Rodrigues de Souza,allan_rodrigues_de_souza,23,Matheus Pereira da Silva,matheus_pereira_da_silva
24,2026,A,3,Corinthians,corinthians,2T,2T,24,0,69,35,Charles Rigon Matos,charles_rigon_matos,19,Andre Martin Carrillo Diaz,andre_martin_carrillo_diaz
24,2026,A,3,Red Bull Bragantino,red_bull_bragantino,2T,2T,38,0,83,11,Fernando dos Santos Pedro,fernando_dos_santos_pedro,9,Isidro Miguel Pitta Saldivar,isidro_miguel_pitta_saldivar
24,2026,A,3,Red Bull Bragantino,red_bull_bragantino,2T,2T,38,0,83,17,Vinicius Mendonca Pereira,vinicius_mendonca_pereira,30,Henry David Mosquera Sanchez,henry_david_mosquera_sanchez
24,2026,A,3,Red Bull Bragantino,red_bull_bragantino,2T,2T,38,0,83,15,Ignacio Sosa Ospital,ignacio_sosa_ospital,5,Fabio Silva de Freitas,fabio_silva_de_freitas
24,2026,A,3,Corinthians,corinthians,2T,2T,41,0,86,11,Victor Vinicius Coelho Santos,victor_vinicius_coelho_santos,8,Rodrigo Garro,rodrigo_garro
24,2026,A,3,Corinthians,corinthians,2T,2T,41,0,86,31,Kayke Ferrari Guimaraes,kayke_ferrari_guimaraes,10,Memphis Depay,memphis_depay
24,2026,A,3,Corinthians,corinthians,2T,2T,44,0,89,56,Guilherme William Silva Inacio,guilherme_william_silva_inacio,9,Yuri Alberto Monteiro da Silva,yuri_alberto_monteiro_da_silva
25,2026,A,3,Mirassol,mirassol,2T,2T,9,0,54,14,Igor Aquino da Silva,igor_aquino_da_silva,32,Igor Marques Paciencia Cardoso,igor_marques_paciencia_cardoso
25,2026,A,3,Cruzeiro,cruzeiro,2T,2T,18,0,63,16,Lucas Silva Borges,lucas_silva_borges,29,Lucas Daniel Romero,lucas_daniel_romero
25,2026,A,3,Mirassol,mirassol,2T,2T,19,0,64,5,Yuri Lima Lara,yuri_lima_lara,25,Antonio Francisco Moura Neto,antonio_francisco_moura_neto
25,2026,A,3,Mirassol,mirassol,2T,2T,19,0,64,96,Carlos Eduardo Ferreira de S,carlos_eduardo_ferreira_de_s,77,Alesson dos Santos Batista,alesson_dos_santos_batista
25,2026,A,3,Mirassol,mirassol,2T,2T,25,0,70,27,Antonio Javier Galeano Ferre,antonio_javier_galeano_ferre,33,Carlos Eduardo de Oliveira A,carlos_eduardo_de_oliveira_a
25,2026,A,3,Mirassol,mirassol,2T,2T,25,0,70,17,Everton Galdino Moreira,everton_galdino_moreira,9,Nathan Uiliam Fogaca,nathan_uiliam_fogaca
25,2026,A,3,Cruzeiro,cruzeiro,2T,2T,33,0,78,12,William de Asevedo Furtado,william_de_asevedo_furtado,23,Fagner Conserva Lemos,fagner_conserva_lemos
25,2026,A,3,Cruzeiro,cruzeiro,2T,2T,43,0,88,70,Kaique Kenji Takamura Correa,kaique_kenji_takamura_correa,88,Christian Roberto Alves Card,christian_roberto_alves_card
26,2026,A,3,Atlético Mineiro,atletico_mineiro,2T,2T,11,0,56,92,Eduardo Pereira Rodrigues,eduardo_pereira_rodrigues,23,Angelo Smit Preciado Quiñonez,angelo_smit_preciado_quinonez
26,2026,A,3,Remo,remo,2T,2T,15,0,60,33,Diego Manuel Hernandez Gonza,diego_manuel_hernandez_gonza,45,João Pedro Sousa Silva,joao_pedro_sousa_silva
26,2026,A,3,Atlético Mineiro,atletico_mineiro,2T,2T,18,0,63,11,Bernard Anicio Caldeira Duarte,bernard_anicio_caldeira_duarte,19,Reinier Jesus Carvalho,reinier_jesus_carvalho
26,2026,A,3,Remo,remo,2T,2T,21,0,66,5,Leonardo de Andrade Silva,leonardo_de_andrade_silva,16,Savio Antonio Alves,savio_antonio_alves
26,2026,A,3,Remo,remo,2T,2T,26,0,71,28,José Welison da Silva,jose_welison_da_silva,14,Leonel Marcelo Picco,leonel_marcelo_picco
26,2026,A,3,Atlético Mineiro,atletico_mineiro,2T,2T,26,0,71,10,Gustavo Henrique Furtado Sca,gustavo_henrique_furtado_sca,28,Tomas Esteban Cuello,tomas_esteban_cuello
26,2026,A,3,Atlético Mineiro,atletico_mineiro,2T,2T,26,0,71,17,Igor Silveira Gomes,igor_silveira_gomes,7,Givanildo Vieira de Sousa,givanildo_vieira_de_sousa
26,2026,A,3,Remo,remo,2T,2T,26,0,71,22,Glaybson Yago Souza Lisboa,glaybson_yago_souza_lisboa,15,Vitor Frezarin Bueno,vitor_frezarin_bueno
27,2026,A,3,Internacional,internacional,2T,2T,5,0,50,4,Felix Eduardo Torres Caicedo,felix_eduardo_torres_caicedo,41,Victor Gabriel da Conceição,victor_gabriel_da_conceicao
27,2026,A,3,Internacional,internacional,2T,2T,15,0,60,14,Alan Jesus Rodriguez Guaglia,alan_jesus_rodriguez_guaglia,10,Alan Patrick Lourenço,alan_patrick_lourenco
27,2026,A,3,Internacional,internacional,2T,2T,15,0,60,35,Braian Nahuel Aguirre,braian_nahuel_aguirre,27,Paulo Lucas Santos de Paula,paulo_lucas_santos_de_paula
27,2026,A,3,Palmeiras,palmeiras,2T,2T,21,0,66,31,Luighi Hanri Sousa Santos,luighi_hanri_sousa_santos,18,Mauricio Magalhaes Prado,mauricio_magalhaes_prado
27,2026,A,3,Palmeiras,palmeiras,2T,2T,21,0,66,19,Ramon Sosa Acosta,ramon_sosa_acosta,9,Vitor Hugo Roque Ferreira,vitor_hugo_roque_ferreira
27,2026,A,3,Palmeiras,palmeiras,2T,2T,36,0,81,4,Agustin Giay,agustin_giay,42,Jose Manuel Alberto Lopez,jose_manuel_alberto_lopez
27,2026,A,3,Palmeiras,palmeiras,2T,2T,36,0,81,30,Lucas Evangelista Santana de,lucas_evangelista_santana_de,40,Allan Andrade Elias,allan_andrade_elias
27,2026,A,3,Internacional,internacional,2T,2T,39,0,84,9,Alerrandro Barra Mansa Reali,alerrandro_barra_mansa_reali,16,Ronaldo da Silva Souza Guerr,ronaldo_da_silva_souza_guerr
27,2026,A,3,Internacional,internacional,2T,2T,39,0,84,11,Kayky da Silva Chagas,kayky_da_silva_chagas,7,Johan Stiven Carbonero Balanta,johan_stiven_carbonero_balanta
27,2026,A,3,Palmeiras,palmeiras,2T,2T,44,0,89,6,Jefté Vital da Silva Dias,jefte_vital_da_silva_dias,22,Joaquin Piquerez Moreira,joaquin_piquerez_moreira
28,2026,A,3,Athletico Paranaense,athletico_paranaense,1T,1T,41,0,41,14,Luiz Gustavo Dias,luiz_gustavo_dias,27,Juan Camilo Portilla Orozco,juan_camilo_portilla_orozco
28,2026,A,3,Athletico Paranaense,athletico_paranaense,2T,2T,20,0,65,47,Felipe Chiqueti Bandeira,felipe_chiqueti_bandeira,20,Julimar Silva Oliveira Junior,julimar_silva_oliveira_junior
28,2026,A,3,Athletico Paranaense,athletico_paranaense,2T,2T,20,0,65,53,Eduardo Kogitzki Anastacio,eduardo_kogitzki_anastacio,61,Leonardo Derik Dias Goncalves,leonardo_derik_dias_goncalves
28,2026,A,3,Santos Fc,santos_fc,2T,2T,22,0,67,22,Alvaro Martin Barreal,alvaro_martin_barreal,49,Gabriel Morais Silva Bontempo,gabriel_morais_silva_bontempo
28,2026,A,3,Santos Fc,santos_fc,2T,2T,22,0,67,21,Moises Vieira da Veiga,moises_vieira_da_veiga,30,Miguel Angel Terceros Acuna,miguel_angel_terceros_acuna
28,2026,A,3,Santos Fc,santos_fc,2T,2T,42,0,87,19,Lautaro Ariel Diaz,lautaro_ariel_diaz,16,Thaciano Mickael da Silva,thaciano_mickael_da_silva
28,2026,A,3,Santos Fc,santos_fc,2T,2T,42,0,87,13,Joao Othavio Basso,joao_othavio_basso,11,Ronielson da Silva Barbosa,ronielson_da_silva_barbosa
28,2026,A,3,Athletico Paranaense,athletico_paranaense,2T,2T,43,0,88,48,Bruno Braga Ramos,bruno_braga_ramos,7,John Steven Mendoza Valencia,john_steven_mendoza_valencia
28,2026,A,3,Athletico Paranaense,athletico_paranaense,2T,2T,43,0,88,16,Jadson Alves dos Santos,jadson_alves_dos_santos,10,Bruno Zapelli,bruno_zapelli
28,2026,A,3,Santos Fc,santos_fc,2T,2T,90,3,93,32,Benjamin Rollheiser,benjamin_rollheiser,3,Vinícius Rodrigues Lira,vinicius_rodrigues_lira
29,2026,A,3,Flamengo,flamengo,2T,2T,10,0,55,19,Gonzalo Jordy Plata Jimenez,gonzalo_jordy_plata_jimenez,9,Pedro Guilherme Abreu dos Sa,pedro_guilherme_abreu_dos_sa
29,2026,A,3,Flamengo,flamengo,2T,2T,10,0,55,15,Jorge Andres Carrascal Guardo,jorge_andres_carrascal_guardo,20,Lucas Tolentino Coelho de Lima,lucas_tolentino_coelho_de_lima
29,2026,A,3,Flamengo,flamengo,2T,2T,19,0,64,18,Diego Nicolas de La Cruz Arc,diego_nicolas_de_la_cruz_arc,52,Evertton Gustavo Fernandes A,evertton_gustavo_fernandes_a
29,2026,A,3,Flamengo,flamengo,2T,2T,19,0,64,16,Samuel Dias Lino,samuel_dias_lino,11,Everton Sousa Soares,everton_sousa_soares
29,2026,A,3,Vitória,vitoria,2T,2T,21,0,66,17,Aitor Cantalapiedra Fernandez,aitor_cantalapiedra_fernandez,10,Matheus Martins Fogaca de Pa,matheus_martins_fogaca_de_pa
29,2026,A,3,Vitória,vitoria,2T,2T,21,0,66,7,Mario Sergio Santos Costa,mario_sergio_santos_costa,33,Erick de Arruda Serafim,erick_de_arruda_serafim
29,2026,A,3,Vitória,vitoria,2T,2T,33,0,78,6,Leandro Emmanuel Martinez,leandro_emmanuel_martinez,21,Eduardo Marcelo Rodrigues Nu,eduardo_marcelo_rodrigues_nu
29,2026,A,3,Vitória,vitoria,2T,2T,33,0,78,23,Fabricio do Rosario dos Santos,fabricio_do_rosario_dos_santos,79,Renato Kayzer de Souza,renato_kayzer_de_souza
29,2026,A,3,Flamengo,flamengo,2T,2T,41,0,86,27,Bruno Henrique Pinto,bruno_henrique_pinto,10,Giorgian Daniel de Arrascaet,giorgian_daniel_de_arrascaet
29,2026,A,3,Vitória,vitoria,2T,2T,43,0,88,20,Lucas Rodrigues da Silva,lucas_rodrigues_da_silva,13,Ramon Ramos Lima,ramon_ramos_lima
30,2026,A,3,Coritiba S.a.f.,coritiba_s_a_f,2T,2T,9,0,54,55,Jacy Maranhao Oliveira,jacy_maranhao_oliveira,3,Maicon Pereira Roque,maicon_pereira_roque
30,2026,A,3,Coritiba S.a.f.,coritiba_s_a_f,2T,2T,9,0,54,36,Vinicius Romualdo dos Santos,vinicius_romualdo_dos_santos,7,Joaquin Lavega Colzada,joaquin_lavega_colzada
30,2026,A,3,Chapecoense,chapecoense,2T,2T,24,0,69,5,Joao Vitor de Souza Martins,joao_vitor_de_souza_martins,99,Rafael dos Santos Carvalheir,rafael_dos_santos_carvalheir
30,2026,A,3,Chapecoense,chapecoense,2T,2T,24,0,69,77,Italo de Vargas da Rosa,italo_de_vargas_da_rosa,7,Marcio Antonio de Sousa Junior,marcio_antonio_de_sousa_junior
30,2026,A,3,Chapecoense,chapecoense,2T,2T,24,0,69,70,Rubens Tadeu Hartmann Ricoldi,rubens_tadeu_hartmann_ricoldi,26,Everton Souza da Cruz,everton_souza_da_cruz
30,2026,A,3,Coritiba S.a.f.,coritiba_s_a_f,2T,2T,27,0,72,14,Enzo Vagner Moraes de Souza,enzo_vagner_moraes_de_souza,32,Pedro Rocha Neves,pedro_rocha_neves
30,2026,A,3,Coritiba S.a.f.,coritiba_s_a_f,2T,2T,27,0,72,88,Fernando Pereira do Nascimento,fernando_pereira_do_nascimento,29,Willian Osmar de Oliveira Si,willian_osmar_de_oliveira_si
30,2026,A,3,Coritiba S.a.f.,coritiba_s_a_f,2T,2T,37,0,82,20,Marcos da Silva Franca,marcos_da_silva_franca,77,Breno Henrique Vasconcelos L,breno_henrique_vasconcelos_l
30,2026,A,3,Chapecoense,chapecoense,2T,2T,41,0,86,11,Bolasie Yala,bolasie_yala,20,Jean Carlos Vicente,jean_carlos_vicente
31,2026,A,4,Flamengo,flamengo,1T,1T,30,0,30,52,Evertton Gustavo Fernandes A,evertton_gustavo_fernandes_a,5,Erick Antonio Pulgar Farfan,erick_antonio_pulgar_farfan
31,2026,A,4,Mirassol,mirassol,2T,2T,20,0,65,18,Elias Lira Nogueira Junior,elias_lira_nogueira_junior,32,Igor Marques Paciencia Cardoso,igor_marques_paciencia_cardoso
31,2026,A,4,Flamengo,flamengo,2T,2T,27,0,72,8,Saul Niguez Esclapez,saul_niguez_esclapez,15,Jorge Andres Carrascal Guardo,jorge_andres_carrascal_guardo
31,2026,A,4,Flamengo,flamengo,2T,2T,27,0,72,27,Bruno Henrique Pinto,bruno_henrique_pinto,9,Pedro Guilherme Abreu dos Sa,pedro_guilherme_abreu_dos_sa
31,2026,A,4,Mirassol,mirassol,2T,2T,33,0,78,30,Bruno Santos de Oliveira,bruno_santos_de_oliveira,9,Andre Luis Silva de Aguiar,andre_luis_silva_de_aguiar
31,2026,A,4,Mirassol,mirassol,2T,2T,33,0,78,10,Francisco Hyun Sol Kim,francisco_hyun_sol_kim,55,Gustavo Cazonatti,gustavo_cazonatti
31,2026,A,4,Flamengo,flamengo,2T,2T,36,0,81,11,Everton Sousa Soares,everton_sousa_soares,16,Samuel Dias Lino,samuel_dias_lino
32,2026,A,4,Botafogo,botafogo,2T,2T,20,0,65,8,Danilo dos Santos de Oliveira,danilo_dos_santos_de_oliveira,77,Lucas Martín Villalba Jaume,lucas_martin_villalba_jaume
32,2026,A,4,Botafogo,botafogo,2T,2T,20,0,65,79,Lucas Emanuel Jales do Nasci,lucas_emanuel_jales_do_nasci,11,Matheus Martins Silva dos Sa,matheus_martins_silva_dos_sa
32,2026,A,4,Vitória,vitoria,2T,2T,20,0,65,12,Diego Tarzia,diego_tarzia,10,Matheus Martins Fogaca de Pa,matheus_martins_fogaca_de_pa
32,2026,A,4,Vitória,vitoria,2T,2T,32,0,77,8,Tomas Pochettino,tomas_pochettino,88,Jose Vitor Silva Neves,jose_vitor_silva_neves
32,2026,A,4,Botafogo,botafogo,2T,2T,34,0,79,23,Santiago Mariano Rodriguez M,santiago_mariano_rodriguez_m,75,Victor Hugo Custódio de Melo,victor_hugo_custodio_de_melo
32,2026,A,4,Botafogo,botafogo,2T,2T,34,0,79,4,Mateo Ponte Costa,mateo_ponte_costa,2,Victor Alexander da Silva,victor_alexander_da_silva
32,2026,A,4,Botafogo,botafogo,2T,2T,34,0,79,37,Jose Kadir Barria Rose,jose_kadir_barria_rose,19,Arthur Mendonça Cabral,arthur_mendonca_cabral
32,2026,A,4,Vitória,vitoria,2T,2T,40,0,85,98,Mateus da Silva Duarte,mateus_da_silva_duarte,33,Erick de Arruda Serafim,erick_de_arruda_serafim
33,2026,A,4,Santos Fc,santos_fc,2T,2T,14,0,59,11,Ronielson da Silva Barbosa,ronielson_da_silva_barbosa,21,Moises Vieira da Veiga,moises_vieira_da_veiga
33,2026,A,4,Vasco da Gama Saf,vasco_da_gama_saf,2T,2T,24,0,69,20,Brenner Souza da Silva,brenner_souza_da_silva,17,Nuno Gonçalo Rocha Moreira,nuno_goncalo_rocha_moreira
33,2026,A,4,Vasco da Gama Saf,vasco_da_gama_saf,2T,2T,24,0,69,18,Marino Hinestroza Angulo,marino_hinestroza_angulo,29,Johan Rojas Echavarria,johan_rojas_echavarria
33,2026,A,4,Vasco da Gama Saf,vasco_da_gama_saf,2T,2T,24,0,69,66,Luis Eduardo Soares da Silva,luis_eduardo_soares_da_silva,6,Lucas Piton Crivellaro,lucas_piton_crivellaro
33,2026,A,4,Vasco da Gama Saf,vasco_da_gama_saf,2T,2T,29,0,74,7,David Correa da Fonseca,david_correa_da_fonseca,77,Claudio Paul Spinelli,claudio_paul_spinelli
33,2026,A,4,Santos Fc,santos_fc,2T,2T,32,0,77,6,Jose Rafael Vivian,jose_rafael_vivian,49,Gabriel Morais Silva Bontempo,gabriel_morais_silva_bontempo
33,2026,A,4,Santos Fc,santos_fc,2T,2T,32,0,77,5,Joao Felipe Schmidt Urbano,joao_felipe_schmidt_urbano,15,Willian Souza Arao da Silva,willian_souza_arao_da_silva
33,2026,A,4,Vasco da Gama Saf,vasco_da_gama_saf,2T,2T,38,0,83,3,Danilo das Neves Pinheiro,danilo_das_neves_pinheiro,23,Thiago Henrique Santos Mendes,thiago_henrique_santos_mendes
33,2026,A,4,Santos Fc,santos_fc,2T,2T,38,0,83,25,Gabriel Vinicius Menino,gabriel_vinicius_menino,16,Thaciano Mickael da Silva,thaciano_mickael_da_silva
34,2026,A,4,Fluminense,fluminense,1T,1T,24,0,24,94,Otavio Henrique Passos Santos,otavio_henrique_passos_santos,5,Facundo Bernal Cruz,facundo_bernal_cruz
34,2026,A,4,Palmeiras,palmeiras,2T,2T,13,0,58,4,Agustin Giay,agustin_giay,12,Khellven Douglas Silva Olive,khellven_douglas_silva_olive
34,2026,A,4,Palmeiras,palmeiras,2T,2T,13,0,58,11,Jhon Adolfo Arias Andrade,jhon_adolfo_arias_andrade,42,Jose Manuel Alberto Lopez,jose_manuel_alberto_lopez
34,2026,A,4,Fluminense,fluminense,2T,2T,16,0,61,9,John Kennedy Batista de Souza,john_kennedy_batista_de_souza,90,Kevin Steven Serna Jaramillo,kevin_steven_serna_jaramillo
34,2026,A,4,Fluminense,fluminense,2T,2T,16,0,61,35,Hercules Pereira do Nascimento,hercules_pereira_do_nascimento,8,Matheus Martinelli Lima,matheus_martinelli_lima
34,2026,A,4,Palmeiras,palmeiras,2T,2T,23,0,68,19,Ramon Sosa Acosta,ramon_sosa_acosta,9,Vitor Hugo Roque Ferreira,vitor_hugo_roque_ferreira
34,2026,A,4,Palmeiras,palmeiras,2T,2T,23,0,68,30,Lucas Evangelista Santana de,lucas_evangelista_santana_de,8,Andreas Hugo Hoelgebaum Pere,andreas_hugo_hoelgebaum_pere
34,2026,A,4,Fluminense,fluminense,2T,2T,41,0,86,30,Santiago Moreno,santiago_moreno,10,Paulo Henrique Chagas de Lima,paulo_henrique_chagas_de_lima
34,2026,A,4,Palmeiras,palmeiras,2T,2T,41,0,86,7,Felipe Anderson Pereira Gomes,felipe_anderson_pereira_gomes,40,Allan Andrade Elias,allan_andrade_elias
35,2026,A,4,Red Bull Bragantino,red_bull_bragantino,2T,2T,8,0,53,35,Matheus Fernandes Siqueira,matheus_fernandes_siqueira,9,Isidro Miguel Pitta Saldivar,isidro_miguel_pitta_saldivar
35,2026,A,4,Athletico Paranaense,athletico_paranaense,2T,2T,19,0,64,53,Eduardo Kogitzki Anastacio,eduardo_kogitzki_anastacio,27,Juan Camilo Portilla Orozco,juan_camilo_portilla_orozco
35,2026,A,4,Athletico Paranaense,athletico_paranaense,2T,2T,19,0,64,8,João Victor Machado Cruz,joao_victor_machado_cruz,10,Bruno Zapelli,bruno_zapelli
35,2026,A,4,Red Bull Bragantino,red_bull_bragantino,2T,2T,20,0,65,7,Eric dos Santos Rodrigues,eric_dos_santos_rodrigues,22,Gustavo Ribeiro Neves,gustavo_ribeiro_neves
35,2026,A,4,Red Bull Bragantino,red_bull_bragantino,2T,2T,35,0,80,3,Eduardo Gonzaga Mendes Santos,eduardo_gonzaga_mendes_santos,34,Jose Andres Hurtado Cheme,jose_andres_hurtado_cheme
35,2026,A,4,Red Bull Bragantino,red_bull_bragantino,2T,2T,35,0,80,11,Fernando dos Santos Pedro,fernando_dos_santos_pedro,8,Eduardo Colcenti Antunes,eduardo_colcenti_antunes
35,2026,A,4,Red Bull Bragantino,red_bull_bragantino,2T,2T,35,0,80,32,Jose Maria Herrera Ares,jose_maria_herrera_ares,30,Henry David Mosquera Sanchez,henry_david_mosquera_sanchez
35,2026,A,4,Athletico Paranaense,athletico_paranaense,2T,2T,90,3,93,21,Leonardo Caetano Silva,leonardo_caetano_silva,14,Luiz Gustavo Dias,luiz_gustavo_dias
36,2026,A,4,Cruzeiro,cruzeiro,2T,2T,14,0,59,99,Keny Alexander Arroyo Alvarado,keny_alexander_arroyo_alvarado,88,Christian Roberto Alves Card,christian_roberto_alves_card
36,2026,A,4,Corinthians,corinthians,2T,2T,21,0,66,29,Allan Rodrigues de Souza,allan_rodrigues_de_souza,11,Victor Vinicius Coelho Santos,victor_vinicius_coelho_santos
36,2026,A,4,Corinthians,corinthians,2T,2T,21,0,66,8,Rodrigo Garro,rodrigo_garro,35,Charles Rigon Matos,charles_rigon_matos
36,2026,A,4,Corinthians,corinthians,2T,2T,32,0,77,10,Memphis Depay,memphis_depay,18,Pedro Raul Garay da Silva,pedro_raul_garay_da_silva
36,2026,A,4,Cruzeiro,cruzeiro,2T,2T,33,0,78,20,Bruno Rafael Rodrigues do Na,bruno_rafael_rodrigues_do_na,19,Kaio Jorge Pinto Ramos,kaio_jorge_pinto_ramos
36,2026,A,4,Cruzeiro,cruzeiro,2T,2T,33,0,78,8,Matheus Henrique de Souza,matheus_henrique_de_souza,29,Lucas Daniel Romero,lucas_daniel_romero
36,2026,A,4,Cruzeiro,cruzeiro,2T,2T,37,0,82,23,Fagner Conserva Lemos,fagner_conserva_lemos,11,Gerson Santos da Silva,gerson_santos_da_silva
37,2026,A,4,Atlético Mineiro,atletico_mineiro,2T,2T,23,0,68,19,Reinier Jesus Carvalho,reinier_jesus_carvalho,7,Givanildo Vieira de Sousa,givanildo_vieira_de_sousa
37,2026,A,4,Atlético Mineiro,atletico_mineiro,2T,2T,23,0,68,92,Eduardo Pereira Rodrigues,eduardo_pereira_rodrigues,28,Tomas Esteban Cuello,tomas_esteban_cuello
37,2026,A,4,Grêmio,gremio,2T,2T,23,0,68,17,Douglas Moreira Fagundes,douglas_moreira_fagundes,37,Gabriel Ferreira de Carvalho,gabriel_ferreira_de_carvalho
37,2026,A,4,Grêmio,gremio,2T,2T,34,0,79,18,Joao Pedro Maturano dos Santos,joao_pedro_maturano_dos_santos,7,Cristian David Pavon,cristian_david_pavon
37,2026,A,4,Grêmio,gremio,2T,2T,34,0,79,47,Roger Dias Fernandes,roger_dias_fernandes,99,Jose David Enamorado Gomez,jose_david_enamorado_gomez
37,2026,A,4,Atlético Mineiro,atletico_mineiro,2T,2T,34,0,79,27,Alan Steve Minda Garcia,alan_steve_minda_garcia,30,Victor Hugo Gomes Silva,victor_hugo_gomes_silva
37,2026,A,4,Grêmio,gremio,2T,2T,40,0,85,40,Jeferson Forneck,jeferson_forneck,5,Juan Ignacio Martin Nardoni,juan_ignacio_martin_nardoni
37,2026,A,4,Atlético Mineiro,atletico_mineiro,2T,2T,44,0,89,9,Zander Mateo Cassierra Cabezas,zander_mateo_cassierra_cabezas,14,Vitor Hugo Franchescoli de S,vitor_hugo_franchescoli_de_s
38,2026,A,4,Coritiba SAF,coritiba_saf,1T,1T,32,0,32,44,Joao Pedro Chermont Crema,joao_pedro_chermont_crema,2,Guilherme de Jesus da Silva,guilherme_de_jesus_da_silva
38,2026,A,4,Coritiba SAF,coritiba_saf,2T,2T,10,0,55,12,Pedro Felipe de Faria Rangel,pedro_felipe_de_faria_rangel,1,Pedro Luccas Morisco da Silva,pedro_luccas_morisco_da_silva
38,2026,A,4,São Paulo,sao_paulo,2T,2T,19,0,64,9,Jonathan Calleri,jonathan_calleri,11,Aldemir dos Santos Ferreira,aldemir_dos_santos_ferreira
38,2026,A,4,São Paulo,sao_paulo,2T,2T,19,0,64,7,Lucas Rodrigues Moura da Silva,lucas_rodrigues_moura_da_silva,14,Gonzalo Andrés Tapia Dubourn,gonzalo_andres_tapia_dubourn
38,2026,A,4,Coritiba SAF,coritiba_saf,2T,2T,24,0,69,7,Joaquin Lavega Colzada,joaquin_lavega_colzada,36,Vinicius Romualdo dos Santos,vinicius_romualdo_dos_santos
38,2026,A,4,Coritiba SAF,coritiba_saf,2T,2T,24,0,69,29,Willian Osmar de Oliveira Si,willian_osmar_de_oliveira_si,8,Wallisson Luiz Alves Maximo,wallisson_luiz_alves_maximo
38,2026,A,4,Coritiba SAF,coritiba_saf,2T,2T,24,0,69,28,Fabio Augusto Luciano da Silva,fabio_augusto_luciano_da_silva,10,Josue Filipe Soares Pesqueira,josue_filipe_soares_pesqueira
38,2026,A,4,São Paulo,sao_paulo,2T,2T,29,0,74,33,Luan Vinicius da Silva Santos,luan_vinicius_da_silva_santos,29,Pablo Gonçalves Maia Fortuna,pablo_goncalves_maia_fortuna
38,2026,A,4,São Paulo,sao_paulo,2T,2T,38,0,83,16,Damian Josue Bobadilla Benitez,damian_josue_bobadilla_benitez,80,Cauly Oliveira Souza,cauly_oliveira_souza
39,2026,A,4,Chapecoense,chapecoense,2T,2T,17,0,62,70,Rubens Tadeu Hartmann Ricoldi,rubens_tadeu_hartmann_ricoldi,7,Marcio Antonio de Sousa Junior,marcio_antonio_de_sousa_junior
39,2026,A,4,Chapecoense,chapecoense,2T,2T,17,0,62,26,Everton Souza da Cruz,everton_souza_da_cruz,2,Marcos Vinicius da Silva San,marcos_vinicius_da_silva_san
39,2026,A,4,Bahia,bahia,2T,2T,22,0,67,10,Everton Augusto de Barros Ri,everton_augusto_de_barros_ri,12,Willian Jose da Silva,willian_jose_da_silva
39,2026,A,4,Bahia,bahia,2T,2T,22,0,67,57,Kauê Junior Furquim da Silva,kaue_junior_furquim_da_silva,7,Ademir da Silva Santos Junior,ademir_da_silva_santos_junior
39,2026,A,4,Bahia,bahia,2T,2T,34,0,79,6,Jean Lucas de Souza Oliveira,jean_lucas_de_souza_oliveira,11,Rodrigo Nestor Bertalia,rodrigo_nestor_bertalia
39,2026,A,4,Bahia,bahia,2T,2T,34,0,79,27,Everaldo Stum,everaldo_stum,16,Erick da Costa Farias,erick_da_costa_farias
39,2026,A,4,Chapecoense,chapecoense,2T,2T,36,0,81,19,David Antunes da Silva,david_antunes_da_silva,27,Camilo Reijers de Oliveira,camilo_reijers_de_oliveira
39,2026,A,4,Bahia,bahia,2T,2T,40,0,85,44,Marcos Victor Ferreira da Si,marcos_victor_ferreira_da_si,33,David de Duarte Macedo,david_de_duarte_macedo
40,2026,A,4,Remo,remo,2T,2T,13,0,58,24,Braian Ezequiel Cufre,braian_ezequiel_cufre,27,Kayky Henrique Almeida Brand,kayky_henrique_almeida_brand
40,2026,A,4,Internacional,internacional,2T,2T,23,0,68,31,Allex Rodrigues Pereira da S,allex_rodrigues_pereira_da_s,7,Johan Stiven Carbonero Balanta,johan_stiven_carbonero_balanta
40,2026,A,4,Remo,remo,2T,2T,23,0,68,22,Glaybson Yago Souza Lisboa,glaybson_yago_souza_lisboa,45,João Pedro Sousa Silva,joao_pedro_sousa_silva
40,2026,A,4,Remo,remo,2T,2T,23,0,68,28,José Welison da Silva,jose_welison_da_silva,14,Leonel Marcelo Picco,leonel_marcelo_picco
40,2026,A,4,Remo,remo,2T,2T,23,0,68,37,Jandir Breno Souza Silva,jandir_breno_souza_silva,15,Vitor Frezarin Bueno,vitor_frezarin_bueno
40,2026,A,4,Internacional,internacional,2T,2T,23,0,68,11,Kayky da Silva Chagas,kayky_da_silva_chagas,28,Vitor Hugo Naum dos Santos,vitor_hugo_naum_dos_santos
40,2026,A,4,Internacional,internacional,2T,2T,32,0,77,16,Ronaldo da Silva Souza Guerr,ronaldo_da_silva_souza_guerr,15,Bruno Gomes da Silva Clevela,bruno_gomes_da_silva_clevela
40,2026,A,4,Internacional,internacional,2T,2T,43,0,88,9,Alerrandro Barra Mansa Reali,alerrandro_barra_mansa_reali,19,Rafael Santos Borre Maury,rafael_santos_borre_maury
40,2026,A,4,Internacional,internacional,2T,2T,43,0,88,14,Alan Jesus Rodriguez Guaglia,alan_jesus_rodriguez_guaglia,10,Alan Patrick Lourenço,alan_patrick_lourenco
41,2026,A,5,Cruzeiro,cruzeiro,2T,2T,16,0,61,31,Matheus Cunha Queiroz,matheus_cunha_queiroz,1,Cassio Ramos,cassio_ramos
41,2026,A,5,Cruzeiro,cruzeiro,2T,2T,16,0,61,91,Francisco da Costa Aragao,francisco_da_costa_aragao,22,Neiser David Villareal Quino,neiser_david_villareal_quino
41,2026,A,5,Flamengo,flamengo,2T,2T,20,0,65,16,Samuel Dias Lino,samuel_dias_lino,11,Everton Sousa Soares,everton_sousa_soares
41,2026,A,5,Flamengo,flamengo,2T,2T,27,0,72,2,Guillermo Varela Olivera,guillermo_varela_olivera,22,Emerson Aparecido Leite de S,emerson_aparecido_leite_de_s
41,2026,A,5,Flamengo,flamengo,2T,2T,27,0,72,15,Jorge Andres Carrascal Guardo,jorge_andres_carrascal_guardo,20,Lucas Tolentino Coelho de Lima,lucas_tolentino_coelho_de_lima
41,2026,A,5,Cruzeiro,cruzeiro,2T,2T,33,0,78,94,Wanderson Maciel Sousa Campos,wanderson_maciel_sousa_campos,11,Gerson Santos da Silva,gerson_santos_da_silva
41,2026,A,5,Cruzeiro,cruzeiro,2T,2T,42,0,87,77,Joao Wellington Gadelha Melo,joao_wellington_gadelha_melo,16,Lucas Silva Borges,lucas_silva_borges
41,2026,A,5,Cruzeiro,cruzeiro,2T,2T,42,0,87,99,Keny Alexander Arroyo Alvarado,keny_alexander_arroyo_alvarado,23,Fagner Conserva Lemos,fagner_conserva_lemos
41,2026,A,5,Flamengo,flamengo,2T,2T,44,0,89,64,Wallace Yan de Souza Barreto,wallace_yan_de_souza_barreto,9,Pedro Guilherme Abreu dos Sa,pedro_guilherme_abreu_dos_sa
41,2026,A,5,Flamengo,flamengo,2T,2T,44,0,89,7,Luiz de Araujo Guimaraes Neto,luiz_de_araujo_guimaraes_neto,10,Giorgian Daniel de Arrascaet,giorgian_daniel_de_arrascaet
42,2026,A,5,Vasco da Gama Saf,vasco_da_gama_saf,2T,2T,11,0,56,10,Johan Rojas Echavarria,johan_rojas_echavarria,3,Danilo das Neves Pinheiro,danilo_das_neves_pinheiro
42,2026,A,5,Vasco da Gama Saf,vasco_da_gama_saf,2T,2T,11,0,56,28,Adson Ferreira Soares,adson_ferreira_soares,17,Nuno Gonçalo Rocha Moreira,nuno_goncalo_rocha_moreira
42,2026,A,5,Vasco da Gama Saf,vasco_da_gama_saf,2T,2T,23,0,68,77,Claudio Paul Spinelli,claudio_paul_spinelli,7,David Correa da Fonseca,david_correa_da_fonseca
42,2026,A,5,Palmeiras,palmeiras,2T,2T,23,0,68,31,Luighi Hanri Sousa Santos,luighi_hanri_sousa_santos,42,Jose Manuel Alberto Lopez,jose_manuel_alberto_lopez
42,2026,A,5,Palmeiras,palmeiras,2T,2T,23,0,68,40,Allan Andrade Elias,allan_andrade_elias,7,Felipe Anderson Pereira Gomes,felipe_anderson_pereira_gomes
42,2026,A,5,Palmeiras,palmeiras,2T,2T,26,0,71,4,Agustin Giay,agustin_giay,12,Khellven Douglas Silva Olive,khellven_douglas_silva_olive
42,2026,A,5,Palmeiras,palmeiras,2T,2T,26,0,71,30,Lucas Evangelista Santana de,lucas_evangelista_santana_de,19,Ramon Sosa Acosta,ramon_sosa_acosta
42,2026,A,5,Vasco da Gama Saf,vasco_da_gama_saf,2T,2T,31,0,76,88,Cauan Lucas Barros da Luz,cauan_lucas_barros_da_luz,25,Hugo Moura Arruda da Silva,hugo_moura_arruda_da_silva
42,2026,A,5,Palmeiras,palmeiras,2T,2T,36,0,81,56,Arthur Gabriel Santana Marco,arthur_gabriel_santana_marco,6,Jefté Vital da Silva Dias,jefte_vital_da_silva_dias
43,2026,A,5,Chapecoense,chapecoense,2T,2T,23,0,68,70,Rubens Tadeu Hartmann Ricoldi,rubens_tadeu_hartmann_ricoldi,26,Everton Souza da Cruz,everton_souza_da_cruz
43,2026,A,5,Chapecoense,chapecoense,2T,2T,23,0,68,5,Joao Vitor de Souza Martins,joao_vitor_de_souza_martins,99,Rafael dos Santos Carvalheir,rafael_dos_santos_carvalheir
43,2026,A,5,Chapecoense,chapecoense,2T,2T,23,0,68,18,Altemir Cordeiro Pessôa Neto,altemir_cordeiro_pessoa_neto,11,Bolasie Yala,bolasie_yala
43,2026,A,5,São Paulo,sao_paulo,2T,2T,36,0,81,17,Andre Oliveira Silva,andre_oliveira_silva,10,Luciano da Rocha Neves,luciano_da_rocha_neves
43,2026,A,5,São Paulo,sao_paulo,2T,2T,36,0,81,29,Pablo Gonçalves Maia Fortuna,pablo_goncalves_maia_fortuna,16,Damian Josue Bobadilla Benitez,damian_josue_bobadilla_benitez
43,2026,A,5,Chapecoense,chapecoense,2T,2T,36,0,81,10,Giovanni Augusto Oliveira Ca,giovanni_augusto_oliveira_ca,20,Jean Carlos Vicente,jean_carlos_vicente
43,2026,A,5,São Paulo,sao_paulo,2T,2T,36,0,81,80,Cauly Oliveira Souza,cauly_oliveira_souza,7,Lucas Rodrigues Moura da Silva,lucas_rodrigues_moura_da_silva
43,2026,A,5,São Paulo,sao_paulo,2T,2T,90,3,93,56,Nicolas Bosshardt,nicolas_bosshardt,18,Wendell Nascimento Borges,wendell_nascimento_borges
43,2026,A,5,São Paulo,sao_paulo,2T,2T,90,3,93,5,Robert Abel Arboleda Escobar,robert_abel_arboleda_escobar,28,Alan Javier Franco,alan_javier_franco
44,2026,A,5,Corinthians,corinthians,2T,2T,12,0,57,19,Andre Martin Carrillo Diaz,andre_martin_carrillo_diaz,29,Allan Rodrigues de Souza,allan_rodrigues_de_souza
44,2026,A,5,Corinthians,corinthians,2T,2T,12,0,57,61,Diego da Cruz Lopes,diego_da_cruz_lopes,7,Breno de Souza Bidon,breno_de_souza_bidon
44,2026,A,5,Corinthians,corinthians,2T,2T,12,0,57,18,Pedro Raul Garay da Silva,pedro_raul_garay_da_silva,56,Guilherme William Silva Inacio,guilherme_william_silva_inacio
44,2026,A,5,Corinthians,corinthians,2T,2T,12,0,57,11,Victor Vinicius Coelho Santos,victor_vinicius_coelho_santos,8,Rodrigo Garro,rodrigo_garro
44,2026,A,5,Coritiba SAF,coritiba_saf,2T,2T,24,0,69,23,Tiago Coser,tiago_coser,55,Jacy Maranhao Oliveira,jacy_maranhao_oliveira
44,2026,A,5,Coritiba SAF,coritiba_saf,2T,2T,31,0,76,7,Joaquin Lavega Colzada,joaquin_lavega_colzada,77,Breno Henrique Vasconcelos L,breno_henrique_vasconcelos_l
44,2026,A,5,Corinthians,corinthians,2T,2T,33,0,78,26,Fabrizio German Angileri,fabrizio_german_angileri,21,Matheus Lima Beltrao Oliveira,matheus_lima_beltrao_oliveira
44,2026,A,5,Corinthians,corinthians,2T,2T,35,0,80,52,Zakaria Labyad,zakaria_labyad,10,Memphis Depay,memphis_depay
44,2026,A,5,Coritiba SAF,coritiba_saf,2T,2T,40,0,85,28,Fabio Augusto Luciano da Silva,fabio_augusto_luciano_da_silva,32,Pedro Rocha Neves,pedro_rocha_neves
44,2026,A,5,Coritiba SAF,coritiba_saf,2T,2T,40,0,85,36,Vinicius Romualdo dos Santos,vinicius_romualdo_dos_santos,10,Josue Filipe Soares Pesqueira,josue_filipe_soares_pesqueira
44,2026,A,5,Coritiba SAF,coritiba_saf,2T,2T,40,0,85,21,Thiago dos Santos,thiago_dos_santos,44,Joao Pedro Chermont Crema,joao_pedro_chermont_crema
45,2026,A,5,Santos Fc,santos_fc,2T,2T,20,0,65,28,Christian Gabriel Oliva Gime,christian_gabriel_oliva_gime,15,Willian Souza Arao da Silva,willian_souza_arao_da_silva
45,2026,A,5,Santos Fc,santos_fc,2T,2T,20,0,65,25,Gabriel Vinicius Menino,gabriel_vinicius_menino,5,Joao Felipe Schmidt Urbano,joao_felipe_schmidt_urbano
45,2026,A,5,Santos Fc,santos_fc,2T,2T,20,0,65,22,Alvaro Martin Barreal,alvaro_martin_barreal,3,Vinícius Rodrigues Lira,vinicius_rodrigues_lira
45,2026,A,5,Mirassol,mirassol,2T,2T,24,0,69,95,Edson Guilherme Mendes dos S,edson_guilherme_mendes_dos_s,77,Alesson dos Santos Batista,alesson_dos_santos_batista
45,2026,A,5,Mirassol,mirassol,2T,2T,24,0,69,99,Andre Luis Silva de Aguiar,andre_luis_silva_de_aguiar,9,Nathan Uiliam Fogaca,nathan_uiliam_fogaca
45,2026,A,5,Santos Fc,santos_fc,2T,2T,28,0,73,32,Benjamin Rollheiser,benjamin_rollheiser,49,Gabriel Morais Silva Bontempo,gabriel_morais_silva_bontempo
45,2026,A,5,Santos Fc,santos_fc,2T,2T,28,0,73,2,Jose Ivaldo Almeida Silva,jose_ivaldo_almeida_silva,14,Luan Peres Petroni,luan_peres_petroni
45,2026,A,5,Mirassol,mirassol,2T,2T,33,0,78,18,Gabriel Appelt Pires,gabriel_appelt_pires,7,Shaylon Kallyson Cardozo,shaylon_kallyson_cardozo
45,2026,A,5,Mirassol,mirassol,2T,2T,33,0,78,27,Antonio Javier Galeano Ferre,antonio_javier_galeano_ferre,11,Luis Henrique Soares Firmino,luis_henrique_soares_firmino
45,2026,A,5,Mirassol,mirassol,2T,2T,90,1,91,17,Everton Galdino Moreira,everton_galdino_moreira,25,Antonio Francisco Moura Neto,antonio_francisco_moura_neto
46,2026,A,5,Atlético Mineiro,atletico_mineiro,2T,2T,12,0,57,27,Alan Steve Minda Garcia,alan_steve_minda_garcia,10,Gustavo Henrique Furtado Sca,gustavo_henrique_furtado_sca
46,2026,A,5,Internacional,internacional,2T,2T,22,0,67,19,Rafael Santos Borre Maury,rafael_santos_borre_maury,9,Alerrandro Barra Mansa Reali,alerrandro_barra_mansa_reali
46,2026,A,5,Internacional,internacional,2T,2T,22,0,67,11,Kayky da Silva Chagas,kayky_da_silva_chagas,7,Johan Stiven Carbonero Balanta,johan_stiven_carbonero_balanta
46,2026,A,5,Atlético Mineiro,atletico_mineiro,2T,2T,24,0,69,19,Reinier Jesus Carvalho,reinier_jesus_carvalho,9,Zander Mateo Cassierra Cabezas,zander_mateo_cassierra_cabezas
46,2026,A,5,Atlético Mineiro,atletico_mineiro,2T,2T,24,0,69,23,Angelo Smit Preciado Quiñonez,angelo_smit_preciado_quinonez,4,Ruan Tressoldi Netto,ruan_tressoldi_netto
46,2026,A,5,Atlético Mineiro,atletico_mineiro,2T,2T,29,0,74,25,Tomás Perez,tomas_perez,30,Victor Hugo Gomes Silva,victor_hugo_gomes_silva
46,2026,A,5,Atlético Mineiro,atletico_mineiro,2T,2T,29,0,74,92,Eduardo Pereira Rodrigues,eduardo_pereira_rodrigues,28,Tomas Esteban Cuello,tomas_esteban_cuello
46,2026,A,5,Internacional,internacional,2T,2T,38,0,83,28,Vitor Hugo Naum dos Santos,vitor_hugo_naum_dos_santos,10,Alan Patrick Lourenço,alan_patrick_lourenco
46,2026,A,5,Internacional,internacional,2T,2T,38,0,83,8,Bruno Henrique Corsini,bruno_henrique_corsini,27,Paulo Lucas Santos de Paula,paulo_lucas_santos_de_paula
47,2026,A,5,Grêmio,gremio,2T,2T,14,0,59,38,Caio Fernando de Oliveira,caio_fernando_de_oliveira,37,Gabriel Ferreira de Carvalho,gabriel_ferreira_de_carvalho
47,2026,A,5,Grêmio,gremio,2T,2T,14,0,59,17,Douglas Moreira Fagundes,douglas_moreira_fagundes,11,Miguel Angel Monsalve Gonzalez,miguel_angel_monsalve_gonzalez
47,2026,A,5,Red Bull Bragantino,red_bull_bragantino,2T,2T,17,0,62,9,Isidro Miguel Pitta Saldivar,isidro_miguel_pitta_saldivar,32,Jose Maria Herrera Ares,jose_maria_herrera_ares
47,2026,A,5,Red Bull Bragantino,red_bull_bragantino,2T,2T,17,0,62,20,Rodrigo Huendra Almeida Mend,rodrigo_huendra_almeida_mend,22,Gustavo Ribeiro Neves,gustavo_ribeiro_neves
47,2026,A,5,Grêmio,gremio,2T,2T,23,0,68,47,Roger Dias Fernandes,roger_dias_fernandes,99,Jose David Enamorado Gomez,jose_david_enamorado_gomez
47,2026,A,5,Red Bull Bragantino,red_bull_bragantino,2T,2T,33,0,78,3,Eduardo Gonzaga Mendes Santos,eduardo_gonzaga_mendes_santos,34,Jose Andres Hurtado Cheme,jose_andres_hurtado_cheme
47,2026,A,5,Red Bull Bragantino,red_bull_bragantino,2T,2T,36,0,81,15,Ignacio Sosa Ospital,ignacio_sosa_ospital,8,Eduardo Colcenti Antunes,eduardo_colcenti_antunes
47,2026,A,5,Grêmio,gremio,2T,2T,90,1,91,33,Leonel Ulises Perez,leonel_ulises_perez,5,Juan Ignacio Martin Nardoni,juan_ignacio_martin_nardoni
48,2026,A,5,Botafogo,botafogo,2T,2T,12,0,57,77,Lucas Martín Villalba Jaume,lucas_martin_villalba_jaume,11,Matheus Martins Silva dos Sa,matheus_martins_silva_dos_sa
48,2026,A,5,Botafogo,botafogo,2T,2T,12,0,57,17,Jose Antonio dos Santos Junior,jose_antonio_dos_santos_junior,23,Santiago Mariano Rodriguez M,santiago_mariano_rodriguez_m
48,2026,A,5,Athletico Paranaense,athletico_paranaense,2T,2T,15,0,60,10,Bruno Zapelli,bruno_zapelli,20,Julimar Silva Oliveira Junior,julimar_silva_oliveira_junior
48,2026,A,5,Athletico Paranaense,athletico_paranaense,2T,2T,15,0,60,13,Carlos Teran Diaz,carlos_teran_diaz,4,Arthur dos Santos Barbosa Dias,arthur_dos_santos_barbosa_dias
48,2026,A,5,Botafogo,botafogo,2T,2T,29,0,74,14,Jordan Andres Barrera Herrera,jordan_andres_barrera_herrera,88,Edenilson Andrade dos Santos,edenilson_andrade_dos_santos
48,2026,A,5,Botafogo,botafogo,2T,2T,29,0,74,16,Nathan Ribeiro Fernandes,nathan_ribeiro_fernandes,19,Arthur Mendonça Cabral,arthur_mendonca_cabral
48,2026,A,5,Athletico Paranaense,athletico_paranaense,2T,2T,42,0,87,27,Juan Camilo Portilla Orozco,juan_camilo_portilla_orozco,53,Eduardo Kogitzki Anastacio,eduardo_kogitzki_anastacio
48,2026,A,5,Athletico Paranaense,athletico_paranaense,2T,2T,43,0,88,6,Leonardo Derik Dias Goncalves,leonardo_derik_dias_goncalves,7,John Steven Mendoza Valencia,john_steven_mendoza_valencia
48,2026,A,5,Athletico Paranaense,athletico_paranaense,2T,2T,43,0,88,70,Renan Peixoto Nepomuceno,renan_peixoto_nepomuceno,9,Kevin Estiben Viveros Rodall,kevin_estiben_viveros_rodall
49,2026,A,5,Vitória,vitoria,2T,2T,16,0,61,33,Erick de Arruda Serafim,erick_de_arruda_serafim,7,Mario Sergio Santos Costa,mario_sergio_santos_costa
49,2026,A,5,Bahia,bahia,2T,2T,16,0,61,27,Everaldo Stum,everaldo_stum,12,Willian Jose da Silva,willian_jose_da_silva
49,2026,A,5,Bahia,bahia,2T,2T,16,0,61,23,Mateo Naim Sanabria Doracio,mateo_naim_sanabria_doracio,16,Erick da Costa Farias,erick_da_costa_farias
49,2026,A,5,Vitória,vitoria,2T,2T,26,0,71,17,Aitor Cantalapiedra Fernandez,aitor_cantalapiedra_fernandez,10,Matheus Martins Fogaca de Pa,matheus_martins_fogaca_de_pa
49,2026,A,5,Vitória,vitoria,2T,2T,26,0,71,4,Cleidson Andrade de Souza Si,cleidson_andrade_de_souza_si,43,Lucas Eduardo Ribeiro de Souza,lucas_eduardo_ribeiro_de_souza
49,2026,A,5,Bahia,bahia,2T,2T,29,0,74,15,Michel Daryl Araujo Villar,michel_daryl_araujo_villar,14,Erick Luis Conrado Carvalho,erick_luis_conrado_carvalho
49,2026,A,5,Bahia,bahia,2T,2T,29,0,74,7,Ademir da Silva Santos Junior,ademir_da_silva_santos_junior,99,Cristian Gonzalo Olivera Iba,cristian_gonzalo_olivera_iba
49,2026,A,5,Bahia,bahia,2T,2T,43,0,88,63,David Martins Almeida de Lira,david_martins_almeida_de_lira,11,Rodrigo Nestor Bertalia,rodrigo_nestor_bertalia
49,2026,A,5,Vitória,vitoria,2T,2T,90,5,95,83,Jamerson Santos de Jesus,jamerson_santos_de_jesus,13,Ramon Ramos Lima,ramon_ramos_lima
50,2026,A,5,Remo,remo,2T,2T,24,0,69,25,Michael Nicolas Ferreira Ber,michael_nicolas_ferreira_ber,22,Glaybson Yago Souza Lisboa,glaybson_yago_souza_lisboa
50,2026,A,5,Remo,remo,2T,2T,24,0,69,71,Rafael Monti Azpiazu,rafael_monti_azpiazu,11,Alef Mangueira Severino Pere,alef_mangueira_severino_pere
50,2026,A,5,Fluminense,fluminense,2T,2T,24,0,69,19,Rodrigo Castillo,rodrigo_castillo,9,John Kennedy Batista de Souza,john_kennedy_batista_de_souza
50,2026,A,5,Fluminense,fluminense,2T,2T,24,0,69,94,Otavio Henrique Passos Santos,otavio_henrique_passos_santos,35,Hercules Pereira do Nascimento,hercules_pereira_do_nascimento
50,2026,A,5,Fluminense,fluminense,2T,2T,33,0,78,7,Yeferson Julio Soteldo Marti,yeferson_julio_soteldo_marti,17,Agustin Canobbio Graviz,agustin_canobbio_graviz
50,2026,A,5,Fluminense,fluminense,2T,2T,33,0,78,90,Kevin Steven Serna Jaramillo,kevin_steven_serna_jaramillo,32,Luciano Federico Acosta,luciano_federico_acosta
50,2026,A,5,Remo,remo,2T,2T,33,0,78,55,Jose Ricardo Araujo Fernandes,jose_ricardo_araujo_fernandes,12,Patrick de Paula Carreiro,patrick_de_paula_carreiro
50,2026,A,5,Fluminense,fluminense,2T,2T,41,0,86,25,Alisson Euler de Freitas Cas,alisson_euler_de_freitas_cas,8,Matheus Martinelli Lima,matheus_martinelli_lima
51,2026,A,6,Athletico Paranaense,athletico_paranaense,1T,1T,45,6,51,33,Juan Felipe Aguirre Tabares,juan_felipe_aguirre_tabares,13,Carlos Teran Diaz,carlos_teran_diaz
51,2026,A,6,Fluminense,fluminense,2T,2T,28,0,73,19,Rodrigo Castillo,rodrigo_castillo,9,John Kennedy Batista de Souza,john_kennedy_batista_de_souza
51,2026,A,6,Fluminense,fluminense,2T,2T,28,0,73,7,Yeferson Julio Soteldo Marti,yeferson_julio_soteldo_marti,11,Jefferson David Savarino Qui,jefferson_david_savarino_qui
51,2026,A,6,Fluminense,fluminense,2T,2T,28,0,73,90,Kevin Steven Serna Jaramillo,kevin_steven_serna_jaramillo,17,Agustin Canobbio Graviz,agustin_canobbio_graviz
51,2026,A,6,Fluminense,fluminense,2T,2T,39,0,84,10,Paulo Henrique Chagas de Lima,paulo_henrique_chagas_de_lima,35,Hercules Pereira do Nascimento,hercules_pereira_do_nascimento
51,2026,A,6,Athletico Paranaense,athletico_paranaense,2T,2T,44,0,89,5,Antonio Feliphe Costa Silva,antonio_feliphe_costa_silva,14,Luiz Gustavo Dias,luiz_gustavo_dias
51,2026,A,6,Fluminense,fluminense,2T,2T,90,5,95,3,Jemmes Bruno Ribeiro da Silva,jemmes_bruno_ribeiro_da_silva,2,Samuel Xavier Brito,samuel_xavier_brito
51,2026,A,6,Athletico Paranaense,athletico_paranaense,2T,2T,90,8,98,70,Renan Peixoto Nepomuceno,renan_peixoto_nepomuceno,37,Lucas Angel Esquivel,lucas_angel_esquivel
52,2026,A,6,Botafogo,botafogo,2T,2T,10,0,55,4,Mateo Ponte Costa,mateo_ponte_costa,14,Jordan Andres Barrera Herrera,jordan_andres_barrera_herrera
52,2026,A,6,Flamengo,flamengo,2T,2T,19,0,64,6,Ayrton Lucas Dantas de Medei,ayrton_lucas_dantas_de_medei,26,Alex Sandro Lobo Silva,alex_sandro_lobo_silva
52,2026,A,6,Flamengo,flamengo,2T,2T,19,0,64,44,Vitor Eduardo da Silva Matos,vitor_eduardo_da_silva_matos,4,Leonardo Pereira,leonardo_pereira
52,2026,A,6,Flamengo,flamengo,2T,2T,24,0,69,52,Evertton Gustavo Fernandes A,evertton_gustavo_fernandes_a,5,Erick Antonio Pulgar Farfan,erick_antonio_pulgar_farfan
52,2026,A,6,Botafogo,botafogo,2T,2T,25,0,70,17,Jose Antonio dos Santos Junior,jose_antonio_dos_santos_junior,19,Arthur Mendonça Cabral,arthur_mendonca_cabral
52,2026,A,6,Botafogo,botafogo,2T,2T,35,0,80,88,Edenilson Andrade dos Santos,edenilson_andrade_dos_santos,8,Danilo dos Santos de Oliveira,danilo_dos_santos_de_oliveira
52,2026,A,6,Flamengo,flamengo,2T,2T,40,0,85,7,Luiz de Araujo Guimaraes Neto,luiz_de_araujo_guimaraes_neto,21,Jorge Luiz Frello Filho,jorge_luiz_frello_filho
52,2026,A,6,Flamengo,flamengo,2T,2T,40,0,85,19,Gonzalo Jordy Plata Jimenez,gonzalo_jordy_plata_jimenez,15,Jorge Andres Carrascal Guardo,jorge_andres_carrascal_guardo
53,2026,A,6,Corinthians,corinthians,2T,2T,17,0,62,8,Rodrigo Garro,rodrigo_garro,37,Kaio Cesar Andrade Lima,kaio_cesar_andrade_lima
53,2026,A,6,Santos Fc,santos_fc,2T,2T,17,0,62,15,Willian Souza Arao da Silva,willian_souza_arao_da_silva,49,Gabriel Morais Silva Bontempo,gabriel_morais_silva_bontempo
53,2026,A,6,Corinthians,corinthians,2T,2T,17,0,62,31,Kayke Ferrari Guimaraes,kayke_ferrari_guimaraes,49,André Luiz Santos Dias,andre_luiz_santos_dias
53,2026,A,6,Santos Fc,santos_fc,2T,2T,26,0,71,3,Vinícius Rodrigues Lira,vinicius_rodrigues_lira,22,Alvaro Martin Barreal,alvaro_martin_barreal
53,2026,A,6,Santos Fc,santos_fc,2T,2T,26,0,71,16,Thaciano Mickael da Silva,thaciano_mickael_da_silva,9,Gabriel Barbosa Almeida,gabriel_barbosa_almeida
53,2026,A,6,Santos Fc,santos_fc,2T,2T,33,0,78,32,Benjamin Rollheiser,benjamin_rollheiser,48,Gustavo Henrique Pereira,gustavo_henrique_pereira
53,2026,A,6,Corinthians,corinthians,2T,2T,33,0,78,29,Allan Rodrigues de Souza,allan_rodrigues_de_souza,19,Andre Martin Carrillo Diaz,andre_martin_carrillo_diaz
53,2026,A,6,Santos Fc,santos_fc,2T,2T,33,0,78,25,Gabriel Vinicius Menino,gabriel_vinicius_menino,28,Christian Gabriel Oliva Gime,christian_gabriel_oliva_gime
53,2026,A,6,Corinthians,corinthians,2T,2T,44,0,89,18,Pedro Raul Garay da Silva,pedro_raul_garay_da_silva,14,Raniele Almeida Melo,raniele_almeida_melo
54,2026,A,6,Palmeiras,palmeiras,2T,2T,13,0,58,30,Lucas Evangelista Santana de,lucas_evangelista_santana_de,8,Andreas Hugo Hoelgebaum Pere,andreas_hugo_hoelgebaum_pere
54,2026,A,6,Palmeiras,palmeiras,2T,2T,25,0,70,22,Joaquin Piquerez Moreira,joaquin_piquerez_moreira,56,Arthur Gabriel Santana Marco,arthur_gabriel_santana_marco
54,2026,A,6,Palmeiras,palmeiras,2T,2T,25,0,70,7,Felipe Anderson Pereira Gomes,felipe_anderson_pereira_gomes,11,Jhon Adolfo Arias Andrade,jhon_adolfo_arias_andrade
54,2026,A,6,Mirassol,mirassol,2T,2T,27,0,72,9,Nathan Uiliam Fogaca,nathan_uiliam_fogaca,99,Andre Luis Silva de Aguiar,andre_luis_silva_de_aguiar
54,2026,A,6,Mirassol,mirassol,2T,2T,33,0,78,77,Alesson dos Santos Batista,alesson_dos_santos_batista,7,Shaylon Kallyson Cardozo,shaylon_kallyson_cardozo
54,2026,A,6,Palmeiras,palmeiras,2T,2T,35,0,80,32,Emiliano Martinez Toranza,emiliano_martinez_toranza,18,Mauricio Magalhaes Prado,mauricio_magalhaes_prado
54,2026,A,6,Palmeiras,palmeiras,2T,2T,35,0,80,48,Larson Torna Ferreira dos Sa,larson_torna_ferreira_dos_sa,17,Marlon Rodrigues Freitas,marlon_rodrigues_freitas
55,2026,A,6,Red Bull Bragantino,red_bull_bragantino,2T,2T,13,0,58,35,Matheus Fernandes Siqueira,matheus_fernandes_siqueira,6,Gabriel Girotto Franco,gabriel_girotto_franco
55,2026,A,6,Red Bull Bragantino,red_bull_bragantino,2T,2T,13,0,58,20,Rodrigo Huendra Almeida Mend,rodrigo_huendra_almeida_mend,22,Gustavo Ribeiro Neves,gustavo_ribeiro_neves
55,2026,A,6,São Paulo,sao_paulo,2T,2T,22,0,67,80,Cauly Oliveira Souza,cauly_oliveira_souza,7,Lucas Rodrigues Moura da Silva,lucas_rodrigues_moura_da_silva
55,2026,A,6,São Paulo,sao_paulo,2T,2T,22,0,67,29,Pablo Gonçalves Maia Fortuna,pablo_goncalves_maia_fortuna,94,Daniel de Oliveira Sertanejo,daniel_de_oliveira_sertanejo
55,2026,A,6,Red Bull Bragantino,red_bull_bragantino,2T,2T,27,0,72,9,Isidro Miguel Pitta Saldivar,isidro_miguel_pitta_saldivar,32,Jose Maria Herrera Ares,jose_maria_herrera_ares
55,2026,A,6,São Paulo,sao_paulo,2T,2T,37,0,82,11,Aldemir dos Santos Ferreira,aldemir_dos_santos_ferreira,10,Luciano da Rocha Neves,luciano_da_rocha_neves
55,2026,A,6,São Paulo,sao_paulo,2T,2T,37,0,82,17,Andre Oliveira Silva,andre_oliveira_silva,9,Jonathan Calleri,jonathan_calleri
55,2026,A,6,Red Bull Bragantino,red_bull_bragantino,2T,2T,37,0,82,17,Vinicius Mendonca Pereira,vinicius_mendonca_pereira,8,Eduardo Colcenti Antunes,eduardo_colcenti_antunes
55,2026,A,6,Red Bull Bragantino,red_bull_bragantino,2T,2T,37,0,82,52,Ryan Augusto Tavares da Silva,ryan_augusto_tavares_da_silva,34,Jose Andres Hurtado Cheme,jose_andres_hurtado_cheme
55,2026,A,6,São Paulo,sao_paulo,2T,2T,90,1,91,5,Robert Abel Arboleda Escobar,robert_abel_arboleda_escobar,16,Damian Josue Bobadilla Benitez,damian_josue_bobadilla_benitez
56,2026,A,6,Cruzeiro,cruzeiro,2T,2T,15,0,60,22,Neiser David Villareal Quino,neiser_david_villareal_quino,16,Lucas Silva Borges,lucas_silva_borges
56,2026,A,6,Cruzeiro,cruzeiro,2T,2T,15,0,60,99,Keny Alexander Arroyo Alvarado,keny_alexander_arroyo_alvarado,88,Christian Roberto Alves Card,christian_roberto_alves_card
56,2026,A,6,Vasco da Gama Saf,vasco_da_gama_saf,2T,2T,16,0,61,20,Brenner Souza da Silva,brenner_souza_da_silva,17,Nuno Gonçalo Rocha Moreira,nuno_goncalo_rocha_moreira
56,2026,A,6,Vasco da Gama Saf,vasco_da_gama_saf,2T,2T,16,0,61,2,Jose Luis Rodriguez Bebanz,jose_luis_rodriguez_bebanz,11,Carlos Andres Gomez Hinestroza,carlos_andres_gomez_hinestroza
56,2026,A,6,Vasco da Gama Saf,vasco_da_gama_saf,2T,2T,16,0,61,6,Lucas Piton Crivellaro,lucas_piton_crivellaro,7,David Correa da Fonseca,david_correa_da_fonseca
56,2026,A,6,Vasco da Gama Saf,vasco_da_gama_saf,2T,2T,36,0,81,98,João Pedro Murilo de Paula M,joao_pedro_murilo_de_paula_m,25,Hugo Moura Arruda da Silva,hugo_moura_arruda_da_silva
56,2026,A,6,Vasco da Gama Saf,vasco_da_gama_saf,2T,2T,42,0,87,43,Lucas de Freitas Molarinho C,lucas_de_freitas_molarinho_c,3,Danilo das Neves Pinheiro,danilo_das_neves_pinheiro
56,2026,A,6,Cruzeiro,cruzeiro,2T,2T,42,0,87,94,Wanderson Maciel Sousa Campos,wanderson_maciel_sousa_campos,25,Lucas Hernan Villalba,lucas_hernan_villalba
56,2026,A,6,Cruzeiro,cruzeiro,2T,2T,45,0,90,2,Kauã Moraes Silva,kaua_moraes_silva,12,William de Asevedo Furtado,william_de_asevedo_furtado
56,2026,A,6,Cruzeiro,cruzeiro,2T,2T,45,0,90,77,Joao Wellington Gadelha Melo,joao_wellington_gadelha_melo,8,Matheus Henrique de Souza,matheus_henrique_de_souza
57,2026,A,6,Internacional,internacional,2T,2T,11,0,56,28,Vitor Hugo Naum dos Santos,vitor_hugo_naum_dos_santos,6,Matheus Bahia Santos,matheus_bahia_santos
57,2026,A,6,Internacional,internacional,2T,2T,11,0,56,8,Bruno Henrique Corsini,bruno_henrique_corsini,27,Paulo Lucas Santos de Paula,paulo_lucas_santos_de_paula
57,2026,A,6,Bahia,bahia,2T,2T,13,0,58,89,Wendeson Wanderley Santos de,wendeson_wanderley_santos_de,12,Willian Jose da Silva,willian_jose_da_silva
57,2026,A,6,Bahia,bahia,2T,2T,13,0,58,15,Michel Daryl Araujo Villar,michel_daryl_araujo_villar,11,Rodrigo Nestor Bertalia,rodrigo_nestor_bertalia
57,2026,A,6,Bahia,bahia,2T,2T,24,0,69,23,Mateo Naim Sanabria Doracio,mateo_naim_sanabria_doracio,16,Erick da Costa Farias,erick_da_costa_farias
57,2026,A,6,Bahia,bahia,2T,2T,24,0,69,7,Ademir da Silva Santos Junior,ademir_da_silva_santos_junior,99,Cristian Gonzalo Olivera Iba,cristian_gonzalo_olivera_iba
57,2026,A,6,Internacional,internacional,2T,2T,27,0,72,9,Alerrandro Barra Mansa Reali,alerrandro_barra_mansa_reali,10,Alan Patrick Lourenço,alan_patrick_lourenco
57,2026,A,6,Internacional,internacional,2T,2T,37,0,82,14,Alan Jesus Rodriguez Guaglia,alan_jesus_rodriguez_guaglia,16,Ronaldo da Silva Souza Guerr,ronaldo_da_silva_souza_guerr
57,2026,A,6,Bahia,bahia,2T,2T,39,0,84,8,Caio Alexandre Sousa E Silva,caio_alexandre_sousa_e_silva,6,Jean Lucas de Souza Oliveira,jean_lucas_de_souza_oliveira
58,2026,A,6,Remo,remo,1T,1T,31,0,31,79,Marcelo Rodrigues Souza,marcelo_rodrigues_souza,2,Joao Lucas de Almeida Carvalho,joao_lucas_de_almeida_carvalho
58,2026,A,6,Coritiba SAF,coritiba_saf,2T,2T,22,0,67,7,Joaquin Lavega Colzada,joaquin_lavega_colzada,77,Breno Henrique Vasconcelos L,breno_henrique_vasconcelos_l
58,2026,A,6,Coritiba SAF,coritiba_saf,2T,2T,22,0,67,29,Willian Osmar de Oliveira Si,willian_osmar_de_oliveira_si,8,Wallisson Luiz Alves Maximo,wallisson_luiz_alves_maximo
58,2026,A,6,Remo,remo,2T,2T,26,0,71,22,Glaybson Yago Souza Lisboa,glaybson_yago_souza_lisboa,8,Patrick Bezerra do Nascimento,patrick_bezerra_do_nascimento
58,2026,A,6,Coritiba SAF,coritiba_saf,2T,2T,37,0,82,36,Vinicius Romualdo dos Santos,vinicius_romualdo_dos_santos,10,Josue Filipe Soares Pesqueira,josue_filipe_soares_pesqueira
58,2026,A,6,Remo,remo,2T,2T,40,0,85,10,Jaderson Flores dos Reis,jaderson_flores_dos_reis,14,Leonel Marcelo Picco,leonel_marcelo_picco
58,2026,A,6,Remo,remo,2T,2T,40,0,85,28,José Welison da Silva,jose_welison_da_silva,18,Duplexe Tchamba Bangou,duplexe_tchamba_bangou
58,2026,A,6,Coritiba SAF,coritiba_saf,2T,2T,45,0,90,21,Thiago dos Santos,thiago_dos_santos,19,Sebastian Gomez Londono,sebastian_gomez_londono
58,2026,A,6,Coritiba SAF,coritiba_saf,2T,2T,45,0,90,28,Fabio Augusto Luciano da Silva,fabio_augusto_luciano_da_silva,32,Pedro Rocha Neves,pedro_rocha_neves
59,2026,A,6,Vitória,vitoria,1T,1T,15,0,15,33,Erick de Arruda Serafim,erick_de_arruda_serafim,7,Mario Sergio Santos Costa,mario_sergio_santos_costa
59,2026,A,6,Atlético Mineiro,atletico_mineiro,2T,2T,12,0,57,7,Givanildo Vieira de Sousa,givanildo_vieira_de_sousa,25,Tomás Perez,tomas_perez
59,2026,A,6,Atlético Mineiro,atletico_mineiro,2T,2T,12,0,57,92,Eduardo Pereira Rodrigues,eduardo_pereira_rodrigues,28,Tomas Esteban Cuello,tomas_esteban_cuello
59,2026,A,6,Vitória,vitoria,2T,2T,21,0,66,31,Renzo Lopez Patron,renzo_lopez_patron,79,Renato Kayzer de Souza,renato_kayzer_de_souza
59,2026,A,6,Vitória,vitoria,2T,2T,21,0,66,28,Anderson Bispo dos Santos,anderson_bispo_dos_santos,10,Matheus Martins Fogaca de Pa,matheus_martins_fogaca_de_pa
59,2026,A,6,Atlético Mineiro,atletico_mineiro,2T,2T,28,0,73,9,Zander Mateo Cassierra Cabezas,zander_mateo_cassierra_cabezas,10,Gustavo Henrique Furtado Sca,gustavo_henrique_furtado_sca
59,2026,A,6,Vitória,vitoria,2T,2T,38,0,83,23,Fabricio do Rosario dos Santos,fabricio_do_rosario_dos_santos,33,Erick de Arruda Serafim,erick_de_arruda_serafim
59,2026,A,6,Atlético Mineiro,atletico_mineiro,2T,2T,38,0,83,27,Alan Steve Minda Garcia,alan_steve_minda_garcia,19,Reinier Jesus Carvalho,reinier_jesus_carvalho
60,2026,A,6,Chapecoense,chapecoense,2T,2T,13,0,58,20,Jean Carlos Vicente,jean_carlos_vicente,10,Giovanni Augusto Oliveira Ca,giovanni_augusto_oliveira_ca
60,2026,A,6,Chapecoense,chapecoense,2T,2T,13,0,58,7,Marcio Antonio de Sousa Junior,marcio_antonio_de_sousa_junior,77,Italo de Vargas da Rosa,italo_de_vargas_da_rosa
60,2026,A,6,Grêmio,gremio,2T,2T,15,0,60,10,Willian Borges da Silva,willian_borges_da_silva,11,Miguel Angel Monsalve Gonzalez,miguel_angel_monsalve_gonzalez
60,2026,A,6,Grêmio,gremio,2T,2T,15,0,60,99,Jose David Enamorado Gomez,jose_david_enamorado_gomez,9,Francis Apelete Amuzu,francis_apelete_amuzu
60,2026,A,6,Grêmio,gremio,2T,2T,29,0,74,37,Gabriel Ferreira de Carvalho,gabriel_ferreira_de_carvalho,21,Mateus Cardoso Lemos Martins,mateus_cardoso_lemos_martins
60,2026,A,6,Chapecoense,chapecoense,2T,2T,39,0,84,9,Pedro Henrique Perotti,pedro_henrique_perotti,11,Bolasie Yala,bolasie_yala
60,2026,A,6,Chapecoense,chapecoense,2T,2T,39,0,84,19,David Antunes da Silva,david_antunes_da_silva,5,Joao Vitor de Souza Martins,joao_vitor_de_souza_martins
60,2026,A,6,Chapecoense,chapecoense,2T,2T,90,1,91,17,Vinicius Balieiro Lourenco d,vinicius_balieiro_lourenco_d,22,Higor Matheus Meritao,higor_matheus_meritao
61,2026,A,7,Remo,remo,2T,2T,10,0,55,19,Gabriel Pereira Taliari,gabriel_pereira_taliari,12,Patrick de Paula Carreiro,patrick_de_paula_carreiro
61,2026,A,7,Remo,remo,2T,2T,10,0,55,28,José Welison da Silva,jose_welison_da_silva,14,Leonel Marcelo Picco,leonel_marcelo_picco
61,2026,A,7,Flamengo,flamengo,2T,2T,20,0,65,20,Lucas Tolentino Coelho de Lima,lucas_tolentino_coelho_de_lima,10,Giorgian Daniel de Arrascaet,giorgian_daniel_de_arrascaet
61,2026,A,7,Flamengo,flamengo,2T,2T,20,0,65,15,Jorge Andres Carrascal Guardo,jorge_andres_carrascal_guardo,16,Samuel Dias Lino,samuel_dias_lino
61,2026,A,7,Flamengo,flamengo,2T,2T,20,0,65,6,Ayrton Lucas Dantas de Medei,ayrton_lucas_dantas_de_medei,26,Alex Sandro Lobo Silva,alex_sandro_lobo_silva
61,2026,A,7,Remo,remo,2T,2T,23,0,68,22,Glaybson Yago Souza Lisboa,glaybson_yago_souza_lisboa,15,Vitor Frezarin Bueno,vitor_frezarin_bueno
61,2026,A,7,Remo,remo,2T,2T,23,0,68,8,Patrick Bezerra do Nascimento,patrick_bezerra_do_nascimento,37,Jandir Breno Souza Silva,jandir_breno_souza_silva
61,2026,A,7,Flamengo,flamengo,2T,2T,26,0,71,2,Guillermo Varela Olivera,guillermo_varela_olivera,22,Emerson Aparecido Leite de S,emerson_aparecido_leite_de_s
61,2026,A,7,Flamengo,flamengo,2T,2T,31,0,76,11,Everton Sousa Soares,everton_sousa_soares,21,Jorge Luiz Frello Filho,jorge_luiz_frello_filho
61,2026,A,7,Remo,remo,2T,2T,38,0,83,10,Jaderson Flores dos Reis,jaderson_flores_dos_reis,55,Jose Ricardo Araujo Fernandes,jose_ricardo_araujo_fernandes
62,2026,A,7,Vasco da Gama Saf,vasco_da_gama_saf,2T,2T,24,0,69,77,Claudio Paul Spinelli,claudio_paul_spinelli,7,David Correa da Fonseca,david_correa_da_fonseca
62,2026,A,7,Fluminense,fluminense,2T,2T,24,0,69,10,Paulo Henrique Chagas de Lima,paulo_henrique_chagas_de_lima,32,Luciano Federico Acosta,luciano_federico_acosta
62,2026,A,7,Vasco da Gama Saf,vasco_da_gama_saf,2T,2T,24,0,69,28,Adson Ferreira Soares,adson_ferreira_soares,11,Carlos Andres Gomez Hinestroza,carlos_andres_gomez_hinestroza
62,2026,A,7,Fluminense,fluminense,2T,2T,24,0,69,19,Rodrigo Castillo,rodrigo_castillo,9,John Kennedy Batista de Souza,john_kennedy_batista_de_souza
62,2026,A,7,Fluminense,fluminense,2T,2T,35,0,80,90,Kevin Steven Serna Jaramillo,kevin_steven_serna_jaramillo,11,Jefferson David Savarino Qui,jefferson_david_savarino_qui
62,2026,A,7,Vasco da Gama Saf,vasco_da_gama_saf,2T,2T,35,0,80,20,Brenner Souza da Silva,brenner_souza_da_silva,17,Nuno Gonçalo Rocha Moreira,nuno_goncalo_rocha_moreira
62,2026,A,7,Fluminense,fluminense,2T,2T,35,0,80,23,Claudio Rodrigues Gomes,claudio_rodrigues_gomes,2,Samuel Xavier Brito,samuel_xavier_brito
63,2026,A,7,Santos Fc,santos_fc,2T,2T,12,0,57,32,Benjamin Rollheiser,benjamin_rollheiser,31,Gonzalo Daniel Escobar,gonzalo_daniel_escobar
63,2026,A,7,Santos Fc,santos_fc,2T,2T,12,0,57,25,Gabriel Vinicius Menino,gabriel_vinicius_menino,15,Willian Souza Arao da Silva,willian_souza_arao_da_silva
63,2026,A,7,Internacional,internacional,2T,2T,23,0,68,29,Thiago Maia Alencar,thiago_maia_alencar,14,Alan Jesus Rodriguez Guaglia,alan_jesus_rodriguez_guaglia
63,2026,A,7,Internacional,internacional,2T,2T,23,0,68,35,Braian Nahuel Aguirre,braian_nahuel_aguirre,9,Alerrandro Barra Mansa Reali,alerrandro_barra_mansa_reali
63,2026,A,7,Internacional,internacional,2T,2T,32,0,77,17,Bruno Vinicius Souza Ramos,bruno_vinicius_souza_ramos,8,Bruno Henrique Corsini,bruno_henrique_corsini
63,2026,A,7,Internacional,internacional,2T,2T,32,0,77,16,Ronaldo da Silva Souza Guerr,ronaldo_da_silva_souza_guerr,5,Rodrigo Roman Villagra,rodrigo_roman_villagra
63,2026,A,7,Internacional,internacional,2T,2T,40,0,85,7,Johan Stiven Carbonero Balanta,johan_stiven_carbonero_balanta,19,Rafael Santos Borre Maury,rafael_santos_borre_maury
63,2026,A,7,Santos Fc,santos_fc,2T,2T,43,0,88,16,Thaciano Mickael da Silva,thaciano_mickael_da_silva,10,Neymar da Silva Santos Junior,neymar_da_silva_santos_junior
64,2026,A,7,Botafogo,botafogo,2T,2T,11,0,56,77,Lucas Martín Villalba Jaume,lucas_martin_villalba_jaume,14,Jordan Andres Barrera Herrera,jordan_andres_barrera_herrera
64,2026,A,7,Palmeiras,palmeiras,2T,2T,26,0,71,19,Ramon Sosa Acosta,ramon_sosa_acosta,18,Mauricio Magalhaes Prado,mauricio_magalhaes_prado
64,2026,A,7,Palmeiras,palmeiras,2T,2T,26,0,71,30,Lucas Evangelista Santana de,lucas_evangelista_santana_de,8,Andreas Hugo Hoelgebaum Pere,andreas_hugo_hoelgebaum_pere
64,2026,A,7,Palmeiras,palmeiras,2T,2T,26,0,71,9,Vitor Hugo Roque Ferreira,vitor_hugo_roque_ferreira,42,Jose Manuel Alberto Lopez,jose_manuel_alberto_lopez
64,2026,A,7,Botafogo,botafogo,2T,2T,26,0,71,34,Gabriel Pereira Justino,gabriel_pereira_justino,5,Nahuel Adolfo Ferraresi Hern,nahuel_adolfo_ferraresi_hern
64,2026,A,7,Botafogo,botafogo,2T,2T,26,0,71,7,Artur Victor Guimaraes,artur_victor_guimaraes,15,Bartolomeu Jacinto Quissanga,bartolomeu_jacinto_quissanga
64,2026,A,7,Botafogo,botafogo,2T,2T,34,0,79,30,Carlos Joaquin Correa,carlos_joaquin_correa,11,Matheus Martins Silva dos Sa,matheus_martins_silva_dos_sa
64,2026,A,7,Palmeiras,palmeiras,2T,2T,39,0,84,7,Felipe Anderson Pereira Gomes,felipe_anderson_pereira_gomes,40,Allan Andrade Elias,allan_andrade_elias
64,2026,A,7,Palmeiras,palmeiras,2T,2T,39,0,84,48,Larson Torna Ferreira dos Sa,larson_torna_ferreira_dos_sa,11,Jhon Adolfo Arias Andrade,jhon_adolfo_arias_andrade
65,2026,A,7,Coritiba SAF,coritiba_saf,2T,2T,12,0,57,3,Maicon Pereira Roque,maicon_pereira_roque,6,Felipe Jonatan Rocha Andrade,felipe_jonatan_rocha_andrade
65,2026,A,7,Mirassol,mirassol,2T,2T,22,0,67,9,Nathan Uiliam Fogaca,nathan_uiliam_fogaca,25,Antonio Francisco Moura Neto,antonio_francisco_moura_neto
65,2026,A,7,Mirassol,mirassol,2T,2T,22,0,67,27,Antonio Javier Galeano Ferre,antonio_javier_galeano_ferre,77,Alesson dos Santos Batista,alesson_dos_santos_batista
65,2026,A,7,Mirassol,mirassol,2T,2T,22,0,67,99,Andre Luis Silva de Aguiar,andre_luis_silva_de_aguiar,29,Francisco das Chagas Soares,francisco_das_chagas_soares
65,2026,A,7,Coritiba SAF,coritiba_saf,2T,2T,22,0,67,8,Wallisson Luiz Alves Maximo,wallisson_luiz_alves_maximo,29,Willian Osmar de Oliveira Si,willian_osmar_de_oliveira_si
65,2026,A,7,Mirassol,mirassol,2T,2T,33,0,78,7,Shaylon Kallyson Cardozo,shaylon_kallyson_cardozo,18,Gabriel Appelt Pires,gabriel_appelt_pires
65,2026,A,7,Coritiba SAF,coritiba_saf,2T,2T,33,0,78,10,Josue Filipe Soares Pesqueira,josue_filipe_soares_pesqueira,7,Joaquin Lavega Colzada,joaquin_lavega_colzada
66,2026,A,7,São Paulo,sao_paulo,2T,2T,15,0,60,10,Luciano da Rocha Neves,luciano_da_rocha_neves,17,Andre Oliveira Silva,andre_oliveira_silva
66,2026,A,7,São Paulo,sao_paulo,2T,2T,15,0,60,7,Lucas Rodrigues Moura da Silva,lucas_rodrigues_moura_da_silva,80,Cauly Oliveira Souza,cauly_oliveira_souza
66,2026,A,7,Atlético Mineiro,atletico_mineiro,2T,2T,18,0,63,11,Bernard Anicio Caldeira Duarte,bernard_anicio_caldeira_duarte,25,Tomás Perez,tomas_perez
66,2026,A,7,São Paulo,sao_paulo,2T,2T,28,0,73,14,Gonzalo Andrés Tapia Dubourn,gonzalo_andres_tapia_dubourn,7,Lucas Rodrigues Moura da Silva,lucas_rodrigues_moura_da_silva
66,2026,A,7,Atlético Mineiro,atletico_mineiro,2T,2T,29,0,74,92,Eduardo Pereira Rodrigues,eduardo_pereira_rodrigues,9,Zander Mateo Cassierra Cabezas,zander_mateo_cassierra_cabezas
66,2026,A,7,São Paulo,sao_paulo,2T,2T,38,0,83,11,Aldemir dos Santos Ferreira,aldemir_dos_santos_ferreira,94,Daniel de Oliveira Sertanejo,daniel_de_oliveira_sertanejo
66,2026,A,7,São Paulo,sao_paulo,2T,2T,38,0,83,21,Cedric Ricardo Alves Soares,cedric_ricardo_alves_soares,42,Maik Gomes Viegas,maik_gomes_viegas
66,2026,A,7,Atlético Mineiro,atletico_mineiro,2T,2T,40,0,85,13,Lyanco Evangelista Silveira,lyanco_evangelista_silveira,28,Tomas Esteban Cuello,tomas_esteban_cuello
67,2026,A,7,Grêmio,gremio,2T,2T,10,0,55,11,Miguel Angel Monsalve Gonzalez,miguel_angel_monsalve_gonzalez,10,Willian Borges da Silva,willian_borges_da_silva
67,2026,A,7,Grêmio,gremio,2T,2T,10,0,55,19,Erick Carlos Noriega Loret d,erick_carlos_noriega_loret_d,5,Juan Ignacio Martin Nardoni,juan_ignacio_martin_nardoni
67,2026,A,7,Vitória,vitoria,2T,2T,29,0,74,31,Renzo Lopez Patron,renzo_lopez_patron,45,Nathan Gabriel de Souza Mendes,nathan_gabriel_de_souza_mendes
67,2026,A,7,Vitória,vitoria,2T,2T,29,0,74,17,Aitor Cantalapiedra Fernandez,aitor_cantalapiedra_fernandez,4,Cleidson Andrade de Souza Si,cleidson_andrade_de_souza_si
67,2026,A,7,Grêmio,gremio,2T,2T,31,0,76,38,Caio Fernando de Oliveira,caio_fernando_de_oliveira,23,Marlon Rodrigues Xavier,marlon_rodrigues_xavier
67,2026,A,7,Grêmio,gremio,2T,2T,39,0,84,37,Gabriel Ferreira de Carvalho,gabriel_ferreira_de_carvalho,9,Francis Apelete Amuzu,francis_apelete_amuzu
67,2026,A,7,Grêmio,gremio,2T,2T,39,0,84,21,Mateus Cardoso Lemos Martins,mateus_cardoso_lemos_martins,99,Jose David Enamorado Gomez,jose_david_enamorado_gomez
67,2026,A,7,Vitória,vitoria,2T,2T,41,0,86,12,Diego Tarzia,diego_tarzia,10,Matheus Martins Fogaca de Pa,matheus_martins_fogaca_de_pa
67,2026,A,7,Vitória,vitoria,2T,2T,41,0,86,23,Fabricio do Rosario dos Santos,fabricio_do_rosario_dos_santos,33,Erick de Arruda Serafim,erick_de_arruda_serafim
67,2026,A,7,Vitória,vitoria,2T,2T,90,2,92,28,Anderson Bispo dos Santos,anderson_bispo_dos_santos,79,Renato Kayzer de Souza,renato_kayzer_de_souza
68,2026,A,7,Cruzeiro,cruzeiro,2T,2T,8,0,53,94,Wanderson Maciel Sousa Campos,wanderson_maciel_sousa_campos,77,Joao Wellington Gadelha Melo,joao_wellington_gadelha_melo
68,2026,A,7,Athletico Paranaense,athletico_paranaense,2T,2T,16,0,61,16,Jadson Alves dos Santos,jadson_alves_dos_santos,27,Juan Camilo Portilla Orozco,juan_camilo_portilla_orozco
68,2026,A,7,Athletico Paranaense,athletico_paranaense,2T,2T,16,0,61,47,Felipe Chiqueti Bandeira,felipe_chiqueti_bandeira,20,Julimar Silva Oliveira Junior,julimar_silva_oliveira_junior
68,2026,A,7,Cruzeiro,cruzeiro,2T,2T,32,0,77,40,Rhuan Gabriel Rodrigues de S,rhuan_gabriel_rodrigues_de_s,88,Christian Roberto Alves Card,christian_roberto_alves_card
68,2026,A,7,Athletico Paranaense,athletico_paranaense,2T,2T,32,0,77,48,Bruno Braga Ramos,bruno_braga_ramos,7,John Steven Mendoza Valencia,john_steven_mendoza_valencia
68,2026,A,7,Athletico Paranaense,athletico_paranaense,2T,2T,32,0,77,8,João Victor Machado Cruz,joao_victor_machado_cruz,53,Eduardo Kogitzki Anastacio,eduardo_kogitzki_anastacio
68,2026,A,7,Cruzeiro,cruzeiro,2T,2T,32,0,77,91,Francisco da Costa Aragao,francisco_da_costa_aragao,22,Neiser David Villareal Quino,neiser_david_villareal_quino
68,2026,A,7,Cruzeiro,cruzeiro,2T,2T,42,0,87,2,Kauã Moraes Silva,kaua_moraes_silva,12,William de Asevedo Furtado,william_de_asevedo_furtado
68,2026,A,7,Cruzeiro,cruzeiro,2T,2T,42,0,87,35,Murilo Rhikman Alves Pimentel,murilo_rhikman_alves_pimentel,16,Lucas Silva Borges,lucas_silva_borges
69,2026,A,7,Bahia,bahia,2T,2T,15,0,60,11,Rodrigo Nestor Bertalia,rodrigo_nestor_bertalia,8,Caio Alexandre Sousa E Silva,caio_alexandre_sousa_e_silva
69,2026,A,7,Bahia,bahia,2T,2T,15,0,60,7,Ademir da Silva Santos Junior,ademir_da_silva_santos_junior,16,Erick da Costa Farias,erick_da_costa_farias
69,2026,A,7,Red Bull Bragantino,red_bull_bragantino,2T,2T,18,0,63,7,Eric dos Santos Rodrigues,eric_dos_santos_rodrigues,20,Rodrigo Huendra Almeida Mend,rodrigo_huendra_almeida_mend
69,2026,A,7,Red Bull Bragantino,red_bull_bragantino,2T,2T,32,0,77,27,Davi Gomes de Alvarenga,davi_gomes_de_alvarenga,17,Vinicius Mendonca Pereira,vinicius_mendonca_pereira
69,2026,A,7,Bahia,bahia,2T,2T,34,0,79,15,Michel Daryl Araujo Villar,michel_daryl_araujo_villar,6,Jean Lucas de Souza Oliveira,jean_lucas_de_souza_oliveira
69,2026,A,7,Bahia,bahia,2T,2T,41,0,86,23,Mateo Naim Sanabria Doracio,mateo_naim_sanabria_doracio,99,Cristian Gonzalo Olivera Iba,cristian_gonzalo_olivera_iba
69,2026,A,7,Red Bull Bragantino,red_bull_bragantino,2T,2T,41,0,86,8,Eduardo Colcenti Antunes,eduardo_colcenti_antunes,15,Ignacio Sosa Ospital,ignacio_sosa_ospital
70,2026,A,7,Chapecoense,chapecoense,2T,2T,16,0,61,22,Higor Matheus Meritao,higor_matheus_meritao,5,Joao Vitor de Souza Martins,joao_vitor_de_souza_martins
70,2026,A,7,Chapecoense,chapecoense,2T,2T,16,0,61,70,Rubens Tadeu Hartmann Ricoldi,rubens_tadeu_hartmann_ricoldi,99,Rafael dos Santos Carvalheir,rafael_dos_santos_carvalheir
70,2026,A,7,Corinthians,corinthians,2T,2T,22,0,67,14,Raniele Almeida Melo,raniele_almeida_melo,49,André Luiz Santos Dias,andre_luiz_santos_dias
70,2026,A,7,Corinthians,corinthians,2T,2T,22,0,67,7,Breno de Souza Bidon,breno_de_souza_bidon,23,Matheus Pereira da Silva,matheus_pereira_da_silva
70,2026,A,7,Corinthians,corinthians,2T,2T,32,0,77,31,Kayke Ferrari Guimaraes,kayke_ferrari_guimaraes,11,Victor Vinicius Coelho Santos,victor_vinicius_coelho_santos
70,2026,A,7,Chapecoense,chapecoense,2T,2T,32,0,77,9,Pedro Henrique Perotti,pedro_henrique_perotti,11,Bolasie Yala,bolasie_yala
70,2026,A,7,Corinthians,corinthians,2T,2T,32,0,77,2,Matheus Franca Silva,matheus_franca_silva,20,Pedro Milans Carambula,pedro_milans_carambula
71,2026,A,8,Atlético Mineiro,atletico_mineiro,2T,2T,14,0,59,9,Zander Mateo Cassierra Cabezas,zander_mateo_cassierra_cabezas,17,Igor Silveira Gomes,igor_silveira_gomes
71,2026,A,8,Atlético Mineiro,atletico_mineiro,2T,2T,14,0,59,28,Tomas Esteban Cuello,tomas_esteban_cuello,3,Ivan Ramiro Roman Hurtado,ivan_ramiro_roman_hurtado
71,2026,A,8,Atlético Mineiro,atletico_mineiro,2T,2T,23,0,68,10,Gustavo Henrique Furtado Sca,gustavo_henrique_furtado_sca,11,Bernard Anicio Caldeira Duarte,bernard_anicio_caldeira_duarte
71,2026,A,8,Atlético Mineiro,atletico_mineiro,2T,2T,23,0,68,27,Alan Steve Minda Garcia,alan_steve_minda_garcia,30,Victor Hugo Gomes Silva,victor_hugo_gomes_silva
71,2026,A,8,Fluminense,fluminense,2T,2T,41,0,86,25,Alisson Euler de Freitas Cas,alisson_euler_de_freitas_cas,35,Hercules Pereira do Nascimento,hercules_pereira_do_nascimento
71,2026,A,8,Fluminense,fluminense,2T,2T,41,0,86,7,Yeferson Julio Soteldo Marti,yeferson_julio_soteldo_marti,11,Jefferson David Savarino Qui,jefferson_david_savarino_qui
71,2026,A,8,Fluminense,fluminense,2T,2T,41,0,86,90,Kevin Steven Serna Jaramillo,kevin_steven_serna_jaramillo,17,Agustin Canobbio Graviz,agustin_canobbio_graviz
71,2026,A,8,Fluminense,fluminense,2T,2T,41,0,86,10,Paulo Henrique Chagas de Lima,paulo_henrique_chagas_de_lima,32,Luciano Federico Acosta,luciano_federico_acosta
71,2026,A,8,Atlético Mineiro,atletico_mineiro,2T,2T,44,0,89,19,Reinier Jesus Carvalho,reinier_jesus_carvalho,23,Angelo Smit Preciado Quiñonez,angelo_smit_preciado_quinonez
72,2026,A,8,Grêmio,gremio,2T,2T,11,0,56,10,Willian Borges da Silva,willian_borges_da_silva,5,Juan Ignacio Martin Nardoni,juan_ignacio_martin_nardoni
72,2026,A,8,Vasco da Gama Saf,vasco_da_gama_saf,2T,2T,12,0,57,18,Marino Hinestroza Angulo,marino_hinestroza_angulo,17,Nuno Gonçalo Rocha Moreira,nuno_goncalo_rocha_moreira
72,2026,A,8,Vasco da Gama Saf,vasco_da_gama_saf,2T,2T,12,0,57,2,Jose Luis Rodriguez Bebanz,jose_luis_rodriguez_bebanz,96,Paulo Henrique de Oliveira A,paulo_henrique_de_oliveira_a
72,2026,A,8,Grêmio,gremio,2T,2T,18,0,63,37,Gabriel Ferreira de Carvalho,gabriel_ferreira_de_carvalho,9,Francis Apelete Amuzu,francis_apelete_amuzu
72,2026,A,8,Vasco da Gama Saf,vasco_da_gama_saf,2T,2T,23,0,68,10,Johan Rojas Echavarria,johan_rojas_echavarria,7,David Correa da Fonseca,david_correa_da_fonseca
72,2026,A,8,Vasco da Gama Saf,vasco_da_gama_saf,2T,2T,23,0,68,9,Matheus França de Oliveira,matheus_franca_de_oliveira,23,Thiago Henrique Santos Mendes,thiago_henrique_santos_mendes
72,2026,A,8,Grêmio,gremio,2T,2T,29,0,74,22,Martin Christensen Braithwaite,martin_christensen_braithwaite,95,Carlos Vinicius Alves Morais,carlos_vinicius_alves_morais
72,2026,A,8,Vasco da Gama Saf,vasco_da_gama_saf,2T,2T,36,0,81,6,Lucas Piton Crivellaro,lucas_piton_crivellaro,66,Luis Eduardo Soares da Silva,luis_eduardo_soares_da_silva
73,2026,A,8,Palmeiras,palmeiras,2T,2T,14,0,59,30,Lucas Evangelista Santana de,lucas_evangelista_santana_de,8,Andreas Hugo Hoelgebaum Pere,andreas_hugo_hoelgebaum_pere
73,2026,A,8,Palmeiras,palmeiras,2T,2T,14,0,59,7,Felipe Anderson Pereira Gomes,felipe_anderson_pereira_gomes,18,Mauricio Magalhaes Prado,mauricio_magalhaes_prado
73,2026,A,8,Palmeiras,palmeiras,2T,2T,18,0,63,32,Emiliano Martinez Toranza,emiliano_martinez_toranza,17,Marlon Rodrigues Freitas,marlon_rodrigues_freitas
73,2026,A,8,Palmeiras,palmeiras,2T,2T,31,0,76,19,Ramon Sosa Acosta,ramon_sosa_acosta,40,Allan Andrade Elias,allan_andrade_elias
73,2026,A,8,Palmeiras,palmeiras,2T,2T,31,0,76,9,Vitor Hugo Roque Ferreira,vitor_hugo_roque_ferreira,42,Jose Manuel Alberto Lopez,jose_manuel_alberto_lopez
73,2026,A,8,São Paulo,sao_paulo,2T,2T,34,0,79,17,Andre Oliveira Silva,andre_oliveira_silva,16,Damian Josue Bobadilla Benitez,damian_josue_bobadilla_benitez
73,2026,A,8,São Paulo,sao_paulo,2T,2T,39,0,84,11,Aldemir dos Santos Ferreira,aldemir_dos_santos_ferreira,10,Luciano da Rocha Neves,luciano_da_rocha_neves
74,2026,A,8,Corinthians,corinthians,1T,1T,22,0,22,8,Rodrigo Garro,rodrigo_garro,10,Memphis Depay,memphis_depay
74,2026,A,8,Flamengo,flamengo,2T,2T,16,0,61,18,Diego Nicolas de La Cruz Arc,diego_nicolas_de_la_cruz_arc,10,Giorgian Daniel de Arrascaet,giorgian_daniel_de_arrascaet
74,2026,A,8,Flamengo,flamengo,2T,2T,16,0,61,15,Jorge Andres Carrascal Guardo,jorge_andres_carrascal_guardo,16,Samuel Dias Lino,samuel_dias_lino
74,2026,A,8,Corinthians,corinthians,2T,2T,18,0,63,31,Kayke Ferrari Guimaraes,kayke_ferrari_guimaraes,19,Andre Martin Carrillo Diaz,andre_martin_carrillo_diaz
74,2026,A,8,Corinthians,corinthians,2T,2T,33,0,78,56,Guilherme William Silva Inacio,guilherme_william_silva_inacio,7,Breno de Souza Bidon,breno_de_souza_bidon
74,2026,A,8,Corinthians,corinthians,2T,2T,33,0,78,23,Matheus Pereira da Silva,matheus_pereira_da_silva,49,André Luiz Santos Dias,andre_luiz_santos_dias
74,2026,A,8,Flamengo,flamengo,2T,2T,34,0,79,64,Wallace Yan de Souza Barreto,wallace_yan_de_souza_barreto,9,Pedro Guilherme Abreu dos Sa,pedro_guilherme_abreu_dos_sa
74,2026,A,8,Flamengo,flamengo,2T,2T,44,0,89,3,Leonardo Rech Ortiz,leonardo_rech_ortiz,44,Vitor Eduardo da Silva Matos,vitor_eduardo_da_silva_matos
75,2026,A,8,Red Bull Bragantino,red_bull_bragantino,2T,2T,10,0,55,22,Gustavo Ribeiro Neves,gustavo_ribeiro_neves,20,Rodrigo Huendra Almeida Mend,rodrigo_huendra_almeida_mend
75,2026,A,8,Botafogo,botafogo,2T,2T,15,0,60,25,Allan Marques Loureiro,allan_marques_loureiro,23,Santiago Mariano Rodriguez M,santiago_mariano_rodriguez_m
75,2026,A,8,Red Bull Bragantino,red_bull_bragantino,2T,2T,23,0,68,15,Ignacio Sosa Ospital,ignacio_sosa_ospital,35,Matheus Fernandes Siqueira,matheus_fernandes_siqueira
75,2026,A,8,Red Bull Bragantino,red_bull_bragantino,2T,2T,23,0,68,32,Jose Maria Herrera Ares,jose_maria_herrera_ares,30,Henry David Mosquera Sanchez,henry_david_mosquera_sanchez
75,2026,A,8,Botafogo,botafogo,2T,2T,25,0,70,34,Gabriel Pereira Justino,gabriel_pereira_justino,5,Nahuel Adolfo Ferraresi Hern,nahuel_adolfo_ferraresi_hern
75,2026,A,8,Red Bull Bragantino,red_bull_bragantino,2T,2T,34,0,79,27,Davi Gomes de Alvarenga,davi_gomes_de_alvarenga,6,Gabriel Girotto Franco,gabriel_girotto_franco
75,2026,A,8,Red Bull Bragantino,red_bull_bragantino,2T,2T,34,0,79,9,Isidro Miguel Pitta Saldivar,isidro_miguel_pitta_saldivar,8,Eduardo Colcenti Antunes,eduardo_colcenti_antunes
75,2026,A,8,Botafogo,botafogo,2T,2T,38,0,83,88,Edenilson Andrade dos Santos,edenilson_andrade_dos_santos,11,Matheus Martins Silva dos Sa,matheus_martins_silva_dos_sa
76,2026,A,8,Cruzeiro,cruzeiro,2T,2T,24,0,69,94,Wanderson Maciel Sousa Campos,wanderson_maciel_sousa_campos,99,Keny Alexander Arroyo Alvarado,keny_alexander_arroyo_alvarado
76,2026,A,8,Cruzeiro,cruzeiro,2T,2T,24,0,69,9,Bruno Rafael Rodrigues do Na,bruno_rafael_rodrigues_do_na,22,Neiser David Villareal Quino,neiser_david_villareal_quino
76,2026,A,8,Santos Fc,santos_fc,2T,2T,35,0,80,8,Tomás Eduardo Rincón Hernánd,tomas_eduardo_rincon_hernand,28,Christian Gabriel Oliva Gime,christian_gabriel_oliva_gime
76,2026,A,8,Santos Fc,santos_fc,2T,2T,39,0,84,5,Joao Felipe Schmidt Urbano,joao_felipe_schmidt_urbano,48,Gustavo Henrique Pereira,gustavo_henrique_pereira
76,2026,A,8,Santos Fc,santos_fc,2T,2T,39,0,84,32,Benjamin Rollheiser,benjamin_rollheiser,25,Gabriel Vinicius Menino,gabriel_vinicius_menino
76,2026,A,8,Cruzeiro,cruzeiro,2T,2T,40,0,85,70,Kaique Kenji Takamura Correa,kaique_kenji_takamura_correa,88,Christian Roberto Alves Card,christian_roberto_alves_card
76,2026,A,8,Cruzeiro,cruzeiro,2T,2T,90,3,93,16,Lucas Silva Borges,lucas_silva_borges,8,Matheus Henrique de Souza,matheus_henrique_de_souza
77,2026,A,8,Chapecoense,chapecoense,2T,2T,14,0,59,18,Altemir Cordeiro Pessôa Neto,altemir_cordeiro_pessoa_neto,11,Bolasie Yala,bolasie_yala
77,2026,A,8,Chapecoense,chapecoense,2T,2T,14,0,59,20,Jean Carlos Vicente,jean_carlos_vicente,10,Giovanni Augusto Oliveira Ca,giovanni_augusto_oliveira_ca
77,2026,A,8,Internacional,internacional,2T,2T,15,0,60,26,Alexandro Ezequiel Bernabei,alexandro_ezequiel_bernabei,6,Matheus Bahia Santos,matheus_bahia_santos
77,2026,A,8,Internacional,internacional,2T,2T,15,0,60,27,Paulo Lucas Santos de Paula,paulo_lucas_santos_de_paula,7,Johan Stiven Carbonero Balanta,johan_stiven_carbonero_balanta
77,2026,A,8,Internacional,internacional,2T,2T,23,0,68,41,Victor Gabriel da Conceição,victor_gabriel_da_conceicao,15,Bruno Gomes da Silva Clevela,bruno_gomes_da_silva_clevela
77,2026,A,8,Chapecoense,chapecoense,2T,2T,32,0,77,7,Marcio Antonio de Sousa Junior,marcio_antonio_de_sousa_junior,77,Italo de Vargas da Rosa,italo_de_vargas_da_rosa
77,2026,A,8,Internacional,internacional,2T,2T,37,0,82,9,Alerrandro Barra Mansa Reali,alerrandro_barra_mansa_reali,19,Rafael Santos Borre Maury,rafael_santos_borre_maury
77,2026,A,8,Internacional,internacional,2T,2T,37,0,82,29,Thiago Maia Alencar,thiago_maia_alencar,8,Bruno Henrique Corsini,bruno_henrique_corsini
78,2026,A,8,Athletico Paranaense,athletico_paranaense,1T,1T,45,0,45,27,Juan Camilo Portilla Orozco,juan_camilo_portilla_orozco,14,Luiz Gustavo Dias,luiz_gustavo_dias
78,2026,A,8,Coritiba SAF,coritiba_saf,2T,2T,12,0,57,28,Fabio Augusto Luciano da Silva,fabio_augusto_luciano_da_silva,11,Lucas Ronier Vieira Pires,lucas_ronier_vieira_pires
78,2026,A,8,Coritiba SAF,coritiba_saf,2T,2T,12,0,57,7,Joaquin Lavega Colzada,joaquin_lavega_colzada,77,Breno Henrique Vasconcelos L,breno_henrique_vasconcelos_l
78,2026,A,8,Coritiba SAF,coritiba_saf,2T,2T,22,0,67,36,Vinicius Romualdo dos Santos,vinicius_romualdo_dos_santos,8,Wallisson Luiz Alves Maximo,wallisson_luiz_alves_maximo
78,2026,A,8,Coritiba SAF,coritiba_saf,2T,2T,22,0,67,20,Marcos da Silva Franca,marcos_da_silva_franca,32,Pedro Rocha Neves,pedro_rocha_neves
78,2026,A,8,Athletico Paranaense,athletico_paranaense,2T,2T,29,0,74,47,Felipe Chiqueti Bandeira,felipe_chiqueti_bandeira,20,Julimar Silva Oliveira Junior,julimar_silva_oliveira_junior
78,2026,A,8,Athletico Paranaense,athletico_paranaense,2T,2T,29,0,74,2,Gilberto Junior Leite dos Sa,gilberto_junior_leite_dos_sa,37,Lucas Angel Esquivel,lucas_angel_esquivel
78,2026,A,8,Coritiba SAF,coritiba_saf,2T,2T,41,0,86,6,Felipe Jonatan Rocha Andrade,felipe_jonatan_rocha_andrade,26,Bruno Ferreira Melo,bruno_ferreira_melo
78,2026,A,8,Athletico Paranaense,athletico_paranaense,2T,2T,42,0,87,10,Bruno Zapelli,bruno_zapelli,53,Eduardo Kogitzki Anastacio,eduardo_kogitzki_anastacio
79,2026,A,8,Vitória,vitoria,2T,2T,13,0,58,31,Renzo Lopez Patron,renzo_lopez_patron,79,Renato Kayzer de Souza,renato_kayzer_de_souza
79,2026,A,8,Vitória,vitoria,2T,2T,13,0,58,83,Jamerson Santos de Jesus,jamerson_santos_de_jesus,13,Ramon Ramos Lima,ramon_ramos_lima
79,2026,A,8,Mirassol,mirassol,2T,2T,16,0,61,8,Denilson Alves Borges,denilson_alves_borges,25,Antonio Francisco Moura Neto,antonio_francisco_moura_neto
79,2026,A,8,Mirassol,mirassol,2T,2T,16,0,61,7,Shaylon Kallyson Cardozo,shaylon_kallyson_cardozo,5,Yuri Lima Lara,yuri_lima_lara
79,2026,A,8,Mirassol,mirassol,2T,2T,23,0,68,17,Everton Galdino Moreira,everton_galdino_moreira,27,Antonio Javier Galeano Ferre,antonio_javier_galeano_ferre
79,2026,A,8,Vitória,vitoria,2T,2T,23,0,68,12,Diego Tarzia,diego_tarzia,17,Aitor Cantalapiedra Fernandez,aitor_cantalapiedra_fernandez
79,2026,A,8,Vitória,vitoria,2T,2T,23,0,68,28,Anderson Bispo dos Santos,anderson_bispo_dos_santos,33,Erick de Arruda Serafim,erick_de_arruda_serafim
79,2026,A,8,Mirassol,mirassol,2T,2T,27,0,72,77,Alesson dos Santos Batista,alesson_dos_santos_batista,32,Igor Marques Paciencia Cardoso,igor_marques_paciencia_cardoso
79,2026,A,8,Vitória,vitoria,2T,2T,29,0,74,8,Ronald dos Santos Lopes,ronald_dos_santos_lopes,10,Matheus Martins Fogaca de Pa,matheus_martins_fogaca_de_pa
80,2026,A,8,Bahia,bahia,1T,1T,45,0,45,34,Joao Paulo Silva Martins,joao_paulo_silva_martins,1,Ronaldo de Oliveira Strada,ronaldo_de_oliveira_strada
80,2026,A,8,Bahia,bahia,2T,2T,23,0,68,11,Rodrigo Nestor Bertalia,rodrigo_nestor_bertalia,6,Jean Lucas de Souza Oliveira,jean_lucas_de_souza_oliveira
80,2026,A,8,Bahia,bahia,2T,2T,23,0,68,15,Michel Daryl Araujo Villar,michel_daryl_araujo_villar,8,Caio Alexandre Sousa E Silva,caio_alexandre_sousa_e_silva
80,2026,A,8,Bahia,bahia,2T,2T,23,0,68,7,Ademir da Silva Santos Junior,ademir_da_silva_santos_junior,99,Cristian Gonzalo Olivera Iba,cristian_gonzalo_olivera_iba
80,2026,A,8,Remo,remo,2T,2T,27,0,72,28,José Welison da Silva,jose_welison_da_silva,8,Patrick Bezerra do Nascimento,patrick_bezerra_do_nascimento
80,2026,A,8,Remo,remo,2T,2T,27,0,72,37,Jandir Breno Souza Silva,jandir_breno_souza_silva,19,Gabriel Pereira Taliari,gabriel_pereira_taliari
80,2026,A,8,Bahia,bahia,2T,2T,36,0,81,63,David Martins Almeida de Lira,david_martins_almeida_de_lira,3,Gabriel Lheman Xavier,gabriel_lheman_xavier
80,2026,A,8,Remo,remo,2T,2T,38,0,83,99,Gabriel Buscariol Poveda,gabriel_buscariol_poveda,11,Alef Mangueira Severino Pere,alef_mangueira_severino_pere
80,2026,A,8,Remo,remo,2T,2T,38,0,83,10,Jaderson Flores dos Reis,jaderson_flores_dos_reis,15,Vitor Frezarin Bueno,vitor_frezarin_bueno
80,2026,A,8,Remo,remo,2T,2T,45,0,90,14,Leonel Marcelo Picco,leonel_marcelo_picco,55,Jose Ricardo Araujo Fernandes,jose_ricardo_araujo_fernandes
81,2026,A,9,Fluminense,fluminense,2T,2T,24,0,69,7,Yeferson Julio Soteldo Marti,yeferson_julio_soteldo_marti,90,Kevin Steven Serna Jaramillo,kevin_steven_serna_jaramillo
81,2026,A,9,Fluminense,fluminense,2T,2T,24,0,69,10,Paulo Henrique Chagas de Lima,paulo_henrique_chagas_de_lima,32,Luciano Federico Acosta,luciano_federico_acosta
81,2026,A,9,Corinthians,corinthians,2T,2T,31,0,76,61,Diego da Cruz Lopes,diego_da_cruz_lopes,8,Rodrigo Garro,rodrigo_garro
81,2026,A,9,Fluminense,fluminense,2T,2T,31,0,76,19,Rodrigo Castillo,rodrigo_castillo,9,John Kennedy Batista de Souza,john_kennedy_batista_de_souza
81,2026,A,9,Fluminense,fluminense,2T,2T,31,0,76,25,Alisson Euler de Freitas Cas,alisson_euler_de_freitas_cas,35,Hercules Pereira do Nascimento,hercules_pereira_do_nascimento
81,2026,A,9,Corinthians,corinthians,2T,2T,31,0,76,52,Zakaria Labyad,zakaria_labyad,9,Yuri Alberto Monteiro da Silva,yuri_alberto_monteiro_da_silva
81,2026,A,9,Fluminense,fluminense,2T,2T,41,0,86,14,German Ezequiel Cano,german_ezequiel_cano,8,Matheus Martinelli Lima,matheus_martinelli_lima
82,2026,A,9,Botafogo,botafogo,2T,2T,16,0,61,27,Caio Alves Roque Gomes,caio_alves_roque_gomes,13,Alex Nicolao Telles,alex_nicolao_telles
82,2026,A,9,Botafogo,botafogo,2T,2T,16,0,61,14,Jordan Andres Barrera Herrera,jordan_andres_barrera_herrera,23,Santiago Mariano Rodriguez M,santiago_mariano_rodriguez_m
82,2026,A,9,Mirassol,mirassol,2T,2T,19,0,64,99,Andre Luis Silva de Aguiar,andre_luis_silva_de_aguiar,21,Jose Aldo Soares de Oliveira,jose_aldo_soares_de_oliveira
82,2026,A,9,Botafogo,botafogo,2T,2T,24,0,69,10,Alvaro Montoro,alvaro_montoro,6,Cristian Nicolas Medina,cristian_nicolas_medina
82,2026,A,9,Botafogo,botafogo,2T,2T,24,0,69,11,Matheus Martins Silva dos Sa,matheus_martins_silva_dos_sa,19,Arthur Mendonça Cabral,arthur_mendonca_cabral
82,2026,A,9,Mirassol,mirassol,2T,2T,27,0,72,27,Antonio Javier Galeano Ferre,antonio_javier_galeano_ferre,11,Luis Henrique Soares Firmino,luis_henrique_soares_firmino
82,2026,A,9,Mirassol,mirassol,2T,2T,27,0,72,95,Edson Guilherme Mendes dos S,edson_guilherme_mendes_dos_s,29,Francisco das Chagas Soares,francisco_das_chagas_soares
82,2026,A,9,Botafogo,botafogo,2T,2T,31,0,76,5,Nahuel Adolfo Ferraresi Hern,nahuel_adolfo_ferraresi_hern,88,Edenilson Andrade dos Santos,edenilson_andrade_dos_santos
82,2026,A,9,Mirassol,mirassol,2T,2T,31,0,76,8,Denilson Alves Borges,denilson_alves_borges,25,Antonio Francisco Moura Neto,antonio_francisco_moura_neto
82,2026,A,9,Mirassol,mirassol,2T,2T,31,0,76,18,Gabriel Appelt Pires,gabriel_appelt_pires,7,Shaylon Kallyson Cardozo,shaylon_kallyson_cardozo
83,2026,A,9,Santos Fc,santos_fc,2T,2T,13,0,58,21,Moises Vieira da Veiga,moises_vieira_da_veiga,22,Alvaro Martin Barreal,alvaro_martin_barreal
83,2026,A,9,Remo,remo,2T,2T,20,0,65,22,Glaybson Yago Souza Lisboa,glaybson_yago_souza_lisboa,37,Jandir Breno Souza Silva,jandir_breno_souza_silva
83,2026,A,9,Santos Fc,santos_fc,2T,2T,25,0,70,49,Gabriel Morais Silva Bontempo,gabriel_morais_silva_bontempo,48,Gustavo Henrique Pereira,gustavo_henrique_pereira
83,2026,A,9,Santos Fc,santos_fc,2T,2T,25,0,70,15,Willian Souza Arao da Silva,willian_souza_arao_da_silva,16,Thaciano Mickael da Silva,thaciano_mickael_da_silva
83,2026,A,9,Remo,remo,2T,2T,33,0,78,99,Gabriel Buscariol Poveda,gabriel_buscariol_poveda,19,Gabriel Pereira Taliari,gabriel_pereira_taliari
83,2026,A,9,Remo,remo,2T,2T,33,0,78,33,Diego Manuel Hernandez Gonza,diego_manuel_hernandez_gonza,11,Alef Mangueira Severino Pere,alef_mangueira_severino_pere
83,2026,A,9,Remo,remo,2T,2T,38,0,83,10,Jaderson Flores dos Reis,jaderson_flores_dos_reis,98,Mayksilvan da Silva Ferreira,mayksilvan_da_silva_ferreira
83,2026,A,9,Santos Fc,santos_fc,2T,2T,45,0,90,5,Joao Felipe Schmidt Urbano,joao_felipe_schmidt_urbano,11,Ronielson da Silva Barbosa,ronielson_da_silva_barbosa
83,2026,A,9,Santos Fc,santos_fc,2T,2T,45,0,90,7,Robson de Souza Júnior,robson_de_souza_junior,28,Christian Gabriel Oliva Gime,christian_gabriel_oliva_gime
84,2026,A,9,Palmeiras,palmeiras,2T,2T,21,0,66,56,Arthur Gabriel Santana Marco,arthur_gabriel_santana_marco,6,Jefté Vital da Silva Dias,jefte_vital_da_silva_dias
84,2026,A,9,Palmeiras,palmeiras,2T,2T,25,0,70,7,Felipe Anderson Pereira Gomes,felipe_anderson_pereira_gomes,18,Mauricio Magalhaes Prado,mauricio_magalhaes_prado
84,2026,A,9,Palmeiras,palmeiras,2T,2T,25,0,70,19,Ramon Sosa Acosta,ramon_sosa_acosta,42,Jose Manuel Alberto Lopez,jose_manuel_alberto_lopez
84,2026,A,9,Grêmio,gremio,2T,2T,30,0,75,22,Martin Christensen Braithwaite,martin_christensen_braithwaite,99,Jose David Enamorado Gomez,jose_david_enamorado_gomez
84,2026,A,9,Grêmio,gremio,2T,2T,34,0,79,50,Bernardo Schons Zortea,bernardo_schons_zortea,5,Juan Ignacio Martin Nardoni,juan_ignacio_martin_nardoni
84,2026,A,9,Palmeiras,palmeiras,2T,2T,38,0,83,30,Lucas Evangelista Santana de,lucas_evangelista_santana_de,40,Allan Andrade Elias,allan_andrade_elias
84,2026,A,9,Palmeiras,palmeiras,2T,2T,38,0,83,12,Khellven Douglas Silva Olive,khellven_douglas_silva_olive,11,Jhon Adolfo Arias Andrade,jhon_adolfo_arias_andrade
85,2026,A,9,Flamengo,flamengo,2T,2T,16,0,61,18,Diego Nicolas de La Cruz Arc,diego_nicolas_de_la_cruz_arc,16,Samuel Dias Lino,samuel_dias_lino
85,2026,A,9,Red Bull Bragantino,red_bull_bragantino,2T,2T,19,0,64,15,Ignacio Sosa Ospital,ignacio_sosa_ospital,32,Jose Maria Herrera Ares,jose_maria_herrera_ares
85,2026,A,9,Flamengo,flamengo,2T,2T,21,0,66,64,Wallace Yan de Souza Barreto,wallace_yan_de_souza_barreto,9,Pedro Guilherme Abreu dos Sa,pedro_guilherme_abreu_dos_sa
85,2026,A,9,Flamengo,flamengo,2T,2T,29,0,74,13,Danilo Luiz da Silva,danilo_luiz_da_silva,6,Ayrton Lucas Dantas de Medei,ayrton_lucas_dantas_de_medei
85,2026,A,9,Red Bull Bragantino,red_bull_bragantino,2T,2T,31,0,76,22,Gustavo Ribeiro Neves,gustavo_ribeiro_neves,35,Matheus Fernandes Siqueira,matheus_fernandes_siqueira
85,2026,A,9,Red Bull Bragantino,red_bull_bragantino,2T,2T,31,0,76,17,Vinicius Mendonca Pereira,vinicius_mendonca_pereira,30,Henry David Mosquera Sanchez,henry_david_mosquera_sanchez
85,2026,A,9,Red Bull Bragantino,red_bull_bragantino,2T,2T,39,0,84,34,Jose Andres Hurtado Cheme,jose_andres_hurtado_cheme,23,Ariel Agustín Sant'anna Quin,ariel_agustin_sant_anna_quin
85,2026,A,9,Red Bull Bragantino,red_bull_bragantino,2T,2T,39,0,84,51,Cauê Nascimento Santos,caue_nascimento_santos,29,Luis Antonio da Rocha Junior,luis_antonio_da_rocha_junior
86,2026,A,9,Cruzeiro,cruzeiro,2T,2T,21,0,66,94,Wanderson Maciel Sousa Campos,wanderson_maciel_sousa_campos,99,Keny Alexander Arroyo Alvarado,keny_alexander_arroyo_alvarado
86,2026,A,9,Vitória,vitoria,2T,2T,29,0,74,12,Diego Tarzia,diego_tarzia,17,Aitor Cantalapiedra Fernandez,aitor_cantalapiedra_fernandez
86,2026,A,9,Cruzeiro,cruzeiro,2T,2T,29,0,74,91,Francisco da Costa Aragao,francisco_da_costa_aragao,19,Kaio Jorge Pinto Ramos,kaio_jorge_pinto_ramos
86,2026,A,9,Cruzeiro,cruzeiro,2T,2T,29,0,74,23,Fagner Conserva Lemos,fagner_conserva_lemos,12,William de Asevedo Furtado,william_de_asevedo_furtado
86,2026,A,9,Cruzeiro,cruzeiro,2T,2T,36,0,81,29,Lucas Daniel Romero,lucas_daniel_romero,11,Gerson Santos da Silva,gerson_santos_da_silva
86,2026,A,9,Vitória,vitoria,2T,2T,36,0,81,20,Lucas Rodrigues da Silva,lucas_rodrigues_da_silva,33,Erick de Arruda Serafim,erick_de_arruda_serafim
86,2026,A,9,Cruzeiro,cruzeiro,2T,2T,36,0,81,9,Bruno Rafael Rodrigues do Na,bruno_rafael_rodrigues_do_na,88,Christian Roberto Alves Card,christian_roberto_alves_card
87,2026,A,9,Internacional,internacional,2T,2T,17,0,62,29,Thiago Maia Alencar,thiago_maia_alencar,8,Bruno Henrique Corsini,bruno_henrique_corsini
87,2026,A,9,Internacional,internacional,2T,2T,17,0,62,17,Bruno Vinicius Souza Ramos,bruno_vinicius_souza_ramos,35,Braian Nahuel Aguirre,braian_nahuel_aguirre
87,2026,A,9,São Paulo,sao_paulo,2T,2T,25,0,70,21,Cedric Ricardo Alves Soares,cedric_ricardo_alves_soares,19,Lucas Ramon Batista Silva,lucas_ramon_batista_silva
87,2026,A,9,Internacional,internacional,2T,2T,25,0,70,19,Rafael Santos Borre Maury,rafael_santos_borre_maury,9,Alerrandro Barra Mansa Reali,alerrandro_barra_mansa_reali
87,2026,A,9,São Paulo,sao_paulo,2T,2T,25,0,70,11,Aldemir dos Santos Ferreira,aldemir_dos_santos_ferreira,8,Marcos Antonio Silva Santos,marcos_antonio_silva_santos
87,2026,A,9,Internacional,internacional,2T,2T,35,0,80,7,Johan Stiven Carbonero Balanta,johan_stiven_carbonero_balanta,10,Alan Patrick Lourenço,alan_patrick_lourenco
87,2026,A,9,Internacional,internacional,2T,2T,35,0,80,16,Ronaldo da Silva Souza Guerr,ronaldo_da_silva_souza_guerr,27,Paulo Lucas Santos de Paula,paulo_lucas_santos_de_paula
87,2026,A,9,São Paulo,sao_paulo,2T,2T,38,0,83,17,Andre Oliveira Silva,andre_oliveira_silva,10,Luciano da Rocha Neves,luciano_da_rocha_neves
87,2026,A,9,São Paulo,sao_paulo,2T,2T,90,6,96,34,Perivan dos Santos,perivan_dos_santos,37,Artur Victor Guimaraes,artur_victor_guimaraes
88,2026,A,9,Vasco da Gama Saf,vasco_da_gama_saf,2T,2T,17,0,62,88,Cauan Lucas Barros da Luz,cauan_lucas_barros_da_luz,25,Hugo Moura Arruda da Silva,hugo_moura_arruda_da_silva
88,2026,A,9,Vasco da Gama Saf,vasco_da_gama_saf,2T,2T,17,0,62,20,Brenner Souza da Silva,brenner_souza_da_silva,7,David Correa da Fonseca,david_correa_da_fonseca
88,2026,A,9,Coritiba SAF,coritiba_saf,2T,2T,17,0,62,20,Marcos da Silva Franca,marcos_da_silva_franca,7,Joaquin Lavega Colzada,joaquin_lavega_colzada
88,2026,A,9,Vasco da Gama Saf,vasco_da_gama_saf,2T,2T,26,0,71,9,Matheus França de Oliveira,matheus_franca_de_oliveira,17,Nuno Gonçalo Rocha Moreira,nuno_goncalo_rocha_moreira
88,2026,A,9,Coritiba SAF,coritiba_saf,2T,2T,32,0,77,44,Joao Pedro Chermont Crema,joao_pedro_chermont_crema,2,Guilherme de Jesus da Silva,guilherme_de_jesus_da_silva
88,2026,A,9,Coritiba SAF,coritiba_saf,2T,2T,32,0,77,6,Felipe Jonatan Rocha Andrade,felipe_jonatan_rocha_andrade,26,Bruno Ferreira Melo,bruno_ferreira_melo
88,2026,A,9,Coritiba SAF,coritiba_saf,2T,2T,32,0,77,28,Fabio Augusto Luciano da Silva,fabio_augusto_luciano_da_silva,19,Sebastian Gomez Londono,sebastian_gomez_londono
88,2026,A,9,Vasco da Gama Saf,vasco_da_gama_saf,2T,2T,40,0,85,82,Riquelme Avellar da Silva Fo,riquelme_avellar_da_silva_fo,6,Lucas Piton Crivellaro,lucas_piton_crivellaro
88,2026,A,9,Vasco da Gama Saf,vasco_da_gama_saf,2T,2T,40,0,85,60,João Vitor Fonseca da Silva,joao_vitor_fonseca_da_silva,18,Marino Hinestroza Angulo,marino_hinestroza_angulo
89,2026,A,9,Bahia,bahia,2T,2T,14,0,59,14,Erick Luis Conrado Carvalho,erick_luis_conrado_carvalho,8,Caio Alexandre Sousa E Silva,caio_alexandre_sousa_e_silva
89,2026,A,9,Athletico Paranaense,athletico_paranaense,2T,2T,20,0,65,8,João Victor Machado Cruz,joao_victor_machado_cruz,16,Jadson Alves dos Santos,jadson_alves_dos_santos
89,2026,A,9,Bahia,bahia,2T,2T,22,0,67,15,Michel Daryl Araujo Villar,michel_daryl_araujo_villar,10,Everton Augusto de Barros Ri,everton_augusto_de_barros_ri
89,2026,A,9,Bahia,bahia,2T,2T,22,0,67,7,Ademir da Silva Santos Junior,ademir_da_silva_santos_junior,16,Erick da Costa Farias,erick_da_costa_farias
89,2026,A,9,Athletico Paranaense,athletico_paranaense,2T,2T,33,0,78,48,Bruno Braga Ramos,bruno_braga_ramos,33,Juan Felipe Aguirre Tabares,juan_felipe_aguirre_tabares
89,2026,A,9,Bahia,bahia,2T,2T,40,0,85,25,Iago Amaral Borduchi,iago_amaral_borduchi,99,Cristian Gonzalo Olivera Iba,cristian_gonzalo_olivera_iba
89,2026,A,9,Bahia,bahia,2T,2T,40,0,85,12,Willian Jose da Silva,willian_jose_da_silva,27,Everaldo Stum,everaldo_stum
90,2026,A,9,Chapecoense,chapecoense,1T,1T,20,0,20,20,Jean Carlos Vicente,jean_carlos_vicente,10,Giovanni Augusto Oliveira Ca,giovanni_augusto_oliveira_ca
90,2026,A,9,Atlético Mineiro,atletico_mineiro,2T,2T,21,0,66,17,Igor Silveira Gomes,igor_silveira_gomes,19,Reinier Jesus Carvalho,reinier_jesus_carvalho
90,2026,A,9,Atlético Mineiro,atletico_mineiro,2T,2T,21,0,66,10,Gustavo Henrique Furtado Sca,gustavo_henrique_furtado_sca,11,Bernard Anicio Caldeira Duarte,bernard_anicio_caldeira_duarte
90,2026,A,9,Chapecoense,chapecoense,2T,2T,30,0,75,18,Altemir Cordeiro Pessôa Neto,altemir_cordeiro_pessoa_neto,11,Bolasie Yala,bolasie_yala
90,2026,A,9,Atlético Mineiro,atletico_mineiro,2T,2T,36,0,81,92,Eduardo Pereira Rodrigues,eduardo_pereira_rodrigues,30,Victor Hugo Gomes Silva,victor_hugo_gomes_silva
90,2026,A,9,Atlético Mineiro,atletico_mineiro,2T,2T,36,0,81,9,Zander Mateo Cassierra Cabezas,zander_mateo_cassierra_cabezas,7,Givanildo Vieira de Sousa,givanildo_vieira_de_sousa
90,2026,A,9,Atlético Mineiro,atletico_mineiro,2T,2T,40,0,85,36,Kauã Pascini Resende,kaua_pascini_resende,16,Renan Augusto Lodi dos Santos,renan_augusto_lodi_dos_santos
91,2026,A,10,Flamengo,flamengo,2T,2T,19,0,64,27,Bruno Henrique Pinto,bruno_henrique_pinto,16,Samuel Dias Lino,samuel_dias_lino
91,2026,A,10,Flamengo,flamengo,2T,2T,19,0,64,20,Lucas Tolentino Coelho de Lima,lucas_tolentino_coelho_de_lima,52,Evertton Gustavo Fernandes A,evertton_gustavo_fernandes_a
91,2026,A,10,Santos Fc,santos_fc,2T,2T,26,0,71,21,Moises Vieira da Veiga,moises_vieira_da_veiga,16,Thaciano Mickael da Silva,thaciano_mickael_da_silva
91,2026,A,10,Santos Fc,santos_fc,2T,2T,26,0,71,9,Gabriel Barbosa Almeida,gabriel_barbosa_almeida,2,Jose Ivaldo Almeida Silva,jose_ivaldo_almeida_silva
91,2026,A,10,Santos Fc,santos_fc,2T,2T,26,0,71,15,Willian Souza Arao da Silva,willian_souza_arao_da_silva,28,Christian Gabriel Oliva Gime,christian_gabriel_oliva_gime
91,2026,A,10,Flamengo,flamengo,2T,2T,35,0,80,7,Luiz de Araujo Guimaraes Neto,luiz_de_araujo_guimaraes_neto,9,Pedro Guilherme Abreu dos Sa,pedro_guilherme_abreu_dos_sa
91,2026,A,10,Santos Fc,santos_fc,2T,2T,35,0,80,32,Benjamin Rollheiser,benjamin_rollheiser,22,Alvaro Martin Barreal,alvaro_martin_barreal
91,2026,A,10,Flamengo,flamengo,2T,2T,35,0,80,19,Gonzalo Jordy Plata Jimenez,gonzalo_jordy_plata_jimenez,15,Jorge Andres Carrascal Guardo,jorge_andres_carrascal_guardo
91,2026,A,10,Flamengo,flamengo,2T,2T,40,0,85,18,Diego Nicolas de La Cruz Arc,diego_nicolas_de_la_cruz_arc,10,Giorgian Daniel de Arrascaet,giorgian_daniel_de_arrascaet
91,2026,A,10,Santos Fc,santos_fc,2T,2T,90,4,94,6,Jose Rafael Vivian,jose_rafael_vivian,49,Gabriel Morais Silva Bontempo,gabriel_morais_silva_bontempo
92,2026,A,10,Botafogo,botafogo,2T,2T,15,0,60,77,Lucas Martín Villalba Jaume,lucas_martin_villalba_jaume,7,Jose Antonio dos Santos Junior,jose_antonio_dos_santos_junior
92,2026,A,10,Botafogo,botafogo,2T,2T,22,0,67,10,Alvaro Montoro,alvaro_montoro,19,Arthur Mendonça Cabral,arthur_mendonca_cabral
92,2026,A,10,Botafogo,botafogo,2T,2T,22,0,67,37,Jose Kadir Barria Rose,jose_kadir_barria_rose,88,Edenilson Andrade dos Santos,edenilson_andrade_dos_santos
92,2026,A,10,Vasco da Gama Saf,vasco_da_gama_saf,2T,2T,25,0,70,18,Marino Hinestroza Angulo,marino_hinestroza_angulo,3,Danilo das Neves Pinheiro,danilo_das_neves_pinheiro
92,2026,A,10,Vasco da Gama Saf,vasco_da_gama_saf,2T,2T,25,0,70,17,Nuno Gonçalo Rocha Moreira,nuno_goncalo_rocha_moreira,10,Johan Rojas Echavarria,johan_rojas_echavarria
92,2026,A,10,Vasco da Gama Saf,vasco_da_gama_saf,2T,2T,33,0,78,77,Claudio Paul Spinelli,claudio_paul_spinelli,7,David Correa da Fonseca,david_correa_da_fonseca
92,2026,A,10,Botafogo,botafogo,2T,2T,41,0,86,28,Newton Araujo da Costa Junior,newton_araujo_da_costa_junior,25,Allan Marques Loureiro,allan_marques_loureiro
93,2026,A,10,São Paulo,sao_paulo,2T,2T,15,0,60,80,Cauly Oliveira Souza,cauly_oliveira_souza,10,Luciano da Rocha Neves,luciano_da_rocha_neves
93,2026,A,10,Cruzeiro,cruzeiro,2T,2T,22,0,67,94,Wanderson Maciel Sousa Campos,wanderson_maciel_sousa_campos,11,Gerson Santos da Silva,gerson_santos_da_silva
93,2026,A,10,São Paulo,sao_paulo,2T,2T,22,0,67,13,Enzo Hernan Díaz,enzo_hernan_diaz,18,Wendell Nascimento Borges,wendell_nascimento_borges
93,2026,A,10,Cruzeiro,cruzeiro,2T,2T,22,0,67,91,Francisco da Costa Aragao,francisco_da_costa_aragao,99,Keny Alexander Arroyo Alvarado,keny_alexander_arroyo_alvarado
93,2026,A,10,São Paulo,sao_paulo,2T,2T,31,0,76,29,Pablo Gonçalves Maia Fortuna,pablo_goncalves_maia_fortuna,16,Damian Josue Bobadilla Benitez,damian_josue_bobadilla_benitez
93,2026,A,10,São Paulo,sao_paulo,2T,2T,31,0,76,17,Andre Oliveira Silva,andre_oliveira_silva,9,Jonathan Calleri,jonathan_calleri
93,2026,A,10,Cruzeiro,cruzeiro,2T,2T,37,0,82,22,Neiser David Villareal Quino,neiser_david_villareal_quino,19,Kaio Jorge Pinto Ramos,kaio_jorge_pinto_ramos
93,2026,A,10,Cruzeiro,cruzeiro,2T,2T,37,0,82,34,Jonathan de Jesus Alves,jonathan_de_jesus_alves,15,Fabricio Bruno Soares de Faria,fabricio_bruno_soares_de_faria
94,2026,A,10,Internacional,internacional,2T,2T,19,0,64,8,Bruno Henrique Corsini,bruno_henrique_corsini,27,Paulo Lucas Santos de Paula,paulo_lucas_santos_de_paula
94,2026,A,10,Internacional,internacional,2T,2T,19,0,64,9,Alerrandro Barra Mansa Reali,alerrandro_barra_mansa_reali,19,Rafael Santos Borre Maury,rafael_santos_borre_maury
94,2026,A,10,Corinthians,corinthians,2T,2T,26,0,71,52,Zakaria Labyad,zakaria_labyad,7,Breno de Souza Bidon,breno_de_souza_bidon
94,2026,A,10,Corinthians,corinthians,2T,2T,26,0,71,11,Victor Vinicius Coelho Santos,victor_vinicius_coelho_santos,77,Jesse Ellis Lingard,jesse_ellis_lingard
94,2026,A,10,Internacional,internacional,2T,2T,34,0,79,29,Thiago Maia Alencar,thiago_maia_alencar,7,Johan Stiven Carbonero Balanta,johan_stiven_carbonero_balanta
94,2026,A,10,Corinthians,corinthians,2T,2T,37,0,82,18,Pedro Raul Garay da Silva,pedro_raul_garay_da_silva,14,Raniele Almeida Melo,raniele_almeida_melo
94,2026,A,10,Internacional,internacional,2T,2T,41,0,86,18,Jose Carlos Ferreira Junior,jose_carlos_ferreira_junior,15,Bruno Gomes da Silva Clevela,bruno_gomes_da_silva_clevela
94,2026,A,10,Internacional,internacional,2T,2T,41,0,86,35,Braian Nahuel Aguirre,braian_nahuel_aguirre,28,Vitor Hugo Naum dos Santos,vitor_hugo_naum_dos_santos
94,2026,A,10,Corinthians,corinthians,2T,2T,42,0,87,61,Diego da Cruz Lopes,diego_da_cruz_lopes,2,Matheus Franca Silva,matheus_franca_silva
95,2026,A,10,Red Bull Bragantino,red_bull_bragantino,1T,1T,35,0,35,57,Marcelo Braz da Silva,marcelo_braz_da_silva,32,Jose Maria Herrera Ares,jose_maria_herrera_ares
95,2026,A,10,Mirassol,mirassol,2T,2T,7,0,52,33,Carlos Eduardo de Oliveira A,carlos_eduardo_de_oliveira_a,5,Yuri Lima Lara,yuri_lima_lara
95,2026,A,10,Mirassol,mirassol,2T,2T,15,0,60,99,Andre Luis Silva de Aguiar,andre_luis_silva_de_aguiar,29,Francisco das Chagas Soares,francisco_das_chagas_soares
95,2026,A,10,Mirassol,mirassol,2T,2T,21,0,66,95,Edson Guilherme Mendes dos S,edson_guilherme_mendes_dos_s,77,Alesson dos Santos Batista,alesson_dos_santos_batista
95,2026,A,10,Red Bull Bragantino,red_bull_bragantino,2T,2T,25,0,70,14,Pedro Henrique Ribeiro Gonca,pedro_henrique_ribeiro_gonca,35,Matheus Fernandes Siqueira,matheus_fernandes_siqueira
95,2026,A,10,Red Bull Bragantino,red_bull_bragantino,2T,2T,25,0,70,5,Fabio Silva de Freitas,fabio_silva_de_freitas,6,Gabriel Girotto Franco,gabriel_girotto_franco
95,2026,A,10,Red Bull Bragantino,red_bull_bragantino,2T,2T,39,0,84,7,Eric dos Santos Rodrigues,eric_dos_santos_rodrigues,9,Isidro Miguel Pitta Saldivar,isidro_miguel_pitta_saldivar
95,2026,A,10,Red Bull Bragantino,red_bull_bragantino,2T,2T,39,0,84,23,Ariel Agustín Sant'anna Quin,ariel_agustin_sant_anna_quin,30,Henry David Mosquera Sanchez,henry_david_mosquera_sanchez
96,2026,A,10,Atlético Mineiro,atletico_mineiro,2T,2T,24,0,69,11,Bernard Anicio Caldeira Duarte,bernard_anicio_caldeira_duarte,19,Reinier Jesus Carvalho,reinier_jesus_carvalho
96,2026,A,10,Atlético Mineiro,atletico_mineiro,2T,2T,24,0,69,92,Eduardo Pereira Rodrigues,eduardo_pereira_rodrigues,28,Tomas Esteban Cuello,tomas_esteban_cuello
96,2026,A,10,Atlético Mineiro,atletico_mineiro,2T,2T,24,0,69,39,Mamady Cissé,mamady_cisse,25,Tomás Perez,tomas_perez
96,2026,A,10,Athletico Paranaense,athletico_paranaense,2T,2T,29,0,74,21,Leonardo Caetano Silva,leonardo_caetano_silva,6,Leonardo Derik Dias Goncalves,leonardo_derik_dias_goncalves
96,2026,A,10,Atlético Mineiro,atletico_mineiro,2T,2T,32,0,77,10,Gustavo Henrique Furtado Sca,gustavo_henrique_furtado_sca,30,Victor Hugo Gomes Silva,victor_hugo_gomes_silva
96,2026,A,10,Atlético Mineiro,atletico_mineiro,2T,2T,39,0,84,9,Zander Mateo Cassierra Cabezas,zander_mateo_cassierra_cabezas,7,Givanildo Vieira de Sousa,givanildo_vieira_de_sousa
96,2026,A,10,Athletico Paranaense,athletico_paranaense,2T,2T,43,0,88,48,Bruno Braga Ramos,bruno_braga_ramos,14,Luiz Gustavo Dias,luiz_gustavo_dias
97,2026,A,10,Grêmio,gremio,2T,2T,20,0,65,17,Douglas Moreira Fagundes,douglas_moreira_fagundes,5,Juan Ignacio Martin Nardoni,juan_ignacio_martin_nardoni
97,2026,A,10,Remo,remo,2T,2T,26,0,71,2,Matheus Alexandre Anastacio,matheus_alexandre_anastacio,26,David Francisco Trindade Braga,david_francisco_trindade_braga
97,2026,A,10,Remo,remo,2T,2T,26,0,71,37,Jandir Breno Souza Silva,jandir_breno_souza_silva,11,Alef Mangueira Severino Pere,alef_mangueira_severino_pere
97,2026,A,10,Grêmio,gremio,2T,2T,31,0,76,22,Martin Christensen Braithwaite,martin_christensen_braithwaite,54,Pedro Gabriel Crisostomo Pin,pedro_gabriel_crisostomo_pin
97,2026,A,10,Remo,remo,2T,2T,39,0,84,10,Jaderson Flores dos Reis,jaderson_flores_dos_reis,19,Gabriel Pereira Taliari,gabriel_pereira_taliari
99,2026,A,10,Palmeiras,palmeiras,2T,2T,14,0,59,30,Lucas Evangelista Santana de,lucas_evangelista_santana_de,18,Mauricio Magalhaes Prado,mauricio_magalhaes_prado
99,2026,A,10,Palmeiras,palmeiras,2T,2T,14,0,59,19,Ramon Sosa Acosta,ramon_sosa_acosta,11,Jhon Adolfo Arias Andrade,jhon_adolfo_arias_andrade
99,2026,A,10,Palmeiras,palmeiras,2T,2T,14,0,59,31,Luighi Hanri Sousa Santos,luighi_hanri_sousa_santos,42,Jose Manuel Alberto Lopez,jose_manuel_alberto_lopez
99,2026,A,10,Palmeiras,palmeiras,2T,2T,18,0,63,7,Felipe Anderson Pereira Gomes,felipe_anderson_pereira_gomes,40,Allan Andrade Elias,allan_andrade_elias
99,2026,A,10,Bahia,bahia,2T,2T,24,0,69,12,Willian Jose da Silva,willian_jose_da_silva,27,Everaldo Stum,everaldo_stum
99,2026,A,10,Bahia,bahia,2T,2T,24,0,69,14,Erick Luis Conrado Carvalho,erick_luis_conrado_carvalho,8,Caio Alexandre Sousa E Silva,caio_alexandre_sousa_e_silva
99,2026,A,10,Bahia,bahia,2T,2T,24,0,69,7,Ademir da Silva Santos Junior,ademir_da_silva_santos_junior,99,Cristian Gonzalo Olivera Iba,cristian_gonzalo_olivera_iba
99,2026,A,10,Bahia,bahia,2T,2T,28,0,73,15,Michel Daryl Araujo Villar,michel_daryl_araujo_villar,10,Everton Augusto de Barros Ri,everton_augusto_de_barros_ri
99,2026,A,10,Palmeiras,palmeiras,2T,2T,35,0,80,12,Khellven Douglas Silva Olive,khellven_douglas_silva_olive,56,Arthur Gabriel Santana Marco,arthur_gabriel_santana_marco
99,2026,A,10,Bahia,bahia,2T,2T,40,0,85,89,Wendeson Wanderley Santos de,wendeson_wanderley_santos_de,16,Erick da Costa Farias,erick_da_costa_farias
100,2026,A,10,Chapecoense,chapecoense,1T,1T,17,0,17,2,Marcos Vinicius da Silva San,marcos_vinicius_da_silva_san,26,Everton Souza da Cruz,everton_souza_da_cruz
100,2026,A,10,Vitória,vitoria,2T,2T,11,0,56,36,Luan Candido de Almeida,luan_candido_de_almeida,4,Cleidson Andrade de Souza Si,cleidson_andrade_de_souza_si
100,2026,A,10,Vitória,vitoria,2T,2T,19,0,64,28,Anderson Bispo dos Santos,anderson_bispo_dos_santos,12,Diego Tarzia,diego_tarzia
100,2026,A,10,Chapecoense,chapecoense,2T,2T,22,0,67,7,Marcio Antonio de Sousa Junior,marcio_antonio_de_sousa_junior,77,Italo de Vargas da Rosa,italo_de_vargas_da_rosa
100,2026,A,10,Chapecoense,chapecoense,2T,2T,37,0,82,18,Altemir Cordeiro Pessôa Neto,altemir_cordeiro_pessoa_neto,20,Jean Carlos Vicente,jean_carlos_vicente
100,2026,A,10,Chapecoense,chapecoense,2T,2T,37,0,82,19,David Antunes da Silva,david_antunes_da_silva,5,Joao Vitor de Souza Martins,joao_vitor_de_souza_martins
100,2026,A,10,Vitória,vitoria,2T,2T,43,0,88,10,Matheus Martins Fogaca de Pa,matheus_martins_fogaca_de_pa,95,Caique de Jesus Goncalves,caique_de_jesus_goncalves
101,2026,A,11,Fluminense,fluminense,1T,1T,6,0,6,10,Paulo Henrique Chagas de Lima,paulo_henrique_chagas_de_lima,32,Luciano Federico Acosta,luciano_federico_acosta
101,2026,A,11,Fluminense,fluminense,2T,2T,19,0,64,11,Jefferson David Savarino Qui,jefferson_david_savarino_qui,8,Matheus Martinelli Lima,matheus_martinelli_lima
101,2026,A,11,Fluminense,fluminense,2T,2T,19,0,64,19,Rodrigo Castillo,rodrigo_castillo,9,John Kennedy Batista de Souza,john_kennedy_batista_de_souza
101,2026,A,11,Flamengo,flamengo,2T,2T,21,0,66,27,Bruno Henrique Pinto,bruno_henrique_pinto,16,Samuel Dias Lino,samuel_dias_lino
101,2026,A,11,Flamengo,flamengo,2T,2T,27,0,72,15,Jorge Andres Carrascal Guardo,jorge_andres_carrascal_guardo,19,Gonzalo Jordy Plata Jimenez,gonzalo_jordy_plata_jimenez
101,2026,A,11,Flamengo,flamengo,2T,2T,27,0,72,18,Diego Nicolas de La Cruz Arc,diego_nicolas_de_la_cruz_arc,10,Giorgian Daniel de Arrascaet,giorgian_daniel_de_arrascaet
101,2026,A,11,Flamengo,flamengo,2T,2T,35,0,80,13,Danilo Luiz da Silva,danilo_luiz_da_silva,9,Pedro Guilherme Abreu dos Sa,pedro_guilherme_abreu_dos_sa
101,2026,A,11,Flamengo,flamengo,2T,2T,35,0,80,7,Luiz de Araujo Guimaraes Neto,luiz_de_araujo_guimaraes_neto,3,Leonardo Rech Ortiz,leonardo_rech_ortiz
101,2026,A,11,Fluminense,fluminense,2T,2T,40,0,85,23,Claudio Rodrigues Gomes,claudio_rodrigues_gomes,2,Samuel Xavier Brito,samuel_xavier_brito
101,2026,A,11,Fluminense,fluminense,2T,2T,40,0,85,13,Guilherme Antonio Arana Lopes,guilherme_antonio_arana_lopes,6,Rene Rodrigues Martins,rene_rodrigues_martins
102,2026,A,11,Botafogo,botafogo,2T,2T,3,0,48,27,Caio Alves Roque Gomes,caio_alves_roque_gomes,67,Jhoan Hernandez Mejia,jhoan_hernandez_mejia
102,2026,A,11,Coritiba SAF,coritiba_saf,2T,2T,14,0,59,8,Wallisson Luiz Alves Maximo,wallisson_luiz_alves_maximo,36,Vinicius Romualdo dos Santos,vinicius_romualdo_dos_santos
102,2026,A,11,Botafogo,botafogo,2T,2T,19,0,64,11,Matheus Martins Silva dos Sa,matheus_martins_silva_dos_sa,14,Jordan Andres Barrera Herrera,jordan_andres_barrera_herrera
102,2026,A,11,Coritiba SAF,coritiba_saf,2T,2T,23,0,68,23,Tiago Coser,tiago_coser,3,Maicon Pereira Roque,maicon_pereira_roque
102,2026,A,11,Coritiba SAF,coritiba_saf,2T,2T,23,0,68,7,Joaquin Lavega Colzada,joaquin_lavega_colzada,77,Breno Henrique Vasconcelos L,breno_henrique_vasconcelos_l
102,2026,A,11,Botafogo,botafogo,2T,2T,30,0,75,9,Christopher Ramos de La Flor,christopher_ramos_de_la_flor,2,Victor Alexander da Silva,victor_alexander_da_silva
102,2026,A,11,Coritiba SAF,coritiba_saf,2T,2T,33,0,78,6,Felipe Jonatan Rocha Andrade,felipe_jonatan_rocha_andrade,26,Bruno Ferreira Melo,bruno_ferreira_melo
102,2026,A,11,Coritiba SAF,coritiba_saf,2T,2T,33,0,78,78,Renato Marques de Oliveira J,renato_marques_de_oliveira_j,32,Pedro Rocha Neves,pedro_rocha_neves
102,2026,A,11,Coritiba SAF,coritiba_saf,2T,2T,37,0,82,21,Thiago dos Santos,thiago_dos_santos,19,Sebastian Gomez Londono,sebastian_gomez_londono
103,2026,A,11,Santos Fc,santos_fc,2T,2T,10,0,55,21,Moises Vieira da Veiga,moises_vieira_da_veiga,11,Ronielson da Silva Barbosa,ronielson_da_silva_barbosa
103,2026,A,11,Santos Fc,santos_fc,2T,2T,10,0,55,28,Christian Gabriel Oliva Gime,christian_gabriel_oliva_gime,48,Gustavo Henrique Pereira,gustavo_henrique_pereira
103,2026,A,11,Atlético Mineiro,atletico_mineiro,2T,2T,23,0,68,29,Caua Campos Soares,caua_campos_soares,19,Reinier Jesus Carvalho,reinier_jesus_carvalho
103,2026,A,11,Atlético Mineiro,atletico_mineiro,2T,2T,23,0,68,11,Bernard Anicio Caldeira Duarte,bernard_anicio_caldeira_duarte,2,Natanael Moreira Milouski,natanael_moreira_milouski
103,2026,A,11,Atlético Mineiro,atletico_mineiro,2T,2T,33,0,78,92,Eduardo Pereira Rodrigues,eduardo_pereira_rodrigues,7,Givanildo Vieira de Sousa,givanildo_vieira_de_sousa
103,2026,A,11,Santos Fc,santos_fc,2T,2T,39,0,84,19,Lautaro Ariel Diaz,lautaro_ariel_diaz,9,Gabriel Barbosa Almeida,gabriel_barbosa_almeida
103,2026,A,11,Atlético Mineiro,atletico_mineiro,2T,2T,40,0,85,5,Alexsander Cristhian Gomes d,alexsander_cristhian_gomes_d,25,Tomás Perez,tomas_perez
103,2026,A,11,Atlético Mineiro,atletico_mineiro,2T,2T,40,0,85,9,Zander Mateo Cassierra Cabezas,zander_mateo_cassierra_cabezas,30,Victor Hugo Gomes Silva,victor_hugo_gomes_silva
103,2026,A,11,Santos Fc,santos_fc,2T,2T,90,3,93,16,Thaciano Mickael da Silva,thaciano_mickael_da_silva,49,Gabriel Morais Silva Bontempo,gabriel_morais_silva_bontempo
104,2026,A,11,Palmeiras,palmeiras,2T,2T,25,0,70,31,Luighi Hanri Sousa Santos,luighi_hanri_sousa_santos,18,Mauricio Magalhaes Prado,mauricio_magalhaes_prado
104,2026,A,11,Palmeiras,palmeiras,2T,2T,25,0,70,56,Arthur Gabriel Santana Marco,arthur_gabriel_santana_marco,12,Khellven Douglas Silva Olive,khellven_douglas_silva_olive
104,2026,A,11,Palmeiras,palmeiras,2T,2T,25,0,70,7,Felipe Anderson Pereira Gomes,felipe_anderson_pereira_gomes,4,Agustin Giay,agustin_giay
104,2026,A,11,Corinthians,corinthians,2T,2T,26,0,71,19,Andre Martin Carrillo Diaz,andre_martin_carrillo_diaz,8,Rodrigo Garro,rodrigo_garro
104,2026,A,11,Corinthians,corinthians,2T,2T,37,0,82,77,Jesse Ellis Lingard,jesse_ellis_lingard,31,Kayke Ferrari Guimaraes,kayke_ferrari_guimaraes
104,2026,A,11,Palmeiras,palmeiras,2T,2T,38,0,83,30,Lucas Evangelista Santana de,lucas_evangelista_santana_de,17,Marlon Rodrigues Freitas,marlon_rodrigues_freitas
105,2026,A,11,Mirassol,mirassol,1T,1T,41,0,41,12,Victor Luis Chuab Zamblauskas,victor_luis_chuab_zamblauskas,6,Reinaldo Manoel da Silva,reinaldo_manoel_da_silva
105,2026,A,11,Mirassol,mirassol,2T,2T,14,0,59,7,Shaylon Kallyson Cardozo,shaylon_kallyson_cardozo,33,Carlos Eduardo de Oliveira A,carlos_eduardo_de_oliveira_a
105,2026,A,11,Bahia,bahia,2T,2T,14,0,59,12,Willian Jose da Silva,willian_jose_da_silva,27,Everaldo Stum,everaldo_stum
105,2026,A,11,Mirassol,mirassol,2T,2T,14,0,59,77,Alesson dos Santos Batista,alesson_dos_santos_batista,95,Edson Guilherme Mendes dos S,edson_guilherme_mendes_dos_s
105,2026,A,11,Bahia,bahia,2T,2T,14,0,59,7,Ademir da Silva Santos Junior,ademir_da_silva_santos_junior,16,Erick da Costa Farias,erick_da_costa_farias
105,2026,A,11,Bahia,bahia,2T,2T,24,0,69,23,Mateo Naim Sanabria Doracio,mateo_naim_sanabria_doracio,7,Ademir da Silva Santos Junior,ademir_da_silva_santos_junior
105,2026,A,11,Mirassol,mirassol,2T,2T,30,0,75,18,Gabriel Appelt Pires,gabriel_appelt_pires,21,Jose Aldo Soares de Oliveira,jose_aldo_soares_de_oliveira
105,2026,A,11,Bahia,bahia,2T,2T,34,0,79,11,Rodrigo Nestor Bertalia,rodrigo_nestor_bertalia,10,Everton Augusto de Barros Ri,everton_augusto_de_barros_ri
106,2026,A,11,Red Bull Bragantino,red_bull_bragantino,2T,2T,17,0,62,52,Ryan Augusto Tavares da Silva,ryan_augusto_tavares_da_silva,15,Ignacio Sosa Ospital,ignacio_sosa_ospital
106,2026,A,11,Cruzeiro,cruzeiro,2T,2T,23,0,68,8,Matheus Henrique de Souza,matheus_henrique_de_souza,16,Lucas Silva Borges,lucas_silva_borges
106,2026,A,11,Cruzeiro,cruzeiro,2T,2T,23,0,68,94,Wanderson Maciel Sousa Campos,wanderson_maciel_sousa_campos,99,Keny Alexander Arroyo Alvarado,keny_alexander_arroyo_alvarado
106,2026,A,11,Red Bull Bragantino,red_bull_bragantino,2T,2T,28,0,73,22,Gustavo Ribeiro Neves,gustavo_ribeiro_neves,35,Matheus Fernandes Siqueira,matheus_fernandes_siqueira
106,2026,A,11,Cruzeiro,cruzeiro,2T,2T,30,0,75,2,Kauã Moraes Silva,kaua_moraes_silva,23,Fagner Conserva Lemos,fagner_conserva_lemos
106,2026,A,11,Cruzeiro,cruzeiro,2T,2T,38,0,83,9,Bruno Rafael Rodrigues do Na,bruno_rafael_rodrigues_do_na,22,Neiser David Villareal Quino,neiser_david_villareal_quino
106,2026,A,11,Cruzeiro,cruzeiro,2T,2T,38,0,83,25,Lucas Hernan Villalba,lucas_hernan_villalba,34,Jonathan de Jesus Alves,jonathan_de_jesus_alves
106,2026,A,11,Red Bull Bragantino,red_bull_bragantino,2T,2T,39,0,84,67,Jhuan Nunes Coelho,jhuan_nunes_coelho,34,Jose Andres Hurtado Cheme,jose_andres_hurtado_cheme
106,2026,A,11,Red Bull Bragantino,red_bull_bragantino,2T,2T,39,0,84,7,Eric dos Santos Rodrigues,eric_dos_santos_rodrigues,6,Gabriel Girotto Franco,gabriel_girotto_franco
106,2026,A,11,Red Bull Bragantino,red_bull_bragantino,2T,2T,39,0,84,20,Rodrigo Huendra Almeida Mend,rodrigo_huendra_almeida_mend,17,Vinicius Mendonca Pereira,vinicius_mendonca_pereira
107,2026,A,11,Grêmio,gremio,2T,2T,11,0,56,99,Jose David Enamorado Gomez,jose_david_enamorado_gomez,21,Mateus Cardoso Lemos Martins,mateus_cardoso_lemos_martins
107,2026,A,11,Internacional,internacional,2T,2T,14,0,59,9,Alerrandro Barra Mansa Reali,alerrandro_barra_mansa_reali,19,Rafael Santos Borre Maury,rafael_santos_borre_maury
107,2026,A,11,Grêmio,gremio,2T,2T,21,0,66,37,Gabriel Ferreira de Carvalho,gabriel_ferreira_de_carvalho,9,Francis Apelete Amuzu,francis_apelete_amuzu
107,2026,A,11,Internacional,internacional,2T,2T,26,0,71,27,Paulo Lucas Santos de Paula,paulo_lucas_santos_de_paula,8,Bruno Henrique Corsini,bruno_henrique_corsini
107,2026,A,11,Internacional,internacional,2T,2T,34,0,79,14,Alan Jesus Rodriguez Guaglia,alan_jesus_rodriguez_guaglia,10,Alan Patrick Lourenço,alan_patrick_lourenco
107,2026,A,11,Grêmio,gremio,2T,2T,34,0,79,22,Martin Christensen Braithwaite,martin_christensen_braithwaite,95,Carlos Vinicius Alves Morais,carlos_vinicius_alves_morais
107,2026,A,11,Grêmio,gremio,2T,2T,34,0,79,38,Caio Fernando de Oliveira,caio_fernando_de_oliveira,54,Pedro Gabriel Crisostomo Pin,pedro_gabriel_crisostomo_pin
107,2026,A,11,Internacional,internacional,2T,2T,34,0,79,29,Thiago Maia Alencar,thiago_maia_alencar,5,Rodrigo Roman Villagra,rodrigo_roman_villagra
107,2026,A,11,Internacional,internacional,2T,2T,34,0,79,11,Kayky da Silva Chagas,kayky_da_silva_chagas,7,Johan Stiven Carbonero Balanta,johan_stiven_carbonero_balanta
108,2026,A,11,Chapecoense,chapecoense,2T,2T,10,0,55,18,Altemir Cordeiro Pessôa Neto,altemir_cordeiro_pessoa_neto,11,Bolasie Yala,bolasie_yala
108,2026,A,11,Athletico Paranaense,athletico_paranaense,2T,2T,16,0,61,8,João Victor Machado Cruz,joao_victor_machado_cruz,53,Eduardo Kogitzki Anastacio,eduardo_kogitzki_anastacio
108,2026,A,11,Chapecoense,chapecoense,2T,2T,23,0,68,31,Mauricio Garcez de Jesus,mauricio_garcez_de_jesus,77,Italo de Vargas da Rosa,italo_de_vargas_da_rosa
108,2026,A,11,Chapecoense,chapecoense,2T,2T,23,0,68,7,Marcio Antonio de Sousa Junior,marcio_antonio_de_sousa_junior,97,Sebastiao Enio Santos de Alm,sebastiao_enio_santos_de_alm
108,2026,A,11,Chapecoense,chapecoense,2T,2T,33,0,78,99,Rafael dos Santos Carvalheir,rafael_dos_santos_carvalheir,5,Joao Vitor de Souza Martins,joao_vitor_de_souza_martins
108,2026,A,11,Chapecoense,chapecoense,2T,2T,33,0,78,20,Jean Carlos Vicente,jean_carlos_vicente,22,Higor Matheus Meritao,higor_matheus_meritao
108,2026,A,11,Athletico Paranaense,athletico_paranaense,2T,2T,40,0,85,5,Antonio Feliphe Costa Silva,antonio_feliphe_costa_silva,7,John Steven Mendoza Valencia,john_steven_mendoza_valencia
108,2026,A,11,Athletico Paranaense,athletico_paranaense,2T,2T,40,0,85,70,Renan Peixoto Nepomuceno,renan_peixoto_nepomuceno,9,Kevin Estiben Viveros Rodall,kevin_estiben_viveros_rodall
109,2026,A,11,São Paulo,sao_paulo,2T,2T,11,0,56,34,Perivan dos Santos,perivan_dos_santos,11,Aldemir dos Santos Ferreira,aldemir_dos_santos_ferreira
109,2026,A,11,São Paulo,sao_paulo,2T,2T,11,0,56,21,Cedric Ricardo Alves Soares,cedric_ricardo_alves_soares,80,Cauly Oliveira Souza,cauly_oliveira_souza
109,2026,A,11,Vitória,vitoria,2T,2T,18,0,63,88,Jose Vitor Silva Neves,jose_vitor_silva_neves,95,Caique de Jesus Goncalves,caique_de_jesus_goncalves
109,2026,A,11,São Paulo,sao_paulo,2T,2T,20,0,65,18,Wendell Nascimento Borges,wendell_nascimento_borges,13,Enzo Hernan Díaz,enzo_hernan_diaz
109,2026,A,11,São Paulo,sao_paulo,2T,2T,20,0,65,14,Gonzalo Andrés Tapia Dubourn,gonzalo_andres_tapia_dubourn,17,Andre Oliveira Silva,andre_oliveira_silva
109,2026,A,11,Vitória,vitoria,2T,2T,25,0,70,12,Diego Tarzia,diego_tarzia,10,Matheus Martins Fogaca de Pa,matheus_martins_fogaca_de_pa
109,2026,A,11,Vitória,vitoria,2T,2T,25,0,70,91,Carlos Rene de Sousa Ferreira,carlos_rene_de_sousa_ferreira,79,Renato Kayzer de Souza,renato_kayzer_de_souza
109,2026,A,11,São Paulo,sao_paulo,2T,2T,33,0,78,45,Lucca Marques Alencar,lucca_marques_alencar,94,Daniel de Oliveira Sertanejo,daniel_de_oliveira_sertanejo
109,2026,A,11,Vitória,vitoria,2T,2T,42,0,87,8,Ronald dos Santos Lopes,ronald_dos_santos_lopes,44,Gabriel Baralhas dos Santos,gabriel_baralhas_dos_santos
110,2026,A,11,Remo,remo,2T,2T,13,0,58,10,Jaderson Flores dos Reis,jaderson_flores_dos_reis,26,David Francisco Trindade Braga,david_francisco_trindade_braga
110,2026,A,11,Vasco da Gama Saf,vasco_da_gama_saf,2T,2T,18,0,63,20,Brenner Souza da Silva,brenner_souza_da_silva,7,David Correa da Fonseca,david_correa_da_fonseca
110,2026,A,11,Vasco da Gama Saf,vasco_da_gama_saf,2T,2T,18,0,63,98,João Pedro Murilo de Paula M,joao_pedro_murilo_de_paula_m,88,Cauan Lucas Barros da Luz,cauan_lucas_barros_da_luz
110,2026,A,11,Vasco da Gama Saf,vasco_da_gama_saf,2T,2T,32,0,77,18,Marino Hinestroza Angulo,marino_hinestroza_angulo,10,Johan Rojas Echavarria,johan_rojas_echavarria
110,2026,A,11,Remo,remo,2T,2T,32,0,77,55,Jose Ricardo Araujo Fernandes,jose_ricardo_araujo_fernandes,8,Patrick Bezerra do Nascimento,patrick_bezerra_do_nascimento
110,2026,A,11,Remo,remo,2T,2T,32,0,77,33,Diego Manuel Hernandez Gonza,diego_manuel_hernandez_gonza,11,Alef Mangueira Severino Pere,alef_mangueira_severino_pere
110,2026,A,11,Vasco da Gama Saf,vasco_da_gama_saf,2T,2T,43,0,88,77,Claudio Paul Spinelli,claudio_paul_spinelli,3,Danilo das Neves Pinheiro,danilo_das_neves_pinheiro
110,2026,A,11,Remo,remo,2T,2T,90,1,91,99,Gabriel Buscariol Poveda,gabriel_buscariol_poveda,19,Gabriel Pereira Taliari,gabriel_pereira_taliari
111,2026,A,12,Flamengo,flamengo,2T,2T,20,0,65,27,Bruno Henrique Pinto,bruno_henrique_pinto,16,Samuel Dias Lino,samuel_dias_lino
111,2026,A,12,Bahia,bahia,2T,2T,28,0,73,15,Michel Daryl Araujo Villar,michel_daryl_araujo_villar,10,Everton Augusto de Barros Ri,everton_augusto_de_barros_ri
111,2026,A,12,Bahia,bahia,2T,2T,28,0,73,7,Ademir da Silva Santos Junior,ademir_da_silva_santos_junior,16,Erick da Costa Farias,erick_da_costa_farias
111,2026,A,12,Flamengo,flamengo,2T,2T,33,0,78,18,Diego Nicolas de La Cruz Arc,diego_nicolas_de_la_cruz_arc,14,Giorgian Daniel de Arrascaet,giorgian_daniel_de_arrascaet
111,2026,A,12,Flamengo,flamengo,2T,2T,33,0,78,8,Saul Niguez Esclapez,saul_niguez_esclapez,52,Evertton Gustavo Fernandes A,evertton_gustavo_fernandes_a
111,2026,A,12,Flamengo,flamengo,2T,2T,39,0,84,7,Luiz de Araujo Guimaraes Neto,luiz_de_araujo_guimaraes_neto,19,Gonzalo Jordy Plata Jimenez,gonzalo_jordy_plata_jimenez
111,2026,A,12,Bahia,bahia,2T,2T,39,0,84,23,Mateo Naim Sanabria Doracio,mateo_naim_sanabria_doracio,99,Cristian Gonzalo Olivera Iba,cristian_gonzalo_olivera_iba
111,2026,A,12,Flamengo,flamengo,2T,2T,39,0,84,11,Everton Sousa Soares,everton_sousa_soares,9,Pedro Guilherme Abreu dos Sa,pedro_guilherme_abreu_dos_sa
112,2026,A,12,São Paulo,sao_paulo,2T,2T,12,0,57,34,Perivan dos Santos,perivan_dos_santos,45,Lucca Marques Alencar,lucca_marques_alencar
112,2026,A,12,São Paulo,sao_paulo,2T,2T,18,0,63,42,Maik Gomes Viegas,maik_gomes_viegas,13,Enzo Hernan Díaz,enzo_hernan_diaz
112,2026,A,12,São Paulo,sao_paulo,2T,2T,18,0,63,18,Wendell Nascimento Borges,wendell_nascimento_borges,21,Cedric Ricardo Alves Soares,cedric_ricardo_alves_soares
112,2026,A,12,Vasco da Gama Saf,vasco_da_gama_saf,2T,2T,18,0,63,77,Claudio Paul Spinelli,claudio_paul_spinelli,10,Johan Rojas Echavarria,johan_rojas_echavarria
112,2026,A,12,Vasco da Gama Saf,vasco_da_gama_saf,2T,2T,18,0,63,20,Brenner Souza da Silva,brenner_souza_da_silva,7,David Correa da Fonseca,david_correa_da_fonseca
112,2026,A,12,São Paulo,sao_paulo,2T,2T,33,0,78,30,Felipe Negrucci Berdague,felipe_negrucci_berdague,94,Daniel de Oliveira Sertanejo,daniel_de_oliveira_sertanejo
112,2026,A,12,São Paulo,sao_paulo,2T,2T,33,0,78,14,Gonzalo Andrés Tapia Dubourn,gonzalo_andres_tapia_dubourn,10,Luciano da Rocha Neves,luciano_da_rocha_neves
112,2026,A,12,Vasco da Gama Saf,vasco_da_gama_saf,2T,2T,35,0,80,25,Hugo Moura Arruda da Silva,hugo_moura_arruda_da_silva,88,Cauan Lucas Barros da Luz,cauan_lucas_barros_da_luz
113,2026,A,12,Fluminense,fluminense,2T,2T,12,0,57,9,John Kennedy Batista de Souza,john_kennedy_batista_de_souza,25,Alisson Euler de Freitas Cas,alisson_euler_de_freitas_cas
113,2026,A,12,Santos Fc,santos_fc,2T,2T,15,0,60,19,Lautaro Ariel Diaz,lautaro_ariel_diaz,22,Alvaro Martin Barreal,alvaro_martin_barreal
113,2026,A,12,Fluminense,fluminense,2T,2T,34,0,79,94,Otavio Henrique Passos Santos,otavio_henrique_passos_santos,5,Facundo Bernal Cruz,facundo_bernal_cruz
113,2026,A,12,Fluminense,fluminense,2T,2T,34,0,79,28,Riquelme Felipe Silva de Alm,riquelme_felipe_silva_de_alm,11,Jefferson David Savarino Qui,jefferson_david_savarino_qui
113,2026,A,12,Santos Fc,santos_fc,2T,2T,35,0,80,32,Benjamin Rollheiser,benjamin_rollheiser,48,Gustavo Henrique Pereira,gustavo_henrique_pereira
113,2026,A,12,Fluminense,fluminense,2T,2T,41,0,86,10,Paulo Henrique Chagas de Lima,paulo_henrique_chagas_de_lima,19,Rodrigo Castillo,rodrigo_castillo
113,2026,A,12,Fluminense,fluminense,2T,2T,41,0,86,6,Rene Rodrigues Martins,rene_rodrigues_martins,90,Kevin Steven Serna Jaramillo,kevin_steven_serna_jaramillo
113,2026,A,12,Santos Fc,santos_fc,2T,2T,43,0,88,16,Thaciano Mickael da Silva,thaciano_mickael_da_silva,49,Gabriel Morais Silva Bontempo,gabriel_morais_silva_bontempo
114,2026,A,12,Palmeiras,palmeiras,2T,2T,5,0,50,3,Bruno de Lara Fuchs,bruno_de_lara_fuchs,42,Jose Manuel Alberto Lopez,jose_manuel_alberto_lopez
114,2026,A,12,Athletico Paranaense,athletico_paranaense,2T,2T,8,0,53,8,João Victor Machado Cruz,joao_victor_machado_cruz,16,Jadson Alves dos Santos,jadson_alves_dos_santos
114,2026,A,12,Athletico Paranaense,athletico_paranaense,2T,2T,14,0,59,47,Felipe Chiqueti Bandeira,felipe_chiqueti_bandeira,53,Eduardo Kogitzki Anastacio,eduardo_kogitzki_anastacio
114,2026,A,12,Athletico Paranaense,athletico_paranaense,2T,2T,14,0,59,10,Bruno Zapelli,bruno_zapelli,27,Juan Camilo Portilla Orozco,juan_camilo_portilla_orozco
114,2026,A,12,Palmeiras,palmeiras,2T,2T,25,0,70,30,Lucas Evangelista Santana de,lucas_evangelista_santana_de,8,Andreas Hugo Hoelgebaum Pere,andreas_hugo_hoelgebaum_pere
114,2026,A,12,Athletico Paranaense,athletico_paranaense,2T,2T,35,0,80,70,Renan Peixoto Nepomuceno,renan_peixoto_nepomuceno,14,Luiz Gustavo Dias,luiz_gustavo_dias
114,2026,A,12,Athletico Paranaense,athletico_paranaense,2T,2T,35,0,80,21,Leonardo Caetano Silva,leonardo_caetano_silva,33,Juan Felipe Aguirre Tabares,juan_felipe_aguirre_tabares
114,2026,A,12,Palmeiras,palmeiras,2T,2T,38,0,83,9,Vitor Hugo Roque Ferreira,vitor_hugo_roque_ferreira,19,Ramon Sosa Acosta,ramon_sosa_acosta
114,2026,A,12,Palmeiras,palmeiras,2T,2T,38,0,83,43,Luis Gustavo Roncholeta Bene,luis_gustavo_roncholeta_bene,40,Allan Andrade Elias,allan_andrade_elias
114,2026,A,12,Palmeiras,palmeiras,2T,2T,38,0,83,7,Felipe Anderson Pereira Gomes,felipe_anderson_pereira_gomes,11,Jhon Adolfo Arias Andrade,jhon_adolfo_arias_andrade
115,2026,A,12,Remo,remo,2T,2T,10,0,55,22,Glaybson Yago Souza Lisboa,glaybson_yago_souza_lisboa,2,Matheus Alexandre Anastacio,matheus_alexandre_anastacio
115,2026,A,12,Red Bull Bragantino,red_bull_bragantino,2T,2T,20,0,65,11,Fernando dos Santos Pedro,fernando_dos_santos_pedro,17,Vinicius Mendonca Pereira,vinicius_mendonca_pereira
115,2026,A,12,Red Bull Bragantino,red_bull_bragantino,2T,2T,20,0,65,8,Eduardo Colcenti Antunes,eduardo_colcenti_antunes,9,Isidro Miguel Pitta Saldivar,isidro_miguel_pitta_saldivar
115,2026,A,12,Red Bull Bragantino,red_bull_bragantino,2T,2T,20,0,65,15,Ignacio Sosa Ospital,ignacio_sosa_ospital,35,Matheus Fernandes Siqueira,matheus_fernandes_siqueira
115,2026,A,12,Remo,remo,2T,2T,26,0,71,15,Vitor Frezarin Bueno,vitor_frezarin_bueno,10,Jaderson Flores dos Reis,jaderson_flores_dos_reis
115,2026,A,12,Red Bull Bragantino,red_bull_bragantino,2T,2T,27,0,72,52,Ryan Augusto Tavares da Silva,ryan_augusto_tavares_da_silva,57,Marcelo Braz da Silva,marcelo_braz_da_silva
115,2026,A,12,Remo,remo,2T,2T,38,0,83,55,Jose Ricardo Araujo Fernandes,jose_ricardo_araujo_fernandes,28,José Welison da Silva,jose_welison_da_silva
115,2026,A,12,Remo,remo,2T,2T,38,0,83,99,Gabriel Buscariol Poveda,gabriel_buscariol_poveda,19,Gabriel Pereira Taliari,gabriel_pereira_taliari
115,2026,A,12,Remo,remo,2T,2T,38,0,83,11,Alef Mangueira Severino Pere,alef_mangueira_severino_pere,37,Jandir Breno Souza Silva,jandir_breno_souza_silva
115,2026,A,12,Red Bull Bragantino,red_bull_bragantino,2T,2T,41,0,86,16,Gustavo Marques Alves dos Sa,gustavo_marques_alves_dos_sa,21,Lucas Henrique Barbosa,lucas_henrique_barbosa
116,2026,A,12,Grêmio,gremio,2T,2T,12,0,57,11,Miguel Angel Monsalve Gonzalez,miguel_angel_monsalve_gonzalez,5,Juan Ignacio Martin Nardoni,juan_ignacio_martin_nardoni
116,2026,A,12,Cruzeiro,cruzeiro,2T,2T,15,0,60,8,Matheus Henrique de Souza,matheus_henrique_de_souza,11,Gerson Santos da Silva,gerson_santos_da_silva
116,2026,A,12,Cruzeiro,cruzeiro,2T,2T,22,0,67,9,Bruno Rafael Rodrigues do Na,bruno_rafael_rodrigues_do_na,10,Matheus Fellipe Costa Pereira,matheus_fellipe_costa_pereira
116,2026,A,12,Grêmio,gremio,2T,2T,25,0,70,37,Gabriel Ferreira de Carvalho,gabriel_ferreira_de_carvalho,9,Francis Apelete Amuzu,francis_apelete_amuzu
116,2026,A,12,Grêmio,gremio,2T,2T,25,0,70,33,Leonel Ulises Perez,leonel_ulises_perez,19,Erick Carlos Noriega Loret d,erick_carlos_noriega_loret_d
116,2026,A,12,Grêmio,gremio,2T,2T,25,0,70,21,Mateus Cardoso Lemos Martins,mateus_cardoso_lemos_martins,99,Jose David Enamorado Gomez,jose_david_enamorado_gomez
116,2026,A,12,Cruzeiro,cruzeiro,2T,2T,30,0,75,16,Lucas Silva Borges,lucas_silva_borges,29,Lucas Daniel Romero,lucas_daniel_romero
116,2026,A,12,Cruzeiro,cruzeiro,2T,2T,30,0,75,94,Wanderson Maciel Sousa Campos,wanderson_maciel_sousa_campos,88,Christian Roberto Alves Card,christian_roberto_alves_card
116,2026,A,12,Grêmio,gremio,2T,2T,38,0,83,22,Martin Christensen Braithwaite,martin_christensen_braithwaite,95,Carlos Vinicius Alves Morais,carlos_vinicius_alves_morais
117,2026,A,12,Mirassol,mirassol,2T,2T,17,0,62,25,Antonio Francisco Moura Neto,antonio_francisco_moura_neto,8,Denilson Alves Borges,denilson_alves_borges
117,2026,A,12,Internacional,internacional,2T,2T,21,0,66,9,Alerrandro Barra Mansa Reali,alerrandro_barra_mansa_reali,27,Paulo Lucas Santos de Paula,paulo_lucas_santos_de_paula
117,2026,A,12,Internacional,internacional,2T,2T,21,0,66,17,Bruno Vinicius Souza Ramos,bruno_vinicius_souza_ramos,28,Vitor Hugo Naum dos Santos,vitor_hugo_naum_dos_santos
117,2026,A,12,Mirassol,mirassol,2T,2T,25,0,70,95,Edson Guilherme Mendes dos S,edson_guilherme_mendes_dos_s,7,Shaylon Kallyson Cardozo,shaylon_kallyson_cardozo
117,2026,A,12,Mirassol,mirassol,2T,2T,25,0,70,96,Carlos Eduardo Ferreira de S,carlos_eduardo_ferreira_de_s,77,Alesson dos Santos Batista,alesson_dos_santos_batista
117,2026,A,12,Internacional,internacional,2T,2T,29,0,74,29,Thiago Maia Alencar,thiago_maia_alencar,15,Bruno Gomes da Silva Clevela,bruno_gomes_da_silva_clevela
117,2026,A,12,Internacional,internacional,2T,2T,35,0,80,11,Kayky da Silva Chagas,kayky_da_silva_chagas,31,Allex Rodrigues Pereira da S,allex_rodrigues_pereira_da_s
117,2026,A,12,Mirassol,mirassol,2T,2T,35,0,80,9,Nathan Uiliam Fogaca,nathan_uiliam_fogaca,99,Andre Luis Silva de Aguiar,andre_luis_silva_de_aguiar
117,2026,A,12,Mirassol,mirassol,2T,2T,35,0,80,12,Victor Luis Chuab Zamblauskas,victor_luis_chuab_zamblauskas,6,Reinaldo Manoel da Silva,reinaldo_manoel_da_silva
118,2026,A,12,Coritiba SAF,coritiba_saf,1T,1T,34,0,34,6,Felipe Jonatan Rocha Andrade,felipe_jonatan_rocha_andrade,26,Bruno Ferreira Melo,bruno_ferreira_melo
118,2026,A,12,Coritiba SAF,coritiba_saf,2T,2T,12,0,57,7,Joaquin Lavega Colzada,joaquin_lavega_colzada,77,Breno Henrique Vasconcelos L,breno_henrique_vasconcelos_l
118,2026,A,12,Coritiba SAF,coritiba_saf,2T,2T,12,0,57,21,Thiago dos Santos,thiago_dos_santos,10,Josue Filipe Soares Pesqueira,josue_filipe_soares_pesqueira
118,2026,A,12,Atlético Mineiro,atletico_mineiro,2T,2T,20,0,65,39,Mamady Cissé,mamady_cisse,8,Maycon de Andrade Barberan,maycon_de_andrade_barberan
118,2026,A,12,Atlético Mineiro,atletico_mineiro,2T,2T,20,0,65,92,Eduardo Pereira Rodrigues,eduardo_pereira_rodrigues,2,Natanael Moreira Milouski,natanael_moreira_milouski
118,2026,A,12,Atlético Mineiro,atletico_mineiro,2T,2T,26,0,71,9,Zander Mateo Cassierra Cabezas,zander_mateo_cassierra_cabezas,7,Givanildo Vieira de Sousa,givanildo_vieira_de_sousa
118,2026,A,12,Atlético Mineiro,atletico_mineiro,2T,2T,38,0,83,11,Bernard Anicio Caldeira Duarte,bernard_anicio_caldeira_duarte,19,Reinier Jesus Carvalho,reinier_jesus_carvalho
118,2026,A,12,Atlético Mineiro,atletico_mineiro,2T,2T,38,0,83,23,Angelo Smit Preciado Quiñonez,angelo_smit_preciado_quinonez,28,Tomas Esteban Cuello,tomas_esteban_cuello
118,2026,A,12,Coritiba SAF,coritiba_saf,2T,2T,40,0,85,78,Renato Marques de Oliveira J,renato_marques_de_oliveira_j,32,Pedro Rocha Neves,pedro_rocha_neves
118,2026,A,12,Coritiba SAF,coritiba_saf,2T,2T,40,0,85,23,Tiago Coser,tiago_coser,36,Vinicius Romualdo dos Santos,vinicius_romualdo_dos_santos
119,2026,A,12,Vitória,vitoria,1T,1T,10,0,10,91,Carlos Rene de Sousa Ferreira,carlos_rene_de_sousa_ferreira,79,Renato Kayzer de Souza,renato_kayzer_de_souza
119,2026,A,12,Corinthians,corinthians,2T,2T,10,0,55,23,Matheus Pereira da Silva,matheus_pereira_da_silva,7,Breno de Souza Bidon,breno_de_souza_bidon
119,2026,A,12,Corinthians,corinthians,2T,2T,19,0,64,29,Allan Rodrigues de Souza,allan_rodrigues_de_souza,14,Raniele Almeida Melo,raniele_almeida_melo
119,2026,A,12,Corinthians,corinthians,2T,2T,19,0,64,37,Kaio Cesar Andrade Lima,kaio_cesar_andrade_lima,20,Pedro Milans Carambula,pedro_milans_carambula
119,2026,A,12,Vitória,vitoria,2T,2T,31,0,76,88,Jose Vitor Silva Neves,jose_vitor_silva_neves,95,Caique de Jesus Goncalves,caique_de_jesus_goncalves
119,2026,A,12,Corinthians,corinthians,2T,2T,31,0,76,77,Jesse Ellis Lingard,jesse_ellis_lingard,31,Kayke Ferrari Guimaraes,kayke_ferrari_guimaraes
119,2026,A,12,Corinthians,corinthians,2T,2T,31,0,76,52,Zakaria Labyad,zakaria_labyad,8,Rodrigo Garro,rodrigo_garro
119,2026,A,12,Vitória,vitoria,2T,2T,31,0,76,12,Diego Tarzia,diego_tarzia,10,Matheus Martins Fogaca de Pa,matheus_martins_fogaca_de_pa
119,2026,A,12,Vitória,vitoria,2T,2T,90,1,91,8,Ronald dos Santos Lopes,ronald_dos_santos_lopes,44,Gabriel Baralhas dos Santos,gabriel_baralhas_dos_santos
119,2026,A,12,Vitória,vitoria,2T,2T,90,1,91,17,Aitor Cantalapiedra Fernandez,aitor_cantalapiedra_fernandez,33,Erick de Arruda Serafim,erick_de_arruda_serafim
120,2026,A,12,Chapecoense,chapecoense,1T,1T,28,0,28,2,Marcos Vinicius da Silva San,marcos_vinicius_da_silva_san,26,Everton Souza da Cruz,everton_souza_da_cruz
120,2026,A,12,Chapecoense,chapecoense,1T,1T,28,0,28,17,Vinicius Balieiro Lourenco d,vinicius_balieiro_lourenco_d,19,David Antunes da Silva,david_antunes_da_silva
120,2026,A,12,Chapecoense,chapecoense,2T,2T,8,0,53,94,Kevin Federik Ramirez Dutra,kevin_federik_ramirez_dutra,77,Italo de Vargas da Rosa,italo_de_vargas_da_rosa
120,2026,A,12,Botafogo,botafogo,2T,2T,13,0,58,30,Carlos Joaquin Correa,carlos_joaquin_correa,7,Jose Antonio dos Santos Junior,jose_antonio_dos_santos_junior
120,2026,A,12,Chapecoense,chapecoense,2T,2T,22,0,67,20,Jean Carlos Vicente,jean_carlos_vicente,5,Joao Vitor de Souza Martins,joao_vitor_de_souza_martins
120,2026,A,12,Botafogo,botafogo,2T,2T,28,0,73,37,Jose Kadir Barria Rose,jose_kadir_barria_rose,19,Arthur Mendonça Cabral,arthur_mendonca_cabral
120,2026,A,12,Botafogo,botafogo,2T,2T,28,0,73,14,Jordan Andres Barrera Herrera,jordan_andres_barrera_herrera,88,Edenilson Andrade dos Santos,edenilson_andrade_dos_santos
120,2026,A,12,Botafogo,botafogo,2T,2T,31,0,76,25,Allan Marques Loureiro,allan_marques_loureiro,6,Cristian Nicolas Medina,cristian_nicolas_medina
121,2026,A,13,Chapecoense,chapecoense,1T,1T,34,0,34,26,Everton Souza da Cruz,everton_souza_da_cruz,2,Marcos Vinicius da Silva San,marcos_vinicius_da_silva_san
121,2026,A,13,Chapecoense,chapecoense,2T,2T,25,0,70,97,Sebastiao Enio Santos de Alm,sebastiao_enio_santos_de_alm,20,Jean Carlos Vicente,jean_carlos_vicente
121,2026,A,13,Chapecoense,chapecoense,2T,2T,25,0,70,5,Joao Vitor de Souza Martins,joao_vitor_de_souza_martins,22,Higor Matheus Meritao,higor_matheus_meritao
121,2026,A,13,Fluminense,fluminense,2T,2T,34,0,79,25,Alisson Euler de Freitas Cas,alisson_euler_de_freitas_cas,35,Hercules Pereira do Nascimento,hercules_pereira_do_nascimento
121,2026,A,13,Fluminense,fluminense,2T,2T,34,0,79,9,John Kennedy Batista de Souza,john_kennedy_batista_de_souza,17,Agustin Canobbio Graviz,agustin_canobbio_graviz
121,2026,A,13,Fluminense,fluminense,2T,2T,34,0,79,10,Paulo Henrique Chagas de Lima,paulo_henrique_chagas_de_lima,5,Facundo Bernal Cruz,facundo_bernal_cruz
121,2026,A,13,Chapecoense,chapecoense,2T,2T,41,0,86,18,Altemir Cordeiro Pessôa Neto,altemir_cordeiro_pessoa_neto,15,Rafael Thyere de Albuquerque,rafael_thyere_de_albuquerque
121,2026,A,13,Fluminense,fluminense,2T,2T,90,2,92,4,Ignacio da Silva Oliveira,ignacio_da_silva_oliveira,23,Claudio Rodrigues Gomes,claudio_rodrigues_gomes
122,2026,A,13,Botafogo,botafogo,1T,1T,32,0,32,4,Mateo Ponte Costa,mateo_ponte_costa,2,Victor Alexander da Silva,victor_alexander_da_silva
122,2026,A,13,Internacional,internacional,2T,2T,16,0,61,27,Paulo Lucas Santos de Paula,paulo_lucas_santos_de_paula,8,Bruno Henrique Corsini,bruno_henrique_corsini
122,2026,A,13,Internacional,internacional,2T,2T,16,0,61,10,Alan Patrick Lourenço,alan_patrick_lourenco,28,Vitor Hugo Naum dos Santos,vitor_hugo_naum_dos_santos
122,2026,A,13,Internacional,internacional,2T,2T,16,0,61,19,Rafael Santos Borre Maury,rafael_santos_borre_maury,9,Alerrandro Barra Mansa Reali,alerrandro_barra_mansa_reali
122,2026,A,13,Botafogo,botafogo,2T,2T,21,0,66,30,Carlos Joaquin Correa,carlos_joaquin_correa,88,Edenilson Andrade dos Santos,edenilson_andrade_dos_santos
122,2026,A,13,Botafogo,botafogo,2T,2T,21,0,66,10,Alvaro Montoro,alvaro_montoro,11,Matheus Martins Silva dos Sa,matheus_martins_silva_dos_sa
122,2026,A,13,Botafogo,botafogo,2T,2T,32,0,77,25,Allan Marques Loureiro,allan_marques_loureiro,19,Arthur Mendonça Cabral,arthur_mendonca_cabral
122,2026,A,13,Internacional,internacional,2T,2T,38,0,83,6,Matheus Bahia Santos,matheus_bahia_santos,7,Johan Stiven Carbonero Balanta,johan_stiven_carbonero_balanta
123,2026,A,13,Mirassol,mirassol,2T,2T,19,0,64,8,Denilson Alves Borges,denilson_alves_borges,7,Shaylon Kallyson Cardozo,shaylon_kallyson_cardozo
123,2026,A,13,Mirassol,mirassol,2T,2T,19,0,64,25,Antonio Francisco Moura Neto,antonio_francisco_moura_neto,21,Jose Aldo Soares de Oliveira,jose_aldo_soares_de_oliveira
123,2026,A,13,São Paulo,sao_paulo,2T,2T,21,0,66,33,Luan Vinicius da Silva Santos,luan_vinicius_da_silva_santos,16,Damian Josue Bobadilla Benitez,damian_josue_bobadilla_benitez
123,2026,A,13,São Paulo,sao_paulo,2T,2T,30,0,75,45,Lucca Marques Alencar,lucca_marques_alencar,80,Cauly Oliveira Souza,cauly_oliveira_souza
123,2026,A,13,Mirassol,mirassol,2T,2T,35,0,80,29,Francisco das Chagas Soares,francisco_das_chagas_soares,2,Lucas da Cruz Oliveira,lucas_da_cruz_oliveira
123,2026,A,13,Mirassol,mirassol,2T,2T,35,0,80,17,Everton Galdino Moreira,everton_galdino_moreira,33,Carlos Eduardo de Oliveira A,carlos_eduardo_de_oliveira_a
123,2026,A,13,Mirassol,mirassol,2T,2T,38,0,83,95,Edson Guilherme Mendes dos S,edson_guilherme_mendes_dos_s,77,Alesson dos Santos Batista,alesson_dos_santos_batista
123,2026,A,13,São Paulo,sao_paulo,2T,2T,41,0,86,4,Matheus Doria Macedo,matheus_doria_macedo,10,Luciano da Rocha Neves,luciano_da_rocha_neves
124,2026,A,13,Corinthians,corinthians,2T,2T,17,0,62,77,Jesse Ellis Lingard,jesse_ellis_lingard,11,Victor Vinicius Coelho Santos,victor_vinicius_coelho_santos
124,2026,A,13,Vasco da Gama Saf,vasco_da_gama_saf,2T,2T,17,0,62,28,Adson Ferreira Soares,adson_ferreira_soares,3,Danilo das Neves Pinheiro,danilo_das_neves_pinheiro
124,2026,A,13,Vasco da Gama Saf,vasco_da_gama_saf,2T,2T,22,0,67,77,Claudio Paul Spinelli,claudio_paul_spinelli,7,David Correa da Fonseca,david_correa_da_fonseca
124,2026,A,13,Vasco da Gama Saf,vasco_da_gama_saf,2T,2T,32,0,77,17,Nuno Gonçalo Rocha Moreira,nuno_goncalo_rocha_moreira,96,Paulo Henrique de Oliveira A,paulo_henrique_de_oliveira_a
124,2026,A,13,Corinthians,corinthians,2T,2T,32,0,77,19,Andre Martin Carrillo Diaz,andre_martin_carrillo_diaz,8,Rodrigo Garro,rodrigo_garro
124,2026,A,13,Corinthians,corinthians,2T,2T,43,0,88,23,Matheus Pereira da Silva,matheus_pereira_da_silva,7,Breno de Souza Bidon,breno_de_souza_bidon
124,2026,A,13,Corinthians,corinthians,2T,2T,43,0,88,26,Fabrizio German Angileri,fabrizio_german_angileri,21,Matheus Lima Beltrao Oliveira,matheus_lima_beltrao_oliveira
125,2026,A,13,Palmeiras,palmeiras,2T,2T,12,0,57,7,Felipe Anderson Pereira Gomes,felipe_anderson_pereira_gomes,40,Allan Andrade Elias,allan_andrade_elias
125,2026,A,13,Palmeiras,palmeiras,2T,2T,12,0,57,18,Mauricio Magalhaes Prado,mauricio_magalhaes_prado,42,Jose Manuel Alberto Lopez,jose_manuel_alberto_lopez
125,2026,A,13,Red Bull Bragantino,red_bull_bragantino,2T,2T,15,0,60,32,Jose Maria Herrera Ares,jose_maria_herrera_ares,30,Henry David Mosquera Sanchez,henry_david_mosquera_sanchez
125,2026,A,13,Red Bull Bragantino,red_bull_bragantino,2T,2T,15,0,60,20,Rodrigo Huendra Almeida Mend,rodrigo_huendra_almeida_mend,8,Eduardo Colcenti Antunes,eduardo_colcenti_antunes
125,2026,A,13,Red Bull Bragantino,red_bull_bragantino,2T,2T,15,0,60,17,Vinicius Mendonca Pereira,vinicius_mendonca_pereira,35,Matheus Fernandes Siqueira,matheus_fernandes_siqueira
125,2026,A,13,Palmeiras,palmeiras,2T,2T,29,0,74,30,Lucas Evangelista Santana de,lucas_evangelista_santana_de,8,Andreas Hugo Hoelgebaum Pere,andreas_hugo_hoelgebaum_pere
125,2026,A,13,Palmeiras,palmeiras,2T,2T,40,0,85,32,Emiliano Martinez Toranza,emiliano_martinez_toranza,19,Ramon Sosa Acosta,ramon_sosa_acosta
125,2026,A,13,Palmeiras,palmeiras,2T,2T,40,0,85,12,Khellven Douglas Silva Olive,khellven_douglas_silva_olive,11,Jhon Adolfo Arias Andrade,jhon_adolfo_arias_andrade
125,2026,A,13,Red Bull Bragantino,red_bull_bragantino,2T,2T,43,0,88,15,Ignacio Sosa Ospital,ignacio_sosa_ospital,6,Gabriel Girotto Franco,gabriel_girotto_franco
125,2026,A,13,Red Bull Bragantino,red_bull_bragantino,2T,2T,43,0,88,22,Gustavo Ribeiro Neves,gustavo_ribeiro_neves,34,Jose Andres Hurtado Cheme,jose_andres_hurtado_cheme
126,2026,A,13,Flamengo,flamengo,2T,2T,27,0,72,7,Luiz de Araujo Guimaraes Neto,luiz_de_araujo_guimaraes_neto,16,Samuel Dias Lino,samuel_dias_lino
126,2026,A,13,Atlético Mineiro,atletico_mineiro,2T,2T,27,0,72,92,Eduardo Pereira Rodrigues,eduardo_pereira_rodrigues,28,Tomas Esteban Cuello,tomas_esteban_cuello
126,2026,A,13,Atlético Mineiro,atletico_mineiro,2T,2T,27,0,72,10,Gustavo Henrique Furtado Sca,gustavo_henrique_furtado_sca,8,Maycon de Andrade Barberan,maycon_de_andrade_barberan
126,2026,A,13,Flamengo,flamengo,2T,2T,27,0,72,8,Saul Niguez Esclapez,saul_niguez_esclapez,21,Jorge Luiz Frello Filho,jorge_luiz_frello_filho
126,2026,A,13,Flamengo,flamengo,2T,2T,36,0,81,27,Bruno Henrique Pinto,bruno_henrique_pinto,10,Giorgian Daniel de Arrascaet,giorgian_daniel_de_arrascaet
126,2026,A,13,Flamengo,flamengo,2T,2T,36,0,81,6,Ayrton Lucas Dantas de Medei,ayrton_lucas_dantas_de_medei,26,Alex Sandro Lobo Silva,alex_sandro_lobo_silva
126,2026,A,13,Flamengo,flamengo,2T,2T,40,0,85,44,Vitor Eduardo da Silva Matos,vitor_eduardo_da_silva_matos,4,Leonardo Pereira,leonardo_pereira
127,2026,A,13,Coritiba SAF,coritiba_saf,1T,1T,33,0,33,6,Felipe Jonatan Rocha Andrade,felipe_jonatan_rocha_andrade,77,Breno Henrique Vasconcelos L,breno_henrique_vasconcelos_l
127,2026,A,13,Coritiba SAF,coritiba_saf,2T,2T,13,0,58,44,Joao Pedro Chermont Crema,joao_pedro_chermont_crema,3,Maicon Pereira Roque,maicon_pereira_roque
127,2026,A,13,Coritiba SAF,coritiba_saf,2T,2T,13,0,58,29,Willian Osmar de Oliveira Si,willian_osmar_de_oliveira_si,36,Vinicius Romualdo dos Santos,vinicius_romualdo_dos_santos
127,2026,A,13,Grêmio,gremio,2T,2T,23,0,68,21,Mateus Cardoso Lemos Martins,mateus_cardoso_lemos_martins,99,Jose David Enamorado Gomez,jose_david_enamorado_gomez
127,2026,A,13,Grêmio,gremio,2T,2T,29,0,74,5,Juan Ignacio Martin Nardoni,juan_ignacio_martin_nardoni,37,Gabriel Ferreira de Carvalho,gabriel_ferreira_de_carvalho
127,2026,A,13,Grêmio,gremio,2T,2T,29,0,74,22,Martin Christensen Braithwaite,martin_christensen_braithwaite,95,Carlos Vinicius Alves Morais,carlos_vinicius_alves_morais
127,2026,A,13,Coritiba SAF,coritiba_saf,2T,2T,32,0,77,23,Tiago Coser,tiago_coser,21,Thiago dos Santos,thiago_dos_santos
127,2026,A,13,Coritiba SAF,coritiba_saf,2T,2T,32,0,77,7,Joaquin Lavega Colzada,joaquin_lavega_colzada,32,Pedro Rocha Neves,pedro_rocha_neves
127,2026,A,13,Grêmio,gremio,2T,2T,44,0,89,65,Riquelme Freitas dos Santos,riquelme_freitas_dos_santos,8,Arthur Henrique Ramos de Oli,arthur_henrique_ramos_de_oli
128,2026,A,13,Athletico Paranaense,athletico_paranaense,2T,2T,17,0,62,53,Eduardo Kogitzki Anastacio,eduardo_kogitzki_anastacio,8,João Victor Machado Cruz,joao_victor_machado_cruz
128,2026,A,13,Vitória,vitoria,2T,2T,28,0,73,23,Fabricio do Rosario dos Santos,fabricio_do_rosario_dos_santos,91,Carlos Rene de Sousa Ferreira,carlos_rene_de_sousa_ferreira
128,2026,A,13,Vitória,vitoria,2T,2T,28,0,73,12,Diego Tarzia,diego_tarzia,10,Matheus Martins Fogaca de Pa,matheus_martins_fogaca_de_pa
128,2026,A,13,Vitória,vitoria,2T,2T,33,0,78,7,Mario Sergio Santos Costa,mario_sergio_santos_costa,33,Erick de Arruda Serafim,erick_de_arruda_serafim
128,2026,A,13,Athletico Paranaense,athletico_paranaense,2T,2T,33,0,78,10,Bruno Zapelli,bruno_zapelli,27,Juan Camilo Portilla Orozco,juan_camilo_portilla_orozco
128,2026,A,13,Athletico Paranaense,athletico_paranaense,2T,2T,33,0,78,47,Felipe Chiqueti Bandeira,felipe_chiqueti_bandeira,48,Bruno Braga Ramos,bruno_braga_ramos
128,2026,A,13,Athletico Paranaense,athletico_paranaense,2T,2T,43,0,88,70,Renan Peixoto Nepomuceno,renan_peixoto_nepomuceno,7,John Steven Mendoza Valencia,john_steven_mendoza_valencia
128,2026,A,13,Vitória,vitoria,2T,2T,90,3,93,20,Lucas Rodrigues da Silva,lucas_rodrigues_da_silva,88,Jose Vitor Silva Neves,jose_vitor_silva_neves
129,2026,A,13,Santos Fc,santos_fc,2T,2T,19,0,64,19,Lautaro Ariel Diaz,lautaro_ariel_diaz,16,Thaciano Mickael da Silva,thaciano_mickael_da_silva
129,2026,A,13,Santos Fc,santos_fc,2T,2T,19,0,64,30,Miguel Angel Terceros Acuna,miguel_angel_terceros_acuna,32,Benjamin Rollheiser,benjamin_rollheiser
129,2026,A,13,Bahia,bahia,2T,2T,25,0,70,14,Erick Luis Conrado Carvalho,erick_luis_conrado_carvalho,8,Caio Alexandre Sousa E Silva,caio_alexandre_sousa_e_silva
129,2026,A,13,Bahia,bahia,2T,2T,25,0,70,27,Everaldo Stum,everaldo_stum,99,Cristian Gonzalo Olivera Iba,cristian_gonzalo_olivera_iba
129,2026,A,13,Santos Fc,santos_fc,2T,2T,36,0,81,8,Tomás Eduardo Rincón Hernánd,tomas_eduardo_rincon_hernand,49,Gabriel Morais Silva Bontempo,gabriel_morais_silva_bontempo
129,2026,A,13,Santos Fc,santos_fc,2T,2T,36,0,81,21,Moises Vieira da Veiga,moises_vieira_da_veiga,11,Ronielson da Silva Barbosa,ronielson_da_silva_barbosa
129,2026,A,13,Santos Fc,santos_fc,2T,2T,43,0,88,14,Luan Peres Petroni,luan_peres_petroni,5,Joao Felipe Schmidt Urbano,joao_felipe_schmidt_urbano
129,2026,A,13,Bahia,bahia,2T,2T,90,1,91,7,Ademir da Silva Santos Junior,ademir_da_silva_santos_junior,16,Erick da Costa Farias,erick_da_costa_farias
130,2026,A,13,Remo,remo,2T,2T,11,0,56,10,Jaderson Flores dos Reis,jaderson_flores_dos_reis,99,Gabriel Buscariol Poveda,gabriel_buscariol_poveda
130,2026,A,13,Remo,remo,2T,2T,11,0,56,11,Alef Mangueira Severino Pere,alef_mangueira_severino_pere,55,Jose Ricardo Araujo Fernandes,jose_ricardo_araujo_fernandes
130,2026,A,13,Cruzeiro,cruzeiro,2T,2T,19,0,64,94,Wanderson Maciel Sousa Campos,wanderson_maciel_sousa_campos,19,Kaio Jorge Pinto Ramos,kaio_jorge_pinto_ramos
130,2026,A,13,Remo,remo,2T,2T,22,0,67,33,Diego Manuel Hernandez Gonza,diego_manuel_hernandez_gonza,22,Glaybson Yago Souza Lisboa,glaybson_yago_souza_lisboa
130,2026,A,13,Cruzeiro,cruzeiro,2T,2T,30,0,75,91,Francisco da Costa Aragao,francisco_da_costa_aragao,9,Bruno Rafael Rodrigues do Na,bruno_rafael_rodrigues_do_na
130,2026,A,13,Cruzeiro,cruzeiro,2T,2T,30,0,75,8,Matheus Henrique de Souza,matheus_henrique_de_souza,88,Christian Roberto Alves Card,christian_roberto_alves_card
130,2026,A,13,Remo,remo,2T,2T,37,0,82,45,João Pedro Sousa Silva,joao_pedro_sousa_silva,37,Jandir Breno Souza Silva,jandir_breno_souza_silva
130,2026,A,13,Remo,remo,2T,2T,37,0,82,14,Leonel Marcelo Picco,leonel_marcelo_picco,28,José Welison da Silva,jose_welison_da_silva
130,2026,A,13,Cruzeiro,cruzeiro,2T,2T,41,0,86,17,Luis Fernando Sinisterra Luc,luis_fernando_sinisterra_luc,99,Keny Alexander Arroyo Alvarado,keny_alexander_arroyo_alvarado
131,2026,A,14,Vasco da Gama Saf,vasco_da_gama_saf,2T,2T,19,0,64,11,Carlos Andres Gomez Hinestroza,carlos_andres_gomez_hinestroza,7,David Correa da Fonseca,david_correa_da_fonseca
131,2026,A,14,Vasco da Gama Saf,vasco_da_gama_saf,2T,2T,19,0,64,28,Adson Ferreira Soares,adson_ferreira_soares,20,Brenner Souza da Silva,brenner_souza_da_silva
131,2026,A,14,Vasco da Gama Saf,vasco_da_gama_saf,2T,2T,19,0,64,77,Claudio Paul Spinelli,claudio_paul_spinelli,96,Paulo Henrique de Oliveira A,paulo_henrique_de_oliveira_a
131,2026,A,14,Flamengo,flamengo,2T,2T,24,0,69,27,Bruno Henrique Pinto,bruno_henrique_pinto,16,Samuel Dias Lino,samuel_dias_lino
131,2026,A,14,Flamengo,flamengo,2T,2T,24,0,69,18,Diego Nicolas de La Cruz Arc,diego_nicolas_de_la_cruz_arc,7,Luiz de Araujo Guimaraes Neto,luiz_de_araujo_guimaraes_neto
131,2026,A,14,Vasco da Gama Saf,vasco_da_gama_saf,2T,2T,30,0,75,17,Nuno Gonçalo Rocha Moreira,nuno_goncalo_rocha_moreira,10,Johan Rojas Echavarria,johan_rojas_echavarria
131,2026,A,14,Vasco da Gama Saf,vasco_da_gama_saf,2T,2T,35,0,80,25,Hugo Moura Arruda da Silva,hugo_moura_arruda_da_silva,88,Cauan Lucas Barros da Luz,cauan_lucas_barros_da_luz
131,2026,A,14,Flamengo,flamengo,2T,2T,36,0,81,8,Saul Niguez Esclapez,saul_niguez_esclapez,21,Jorge Luiz Frello Filho,jorge_luiz_frello_filho
131,2026,A,14,Flamengo,flamengo,2T,2T,45,0,90,64,Wallace Yan de Souza Barreto,wallace_yan_de_souza_barreto,9,Pedro Guilherme Abreu dos Sa,pedro_guilherme_abreu_dos_sa
132,2026,A,14,Botafogo,botafogo,2T,2T,17,0,62,25,Allan Marques Loureiro,allan_marques_loureiro,6,Cristian Nicolas Medina,cristian_nicolas_medina
132,2026,A,14,Botafogo,botafogo,2T,2T,17,0,62,21,Fernando Marcal de Oliveira,fernando_marcal_de_oliveira,13,Alex Nicolao Telles,alex_nicolao_telles
132,2026,A,14,Remo,remo,2T,2T,26,0,71,14,Leonel Marcelo Picco,leonel_marcelo_picco,28,José Welison da Silva,jose_welison_da_silva
132,2026,A,14,Botafogo,botafogo,2T,2T,31,0,76,7,Jose Antonio dos Santos Junior,jose_antonio_dos_santos_junior,10,Alvaro Montoro,alvaro_montoro
132,2026,A,14,Botafogo,botafogo,2T,2T,34,0,79,30,Carlos Joaquin Correa,carlos_joaquin_correa,25,Allan Marques Loureiro,allan_marques_loureiro
132,2026,A,14,Remo,remo,2T,2T,39,0,84,10,Jaderson Flores dos Reis,jaderson_flores_dos_reis,55,Jose Ricardo Araujo Fernandes,jose_ricardo_araujo_fernandes
132,2026,A,14,Remo,remo,2T,2T,45,0,90,26,David Francisco Trindade Braga,david_francisco_trindade_braga,98,Mayksilvan da Silva Ferreira,mayksilvan_da_silva_ferreira
132,2026,A,14,Remo,remo,2T,2T,45,0,90,2,Matheus Alexandre Anastacio,matheus_alexandre_anastacio,79,Marcelo Rodrigues Souza,marcelo_rodrigues_souza
132,2026,A,14,Remo,remo,2T,2T,45,0,90,99,Gabriel Buscariol Poveda,gabriel_buscariol_poveda,11,Alef Mangueira Severino Pere,alef_mangueira_severino_pere
133,2026,A,14,São Paulo,sao_paulo,2T,2T,4,0,49,21,Cedric Ricardo Alves Soares,cedric_ricardo_alves_soares,19,Lucas Ramon Batista Silva,lucas_ramon_batista_silva
133,2026,A,14,Bahia,bahia,2T,2T,10,0,55,23,Mateo Naim Sanabria Doracio,mateo_naim_sanabria_doracio,99,Cristian Gonzalo Olivera Iba,cristian_gonzalo_olivera_iba
133,2026,A,14,São Paulo,sao_paulo,2T,2T,17,0,62,7,Lucas Rodrigues Moura da Silva,lucas_rodrigues_moura_da_silva,80,Cauly Oliveira Souza,cauly_oliveira_souza
133,2026,A,14,São Paulo,sao_paulo,2T,2T,25,0,70,13,Enzo Hernan Díaz,enzo_hernan_diaz,18,Wendell Nascimento Borges,wendell_nascimento_borges
133,2026,A,14,São Paulo,sao_paulo,2T,2T,25,0,70,33,Luan Vinicius da Silva Santos,luan_vinicius_da_silva_santos,94,Daniel de Oliveira Sertanejo,daniel_de_oliveira_sertanejo
133,2026,A,14,São Paulo,sao_paulo,2T,2T,25,0,70,11,Aldemir dos Santos Ferreira,aldemir_dos_santos_ferreira,10,Luciano da Rocha Neves,luciano_da_rocha_neves
133,2026,A,14,Bahia,bahia,2T,2T,37,0,82,11,Rodrigo Nestor Bertalia,rodrigo_nestor_bertalia,10,Everton Augusto de Barros Ri,everton_augusto_de_barros_ri
133,2026,A,14,Bahia,bahia,2T,2T,37,0,82,27,Everaldo Stum,everaldo_stum,12,Willian Jose da Silva,willian_jose_da_silva
133,2026,A,14,Bahia,bahia,2T,2T,37,0,82,15,Michel Daryl Araujo Villar,michel_daryl_araujo_villar,6,Jean Lucas de Souza Oliveira,jean_lucas_de_souza_oliveira
133,2026,A,14,Bahia,bahia,2T,2T,37,0,82,7,Ademir da Silva Santos Junior,ademir_da_silva_santos_junior,16,Erick da Costa Farias,erick_da_costa_farias
134,2026,A,14,Palmeiras,palmeiras,2T,2T,14,0,59,19,Ramon Sosa Acosta,ramon_sosa_acosta,30,Lucas Evangelista Santana de,lucas_evangelista_santana_de
134,2026,A,14,Santos Fc,santos_fc,2T,2T,22,0,67,15,Willian Souza Arao da Silva,willian_souza_arao_da_silva,28,Christian Gabriel Oliva Gime,christian_gabriel_oliva_gime
134,2026,A,14,Palmeiras,palmeiras,2T,2T,28,0,73,50,Luis Felipe Pacheco da Costa,luis_felipe_pacheco_da_costa,8,Andreas Hugo Hoelgebaum Pere,andreas_hugo_hoelgebaum_pere
134,2026,A,14,Palmeiras,palmeiras,2T,2T,28,0,73,10,Paulo Henrique Sampaio Filho,paulo_henrique_sampaio_filho,18,Mauricio Magalhaes Prado,mauricio_magalhaes_prado
134,2026,A,14,Palmeiras,palmeiras,2T,2T,33,0,78,32,Emiliano Martinez Toranza,emiliano_martinez_toranza,15,Gustavo Raul Gomez Portillo,gustavo_raul_gomez_portillo
134,2026,A,14,Santos Fc,santos_fc,2T,2T,35,0,80,21,Moises Vieira da Veiga,moises_vieira_da_veiga,22,Alvaro Martin Barreal,alvaro_martin_barreal
134,2026,A,14,Santos Fc,santos_fc,2T,2T,35,0,80,11,Ronielson da Silva Barbosa,ronielson_da_silva_barbosa,9,Gabriel Barbosa Almeida,gabriel_barbosa_almeida
134,2026,A,14,Santos Fc,santos_fc,2T,2T,40,0,85,47,Mateus Xavier de Sousa,mateus_xavier_de_sousa,32,Benjamin Rollheiser,benjamin_rollheiser
134,2026,A,14,Santos Fc,santos_fc,2T,2T,40,0,85,6,Jose Rafael Vivian,jose_rafael_vivian,49,Gabriel Morais Silva Bontempo,gabriel_morais_silva_bontempo
135,2026,A,14,Mirassol,mirassol,2T,2T,16,0,61,27,Antonio Javier Galeano Ferre,antonio_javier_galeano_ferre,96,Carlos Eduardo Ferreira de S,carlos_eduardo_ferreira_de_s
135,2026,A,14,Mirassol,mirassol,2T,2T,16,0,61,5,Yuri Lima Lara,yuri_lima_lara,8,Denilson Alves Borges,denilson_alves_borges
135,2026,A,14,Corinthians,corinthians,2T,2T,16,0,61,37,Kaio Cesar Andrade Lima,kaio_cesar_andrade_lima,77,Jesse Ellis Lingard,jesse_ellis_lingard
135,2026,A,14,Mirassol,mirassol,2T,2T,25,0,70,99,Andre Luis Silva de Aguiar,andre_luis_silva_de_aguiar,95,Edson Guilherme Mendes dos S,edson_guilherme_mendes_dos_s
135,2026,A,14,Corinthians,corinthians,2T,2T,28,0,73,18,Pedro Raul Garay da Silva,pedro_raul_garay_da_silva,9,Yuri Alberto Monteiro da Silva,yuri_alberto_monteiro_da_silva
135,2026,A,14,Corinthians,corinthians,2T,2T,28,0,73,61,Diego da Cruz Lopes,diego_da_cruz_lopes,23,Matheus Pereira da Silva,matheus_pereira_da_silva
135,2026,A,14,Corinthians,corinthians,2T,2T,28,0,73,52,Zakaria Labyad,zakaria_labyad,8,Rodrigo Garro,rodrigo_garro
135,2026,A,14,Corinthians,corinthians,2T,2T,35,0,80,80,Alex Paulo Menezes Santana,alex_paulo_menezes_santana,7,Breno de Souza Bidon,breno_de_souza_bidon
135,2026,A,14,Mirassol,mirassol,2T,2T,40,0,85,97,Antonio Josenildo Rodrigues,antonio_josenildo_rodrigues,12,Victor Luis Chuab Zamblauskas,victor_luis_chuab_zamblauskas
135,2026,A,14,Mirassol,mirassol,2T,2T,40,0,85,33,Carlos Eduardo de Oliveira A,carlos_eduardo_de_oliveira_a,7,Shaylon Kallyson Cardozo,shaylon_kallyson_cardozo
136,2026,A,14,Cruzeiro,cruzeiro,1T,1T,39,0,39,22,Neiser David Villareal Quino,neiser_david_villareal_quino,2,Kauã Moraes Silva,kaua_moraes_silva
136,2026,A,14,Cruzeiro,cruzeiro,2T,2T,16,0,61,9,Bruno Rafael Rodrigues do Na,bruno_rafael_rodrigues_do_na,29,Lucas Daniel Romero,lucas_daniel_romero
136,2026,A,14,Cruzeiro,cruzeiro,2T,2T,16,0,61,94,Wanderson Maciel Sousa Campos,wanderson_maciel_sousa_campos,88,Christian Roberto Alves Card,christian_roberto_alves_card
136,2026,A,14,Atlético Mineiro,atletico_mineiro,2T,2T,18,0,63,19,Reinier Jesus Carvalho,reinier_jesus_carvalho,27,Alan Steve Minda Garcia,alan_steve_minda_garcia
136,2026,A,14,Atlético Mineiro,atletico_mineiro,2T,2T,31,0,76,36,Kauã Pascini Resende,kaua_pascini_resende,11,Bernard Anicio Caldeira Duarte,bernard_anicio_caldeira_duarte
136,2026,A,14,Cruzeiro,cruzeiro,2T,2T,32,0,77,8,Matheus Henrique de Souza,matheus_henrique_de_souza,10,Matheus Fellipe Costa Pereira,matheus_fellipe_costa_pereira
136,2026,A,14,Cruzeiro,cruzeiro,2T,2T,32,0,77,43,Joao Marcelo Messias Ferreira,joao_marcelo_messias_ferreira,11,Gerson Santos da Silva,gerson_santos_da_silva
136,2026,A,14,Atlético Mineiro,atletico_mineiro,2T,2T,42,0,87,29,Caua Campos Soares,caua_campos_soares,9,Zander Mateo Cassierra Cabezas,zander_mateo_cassierra_cabezas
136,2026,A,14,Atlético Mineiro,atletico_mineiro,2T,2T,42,0,87,25,Tomás Perez,tomas_perez,8,Maycon de Andrade Barberan,maycon_de_andrade_barberan
137,2026,A,14,Fluminense,fluminense,2T,2T,17,0,62,16,Gustavo Nonato Santana,gustavo_nonato_santana,5,Facundo Bernal Cruz,facundo_bernal_cruz
137,2026,A,14,Internacional,internacional,2T,2T,24,0,69,29,Thiago Maia Alencar,thiago_maia_alencar,8,Bruno Henrique Corsini,bruno_henrique_corsini
137,2026,A,14,Internacional,internacional,2T,2T,24,0,69,19,Rafael Santos Borre Maury,rafael_santos_borre_maury,9,Alerrandro Barra Mansa Reali,alerrandro_barra_mansa_reali
137,2026,A,14,Fluminense,fluminense,2T,2T,28,0,73,35,Hercules Pereira do Nascimento,hercules_pereira_do_nascimento,25,Alisson Euler de Freitas Cas,alisson_euler_de_freitas_cas
137,2026,A,14,Fluminense,fluminense,2T,2T,28,0,73,19,Rodrigo Castillo,rodrigo_castillo,7,Yeferson Julio Soteldo Marti,yeferson_julio_soteldo_marti
137,2026,A,14,Internacional,internacional,2T,2T,39,0,84,35,Braian Nahuel Aguirre,braian_nahuel_aguirre,7,Johan Stiven Carbonero Balanta,johan_stiven_carbonero_balanta
137,2026,A,14,Internacional,internacional,2T,2T,43,0,88,11,Kayky da Silva Chagas,kayky_da_silva_chagas,26,Alexandro Ezequiel Bernabei,alexandro_ezequiel_bernabei
138,2026,A,14,Athletico Paranaense,athletico_paranaense,1T,1T,34,0,34,6,Leonardo Derik Dias Goncalves,leonardo_derik_dias_goncalves,8,João Victor Machado Cruz,joao_victor_machado_cruz
138,2026,A,14,Grêmio,gremio,2T,2T,5,0,50,10,Willian Borges da Silva,willian_borges_da_silva,5,Juan Ignacio Martin Nardoni,juan_ignacio_martin_nardoni
138,2026,A,14,Athletico Paranaense,athletico_paranaense,2T,2T,18,0,63,63,Diogo Riquelme Rivas do Nasc,diogo_riquelme_rivas_do_nasc,27,Juan Camilo Portilla Orozco,juan_camilo_portilla_orozco
138,2026,A,14,Athletico Paranaense,athletico_paranaense,2T,2T,18,0,63,53,Eduardo Kogitzki Anastacio,eduardo_kogitzki_anastacio,48,Bruno Braga Ramos,bruno_braga_ramos
138,2026,A,14,Grêmio,gremio,2T,2T,19,0,64,21,Mateus Cardoso Lemos Martins,mateus_cardoso_lemos_martins,22,Martin Christensen Braithwaite,martin_christensen_braithwaite
139,2026,A,14,Coritiba SAF,coritiba_saf,2T,2T,17,0,62,44,Joao Pedro Chermont Crema,joao_pedro_chermont_crema,11,Lucas Ronier Vieira Pires,lucas_ronier_vieira_pires
139,2026,A,14,Coritiba SAF,coritiba_saf,2T,2T,17,0,62,36,Vinicius Romualdo dos Santos,vinicius_romualdo_dos_santos,19,Sebastian Gomez Londono,sebastian_gomez_londono
139,2026,A,14,Coritiba SAF,coritiba_saf,2T,2T,17,0,62,78,Renato Marques de Oliveira J,renato_marques_de_oliveira_j,32,Pedro Rocha Neves,pedro_rocha_neves
139,2026,A,14,Vitória,vitoria,2T,2T,18,0,63,26,Edenilson Santos Nascimento,edenilson_santos_nascimento,88,Jose Vitor Silva Neves,jose_vitor_silva_neves
139,2026,A,14,Vitória,vitoria,2T,2T,18,0,63,8,Ronald dos Santos Lopes,ronald_dos_santos_lopes,95,Caique de Jesus Goncalves,caique_de_jesus_goncalves
139,2026,A,14,Vitória,vitoria,2T,2T,29,0,74,77,Hueglo dos Santos Neris,hueglo_dos_santos_neris,25,Carlos de Menezes Junior,carlos_de_menezes_junior
139,2026,A,14,Coritiba SAF,coritiba_saf,2T,2T,29,0,74,39,Gustavo Silva de Oliveira,gustavo_silva_de_oliveira,10,Josue Filipe Soares Pesqueira,josue_filipe_soares_pesqueira
139,2026,A,14,Vitória,vitoria,2T,2T,32,0,77,7,Mario Sergio Santos Costa,mario_sergio_santos_costa,33,Erick de Arruda Serafim,erick_de_arruda_serafim
139,2026,A,14,Coritiba SAF,coritiba_saf,2T,2T,39,0,84,16,Joao Vitor da Silva Almeida,joao_vitor_da_silva_almeida,7,Joaquin Lavega Colzada,joaquin_lavega_colzada
140,2026,A,14,Chapecoense,chapecoense,1T,1T,18,0,18,4,Joao Paulo Silveira dos Santos,joao_paulo_silveira_dos_santos,15,Rafael Thyere de Albuquerque,rafael_thyere_de_albuquerque
140,2026,A,14,Red Bull Bragantino,red_bull_bragantino,2T,2T,22,0,67,22,Gustavo Ribeiro Neves,gustavo_ribeiro_neves,15,Ignacio Sosa Ospital,ignacio_sosa_ospital
140,2026,A,14,Chapecoense,chapecoense,2T,2T,30,0,75,77,Italo de Vargas da Rosa,italo_de_vargas_da_rosa,7,Marcio Antonio de Sousa Junior,marcio_antonio_de_sousa_junior
140,2026,A,14,Chapecoense,chapecoense,2T,2T,30,0,75,10,Giovanni Augusto Oliveira Ca,giovanni_augusto_oliveira_ca,25,Victor Henrique Carvalho Cae,victor_henrique_carvalho_cae
140,2026,A,14,Chapecoense,chapecoense,2T,2T,30,0,75,2,Marcos Vinicius da Silva San,marcos_vinicius_da_silva_san,26,Everton Souza da Cruz,everton_souza_da_cruz
140,2026,A,14,Red Bull Bragantino,red_bull_bragantino,2T,2T,31,0,76,11,Fernando dos Santos Pedro,fernando_dos_santos_pedro,8,Eduardo Colcenti Antunes,eduardo_colcenti_antunes
140,2026,A,14,Chapecoense,chapecoense,2T,2T,38,0,83,20,Jean Carlos Vicente,jean_carlos_vicente,5,Joao Vitor de Souza Martins,joao_vitor_de_souza_martins
140,2026,A,14,Red Bull Bragantino,red_bull_bragantino,2T,2T,39,0,84,46,Breno de Moraes Souza,breno_de_moraes_souza,51,Cauê Nascimento Santos,caue_nascimento_santos
140,2026,A,14,Red Bull Bragantino,red_bull_bragantino,2T,2T,39,0,84,7,Eric dos Santos Rodrigues,eric_dos_santos_rodrigues,32,Jose Maria Herrera Ares,jose_maria_herrera_ares
141,2026,A,15,Fluminense,fluminense,2T,2T,28,0,73,35,Hercules Pereira do Nascimento,hercules_pereira_do_nascimento,25,Alisson Euler de Freitas Cas,alisson_euler_de_freitas_cas
141,2026,A,15,Fluminense,fluminense,2T,2T,28,0,73,19,Rodrigo Castillo,rodrigo_castillo,16,Gustavo Nonato Santana,gustavo_nonato_santana
141,2026,A,15,Fluminense,fluminense,2T,2T,28,0,73,90,Kevin Steven Serna Jaramillo,kevin_steven_serna_jaramillo,7,Yeferson Julio Soteldo Marti,yeferson_julio_soteldo_marti
141,2026,A,15,Vitória,vitoria,2T,2T,30,0,75,12,Diego Tarzia,diego_tarzia,79,Renato Kayzer de Souza,renato_kayzer_de_souza
141,2026,A,15,Fluminense,fluminense,2T,2T,37,0,82,28,Riquelme Felipe Silva de Alm,riquelme_felipe_silva_de_alm,11,Jefferson David Savarino Qui,jefferson_david_savarino_qui
141,2026,A,15,Vitória,vitoria,2T,2T,37,0,82,31,Renzo Lopez Patron,renzo_lopez_patron,91,Carlos Rene de Sousa Ferreira,carlos_rene_de_sousa_ferreira
141,2026,A,15,Vitória,vitoria,2T,2T,37,0,82,55,Jose Breno Silva Costa,jose_breno_silva_costa,95,Caique de Jesus Goncalves,caique_de_jesus_goncalves
141,2026,A,15,Fluminense,fluminense,2T,2T,37,0,82,23,Claudio Rodrigues Gomes,claudio_rodrigues_gomes,2,Samuel Xavier Brito,samuel_xavier_brito
141,2026,A,15,Vitória,vitoria,2T,2T,42,0,87,77,Hueglo dos Santos Neris,hueglo_dos_santos_neris,45,Nathan Gabriel de Souza Mendes,nathan_gabriel_de_souza_mendes
141,2026,A,15,Vitória,vitoria,2T,2T,42,0,87,8,Ronald dos Santos Lopes,ronald_dos_santos_lopes,44,Gabriel Baralhas dos Santos,gabriel_baralhas_dos_santos
142,2026,A,15,Athletico Paranaense,athletico_paranaense,1T,1T,10,0,10,6,Leonardo Derik Dias Goncalves,leonardo_derik_dias_goncalves,22,Carlos Teran Diaz,carlos_teran_diaz
142,2026,A,15,Athletico Paranaense,athletico_paranaense,2T,2T,18,0,63,5,Antonio Feliphe Costa Silva,antonio_feliphe_costa_silva,14,Luiz Gustavo Dias,luiz_gustavo_dias
142,2026,A,15,Vasco da Gama Saf,vasco_da_gama_saf,2T,2T,22,0,67,3,Danilo das Neves Pinheiro,danilo_das_neves_pinheiro,10,Johan Rojas Echavarria,johan_rojas_echavarria
142,2026,A,15,Athletico Paranaense,athletico_paranaense,2T,2T,27,0,72,11,Isaac Rodrigues de Lima,isaac_rodrigues_de_lima,70,Renan Peixoto Nepomuceno,renan_peixoto_nepomuceno
142,2026,A,15,Athletico Paranaense,athletico_paranaense,2T,2T,27,0,72,10,Bruno Zapelli,bruno_zapelli,8,João Victor Machado Cruz,joao_victor_machado_cruz
142,2026,A,15,Athletico Paranaense,athletico_paranaense,2T,2T,27,0,72,47,Felipe Chiqueti Bandeira,felipe_chiqueti_bandeira,48,Bruno Braga Ramos,bruno_braga_ramos
142,2026,A,15,Vasco da Gama Saf,vasco_da_gama_saf,2T,2T,31,0,76,20,Brenner Souza da Silva,brenner_souza_da_silva,77,Claudio Paul Spinelli,claudio_paul_spinelli
142,2026,A,15,Vasco da Gama Saf,vasco_da_gama_saf,2T,2T,31,0,76,17,Nuno Gonçalo Rocha Moreira,nuno_goncalo_rocha_moreira,28,Adson Ferreira Soares,adson_ferreira_soares
142,2026,A,15,Vasco da Gama Saf,vasco_da_gama_saf,2T,2T,45,0,90,43,Lucas de Freitas Molarinho C,lucas_de_freitas_molarinho_c,6,Lucas Piton Crivellaro,lucas_piton_crivellaro
142,2026,A,15,Vasco da Gama Saf,vasco_da_gama_saf,2T,2T,45,0,90,83,Ramon Rique Santos de Souza,ramon_rique_santos_de_souza,11,Carlos Andres Gomez Hinestroza,carlos_andres_gomez_hinestroza
143,2026,A,15,Red Bull Bragantino,red_bull_bragantino,2T,2T,21,0,66,20,Rodrigo Huendra Almeida Mend,rodrigo_huendra_almeida_mend,6,Gabriel Girotto Franco,gabriel_girotto_franco
143,2026,A,15,Santos FC,santos_fc,2T,2T,24,0,69,11,Ronielson da Silva Barbosa,ronielson_da_silva_barbosa,49,Gabriel Morais Silva Bontempo,gabriel_morais_silva_bontempo
143,2026,A,15,Santos FC,santos_fc,2T,2T,24,0,69,15,Willian Souza Arao da Silva,willian_souza_arao_da_silva,28,Christian Gabriel Oliva Gime,christian_gabriel_oliva_gime
143,2026,A,15,Red Bull Bragantino,red_bull_bragantino,2T,2T,29,0,74,11,Fernando dos Santos Pedro,fernando_dos_santos_pedro,30,Henry David Mosquera Sanchez,henry_david_mosquera_sanchez
143,2026,A,15,Red Bull Bragantino,red_bull_bragantino,2T,2T,32,0,77,23,Ariel Agustín Sant'anna Quin,ariel_agustin_sant_anna_quin,34,Jose Andres Hurtado Cheme,jose_andres_hurtado_cheme
143,2026,A,15,Santos FC,santos_fc,2T,2T,36,0,81,9,Gabriel Barbosa Almeida,gabriel_barbosa_almeida,10,Neymar da Silva Santos Junior,neymar_da_silva_santos_junior
143,2026,A,15,Santos FC,santos_fc,2T,2T,41,0,86,21,Moises Vieira da Veiga,moises_vieira_da_veiga,22,Alvaro Martin Barreal,alvaro_martin_barreal
143,2026,A,15,Santos FC,santos_fc,2T,2T,41,0,86,30,Miguel Angel Terceros Acuna,miguel_angel_terceros_acuna,32,Benjamin Rollheiser,benjamin_rollheiser
144,2026,A,15,São Paulo,sao_paulo,2T,2T,22,0,67,33,Luan Vinicius da Silva Santos,luan_vinicius_da_silva_santos,94,Daniel de Oliveira Sertanejo,daniel_de_oliveira_sertanejo
144,2026,A,15,São Paulo,sao_paulo,2T,2T,22,0,67,80,Cauly Oliveira Souza,cauly_oliveira_souza,11,Aldemir dos Santos Ferreira,aldemir_dos_santos_ferreira
144,2026,A,15,Corinthians,corinthians,2T,2T,36,0,81,61,Diego da Cruz Lopes,diego_da_cruz_lopes,19,Andre Martin Carrillo Diaz,andre_martin_carrillo_diaz
144,2026,A,15,São Paulo,sao_paulo,2T,2T,36,0,81,18,Wendell Nascimento Borges,wendell_nascimento_borges,13,Enzo Hernan Díaz,enzo_hernan_diaz
144,2026,A,15,Corinthians,corinthians,2T,2T,43,0,88,52,Zakaria Labyad,zakaria_labyad,8,Rodrigo Garro,rodrigo_garro
144,2026,A,15,Corinthians,corinthians,2T,2T,43,0,88,18,Pedro Raul Garay da Silva,pedro_raul_garay_da_silva,9,Yuri Alberto Monteiro da Silva,yuri_alberto_monteiro_da_silva
144,2026,A,15,São Paulo,sao_paulo,2T,2T,90,1,91,17,Andre Oliveira Silva,andre_oliveira_silva,16,Damian Josue Bobadilla Benitez,damian_josue_bobadilla_benitez
145,2026,A,15,Mirassol,mirassol,1T,1T,12,0,12,17,Everton Galdino Moreira,everton_galdino_moreira,99,Andre Luis Silva de Aguiar,andre_luis_silva_de_aguiar
145,2026,A,15,Mirassol,mirassol,1T,1T,37,0,37,20,Daniel Fortunato Borges,daniel_fortunato_borges,32,Igor Marques Paciencia Cardoso,igor_marques_paciencia_cardoso
145,2026,A,15,Chapecoense,chapecoense,2T,2T,8,0,53,31,Mauricio Garcez de Jesus,mauricio_garcez_de_jesus,7,Marcio Antonio de Sousa Junior,marcio_antonio_de_sousa_junior
145,2026,A,15,Mirassol,mirassol,2T,2T,22,0,67,33,Carlos Eduardo de Oliveira A,carlos_eduardo_de_oliveira_a,8,Denilson Alves Borges,denilson_alves_borges
145,2026,A,15,Mirassol,mirassol,2T,2T,22,0,67,27,Antonio Javier Galeano Ferre,antonio_javier_galeano_ferre,7,Shaylon Kallyson Cardozo,shaylon_kallyson_cardozo
145,2026,A,15,Chapecoense,chapecoense,2T,2T,24,0,69,10,Giovanni Augusto Oliveira Ca,giovanni_augusto_oliveira_ca,11,Bolasie Yala,bolasie_yala
145,2026,A,15,Chapecoense,chapecoense,2T,2T,24,0,69,99,Rafael dos Santos Carvalheir,rafael_dos_santos_carvalheir,5,Joao Vitor de Souza Martins,joao_vitor_de_souza_martins
145,2026,A,15,Chapecoense,chapecoense,2T,2T,33,0,78,20,Jean Carlos Vicente,jean_carlos_vicente,25,Victor Henrique Carvalho Cae,victor_henrique_carvalho_cae
145,2026,A,15,Chapecoense,chapecoense,2T,2T,33,0,78,77,Italo de Vargas da Rosa,italo_de_vargas_da_rosa,97,Sebastiao Enio Santos de Alm,sebastiao_enio_santos_de_alm
146,2026,A,15,Atlético Mineiro,atletico_mineiro,2T,2T,3,0,48,5,Alexsander Cristhian Gomes d,alexsander_cristhian_gomes_d,11,Bernard Anicio Caldeira Duarte,bernard_anicio_caldeira_duarte
146,2026,A,15,Botafogo,botafogo,2T,2T,18,0,63,37,Jose Kadir Barria Rose,jose_kadir_barria_rose,88,Edenilson Andrade dos Santos,edenilson_andrade_dos_santos
146,2026,A,15,Atlético Mineiro,atletico_mineiro,2T,2T,23,0,68,14,Vitor Hugo Franchescoli de S,vitor_hugo_franchescoli_de_s,3,Ivan Ramiro Roman Hurtado,ivan_ramiro_roman_hurtado
146,2026,A,15,Atlético Mineiro,atletico_mineiro,2T,2T,23,0,68,39,Mamady Cissé,mamady_cisse,27,Alan Steve Minda Garcia,alan_steve_minda_garcia
146,2026,A,15,Botafogo,botafogo,2T,2T,28,0,73,10,Alvaro Montoro,alvaro_montoro,28,Newton Araujo da Costa Junior,newton_araujo_da_costa_junior
146,2026,A,15,Botafogo,botafogo,2T,2T,28,0,73,21,Fernando Marcal de Oliveira,fernando_marcal_de_oliveira,13,Alex Nicolao Telles,alex_nicolao_telles
146,2026,A,15,Botafogo,botafogo,2T,2T,34,0,79,14,Jordan Andres Barrera Herrera,jordan_andres_barrera_herrera,11,Matheus Martins Silva dos Sa,matheus_martins_silva_dos_sa
146,2026,A,15,Atlético Mineiro,atletico_mineiro,2T,2T,42,0,87,19,Reinier Jesus Carvalho,reinier_jesus_carvalho,28,Tomas Esteban Cuello,tomas_esteban_cuello
147,2026,A,15,Grêmio,gremio,1T,1T,9,0,9,38,Caio Fernando de Oliveira,caio_fernando_de_oliveira,54,Pedro Gabriel Crisostomo Pin,pedro_gabriel_crisostomo_pin
147,2026,A,15,Flamengo,flamengo,2T,2T,18,0,63,22,Emerson Aparecido Leite de S,emerson_aparecido_leite_de_s,6,Ayrton Lucas Dantas de Medei,ayrton_lucas_dantas_de_medei
147,2026,A,15,Flamengo,flamengo,2T,2T,18,0,63,7,Luiz de Araujo Guimaraes Neto,luiz_de_araujo_guimaraes_neto,19,Gonzalo Jordy Plata Jimenez,gonzalo_jordy_plata_jimenez
147,2026,A,15,Grêmio,gremio,2T,2T,18,0,63,39,Tiago Augusto Goncalves,tiago_augusto_goncalves,33,Leonel Ulises Perez,leonel_ulises_perez
147,2026,A,15,Grêmio,gremio,2T,2T,30,0,75,99,Jose David Enamorado Gomez,jose_david_enamorado_gomez,9,Francis Apelete Amuzu,francis_apelete_amuzu
147,2026,A,15,Grêmio,gremio,2T,2T,30,0,75,22,Martin Christensen Braithwaite,martin_christensen_braithwaite,7,Cristian David Pavon,cristian_david_pavon
147,2026,A,15,Flamengo,flamengo,2T,2T,42,0,87,27,Bruno Henrique Pinto,bruno_henrique_pinto,9,Pedro Guilherme Abreu dos Sa,pedro_guilherme_abreu_dos_sa
147,2026,A,15,Flamengo,flamengo,2T,2T,42,0,87,18,Diego Nicolas de La Cruz Arc,diego_nicolas_de_la_cruz_arc,15,Jorge Andres Carrascal Guardo,jorge_andres_carrascal_guardo
148,2026,A,15,Internacional,internacional,2T,2T,15,0,60,19,Rafael Santos Borre Maury,rafael_santos_borre_maury,6,Matheus Bahia Santos,matheus_bahia_santos
148,2026,A,15,Coritiba SAF,coritiba_saf,2T,2T,18,0,63,8,Wallisson Luiz Alves Maximo,wallisson_luiz_alves_maximo,36,Vinicius Romualdo dos Santos,vinicius_romualdo_dos_santos
148,2026,A,15,Coritiba SAF,coritiba_saf,2T,2T,18,0,63,4,Rodrigo Modesto da Silva Mol,rodrigo_modesto_da_silva_mol,7,Joaquin Lavega Colzada,joaquin_lavega_colzada
148,2026,A,15,Coritiba SAF,coritiba_saf,2T,2T,29,0,74,39,Gustavo Silva de Oliveira,gustavo_silva_de_oliveira,10,Josue Filipe Soares Pesqueira,josue_filipe_soares_pesqueira
148,2026,A,15,Coritiba SAF,coritiba_saf,2T,2T,35,0,80,88,Fernando Pereira do Nascimento,fernando_pereira_do_nascimento,6,Felipe Jonatan Rocha Andrade,felipe_jonatan_rocha_andrade
148,2026,A,15,Coritiba SAF,coritiba_saf,2T,2T,35,0,80,78,Renato Marques de Oliveira J,renato_marques_de_oliveira_j,32,Pedro Rocha Neves,pedro_rocha_neves
148,2026,A,15,Internacional,internacional,2T,2T,36,0,81,17,Bruno Vinicius Souza Ramos,bruno_vinicius_souza_ramos,9,Alerrandro Barra Mansa Reali,alerrandro_barra_mansa_reali
148,2026,A,15,Internacional,internacional,2T,2T,36,0,81,29,Thiago Maia Alencar,thiago_maia_alencar,8,Bruno Henrique Corsini,bruno_henrique_corsini
148,2026,A,15,Internacional,internacional,2T,2T,36,0,81,10,Alan Patrick Lourenço,alan_patrick_lourenco,7,Johan Stiven Carbonero Balanta,johan_stiven_carbonero_balanta
149,2026,A,15,Bahia,bahia,1T,1T,33,0,33,27,Everaldo Stum,everaldo_stum,12,Willian Jose da Silva,willian_jose_da_silva
149,2026,A,15,Cruzeiro,cruzeiro,2T,2T,16,0,61,19,Kaio Jorge Pinto Ramos,kaio_jorge_pinto_ramos,22,Neiser David Villareal Quino,neiser_david_villareal_quino
149,2026,A,15,Bahia,bahia,2T,2T,16,0,61,11,Rodrigo Nestor Bertalia,rodrigo_nestor_bertalia,10,Everton Augusto de Barros Ri,everton_augusto_de_barros_ri
149,2026,A,15,Bahia,bahia,2T,2T,26,0,71,15,Michel Daryl Araujo Villar,michel_daryl_araujo_villar,6,Jean Lucas de Souza Oliveira,jean_lucas_de_souza_oliveira
149,2026,A,15,Bahia,bahia,2T,2T,26,0,71,99,Cristian Gonzalo Olivera Iba,cristian_gonzalo_olivera_iba,16,Erick da Costa Farias,erick_da_costa_farias
149,2026,A,15,Cruzeiro,cruzeiro,2T,2T,26,0,71,25,Lucas Hernan Villalba,lucas_hernan_villalba,2,Kauã Moraes Silva,kaua_moraes_silva
149,2026,A,15,Cruzeiro,cruzeiro,2T,2T,26,0,71,94,Wanderson Maciel Sousa Campos,wanderson_maciel_sousa_campos,17,Luis Fernando Sinisterra Luc,luis_fernando_sinisterra_luc
149,2026,A,15,Cruzeiro,cruzeiro,2T,2T,32,0,77,16,Lucas Silva Borges,lucas_silva_borges,11,Gerson Santos da Silva,gerson_santos_da_silva
150,2026,A,15,Palmeiras,palmeiras,2T,2T,11,0,56,12,Khellven Douglas Silva Olive,khellven_douglas_silva_olive,6,Jefté Vital da Silva Dias,jefte_vital_da_silva_dias
150,2026,A,15,Palmeiras,palmeiras,2T,2T,28,0,73,30,Lucas Evangelista Santana de,lucas_evangelista_santana_de,8,Andreas Hugo Hoelgebaum Pere,andreas_hugo_hoelgebaum_pere
150,2026,A,15,Palmeiras,palmeiras,2T,2T,28,0,73,3,Bruno de Lara Fuchs,bruno_de_lara_fuchs,4,Agustin Giay,agustin_giay
150,2026,A,15,Remo,remo,2T,2T,28,0,73,99,Gabriel Buscariol Poveda,gabriel_buscariol_poveda,11,Alef Mangueira Severino Pere,alef_mangueira_severino_pere
150,2026,A,15,Palmeiras,palmeiras,2T,2T,37,0,82,18,Mauricio Magalhaes Prado,mauricio_magalhaes_prado,40,Allan Andrade Elias,allan_andrade_elias
150,2026,A,15,Remo,remo,2T,2T,37,0,82,14,Leonel Marcelo Picco,leonel_marcelo_picco,28,José Welison da Silva,jose_welison_da_silva
150,2026,A,15,Palmeiras,palmeiras,2T,2T,37,0,82,10,Paulo Henrique Sampaio Filho,paulo_henrique_sampaio_filho,11,Jhon Adolfo Arias Andrade,jhon_adolfo_arias_andrade
150,2026,A,15,Remo,remo,2T,2T,37,0,82,2,Matheus Alexandre Anastacio,matheus_alexandre_anastacio,22,Glaybson Yago Souza Lisboa,glaybson_yago_souza_lisboa
150,2026,A,15,Remo,remo,2T,2T,90,7,97,7,Giovanni Fernando Cofreste P,giovanni_fernando_cofreste_p,8,Patrick Bezerra do Nascimento,patrick_bezerra_do_nascimento
150,2026,A,15,Remo,remo,2T,2T,90,7,97,33,Diego Manuel Hernandez Gonza,diego_manuel_hernandez_gonza,79,Marcelo Rodrigues Souza,marcelo_rodrigues_souza
151,2026,A,16,Fluminense,fluminense,2T,2T,15,0,60,19,Rodrigo Castillo,rodrigo_castillo,9,John Kennedy Batista de Souza,john_kennedy_batista_de_souza
151,2026,A,16,Fluminense,fluminense,2T,2T,15,0,60,90,Kevin Steven Serna Jaramillo,kevin_steven_serna_jaramillo,32,Luciano Federico Acosta,luciano_federico_acosta
151,2026,A,16,São Paulo,sao_paulo,2T,2T,18,0,63,11,Aldemir dos Santos Ferreira,aldemir_dos_santos_ferreira,80,Cauly Oliveira Souza,cauly_oliveira_souza
151,2026,A,16,São Paulo,sao_paulo,2T,2T,31,0,76,14,Gonzalo Andrés Tapia Dubourn,gonzalo_andres_tapia_dubourn,17,Andre Oliveira Silva,andre_oliveira_silva
151,2026,A,16,São Paulo,sao_paulo,2T,2T,31,0,76,33,Luan Vinicius da Silva Santos,luan_vinicius_da_silva_santos,18,Wendell Nascimento Borges,wendell_nascimento_borges
151,2026,A,16,Fluminense,fluminense,2T,2T,37,0,82,5,Facundo Bernal Cruz,facundo_bernal_cruz,16,Gustavo Nonato Santana,gustavo_nonato_santana
151,2026,A,16,Fluminense,fluminense,2T,2T,37,0,82,7,Yeferson Julio Soteldo Marti,yeferson_julio_soteldo_marti,17,Agustin Canobbio Graviz,agustin_canobbio_graviz
151,2026,A,16,São Paulo,sao_paulo,2T,2T,90,4,94,21,Cedric Ricardo Alves Soares,cedric_ricardo_alves_soares,19,Lucas Ramon Batista Silva,lucas_ramon_batista_silva
152,2026,A,16,Corinthians,corinthians,2T,2T,16,0,61,49,André Luiz Santos Dias,andre_luiz_santos_dias,14,Raniele Almeida Melo,raniele_almeida_melo
152,2026,A,16,Botafogo,botafogo,2T,2T,21,0,66,2,Victor Alexander da Silva,victor_alexander_da_silva,4,Mateo Ponte Costa,mateo_ponte_costa
152,2026,A,16,Botafogo,botafogo,2T,2T,28,0,73,88,Edenilson Andrade dos Santos,edenilson_andrade_dos_santos,77,Lucas Martín Villalba Jaume,lucas_martin_villalba_jaume
152,2026,A,16,Corinthians,corinthians,2T,2T,31,0,76,29,Allan Rodrigues de Souza,allan_rodrigues_de_souza,7,Breno de Souza Bidon,breno_de_souza_bidon
152,2026,A,16,Corinthians,corinthians,2T,2T,31,0,76,18,Pedro Raul Garay da Silva,pedro_raul_garay_da_silva,8,Rodrigo Garro,rodrigo_garro
152,2026,A,16,Corinthians,corinthians,2T,2T,31,0,76,61,Diego da Cruz Lopes,diego_da_cruz_lopes,19,Andre Martin Carrillo Diaz,andre_martin_carrillo_diaz
152,2026,A,16,Botafogo,botafogo,2T,2T,34,0,79,23,Santiago Mariano Rodriguez M,santiago_mariano_rodriguez_m,10,Alvaro Montoro,alvaro_montoro
152,2026,A,16,Botafogo,botafogo,2T,2T,34,0,79,34,Gabriel Pereira Justino,gabriel_pereira_justino,6,Cristian Nicolas Medina,cristian_nicolas_medina
153,2026,A,16,Santos FC,santos_fc,1T,1T,39,0,39,28,Christian Gabriel Oliva Gime,christian_gabriel_oliva_gime,12,Mayke Rocha de Oliveira,mayke_rocha_de_oliveira
153,2026,A,16,Santos FC,santos_fc,2T,2T,10,0,55,26,João Paulo Ananias Bento,joao_paulo_ananias_bento,14,Luan Peres Petroni,luan_peres_petroni
153,2026,A,16,Coritiba SAF,coritiba_saf,2T,2T,15,0,60,8,Wallisson Luiz Alves Maximo,wallisson_luiz_alves_maximo,86,Lucas Taverna,lucas_taverna
153,2026,A,16,Coritiba SAF,coritiba_saf,2T,2T,15,0,60,29,Willian Osmar de Oliveira Si,willian_osmar_de_oliveira_si,7,Joaquin Lavega Colzada,joaquin_lavega_colzada
153,2026,A,16,Santos FC,santos_fc,2T,2T,20,0,65,7,Robson de Souza Júnior,robson_de_souza_junior,10,Neymar da Silva Santos Junior,neymar_da_silva_santos_junior
153,2026,A,16,Coritiba SAF,coritiba_saf,2T,2T,38,0,83,36,Vinicius Romualdo dos Santos,vinicius_romualdo_dos_santos,21,Thiago dos Santos,thiago_dos_santos
153,2026,A,16,Coritiba SAF,coritiba_saf,2T,2T,38,0,83,78,Renato Marques de Oliveira J,renato_marques_de_oliveira_j,32,Pedro Rocha Neves,pedro_rocha_neves
153,2026,A,16,Coritiba SAF,coritiba_saf,2T,2T,90,2,92,39,Gustavo Silva de Oliveira,gustavo_silva_de_oliveira,10,Josue Filipe Soares Pesqueira,josue_filipe_soares_pesqueira
153,2026,A,16,Coritiba SAF,coritiba_saf,2T,2T,90,4,94,33,David Alves França,david_alves_franca,77,Breno Henrique Vasconcelos L,breno_henrique_vasconcelos_l
154,2026,A,16,Palmeiras,palmeiras,1T,1T,16,0,16,18,Mauricio Magalhaes Prado,mauricio_magalhaes_prado,19,Ramon Sosa Acosta,ramon_sosa_acosta
154,2026,A,16,Palmeiras,palmeiras,1T,1T,43,0,43,30,Lucas Evangelista Santana de,lucas_evangelista_santana_de,7,Felipe Anderson Pereira Gomes,felipe_anderson_pereira_gomes
154,2026,A,16,Cruzeiro,cruzeiro,2T,2T,29,0,74,70,Kaique Kenji Takamura Correa,kaique_kenji_takamura_correa,99,Keny Alexander Arroyo Alvarado,keny_alexander_arroyo_alvarado
154,2026,A,16,Palmeiras,palmeiras,2T,2T,31,0,76,12,Khellven Douglas Silva Olive,khellven_douglas_silva_olive,4,Agustin Giay,agustin_giay
154,2026,A,16,Palmeiras,palmeiras,2T,2T,31,0,76,6,Jefté Vital da Silva Dias,jefte_vital_da_silva_dias,56,Arthur Gabriel Santana Marco,arthur_gabriel_santana_marco
154,2026,A,16,Palmeiras,palmeiras,2T,2T,31,0,76,10,Paulo Henrique Sampaio Filho,paulo_henrique_sampaio_filho,8,Andreas Hugo Hoelgebaum Pere,andreas_hugo_hoelgebaum_pere
154,2026,A,16,Cruzeiro,cruzeiro,2T,2T,43,0,88,17,Luis Fernando Sinisterra Luc,luis_fernando_sinisterra_luc,10,Matheus Fellipe Costa Pereira,matheus_fellipe_costa_pereira
154,2026,A,16,Cruzeiro,cruzeiro,2T,2T,43,0,88,16,Lucas Silva Borges,lucas_silva_borges,88,Christian Roberto Alves Card,christian_roberto_alves_card
155,2026,A,16,Vitória,vitoria,2T,2T,17,0,62,12,Diego Tarzia,diego_tarzia,33,Erick de Arruda Serafim,erick_de_arruda_serafim
155,2026,A,16,Red Bull Bragantino,red_bull_bragantino,2T,2T,24,0,69,8,Eduardo Colcenti Antunes,eduardo_colcenti_antunes,30,Henry David Mosquera Sanchez,henry_david_mosquera_sanchez
155,2026,A,16,Red Bull Bragantino,red_bull_bragantino,2T,2T,24,0,69,11,Fernando dos Santos Pedro,fernando_dos_santos_pedro,32,Jose Maria Herrera Ares,jose_maria_herrera_ares
155,2026,A,16,Vitória,vitoria,2T,2T,29,0,74,20,Lucas Rodrigues da Silva,lucas_rodrigues_da_silva,88,Jose Vitor Silva Neves,jose_vitor_silva_neves
155,2026,A,16,Red Bull Bragantino,red_bull_bragantino,2T,2T,31,0,76,7,Eric dos Santos Rodrigues,eric_dos_santos_rodrigues,22,Gustavo Ribeiro Neves,gustavo_ribeiro_neves
155,2026,A,16,Red Bull Bragantino,red_bull_bragantino,2T,2T,35,0,80,4,Alix Vinicius de Souza Sampaio,alix_vinicius_de_souza_sampaio,6,Gabriel Girotto Franco,gabriel_girotto_franco
155,2026,A,16,Red Bull Bragantino,red_bull_bragantino,2T,2T,35,0,80,20,Rodrigo Huendra Almeida Mend,rodrigo_huendra_almeida_mend,9,Isidro Miguel Pitta Saldivar,isidro_miguel_pitta_saldivar
155,2026,A,16,Vitória,vitoria,2T,2T,38,0,83,23,Fabricio do Rosario dos Santos,fabricio_do_rosario_dos_santos,10,Matheus Martins Fogaca de Pa,matheus_martins_fogaca_de_pa
155,2026,A,16,Vitória,vitoria,2T,2T,38,0,83,31,Renzo Lopez Patron,renzo_lopez_patron,91,Carlos Rene de Sousa Ferreira,carlos_rene_de_sousa_ferreira
156,2026,A,16,Mirassol,mirassol,2T,2T,11,0,56,21,Jose Aldo Soares de Oliveira,jose_aldo_soares_de_oliveira,2,Lucas da Cruz Oliveira,lucas_da_cruz_oliveira
156,2026,A,16,Mirassol,mirassol,2T,2T,11,0,56,7,Shaylon Kallyson Cardozo,shaylon_kallyson_cardozo,96,Carlos Eduardo Ferreira de S,carlos_eduardo_ferreira_de_s
156,2026,A,16,Mirassol,mirassol,2T,2T,17,0,62,29,Francisco das Chagas Soares,francisco_das_chagas_soares,95,Edson Guilherme Mendes dos S,edson_guilherme_mendes_dos_s
156,2026,A,16,Mirassol,mirassol,2T,2T,17,0,62,17,Everton Galdino Moreira,everton_galdino_moreira,8,Denilson Alves Borges,denilson_alves_borges
156,2026,A,16,Atlético Mineiro,atletico_mineiro,2T,2T,26,0,71,39,Mamady Cissé,mamady_cisse,28,Tomas Esteban Cuello,tomas_esteban_cuello
156,2026,A,16,Atlético Mineiro,atletico_mineiro,2T,2T,33,0,78,13,Lyanco Evangelista Silveira,lyanco_evangelista_silveira,27,Alan Steve Minda Garcia,alan_steve_minda_garcia
156,2026,A,16,Atlético Mineiro,atletico_mineiro,2T,2T,38,0,83,29,Caua Campos Soares,caua_campos_soares,9,Zander Mateo Cassierra Cabezas,zander_mateo_cassierra_cabezas
156,2026,A,16,Mirassol,mirassol,2T,2T,39,0,84,27,Antonio Javier Galeano Ferre,antonio_javier_galeano_ferre,33,Carlos Eduardo de Oliveira A,carlos_eduardo_de_oliveira_a
157,2026,A,16,Vasco da Gama Saf,vasco_da_gama_saf,2T,2T,18,0,63,7,David Correa da Fonseca,david_correa_da_fonseca,17,Nuno Gonçalo Rocha Moreira,nuno_goncalo_rocha_moreira
157,2026,A,16,Vasco da Gama Saf,vasco_da_gama_saf,2T,2T,28,0,73,18,Marino Hinestroza Angulo,marino_hinestroza_angulo,3,Danilo das Neves Pinheiro,danilo_das_neves_pinheiro
157,2026,A,16,Vasco da Gama Saf,vasco_da_gama_saf,2T,2T,28,0,73,83,Ramon Rique Santos de Souza,ramon_rique_santos_de_souza,20,Brenner Souza da Silva,brenner_souza_da_silva
157,2026,A,16,Internacional,internacional,2T,2T,33,0,78,19,Rafael Santos Borre Maury,rafael_santos_borre_maury,9,Alerrandro Barra Mansa Reali,alerrandro_barra_mansa_reali
157,2026,A,16,Internacional,internacional,2T,2T,33,0,78,31,Allex Rodrigues Pereira da S,allex_rodrigues_pereira_da_s,7,Johan Stiven Carbonero Balanta,johan_stiven_carbonero_balanta
157,2026,A,16,Internacional,internacional,2T,2T,40,0,85,16,Ronaldo da Silva Souza Guerr,ronaldo_da_silva_souza_guerr,8,Bruno Henrique Corsini,bruno_henrique_corsini
157,2026,A,16,Internacional,internacional,2T,2T,40,0,85,53,Luiz Felipe de Morais Franci,luiz_felipe_de_morais_franci,6,Matheus Bahia Santos,matheus_bahia_santos
157,2026,A,16,Internacional,internacional,2T,2T,45,0,90,33,Benjamin Arhin,benjamin_arhin,26,Alexandro Ezequiel Bernabei,alexandro_ezequiel_bernabei
158,2026,A,16,Athletico Paranaense,athletico_paranaense,1T,1T,26,0,26,26,Claudio Henrique de Jesus Pa,claudio_henrique_de_jesus_pa,6,Leonardo Derik Dias Goncalves,leonardo_derik_dias_goncalves
158,2026,A,16,Flamengo,flamengo,2T,2T,13,0,58,27,Bruno Henrique Pinto,bruno_henrique_pinto,8,Saul Niguez Esclapez,saul_niguez_esclapez
158,2026,A,16,Flamengo,flamengo,2T,2T,13,0,58,11,Everton Sousa Soares,everton_sousa_soares,16,Samuel Dias Lino,samuel_dias_lino
158,2026,A,16,Athletico Paranaense,athletico_paranaense,2T,2T,19,0,64,2,Gilberto Junior Leite dos Sa,gilberto_junior_leite_dos_sa,37,Lucas Angel Esquivel,lucas_angel_esquivel
158,2026,A,16,Athletico Paranaense,athletico_paranaense,2T,2T,19,0,64,8,João Victor Machado Cruz,joao_victor_machado_cruz,10,Bruno Zapelli,bruno_zapelli
158,2026,A,16,Flamengo,flamengo,2T,2T,36,0,81,22,Emerson Aparecido Leite de S,emerson_aparecido_leite_de_s,3,Leonardo Rech Ortiz,leonardo_rech_ortiz
158,2026,A,16,Flamengo,flamengo,2T,2T,90,2,92,44,Vitor Eduardo da Silva Matos,vitor_eduardo_da_silva_matos,9,Pedro Guilherme Abreu dos Sa,pedro_guilherme_abreu_dos_sa
158,2026,A,16,Flamengo,flamengo,2T,2T,90,2,92,6,Ayrton Lucas Dantas de Medei,ayrton_lucas_dantas_de_medei,15,Jorge Andres Carrascal Guardo,jorge_andres_carrascal_guardo
158,2026,A,16,Athletico Paranaense,athletico_paranaense,2T,2T,90,4,94,70,Renan Peixoto Nepomuceno,renan_peixoto_nepomuceno,5,Antonio Feliphe Costa Silva,antonio_feliphe_costa_silva
159,2026,A,16,Grêmio,gremio,2T,2T,14,0,59,32,Vitor Ramon Ribeiro de Olive,vitor_ramon_ribeiro_de_olive,14,Marcos Luis Rocha Aquino,marcos_luis_rocha_aquino
159,2026,A,16,Grêmio,gremio,2T,2T,14,0,59,22,Martin Christensen Braithwaite,martin_christensen_braithwaite,95,Carlos Vinicius Alves Morais,carlos_vinicius_alves_morais
159,2026,A,16,Bahia,bahia,2T,2T,14,0,59,23,Mateo Naim Sanabria Doracio,mateo_naim_sanabria_doracio,7,Ademir da Silva Santos Junior,ademir_da_silva_santos_junior
159,2026,A,16,Bahia,bahia,2T,2T,14,0,59,25,Iago Amaral Borduchi,iago_amaral_borduchi,46,Luciano Batista da Silva Jun,luciano_batista_da_silva_jun
159,2026,A,16,Grêmio,gremio,2T,2T,14,0,59,9,Francis Apelete Amuzu,francis_apelete_amuzu,99,Jose David Enamorado Gomez,jose_david_enamorado_gomez
159,2026,A,16,Bahia,bahia,2T,2T,21,0,66,11,Rodrigo Nestor Bertalia,rodrigo_nestor_bertalia,10,Everton Augusto de Barros Ri,everton_augusto_de_barros_ri
159,2026,A,16,Bahia,bahia,2T,2T,21,0,66,27,Everaldo Stum,everaldo_stum,12,Willian Jose da Silva,willian_jose_da_silva
159,2026,A,16,Grêmio,gremio,2T,2T,32,0,77,50,Bernardo Schons Zortea,bernardo_schons_zortea,19,Erick Carlos Noriega Loret d,erick_carlos_noriega_loret_d
159,2026,A,16,Bahia,bahia,2T,2T,38,0,83,90,Caio Suassuna Gonçalves Ferr,caio_suassuna_goncalves_ferr,2,Gilberto Moraes Junior,gilberto_moraes_junior
160,2026,A,16,Remo,remo,2T,2T,14,0,59,26,David Francisco Trindade Braga,david_francisco_trindade_braga,8,Patrick Bezerra do Nascimento,patrick_bezerra_do_nascimento
160,2026,A,16,Remo,remo,2T,2T,14,0,59,14,Leonel Marcelo Picco,leonel_marcelo_picco,15,Vitor Frezarin Bueno,vitor_frezarin_bueno
160,2026,A,16,Chapecoense,chapecoense,2T,2T,17,0,62,77,Italo de Vargas da Rosa,italo_de_vargas_da_rosa,7,Marcio Antonio de Sousa Junior,marcio_antonio_de_sousa_junior
160,2026,A,16,Chapecoense,chapecoense,2T,2T,28,0,73,31,Mauricio Garcez de Jesus,mauricio_garcez_de_jesus,3,Eduardo Vinicius Domachowski,eduardo_vinicius_domachowski
160,2026,A,16,Chapecoense,chapecoense,2T,2T,28,0,73,20,Jean Carlos Vicente,jean_carlos_vicente,97,Sebastiao Enio Santos de Alm,sebastiao_enio_santos_de_alm
160,2026,A,16,Remo,remo,2T,2T,30,0,75,2,Matheus Alexandre Anastacio,matheus_alexandre_anastacio,22,Glaybson Yago Souza Lisboa,glaybson_yago_souza_lisboa
160,2026,A,16,Chapecoense,chapecoense,2T,2T,38,0,83,5,Joao Vitor de Souza Martins,joao_vitor_de_souza_martins,2,Marcos Vinicius da Silva San,marcos_vinicius_da_silva_san
160,2026,A,16,Chapecoense,chapecoense,2T,2T,38,0,83,70,Rubens Tadeu Hartmann Ricoldi,rubens_tadeu_hartmann_ricoldi,18,Altemir Cordeiro Pessôa Neto,altemir_cordeiro_pessoa_neto
160,2026,A,16,Remo,remo,2T,2T,40,0,85,99,Gabriel Buscariol Poveda,gabriel_buscariol_poveda,11,Alef Mangueira Severino Pere,alef_mangueira_severino_pere
160,2026,A,16,Remo,remo,2T,2T,40,0,85,33,Diego Manuel Hernandez Gonza,diego_manuel_hernandez_gonza,37,Jandir Breno Souza Silva,jandir_breno_souza_silva
161,2026,A,17,Flamengo,flamengo,2T,2T,22,0,67,19,Gonzalo Jordy Plata Jimenez,gonzalo_jordy_plata_jimenez,16,Samuel Dias Lino,samuel_dias_lino
161,2026,A,17,Palmeiras,palmeiras,2T,2T,28,0,73,7,Felipe Anderson Pereira Gomes,felipe_anderson_pereira_gomes,11,Jhon Adolfo Arias Andrade,jhon_adolfo_arias_andrade
161,2026,A,17,Palmeiras,palmeiras,2T,2T,28,0,73,18,Mauricio Magalhaes Prado,mauricio_magalhaes_prado,8,Andreas Hugo Hoelgebaum Pere,andreas_hugo_hoelgebaum_pere
161,2026,A,17,Palmeiras,palmeiras,2T,2T,36,0,81,10,Paulo Henrique Sampaio Filho,paulo_henrique_sampaio_filho,40,Allan Andrade Elias,allan_andrade_elias
161,2026,A,17,Palmeiras,palmeiras,2T,2T,36,0,81,6,Jefté Vital da Silva Dias,jefte_vital_da_silva_dias,56,Arthur Gabriel Santana Marco,arthur_gabriel_santana_marco
161,2026,A,17,Flamengo,flamengo,2T,2T,36,0,81,18,Diego Nicolas de La Cruz Arc,diego_nicolas_de_la_cruz_arc,20,Lucas Tolentino Coelho de Lima,lucas_tolentino_coelho_de_lima
161,2026,A,17,Flamengo,flamengo,2T,2T,41,0,86,64,Wallace Yan de Souza Barreto,wallace_yan_de_souza_barreto,9,Pedro Guilherme Abreu dos Sa,pedro_guilherme_abreu_dos_sa
161,2026,A,17,Flamengo,flamengo,2T,2T,41,0,86,8,Saul Niguez Esclapez,saul_niguez_esclapez,21,Jorge Luiz Frello Filho,jorge_luiz_frello_filho
161,2026,A,17,Palmeiras,palmeiras,2T,2T,45,0,90,30,Lucas Evangelista Santana de,lucas_evangelista_santana_de,42,Jose Manuel Alberto Lopez,jose_manuel_alberto_lopez
162,2026,A,17,Vasco da Gama Saf,vasco_da_gama_saf,2T,2T,7,0,52,66,Luis Eduardo Soares da Silva,luis_eduardo_soares_da_silva,6,Lucas Piton Crivellaro,lucas_piton_crivellaro
162,2026,A,17,Vasco da Gama Saf,vasco_da_gama_saf,2T,2T,7,0,52,20,Brenner Souza da Silva,brenner_souza_da_silva,10,Johan Rojas Echavarria,johan_rojas_echavarria
162,2026,A,17,Red Bull Bragantino,red_bull_bragantino,2T,2T,25,0,70,22,Gustavo Ribeiro Neves,gustavo_ribeiro_neves,20,Rodrigo Huendra Almeida Mend,rodrigo_huendra_almeida_mend
162,2026,A,17,Red Bull Bragantino,red_bull_bragantino,2T,2T,25,0,70,8,Eduardo Colcenti Antunes,eduardo_colcenti_antunes,9,Isidro Miguel Pitta Saldivar,isidro_miguel_pitta_saldivar
162,2026,A,17,Red Bull Bragantino,red_bull_bragantino,2T,2T,25,0,70,11,Fernando dos Santos Pedro,fernando_dos_santos_pedro,30,Henry David Mosquera Sanchez,henry_david_mosquera_sanchez
162,2026,A,17,Vasco da Gama Saf,vasco_da_gama_saf,2T,2T,29,0,74,25,Hugo Moura Arruda da Silva,hugo_moura_arruda_da_silva,60,João Vitor Fonseca da Silva,joao_vitor_fonseca_da_silva
162,2026,A,17,Red Bull Bragantino,red_bull_bragantino,2T,2T,41,0,86,15,Ignacio Sosa Ospital,ignacio_sosa_ospital,7,Eric dos Santos Rodrigues,eric_dos_santos_rodrigues
162,2026,A,17,Red Bull Bragantino,red_bull_bragantino,2T,2T,41,0,86,46,Breno de Moraes Souza,breno_de_moraes_souza,23,Ariel Agustín Sant'anna Quin,ariel_agustin_sant_anna_quin
162,2026,A,17,Vasco da Gama Saf,vasco_da_gama_saf,2T,2T,41,0,86,7,David Correa da Fonseca,david_correa_da_fonseca,11,Carlos Andres Gomez Hinestroza,carlos_andres_gomez_hinestroza
163,2026,A,17,São Paulo,sao_paulo,1T,1T,30,0,30,46,Pedro Henrique Ferreira da S,pedro_henrique_ferreira_da_s,10,Luciano da Rocha Neves,luciano_da_rocha_neves
163,2026,A,17,São Paulo,sao_paulo,1T,1T,44,0,44,54,Luis Osorio Messias de Olive,luis_osorio_messias_de_olive,35,Jose Sabino Chagas Monteiro,jose_sabino_chagas_monteiro
163,2026,A,17,Botafogo,botafogo,2T,2T,19,0,64,88,Edenilson Andrade dos Santos,edenilson_andrade_dos_santos,10,Alvaro Montoro,alvaro_montoro
163,2026,A,17,Botafogo,botafogo,2T,2T,19,0,64,14,Jordan Andres Barrera Herrera,jordan_andres_barrera_herrera,59,Kauan Almeida Toledo,kauan_almeida_toledo
163,2026,A,17,São Paulo,sao_paulo,2T,2T,29,0,74,14,Gonzalo Andrés Tapia Dubourn,gonzalo_andres_tapia_dubourn,11,Aldemir dos Santos Ferreira,aldemir_dos_santos_ferreira
163,2026,A,17,São Paulo,sao_paulo,2T,2T,29,0,74,48,Djhordney Ferreira,djhordney_ferreira,46,Pedro Henrique Ferreira da S,pedro_henrique_ferreira_da_s
163,2026,A,17,Botafogo,botafogo,2T,2T,30,0,75,30,Carlos Joaquin Correa,carlos_joaquin_correa,75,Victor Hugo Custódio de Melo,victor_hugo_custodio_de_melo
163,2026,A,17,Botafogo,botafogo,2T,2T,42,0,87,9,Christopher Ramos de La Flor,christopher_ramos_de_la_flor,34,Gabriel Pereira Justino,gabriel_pereira_justino
164,2026,A,17,Corinthians,corinthians,2T,2T,15,0,60,29,Allan Rodrigues de Souza,allan_rodrigues_de_souza,14,Raniele Almeida Melo,raniele_almeida_melo
164,2026,A,17,Corinthians,corinthians,2T,2T,15,0,60,10,Memphis Depay,memphis_depay,49,André Luiz Santos Dias,andre_luiz_santos_dias
164,2026,A,17,Atlético Mineiro,atletico_mineiro,2T,2T,20,0,65,27,Alan Steve Minda Garcia,alan_steve_minda_garcia,30,Victor Hugo Gomes Silva,victor_hugo_gomes_silva
164,2026,A,17,Corinthians,corinthians,2T,2T,31,0,76,52,Zakaria Labyad,zakaria_labyad,8,Rodrigo Garro,rodrigo_garro
164,2026,A,17,Atlético Mineiro,atletico_mineiro,2T,2T,33,0,78,39,Mamady Cissé,mamady_cisse,11,Bernard Anicio Caldeira Duarte,bernard_anicio_caldeira_duarte
164,2026,A,17,Corinthians,corinthians,2T,2T,35,0,80,19,Andre Martin Carrillo Diaz,andre_martin_carrillo_diaz,7,Breno de Souza Bidon,breno_de_souza_bidon
164,2026,A,17,Atlético Mineiro,atletico_mineiro,2T,2T,45,0,90,29,Caua Campos Soares,caua_campos_soares,21,Alan Steven Franco Palma,alan_steven_franco_palma
165,2026,A,17,Mirassol,mirassol,2T,2T,11,0,56,10,Francisco Hyun Sol Kim,francisco_hyun_sol_kim,8,Denilson Alves Borges,denilson_alves_borges
165,2026,A,17,Fluminense,fluminense,2T,2T,14,0,59,35,Hercules Pereira do Nascimento,hercules_pereira_do_nascimento,16,Gustavo Nonato Santana,gustavo_nonato_santana
165,2026,A,17,Fluminense,fluminense,2T,2T,14,0,59,14,German Ezequiel Cano,german_ezequiel_cano,32,Luciano Federico Acosta,luciano_federico_acosta
165,2026,A,17,Fluminense,fluminense,2T,2T,22,0,67,28,Riquelme Felipe Silva de Alm,riquelme_felipe_silva_de_alm,7,Yeferson Julio Soteldo Marti,yeferson_julio_soteldo_marti
165,2026,A,17,Mirassol,mirassol,2T,2T,25,0,70,33,Carlos Eduardo de Oliveira A,carlos_eduardo_de_oliveira_a,96,Carlos Eduardo Ferreira de S,carlos_eduardo_ferreira_de_s
165,2026,A,17,Mirassol,mirassol,2T,2T,25,0,70,9,Nathan Uiliam Fogaca,nathan_uiliam_fogaca,77,Alesson dos Santos Batista,alesson_dos_santos_batista
165,2026,A,17,Fluminense,fluminense,2T,2T,31,0,76,13,Guilherme Antonio Arana Lopes,guilherme_antonio_arana_lopes,6,Rene Rodrigues Martins,rene_rodrigues_martins
165,2026,A,17,Fluminense,fluminense,2T,2T,31,0,76,34,Wesley Natã de Freitas Prado,wesley_nata_de_freitas_prado,9,John Kennedy Batista de Souza,john_kennedy_batista_de_souza
165,2026,A,17,Mirassol,mirassol,2T,2T,42,0,87,12,Victor Luis Chuab Zamblauskas,victor_luis_chuab_zamblauskas,6,Reinaldo Manoel da Silva,reinaldo_manoel_da_silva
165,2026,A,17,Mirassol,mirassol,2T,2T,42,0,87,2,Lucas da Cruz Oliveira,lucas_da_cruz_oliveira,95,Edson Guilherme Mendes dos S,edson_guilherme_mendes_dos_s
166,2026,A,17,Chapecoense,chapecoense,1T,1T,38,0,38,35,Vinicius Eduardo de Almeida,vinicius_eduardo_de_almeida,3,Eduardo Vinicius Domachowski,eduardo_vinicius_domachowski
166,2026,A,17,Cruzeiro,cruzeiro,2T,2T,19,0,64,88,Christian Roberto Alves Card,christian_roberto_alves_card,70,Kaique Kenji Takamura Correa,kaique_kenji_takamura_correa
166,2026,A,17,Chapecoense,chapecoense,2T,2T,20,0,65,2,Marcos Vinicius da Silva San,marcos_vinicius_da_silva_san,26,Everton Souza da Cruz,everton_souza_da_cruz
166,2026,A,17,Chapecoense,chapecoense,2T,2T,20,0,65,22,Higor Matheus Meritao,higor_matheus_meritao,17,Vinicius Balieiro Lourenco d,vinicius_balieiro_lourenco_d
166,2026,A,17,Cruzeiro,cruzeiro,2T,2T,32,0,77,9,Bruno Rafael Rodrigues do Na,bruno_rafael_rodrigues_do_na,17,Luis Fernando Sinisterra Luc,luis_fernando_sinisterra_luc
166,2026,A,17,Chapecoense,chapecoense,2T,2T,35,0,80,20,Jean Carlos Vicente,jean_carlos_vicente,35,Vinicius Eduardo de Almeida,vinicius_eduardo_de_almeida
166,2026,A,17,Cruzeiro,cruzeiro,2T,2T,90,4,94,22,Neiser David Villareal Quino,neiser_david_villareal_quino,19,Kaio Jorge Pinto Ramos,kaio_jorge_pinto_ramos
166,2026,A,17,Cruzeiro,cruzeiro,2T,2T,90,4,94,8,Matheus Henrique de Souza,matheus_henrique_de_souza,29,Lucas Daniel Romero,lucas_daniel_romero
166,2026,A,17,Cruzeiro,cruzeiro,2T,2T,90,4,94,23,Fagner Conserva Lemos,fagner_conserva_lemos,2,Kauã Moraes Silva,kaua_moraes_silva
167,2026,A,17,Grêmio,gremio,2T,2T,10,0,55,21,Mateus Cardoso Lemos Martins,mateus_cardoso_lemos_martins,99,Jose David Enamorado Gomez,jose_david_enamorado_gomez
167,2026,A,17,Santos FC,santos_fc,2T,2T,37,0,82,19,Lautaro Ariel Diaz,lautaro_ariel_diaz,15,Willian Souza Arao da Silva,willian_souza_arao_da_silva
167,2026,A,17,Grêmio,gremio,2T,2T,37,0,82,3,Wagner Leonardo Calvelo de S,wagner_leonardo_calvelo_de_s,95,Carlos Vinicius Alves Morais,carlos_vinicius_alves_morais
167,2026,A,17,Santos FC,santos_fc,2T,2T,37,0,82,7,Robson de Souza Júnior,robson_de_souza_junior,11,Ronielson da Silva Barbosa,ronielson_da_silva_barbosa
167,2026,A,17,Santos FC,santos_fc,2T,2T,42,0,87,21,Moises Vieira da Veiga,moises_vieira_da_veiga,9,Gabriel Barbosa Almeida,gabriel_barbosa_almeida
167,2026,A,17,Santos FC,santos_fc,2T,2T,42,0,87,81,Samuel Pierre Mendes E Silva,samuel_pierre_mendes_e_silva,30,Miguel Angel Terceros Acuna,miguel_angel_terceros_acuna
167,2026,A,17,Grêmio,gremio,2T,2T,44,0,89,14,Marcos Luis Rocha Aquino,marcos_luis_rocha_aquino,7,Cristian David Pavon,cristian_david_pavon
167,2026,A,17,Santos FC,santos_fc,2T,2T,90,2,92,27,Davi Fernandes Cavalcante Ri,davi_fernandes_cavalcante_ri,18,Igor Vinicius de Souza,igor_vinicius_de_souza
168,2026,A,17,Bahia,bahia,1T,1T,45,4,49,34,Joao Paulo Silva Martins,joao_paulo_silva_martins,22,Leonardo da Silva Vieira,leonardo_da_silva_vieira
168,2026,A,17,Bahia,bahia,2T,2T,15,0,60,7,Ademir da Silva Santos Junior,ademir_da_silva_santos_junior,23,Mateo Naim Sanabria Doracio,mateo_naim_sanabria_doracio
168,2026,A,17,Bahia,bahia,2T,2T,25,0,70,27,Everaldo Stum,everaldo_stum,12,Willian Jose da Silva,willian_jose_da_silva
168,2026,A,17,Bahia,bahia,2T,2T,25,0,70,15,Michel Daryl Araujo Villar,michel_daryl_araujo_villar,6,Jean Lucas de Souza Oliveira,jean_lucas_de_souza_oliveira
168,2026,A,17,Bahia,bahia,2T,2T,25,0,70,99,Cristian Gonzalo Olivera Iba,cristian_gonzalo_olivera_iba,16,Erick da Costa Farias,erick_da_costa_farias
168,2026,A,17,Coritiba SAF,coritiba_saf,2T,2T,33,0,78,86,Lucas Taverna,lucas_taverna,44,Joao Pedro Chermont Crema,joao_pedro_chermont_crema
168,2026,A,17,Coritiba SAF,coritiba_saf,2T,2T,33,0,78,28,Fabio Augusto Luciano da Silva,fabio_augusto_luciano_da_silva,7,Joaquin Lavega Colzada,joaquin_lavega_colzada
168,2026,A,17,Coritiba SAF,coritiba_saf,2T,2T,33,0,78,29,Willian Osmar de Oliveira Si,willian_osmar_de_oliveira_si,21,Thiago dos Santos,thiago_dos_santos
168,2026,A,17,Coritiba SAF,coritiba_saf,2T,2T,41,0,86,8,Wallisson Luiz Alves Maximo,wallisson_luiz_alves_maximo,19,Sebastian Gomez Londono,sebastian_gomez_londono
168,2026,A,17,Coritiba SAF,coritiba_saf,2T,2T,90,1,91,36,Vinicius Romualdo dos Santos,vinicius_romualdo_dos_santos,10,Josue Filipe Soares Pesqueira,josue_filipe_soares_pesqueira
169,2026,A,17,Internacional,internacional,2T,2T,18,0,63,17,Bruno Vinicius Souza Ramos,bruno_vinicius_souza_ramos,6,Matheus Bahia Santos,matheus_bahia_santos
169,2026,A,17,Internacional,internacional,2T,2T,21,0,66,41,Victor Gabriel da Conceição,victor_gabriel_da_conceicao,18,Jose Carlos Ferreira Junior,jose_carlos_ferreira_junior
169,2026,A,17,Vitória,vitoria,2T,2T,25,0,70,12,Diego Tarzia,diego_tarzia,10,Matheus Martins Fogaca de Pa,matheus_martins_fogaca_de_pa
169,2026,A,17,Vitória,vitoria,2T,2T,25,0,70,55,Jose Breno Silva Costa,jose_breno_silva_costa,83,Jamerson Santos de Jesus,jamerson_santos_de_jesus
169,2026,A,17,Vitória,vitoria,2T,2T,29,0,74,79,Renato Kayzer de Souza,renato_kayzer_de_souza,91,Carlos Rene de Sousa Ferreira,carlos_rene_de_sousa_ferreira
169,2026,A,17,Internacional,internacional,2T,2T,32,0,77,31,Allex Rodrigues Pereira da S,allex_rodrigues_pereira_da_s,19,Rafael Santos Borre Maury,rafael_santos_borre_maury
169,2026,A,17,Internacional,internacional,2T,2T,32,0,77,10,Alan Patrick Lourenço,alan_patrick_lourenco,15,Bruno Gomes da Silva Clevela,bruno_gomes_da_silva_clevela
169,2026,A,17,Internacional,internacional,2T,2T,32,0,77,29,Thiago Maia Alencar,thiago_maia_alencar,8,Bruno Henrique Corsini,bruno_henrique_corsini
169,2026,A,17,Vitória,vitoria,2T,2T,34,0,79,7,Mario Sergio Santos Costa,mario_sergio_santos_costa,33,Erick de Arruda Serafim,erick_de_arruda_serafim
171,2026,A,18,Flamengo,flamengo,1T,1T,18,0,18,61,João Victor de Souza Cunha,joao_victor_de_souza_cunha,3,Leonardo Rech Ortiz,leonardo_rech_ortiz
171,2026,A,18,Coritiba SAF,coritiba_saf,2T,2T,18,0,63,39,Gustavo Silva de Oliveira,gustavo_silva_de_oliveira,10,Josue Filipe Soares Pesqueira,josue_filipe_soares_pesqueira
171,2026,A,18,Coritiba SAF,coritiba_saf,2T,2T,18,0,63,6,Felipe Jonatan Rocha Andrade,felipe_jonatan_rocha_andrade,7,Joaquin Lavega Colzada,joaquin_lavega_colzada
171,2026,A,18,Coritiba SAF,coritiba_saf,2T,2T,18,0,63,36,Vinicius Romualdo dos Santos,vinicius_romualdo_dos_santos,21,Thiago dos Santos,thiago_dos_santos
171,2026,A,18,Flamengo,flamengo,2T,2T,30,0,75,8,Saul Niguez Esclapez,saul_niguez_esclapez,5,Erick Antonio Pulgar Farfan,erick_antonio_pulgar_farfan
171,2026,A,18,Flamengo,flamengo,2T,2T,30,0,75,11,Everton Sousa Soares,everton_sousa_soares,16,Samuel Dias Lino,samuel_dias_lino
171,2026,A,18,Flamengo,flamengo,2T,2T,40,0,85,79,Caio Joshua Lana de Andrade,caio_joshua_lana_de_andrade,9,Pedro Guilherme Abreu dos Sa,pedro_guilherme_abreu_dos_sa
171,2026,A,18,Flamengo,flamengo,2T,2T,40,0,85,64,Wallace Yan de Souza Barreto,wallace_yan_de_souza_barreto,7,Luiz de Araujo Guimaraes Neto,luiz_de_araujo_guimaraes_neto
171,2026,A,18,Coritiba SAF,coritiba_saf,2T,2T,42,0,87,8,Wallisson Luiz Alves Maximo,wallisson_luiz_alves_maximo,19,Sebastian Gomez Londono,sebastian_gomez_londono
172,2026,A,18,Vasco da Gama Saf,vasco_da_gama_saf,2T,2T,12,0,57,7,David Correa da Fonseca,david_correa_da_fonseca,17,Nuno Gonçalo Rocha Moreira,nuno_goncalo_rocha_moreira
172,2026,A,18,Atlético Mineiro,atletico_mineiro,2T,2T,17,0,62,5,Alexsander Cristhian Gomes d,alexsander_cristhian_gomes_d,30,Victor Hugo Gomes Silva,victor_hugo_gomes_silva
172,2026,A,18,Atlético Mineiro,atletico_mineiro,2T,2T,17,0,62,39,Mamady Cissé,mamady_cisse,11,Bernard Anicio Caldeira Duarte,bernard_anicio_caldeira_duarte
172,2026,A,18,Vasco da Gama Saf,vasco_da_gama_saf,2T,2T,23,0,68,72,Bruno Lopes Ferreira,bruno_lopes_ferreira,10,Johan Rojas Echavarria,johan_rojas_echavarria
172,2026,A,18,Vasco da Gama Saf,vasco_da_gama_saf,2T,2T,34,0,79,96,Paulo Henrique de Oliveira A,paulo_henrique_de_oliveira_a,2,Jose Luis Rodriguez Bebanz,jose_luis_rodriguez_bebanz
172,2026,A,18,Atlético Mineiro,atletico_mineiro,2T,2T,34,0,79,36,Kauã Pascini Resende,kaua_pascini_resende,16,Renan Augusto Lodi dos Santos,renan_augusto_lodi_dos_santos
172,2026,A,18,Vasco da Gama Saf,vasco_da_gama_saf,2T,2T,34,0,79,86,Lukas Rocha Zuccarello,lukas_rocha_zuccarello,28,Adson Ferreira Soares,adson_ferreira_soares
172,2026,A,18,Atlético Mineiro,atletico_mineiro,2T,2T,34,0,79,29,Caua Campos Soares,caua_campos_soares,19,Reinier Jesus Carvalho,reinier_jesus_carvalho
173,2026,A,18,Vitória,vitoria,1T,1T,27,0,27,6,Leandro Emmanuel Martinez,leandro_emmanuel_martinez,44,Gabriel Baralhas dos Santos,gabriel_baralhas_dos_santos
173,2026,A,18,Santos FC,santos_fc,2T,2T,15,0,60,26,João Paulo Ananias Bento,joao_paulo_ananias_bento,14,Luan Peres Petroni,luan_peres_petroni
173,2026,A,18,Santos FC,santos_fc,2T,2T,23,0,68,11,Ronielson da Silva Barbosa,ronielson_da_silva_barbosa,30,Miguel Angel Terceros Acuna,miguel_angel_terceros_acuna
173,2026,A,18,Vitória,vitoria,2T,2T,25,0,70,79,Renato Kayzer de Souza,renato_kayzer_de_souza,77,Hueglo dos Santos Neris,hueglo_dos_santos_neris
173,2026,A,18,Vitória,vitoria,2T,2T,25,0,70,7,Mario Sergio Santos Costa,mario_sergio_santos_costa,2,Claudio Coelho Salvatico,claudio_coelho_salvatico
173,2026,A,18,Santos FC,santos_fc,2T,2T,30,0,75,27,Davi Fernandes Cavalcante Ri,davi_fernandes_cavalcante_ri,49,Gabriel Morais Silva Bontempo,gabriel_morais_silva_bontempo
173,2026,A,18,Santos FC,santos_fc,2T,2T,30,0,75,32,Benjamin Rollheiser,benjamin_rollheiser,22,Alvaro Martin Barreal,alvaro_martin_barreal
173,2026,A,18,Vitória,vitoria,2T,2T,42,0,87,11,Osvaldo Lourenco Filho,osvaldo_lourenco_filho,6,Leandro Emmanuel Martinez,leandro_emmanuel_martinez
174,2026,A,18,Palmeiras,palmeiras,2T,2T,11,0,56,48,Larson Torna Ferreira dos Sa,larson_torna_ferreira_dos_sa,30,Lucas Evangelista Santana de,lucas_evangelista_santana_de
174,2026,A,18,Palmeiras,palmeiras,2T,2T,11,0,56,10,Paulo Henrique Sampaio Filho,paulo_henrique_sampaio_filho,31,Luighi Hanri Sousa Santos,luighi_hanri_sousa_santos
174,2026,A,18,Chapecoense,chapecoense,2T,2T,20,0,65,20,Jean Carlos Vicente,jean_carlos_vicente,10,Giovanni Augusto Oliveira Ca,giovanni_augusto_oliveira_ca
174,2026,A,18,Chapecoense,chapecoense,2T,2T,20,0,65,77,Italo de Vargas da Rosa,italo_de_vargas_da_rosa,7,Marcio Antonio de Sousa Junior,marcio_antonio_de_sousa_junior
174,2026,A,18,Chapecoense,chapecoense,2T,2T,25,0,70,35,Vinicius Eduardo de Almeida,vinicius_eduardo_de_almeida,33,Bruno Leonardo dos Santos Co,bruno_leonardo_dos_santos_co
174,2026,A,18,Palmeiras,palmeiras,2T,2T,30,0,75,6,Jefté Vital da Silva Dias,jefte_vital_da_silva_dias,56,Arthur Gabriel Santana Marco,arthur_gabriel_santana_marco
174,2026,A,18,Palmeiras,palmeiras,2T,2T,30,0,75,43,Luis Gustavo Roncholeta Bene,luis_gustavo_roncholeta_bene,7,Felipe Anderson Pereira Gomes,felipe_anderson_pereira_gomes
174,2026,A,18,Chapecoense,chapecoense,2T,2T,36,0,81,70,Rubens Tadeu Hartmann Ricoldi,rubens_tadeu_hartmann_ricoldi,26,Everton Souza da Cruz,everton_souza_da_cruz
174,2026,A,18,Chapecoense,chapecoense,2T,2T,36,0,81,18,Altemir Cordeiro Pessôa Neto,altemir_cordeiro_pessoa_neto,97,Sebastiao Enio Santos de Alm,sebastiao_enio_santos_de_alm
175,2026,A,18,Red Bull Bragantino,red_bull_bragantino,2T,2T,18,0,63,22,Gustavo Ribeiro Neves,gustavo_ribeiro_neves,7,Eric dos Santos Rodrigues,eric_dos_santos_rodrigues
175,2026,A,18,Internacional,internacional,2T,2T,24,0,69,19,Rafael Santos Borre Maury,rafael_santos_borre_maury,9,Alerrandro Barra Mansa Reali,alerrandro_barra_mansa_reali
175,2026,A,18,Internacional,internacional,2T,2T,24,0,69,35,Braian Nahuel Aguirre,braian_nahuel_aguirre,5,Rodrigo Roman Villagra,rodrigo_roman_villagra
175,2026,A,18,Red Bull Bragantino,red_bull_bragantino,2T,2T,27,0,72,57,Marcelo Braz da Silva,marcelo_braz_da_silva,32,Jose Maria Herrera Ares,jose_maria_herrera_ares
175,2026,A,18,Red Bull Bragantino,red_bull_bragantino,2T,2T,27,0,72,8,Eduardo Colcenti Antunes,eduardo_colcenti_antunes,11,Fernando dos Santos Pedro,fernando_dos_santos_pedro
175,2026,A,18,Internacional,internacional,2T,2T,34,0,79,27,Paulo Lucas Santos de Paula,paulo_lucas_santos_de_paula,8,Bruno Henrique Corsini,bruno_henrique_corsini
175,2026,A,18,Red Bull Bragantino,red_bull_bragantino,2T,2T,38,0,83,12,Vanderlan Barbosa da Silva,vanderlan_barbosa_da_silva,29,Luis Antonio da Rocha Junior,luis_antonio_da_rocha_junior
175,2026,A,18,Red Bull Bragantino,red_bull_bragantino,2T,2T,38,0,83,15,Ignacio Sosa Ospital,ignacio_sosa_ospital,9,Isidro Miguel Pitta Saldivar,isidro_miguel_pitta_saldivar
175,2026,A,18,Internacional,internacional,2T,2T,40,0,85,17,Bruno Vinicius Souza Ramos,bruno_vinicius_souza_ramos,7,Johan Stiven Carbonero Balanta,johan_stiven_carbonero_balanta
175,2026,A,18,Internacional,internacional,2T,2T,40,0,85,31,Allex Rodrigues Pereira da S,allex_rodrigues_pereira_da_s,6,Matheus Bahia Santos,matheus_bahia_santos
176,2026,A,18,Cruzeiro,cruzeiro,2T,2T,10,0,55,9,Bruno Rafael Rodrigues do Na,bruno_rafael_rodrigues_do_na,23,Fagner Conserva Lemos,fagner_conserva_lemos
176,2026,A,18,Cruzeiro,cruzeiro,2T,2T,10,0,55,70,Kaique Kenji Takamura Correa,kaique_kenji_takamura_correa,99,Keny Alexander Arroyo Alvarado,keny_alexander_arroyo_alvarado
176,2026,A,18,Cruzeiro,cruzeiro,2T,2T,10,0,55,17,Luis Fernando Sinisterra Luc,luis_fernando_sinisterra_luc,22,Neiser David Villareal Quino,neiser_david_villareal_quino
176,2026,A,18,Fluminense,fluminense,2T,2T,21,0,66,32,Luciano Federico Acosta,luciano_federico_acosta,7,Yeferson Julio Soteldo Marti,yeferson_julio_soteldo_marti
176,2026,A,18,Fluminense,fluminense,2T,2T,28,0,73,2,Samuel Xavier Brito,samuel_xavier_brito,11,Jefferson David Savarino Qui,jefferson_david_savarino_qui
176,2026,A,18,Fluminense,fluminense,2T,2T,28,0,73,35,Hercules Pereira do Nascimento,hercules_pereira_do_nascimento,5,Facundo Bernal Cruz,facundo_bernal_cruz
176,2026,A,18,Fluminense,fluminense,2T,2T,28,0,73,14,German Ezequiel Cano,german_ezequiel_cano,9,John Kennedy Batista de Souza,john_kennedy_batista_de_souza
176,2026,A,18,Cruzeiro,cruzeiro,2T,2T,43,0,88,91,Francisco da Costa Aragao,francisco_da_costa_aragao,88,Christian Roberto Alves Card,christian_roberto_alves_card
177,2026,A,18,Grêmio,gremio,2T,2T,7,0,52,99,Jose David Enamorado Gomez,jose_david_enamorado_gomez,21,Mateus Cardoso Lemos Martins,mateus_cardoso_lemos_martins
177,2026,A,18,Grêmio,gremio,2T,2T,16,0,61,9,Francis Apelete Amuzu,francis_apelete_amuzu,22,Martin Christensen Braithwaite,martin_christensen_braithwaite
177,2026,A,18,Grêmio,gremio,2T,2T,34,0,79,77,Andre Henrique da Silva Mart,andre_henrique_da_silva_mart,95,Carlos Vinicius Alves Morais,carlos_vinicius_alves_morais
177,2026,A,18,Grêmio,gremio,2T,2T,34,0,79,31,Gabriel Otavio Menegon,gabriel_otavio_menegon,37,Gabriel Ferreira de Carvalho,gabriel_ferreira_de_carvalho
177,2026,A,18,Corinthians,corinthians,2T,2T,36,0,81,29,Allan Rodrigues de Souza,allan_rodrigues_de_souza,14,Raniele Almeida Melo,raniele_almeida_melo
177,2026,A,18,Corinthians,corinthians,2T,2T,42,0,87,52,Zakaria Labyad,zakaria_labyad,37,Kaio Cesar Andrade Lima,kaio_cesar_andrade_lima
177,2026,A,18,Corinthians,corinthians,2T,2T,42,0,87,19,Andre Martin Carrillo Diaz,andre_martin_carrillo_diaz,49,André Luiz Santos Dias,andre_luiz_santos_dias
177,2026,A,18,Corinthians,corinthians,2T,2T,90,3,93,61,Diego da Cruz Lopes,diego_da_cruz_lopes,7,Breno de Souza Bidon,breno_de_souza_bidon
177,2026,A,18,Corinthians,corinthians,2T,2T,90,3,93,23,Matheus Pereira da Silva,matheus_pereira_da_silva,8,Rodrigo Garro,rodrigo_garro
178,2026,A,18,Mirassol,mirassol,2T,2T,18,0,63,99,Andre Luis Silva de Aguiar,andre_luis_silva_de_aguiar,95,Edson Guilherme Mendes dos S,edson_guilherme_mendes_dos_s
178,2026,A,18,Athletico Paranaense,athletico_paranaense,2T,2T,22,0,67,8,João Victor Machado Cruz,joao_victor_machado_cruz,37,Lucas Angel Esquivel,lucas_angel_esquivel
178,2026,A,18,Mirassol,mirassol,2T,2T,25,0,70,25,Antonio Francisco Moura Neto,antonio_francisco_moura_neto,8,Denilson Alves Borges,denilson_alves_borges
178,2026,A,18,Mirassol,mirassol,2T,2T,25,0,70,33,Carlos Eduardo de Oliveira A,carlos_eduardo_de_oliveira_a,96,Carlos Eduardo Ferreira de S,carlos_eduardo_ferreira_de_s
178,2026,A,18,Athletico Paranaense,athletico_paranaense,2T,2T,32,0,77,21,Leonardo Caetano Silva,leonardo_caetano_silva,7,John Steven Mendoza Valencia,john_steven_mendoza_valencia
178,2026,A,18,Athletico Paranaense,athletico_paranaense,2T,2T,32,0,77,63,Diogo Riquelme Rivas do Nasc,diogo_riquelme_rivas_do_nasc,5,Antonio Feliphe Costa Silva,antonio_feliphe_costa_silva
178,2026,A,18,Mirassol,mirassol,2T,2T,35,0,80,10,Francisco Hyun Sol Kim,francisco_hyun_sol_kim,7,Shaylon Kallyson Cardozo,shaylon_kallyson_cardozo
178,2026,A,18,Mirassol,mirassol,2T,2T,35,0,80,2,Lucas da Cruz Oliveira,lucas_da_cruz_oliveira,21,Jose Aldo Soares de Oliveira,jose_aldo_soares_de_oliveira
178,2026,A,18,Athletico Paranaense,athletico_paranaense,2T,2T,36,0,81,22,Carlos Teran Diaz,carlos_teran_diaz,4,Arthur dos Santos Barbosa Dias,arthur_dos_santos_barbosa_dias
179,2026,A,18,Bahia,bahia,1T,1T,23,0,23,7,Ademir da Silva Santos Junior,ademir_da_silva_santos_junior,99,Cristian Gonzalo Olivera Iba,cristian_gonzalo_olivera_iba
179,2026,A,18,Botafogo,botafogo,1T,1T,45,3,48,1,Raul Jonas Steffens,raul_jonas_steffens,77,Lucas Martín Villalba Jaume,lucas_martin_villalba_jaume
179,2026,A,18,Bahia,bahia,2T,2T,20,0,65,23,Mateo Naim Sanabria Doracio,mateo_naim_sanabria_doracio,66,Jose Guilherme de Lima Costa,jose_guilherme_de_lima_costa
179,2026,A,18,Botafogo,botafogo,2T,2T,28,0,73,28,Newton Araujo da Costa Junior,newton_araujo_da_costa_junior,10,Alvaro Montoro,alvaro_montoro
179,2026,A,18,Botafogo,botafogo,2T,2T,28,0,73,11,Matheus Martins Silva dos Sa,matheus_martins_silva_dos_sa,59,Kauan Almeida Toledo,kauan_almeida_toledo
179,2026,A,18,Botafogo,botafogo,2T,2T,28,0,73,23,Santiago Mariano Rodriguez M,santiago_mariano_rodriguez_m,6,Cristian Nicolas Medina,cristian_nicolas_medina
179,2026,A,18,Botafogo,botafogo,2T,2T,90,3,93,9,Christopher Ramos de La Flor,christopher_ramos_de_la_flor,34,Gabriel Pereira Justino,gabriel_pereira_justino
179,2026,A,18,Bahia,bahia,2T,2T,90,3,93,44,Marcos Victor Ferreira da Si,marcos_victor_ferreira_da_si,12,Willian Jose da Silva,willian_jose_da_silva
180,2026,A,18,São Paulo,sao_paulo,2T,2T,15,0,60,8,Marcos Antonio Silva Santos,marcos_antonio_silva_santos,17,Andre Oliveira Silva,andre_oliveira_silva
180,2026,A,18,Remo,remo,2T,2T,25,0,70,14,Leonel Marcelo Picco,leonel_marcelo_picco,28,José Welison da Silva,jose_welison_da_silva
180,2026,A,18,São Paulo,sao_paulo,2T,2T,27,0,72,38,Hugo Leonardo Nunes Fernande,hugo_leonardo_nunes_fernande,94,Daniel de Oliveira Sertanejo,daniel_de_oliveira_sertanejo
180,2026,A,18,São Paulo,sao_paulo,2T,2T,27,0,72,34,Perivan dos Santos,perivan_dos_santos,37,Artur Victor Guimaraes,artur_victor_guimaraes
180,2026,A,18,São Paulo,sao_paulo,2T,2T,27,0,72,45,Lucca Marques Alencar,lucca_marques_alencar,11,Aldemir dos Santos Ferreira,aldemir_dos_santos_ferreira
180,2026,A,18,Remo,remo,2T,2T,34,0,79,99,Gabriel Buscariol Poveda,gabriel_buscariol_poveda,55,Jose Ricardo Araujo Fernandes,jose_ricardo_araujo_fernandes
180,2026,A,18,Remo,remo,2T,2T,34,0,79,2,Matheus Alexandre Anastacio,matheus_alexandre_anastacio,22,Glaybson Yago Souza Lisboa,glaybson_yago_souza_lisboa
180,2026,A,18,Remo,remo,2T,2T,34,0,79,26,David Francisco Trindade Braga,david_francisco_trindade_braga,15,Vitor Frezarin Bueno,vitor_frezarin_bueno
180,2026,A,18,São Paulo,sao_paulo,2T,2T,40,0,85,14,Gonzalo Andrés Tapia Dubourn,gonzalo_andres_tapia_dubourn,9,Jonathan Calleri,jonathan_calleri
180,2026,A,18,Remo,remo,2T,2T,90,6,96,33,Diego Manuel Hernandez Gonza,diego_manuel_hernandez_gonza,79,Marcelo Rodrigues Souza,marcelo_rodrigues_souza
181,2026,A,19,Fluminense,fluminense,1T,1T,32,0,32,22,Juan Pablo Freytes,juan_pablo_freytes,29,Julian Camilo Millan Diaz,julian_camilo_millan_diaz
181,2026,A,19,Fluminense,fluminense,2T,2T,10,0,55,9,John Kennedy Batista de Souza,john_kennedy_batista_de_souza,11,Jefferson David Savarino Qui,jefferson_david_savarino_qui
181,2026,A,19,Fluminense,fluminense,2T,2T,10,0,55,17,Agustin Canobbio Graviz,agustin_canobbio_graviz,90,Kevin Steven Serna Jaramillo,kevin_steven_serna_jaramillo
181,2026,A,19,Red Bull Bragantino,red_bull_bragantino,2T,2T,22,0,67,30,Henry David Mosquera Sanchez,henry_david_mosquera_sanchez,32,Jose Maria Herrera Ares,jose_maria_herrera_ares
181,2026,A,19,Red Bull Bragantino,red_bull_bragantino,2T,2T,22,0,67,34,Jose Andres Hurtado Cheme,jose_andres_hurtado_cheme,8,Eduardo Colcenti Antunes,eduardo_colcenti_antunes
181,2026,A,19,Fluminense,fluminense,2T,2T,33,0,78,14,German Ezequiel Cano,german_ezequiel_cano,35,Hercules Pereira do Nascimento,hercules_pereira_do_nascimento
181,2026,A,19,Red Bull Bragantino,red_bull_bragantino,2T,2T,39,0,84,35,Matheus Fernandes Siqueira,matheus_fernandes_siqueira,7,Eric dos Santos Rodrigues,eric_dos_santos_rodrigues
181,2026,A,19,Red Bull Bragantino,red_bull_bragantino,2T,2T,39,0,84,14,Pedro Henrique Ribeiro Gonca,pedro_henrique_ribeiro_gonca,11,Fernando dos Santos Pedro,fernando_dos_santos_pedro
181,2026,A,19,Red Bull Bragantino,red_bull_bragantino,2T,2T,90,1,91,5,Fabio Silva de Freitas,fabio_silva_de_freitas,20,Rodrigo Huendra Almeida Mend,rodrigo_huendra_almeida_mend
182,2026,A,19,Santos FC,santos_fc,2T,2T,8,0,53,28,Christian Gabriel Oliva Gime,christian_gabriel_oliva_gime,48,Gustavo Henrique Pereira,gustavo_henrique_pereira
182,2026,A,19,Santos FC,santos_fc,2T,2T,18,0,63,57,Nadson Juan Maia da Silva de,nadson_juan_maia_da_silva_de,30,Miguel Angel Terceros Acuna,miguel_angel_terceros_acuna
182,2026,A,19,Santos FC,santos_fc,2T,2T,18,0,63,11,Ronielson da Silva Barbosa,ronielson_da_silva_barbosa,16,Thaciano Mickael da Silva,thaciano_mickael_da_silva
182,2026,A,19,Botafogo,botafogo,2T,2T,18,0,63,23,Santiago Mariano Rodriguez M,santiago_mariano_rodriguez_m,11,Matheus Martins Silva dos Sa,matheus_martins_silva_dos_sa
182,2026,A,19,Santos FC,santos_fc,2T,2T,25,0,70,25,Gabriel Vinicius Menino,gabriel_vinicius_menino,18,Igor Vinicius de Souza,igor_vinicius_de_souza
182,2026,A,19,Santos FC,santos_fc,2T,2T,25,0,70,49,Gabriel Morais Silva Bontempo,gabriel_morais_silva_bontempo,32,Benjamin Rollheiser,benjamin_rollheiser
182,2026,A,19,Botafogo,botafogo,2T,2T,32,0,77,37,Jose Kadir Barria Rose,jose_kadir_barria_rose,59,Kauan Almeida Toledo,kauan_almeida_toledo
182,2026,A,19,Botafogo,botafogo,2T,2T,32,0,77,88,Edenilson Andrade dos Santos,edenilson_andrade_dos_santos,79,Lucas Emanuel Jales do Nasci,lucas_emanuel_jales_do_nasci
182,2026,A,19,Botafogo,botafogo,2T,2T,40,0,85,21,Fernando Marcal de Oliveira,fernando_marcal_de_oliveira,13,Alex Nicolao Telles,alex_nicolao_telles
182,2026,A,19,Botafogo,botafogo,2T,2T,40,0,85,4,Mateo Ponte Costa,mateo_ponte_costa,2,Victor Alexander da Silva,victor_alexander_da_silva
183,2026,A,19,São Paulo,sao_paulo,1T,1T,22,0,22,54,Luis Osorio Messias de Olive,luis_osorio_messias_de_olive,2,Rafael Toloi,rafael_toloi
183,2026,A,19,São Paulo,sao_paulo,2T,2T,18,0,63,17,Andre Oliveira Silva,andre_oliveira_silva,9,Jonathan Calleri,jonathan_calleri
183,2026,A,19,São Paulo,sao_paulo,2T,2T,18,0,63,11,Aldemir dos Santos Ferreira,aldemir_dos_santos_ferreira,29,Pablo Gonçalves Maia Fortuna,pablo_goncalves_maia_fortuna
183,2026,A,19,São Paulo,sao_paulo,2T,2T,29,0,74,94,Daniel de Oliveira Sertanejo,daniel_de_oliveira_sertanejo,16,Damian Josue Bobadilla Benitez,damian_josue_bobadilla_benitez
183,2026,A,19,São Paulo,sao_paulo,2T,2T,29,0,74,27,Joao Victor Santos Sa,joao_victor_santos_sa,19,Lucas Ramon Batista Silva,lucas_ramon_batista_silva
183,2026,A,19,Athletico Paranaense,athletico_paranaense,2T,2T,30,0,75,11,Isaac Rodrigues de Lima,isaac_rodrigues_de_lima,21,Leonardo Caetano Silva,leonardo_caetano_silva
183,2026,A,19,Athletico Paranaense,athletico_paranaense,2T,2T,37,0,82,2,Gilberto Junior Leite dos Sa,gilberto_junior_leite_dos_sa,12,Gilberto Moraes Junior,gilberto_moraes_junior
184,2026,A,19,Remo,remo,2T,2T,27,0,72,19,Gabriel Pereira Taliari,gabriel_pereira_taliari,11,Alef Mangueira Severino Pere,alef_mangueira_severino_pere
184,2026,A,19,Corinthians,corinthians,2T,2T,27,0,72,19,Andre Martin Carrillo Diaz,andre_martin_carrillo_diaz,37,Kaio Cesar Andrade Lima,kaio_cesar_andrade_lima
184,2026,A,19,Corinthians,corinthians,2T,2T,27,0,72,77,Jesse Ellis Lingard,jesse_ellis_lingard,52,Zakaria Labyad,zakaria_labyad
184,2026,A,19,Corinthians,corinthians,2T,2T,34,0,79,23,Matheus Pereira da Silva,matheus_pereira_da_silva,49,André Luiz Santos Dias,andre_luiz_santos_dias
184,2026,A,19,Remo,remo,2T,2T,34,0,79,14,Leonel Marcelo Picco,leonel_marcelo_picco,8,Patrick Bezerra do Nascimento,patrick_bezerra_do_nascimento
184,2026,A,19,Corinthians,corinthians,2T,2T,34,0,79,26,Fabrizio German Angileri,fabrizio_german_angileri,21,Matheus Lima Beltrao Oliveira,matheus_lima_beltrao_oliveira
184,2026,A,19,Remo,remo,2T,2T,34,0,79,2,Matheus Alexandre Anastacio,matheus_alexandre_anastacio,22,Glaybson Yago Souza Lisboa,glaybson_yago_souza_lisboa
184,2026,A,19,Corinthians,corinthians,2T,2T,40,0,85,61,Diego da Cruz Lopes,diego_da_cruz_lopes,7,Breno de Souza Bidon,breno_de_souza_bidon
184,2026,A,19,Remo,remo,2T,2T,43,0,88,61,Paulo Sérgio da Costa Evange,paulo_sergio_da_costa_evange,7,Jandir Breno Souza Silva,jandir_breno_souza_silva
185,2026,A,19,Mirassol,mirassol,2T,2T,26,0,71,96,Carlos Eduardo Ferreira de S,carlos_eduardo_ferreira_de_s,95,Edson Guilherme Mendes dos S,edson_guilherme_mendes_dos_s
185,2026,A,19,Mirassol,mirassol,2T,2T,30,0,75,9,Andre Luis Silva de Aguiar,andre_luis_silva_de_aguiar,30,Bruno Santos de Oliveira,bruno_santos_de_oliveira
185,2026,A,19,Mirassol,mirassol,2T,2T,30,0,75,7,Shaylon Kallyson Cardozo,shaylon_kallyson_cardozo,5,Joao Wellington Gadelha Melo,joao_wellington_gadelha_melo
185,2026,A,19,Grêmio,gremio,2T,2T,34,0,79,65,Riquelme Freitas dos Santos,riquelme_freitas_dos_santos,5,Juan Ignacio Martin Nardoni,juan_ignacio_martin_nardoni
185,2026,A,19,Mirassol,mirassol,2T,2T,37,0,82,17,Fernando Jose Marques Maciel,fernando_jose_marques_maciel,77,Alesson dos Santos Batista,alesson_dos_santos_batista
185,2026,A,19,Mirassol,mirassol,2T,2T,37,0,82,10,Francisco Hyun Sol Kim,francisco_hyun_sol_kim,8,Denilson Alves Borges,denilson_alves_borges
185,2026,A,19,Grêmio,gremio,2T,2T,41,0,86,14,Marcos Luis Rocha Aquino,marcos_luis_rocha_aquino,21,Mateus Cardoso Lemos Martins,mateus_cardoso_lemos_martins
186,2026,A,19,Atlético Mineiro,atletico_mineiro,2T,2T,21,0,66,92,Eduardo Pereira Rodrigues,eduardo_pereira_rodrigues,30,Victor Hugo Gomes Silva,victor_hugo_gomes_silva
186,2026,A,19,Atlético Mineiro,atletico_mineiro,2T,2T,21,0,66,39,Mamady Cissé,mamady_cisse,8,Maycon de Andrade Barberan,maycon_de_andrade_barberan
186,2026,A,19,Bahia,bahia,2T,2T,27,0,72,10,Everton Augusto de Barros Ri,everton_augusto_de_barros_ri,7,Ademir da Silva Santos Junior,ademir_da_silva_santos_junior
186,2026,A,19,Bahia,bahia,2T,2T,27,0,72,77,Ruan Pablo Barbosa Sousa,ruan_pablo_barbosa_sousa,12,Willian Jose da Silva,willian_jose_da_silva
186,2026,A,19,Bahia,bahia,2T,2T,34,0,79,25,Iago Amaral Borduchi,iago_amaral_borduchi,66,Jose Guilherme de Lima Costa,jose_guilherme_de_lima_costa
186,2026,A,19,Atlético Mineiro,atletico_mineiro,2T,2T,40,0,85,19,Reinier Jesus Carvalho,reinier_jesus_carvalho,11,Bernard Anicio Caldeira Duarte,bernard_anicio_caldeira_duarte
186,2026,A,19,Bahia,bahia,2T,2T,41,0,86,57,Kauê Junior Furquim da Silva,kaue_junior_furquim_da_silva,16,Erick da Costa Farias,erick_da_costa_farias
187,2026,A,19,Cruzeiro,cruzeiro,2T,2T,16,0,61,9,Bruno Rafael Rodrigues do Na,bruno_rafael_rodrigues_do_na,77,Gabriel Fortes Chaves,gabriel_fortes_chaves
187,2026,A,19,Internacional,internacional,2T,2T,30,0,75,8,Bruno Henrique Corsini,bruno_henrique_corsini,9,Alerrandro Barra Mansa Reali,alerrandro_barra_mansa_reali
187,2026,A,19,Cruzeiro,cruzeiro,2T,2T,31,0,76,16,Lucas Silva Borges,lucas_silva_borges,17,Luis Fernando Sinisterra Luc,luis_fernando_sinisterra_luc
187,2026,A,19,Internacional,internacional,2T,2T,40,0,85,27,Paulo Lucas Santos de Paula,paulo_lucas_santos_de_paula,5,Rodrigo Roman Villagra,rodrigo_roman_villagra
187,2026,A,19,Internacional,internacional,2T,2T,40,0,85,35,Braian Nahuel Aguirre,braian_nahuel_aguirre,15,Bruno Gomes da Silva Clevela,bruno_gomes_da_silva_clevela
187,2026,A,19,Cruzeiro,cruzeiro,2T,2T,40,0,85,22,Neiser David Villareal Quino,neiser_david_villareal_quino,19,Kaio Jorge Pinto Ramos,kaio_jorge_pinto_ramos
187,2026,A,19,Cruzeiro,cruzeiro,2T,2T,40,0,85,12,William de Asevedo Furtado,william_de_asevedo_furtado,23,Fagner Conserva Lemos,fagner_conserva_lemos
187,2026,A,19,Cruzeiro,cruzeiro,2T,2T,40,0,85,94,Wanderson Maciel Sousa Campos,wanderson_maciel_sousa_campos,8,Gerson Santos da Silva,gerson_santos_da_silva
189,2026,A,19,Vitória,vitoria,1T,1T,38,0,38,8,Tomas Pochettino,tomas_pochettino,88,Jose Vitor Silva Neves,jose_vitor_silva_neves
189,2026,A,19,Vasco da Gama Saf,vasco_da_gama_saf,2T,2T,13,0,58,11,Carlos Andres Gomez Hinestroza,carlos_andres_gomez_hinestroza,10,Johan Rojas Echavarria,johan_rojas_echavarria
189,2026,A,19,Vasco da Gama Saf,vasco_da_gama_saf,2T,2T,13,0,58,20,Brenner Souza da Silva,brenner_souza_da_silva,77,Claudio Paul Spinelli,claudio_paul_spinelli
189,2026,A,19,Vitória,vitoria,2T,2T,17,0,62,79,Renato Kayzer de Souza,renato_kayzer_de_souza,91,Carlos Rene de Sousa Ferreira,carlos_rene_de_sousa_ferreira
189,2026,A,19,Vasco da Gama Saf,vasco_da_gama_saf,2T,2T,27,0,72,18,Marino Hinestroza Angulo,marino_hinestroza_angulo,28,Adson Ferreira Soares,adson_ferreira_soares
189,2026,A,19,Vitória,vitoria,2T,2T,31,0,76,23,Fabricio do Rosario dos Santos,fabricio_do_rosario_dos_santos,12,Diego Tarzia,diego_tarzia
189,2026,A,19,Vitória,vitoria,2T,2T,31,0,76,2,Emanuel Britez,emanuel_britez,83,Jamerson Santos de Jesus,jamerson_santos_de_jesus
189,2026,A,19,Vitória,vitoria,2T,2T,31,0,76,7,Mario Sergio Santos Costa,mario_sergio_santos_costa,33,Erick de Arruda Serafim,erick_de_arruda_serafim
189,2026,A,19,Vasco da Gama Saf,vasco_da_gama_saf,2T,2T,32,0,77,3,Danilo das Neves Pinheiro,danilo_das_neves_pinheiro,23,Thiago Henrique Santos Mendes,thiago_henrique_santos_mendes
189,2026,A,19,Vasco da Gama Saf,vasco_da_gama_saf,2T,2T,32,0,77,7,David Correa da Fonseca,david_correa_da_fonseca,17,Nuno Gonçalo Rocha Moreira,nuno_goncalo_rocha_moreira
190,2026,A,19,Flamengo,flamengo,1T,1T,32,0,32,99,Lorran Lucas Pereira de Sousa,lorran_lucas_pereira_de_sousa,19,Gonzalo Jordy Plata Jimenez,gonzalo_jordy_plata_jimenez
190,2026,A,19,Chapecoense,chapecoense,2T,2T,13,0,58,16,Bruno Matias dos Santos,bruno_matias_dos_santos,17,Vinicius Balieiro Lourenco d,vinicius_balieiro_lourenco_d
190,2026,A,19,Chapecoense,chapecoense,2T,2T,13,0,58,97,Sebastiao Enio Santos de Alm,sebastiao_enio_santos_de_alm,19,David Antunes da Silva,david_antunes_da_silva
190,2026,A,19,Chapecoense,chapecoense,2T,2T,24,0,69,18,Altemir Cordeiro Pessôa Neto,altemir_cordeiro_pessoa_neto,11,Bolasie Yala,bolasie_yala
190,2026,A,19,Flamengo,flamengo,2T,2T,24,0,69,26,Alex Sandro Lobo Silva,alex_sandro_lobo_silva,6,Ayrton Lucas Dantas de Medei,ayrton_lucas_dantas_de_medei
190,2026,A,19,Chapecoense,chapecoense,2T,2T,24,0,69,50,Kassio da Silva de Jesus,kassio_da_silva_de_jesus,10,Giovanni Augusto Oliveira Ca,giovanni_augusto_oliveira_ca
190,2026,A,19,Flamengo,flamengo,2T,2T,24,0,69,52,Evertton Gustavo Fernandes A,evertton_gustavo_fernandes_a,21,Jorge Luiz Frello Filho,jorge_luiz_frello_filho
190,2026,A,19,Flamengo,flamengo,2T,2T,24,0,69,10,Giorgian Daniel de Arrascaet,giorgian_daniel_de_arrascaet,27,Bruno Henrique Pinto,bruno_henrique_pinto
190,2026,A,19,Flamengo,flamengo,2T,2T,34,0,79,13,Danilo Luiz da Silva,danilo_luiz_da_silva,4,Leonardo Pereira,leonardo_pereira
190,2026,A,19,Chapecoense,chapecoense,2T,2T,34,0,79,70,Rubens Tadeu Hartmann Ricoldi,rubens_tadeu_hartmann_ricoldi,7,Marcio Antonio de Sousa Junior,marcio_antonio_de_sousa_junior
191,2026,A,20,São Paulo,sao_paulo,2T,2T,20,0,65,11,Aldemir dos Santos Ferreira,aldemir_dos_santos_ferreira,37,Artur Victor Guimaraes,artur_victor_guimaraes
191,2026,A,20,São Paulo,sao_paulo,2T,2T,20,0,65,27,Joao Victor Santos Sa,joao_victor_santos_sa,94,Daniel de Oliveira Sertanejo,daniel_de_oliveira_sertanejo
191,2026,A,20,Flamengo,flamengo,2T,2T,33,0,78,11,Everton Sousa Soares,everton_sousa_soares,27,Bruno Henrique Pinto,bruno_henrique_pinto
191,2026,A,20,Flamengo,flamengo,2T,2T,41,0,86,52,Evertton Gustavo Fernandes A,evertton_gustavo_fernandes_a,5,Erick Antonio Pulgar Farfan,erick_antonio_pulgar_farfan
191,2026,A,20,Flamengo,flamengo,2T,2T,41,0,86,64,Wallace Yan de Souza Barreto,wallace_yan_de_souza_barreto,9,Pedro Guilherme Abreu dos Sa,pedro_guilherme_abreu_dos_sa
191,2026,A,20,São Paulo,sao_paulo,2T,2T,44,0,89,17,Andre Oliveira Silva,andre_oliveira_silva,10,Luciano da Rocha Neves,luciano_da_rocha_neves
191,2026,A,20,São Paulo,sao_paulo,2T,2T,90,4,94,35,Jose Sabino Chagas Monteiro,jose_sabino_chagas_monteiro,18,Wendell Nascimento Borges,wendell_nascimento_borges
192,2026,A,20,Mirassol,mirassol,1T,1T,35,0,35,2,Lucas da Cruz Oliveira,lucas_da_cruz_oliveira,21,Jose Aldo Soares de Oliveira,jose_aldo_soares_de_oliveira
192,2026,A,20,Vasco da Gama Saf,vasco_da_gama_saf,2T,2T,14,0,59,17,Nuno Gonçalo Rocha Moreira,nuno_goncalo_rocha_moreira,3,Danilo das Neves Pinheiro,danilo_das_neves_pinheiro
192,2026,A,20,Vasco da Gama Saf,vasco_da_gama_saf,2T,2T,14,0,59,7,David Correa da Fonseca,david_correa_da_fonseca,28,Adson Ferreira Soares,adson_ferreira_soares
192,2026,A,20,Mirassol,mirassol,2T,2T,23,0,68,33,Carlos Eduardo de Oliveira A,carlos_eduardo_de_oliveira_a,5,Joao Wellington Gadelha Melo,joao_wellington_gadelha_melo
192,2026,A,20,Mirassol,mirassol,2T,2T,23,0,68,17,Fernando Jose Marques Maciel,fernando_jose_marques_maciel,95,Edson Guilherme Mendes dos S,edson_guilherme_mendes_dos_s
192,2026,A,20,Vasco da Gama Saf,vasco_da_gama_saf,2T,2T,25,0,70,6,Lucas Piton Crivellaro,lucas_piton_crivellaro,66,Luis Eduardo Soares da Silva,luis_eduardo_soares_da_silva
192,2026,A,20,Vasco da Gama Saf,vasco_da_gama_saf,2T,2T,25,0,70,8,Jair Rodrigues Junior,jair_rodrigues_junior,83,Ramon Rique Santos de Souza,ramon_rique_santos_de_souza
192,2026,A,20,Vasco da Gama Saf,vasco_da_gama_saf,2T,2T,28,0,73,10,Johan Rojas Echavarria,johan_rojas_echavarria,88,Cauan Lucas Barros da Luz,cauan_lucas_barros_da_luz
192,2026,A,20,Mirassol,mirassol,2T,2T,36,0,81,10,Francisco Hyun Sol Kim,francisco_hyun_sol_kim,8,Denilson Alves Borges,denilson_alves_borges
193,2026,A,20,Santos FC,santos_fc,2T,2T,17,0,62,17,Gustavo Ruben Caballero Gonz,gustavo_ruben_caballero_gonz,32,Benjamin Rollheiser,benjamin_rollheiser
193,2026,A,20,Santos FC,santos_fc,2T,2T,17,0,62,28,Christian Gabriel Oliva Gime,christian_gabriel_oliva_gime,15,Willian Souza Arao da Silva,willian_souza_arao_da_silva
193,2026,A,20,Santos FC,santos_fc,2T,2T,17,0,62,25,Gabriel Vinicius Menino,gabriel_vinicius_menino,18,Igor Vinicius de Souza,igor_vinicius_de_souza
193,2026,A,20,Chapecoense,chapecoense,2T,2T,33,0,78,91,Bruno de Jesus Pacheco,bruno_de_jesus_pacheco,12,Fernando Augusto Pereira Bue,fernando_augusto_pereira_bue
193,2026,A,20,Santos FC,santos_fc,2T,2T,34,0,79,11,Ronielson da Silva Barbosa,ronielson_da_silva_barbosa,9,Gabriel Barbosa Almeida,gabriel_barbosa_almeida
193,2026,A,20,Santos FC,santos_fc,2T,2T,34,0,79,16,Thaciano Mickael da Silva,thaciano_mickael_da_silva,22,Alvaro Martin Barreal,alvaro_martin_barreal
193,2026,A,20,Chapecoense,chapecoense,2T,2T,37,0,82,17,Vinicius Balieiro Lourenco d,vinicius_balieiro_lourenco_d,27,Camilo Reijers de Oliveira,camilo_reijers_de_oliveira
194,2026,A,20,Palmeiras,palmeiras,2T,2T,13,0,58,9,Vitor Hugo Roque Ferreira,vitor_hugo_roque_ferreira,32,Emiliano Martinez Toranza,emiliano_martinez_toranza
194,2026,A,20,Palmeiras,palmeiras,2T,2T,13,0,58,7,Felipe Anderson Pereira Gomes,felipe_anderson_pereira_gomes,4,Agustin Giay,agustin_giay
194,2026,A,20,Palmeiras,palmeiras,2T,2T,18,0,63,39,Heittor Vinicius da Silva Nu,heittor_vinicius_da_silva_nu,10,Paulo Henrique Sampaio Filho,paulo_henrique_sampaio_filho
194,2026,A,20,Atlético Mineiro,atletico_mineiro,2T,2T,25,0,70,17,Igor Silveira Gomes,igor_silveira_gomes,30,Victor Hugo Gomes Silva,victor_hugo_gomes_silva
194,2026,A,20,Atlético Mineiro,atletico_mineiro,2T,2T,25,0,70,27,Alan Steve Minda Garcia,alan_steve_minda_garcia,11,Bernard Anicio Caldeira Duarte,bernard_anicio_caldeira_duarte
194,2026,A,20,Palmeiras,palmeiras,2T,2T,32,0,77,56,Arthur Gabriel Santana Marco,arthur_gabriel_santana_marco,22,Joaquin Piquerez Moreira,joaquin_piquerez_moreira
194,2026,A,20,Palmeiras,palmeiras,2T,2T,32,0,77,30,Lucas Evangelista Santana de,lucas_evangelista_santana_de,18,Mauricio Magalhaes Prado,mauricio_magalhaes_prado
194,2026,A,20,Atlético Mineiro,atletico_mineiro,2T,2T,39,0,84,14,Vitor Hugo Franchescoli de S,vitor_hugo_franchescoli_de_s,23,Angelo Smit Preciado Quiñonez,angelo_smit_preciado_quinonez
194,2026,A,20,Atlético Mineiro,atletico_mineiro,2T,2T,45,0,90,5,Alexsander Cristhian Gomes d,alexsander_cristhian_gomes_d,25,Tomás Perez,tomas_perez
195,2026,A,20,Red Bull Bragantino,red_bull_bragantino,1T,1T,29,0,29,14,Pedro Henrique Ribeiro Gonca,pedro_henrique_ribeiro_gonca,16,Gustavo Marques Alves dos Sa,gustavo_marques_alves_dos_sa
195,2026,A,20,Coritiba SAF,coritiba_saf,2T,2T,17,0,62,50,Vitor Gonçalves Tissi,vitor_goncalves_tissi,36,Vinicius Romualdo dos Santos,vinicius_romualdo_dos_santos
195,2026,A,20,Red Bull Bragantino,red_bull_bragantino,2T,2T,19,0,64,9,Isidro Miguel Pitta Saldivar,isidro_miguel_pitta_saldivar,21,Lucas Henrique Barbosa,lucas_henrique_barbosa
195,2026,A,20,Red Bull Bragantino,red_bull_bragantino,2T,2T,19,0,64,30,Henry David Mosquera Sanchez,henry_david_mosquera_sanchez,32,Jose Maria Herrera Ares,jose_maria_herrera_ares
195,2026,A,20,Coritiba SAF,coritiba_saf,2T,2T,27,0,72,7,Joaquin Lavega Colzada,joaquin_lavega_colzada,11,Lucas Ronier Vieira Pires,lucas_ronier_vieira_pires
195,2026,A,20,Coritiba SAF,coritiba_saf,2T,2T,27,0,72,20,Marcos da Silva Franca,marcos_da_silva_franca,77,Breno Henrique Vasconcelos L,breno_henrique_vasconcelos_l
195,2026,A,20,Coritiba SAF,coritiba_saf,2T,2T,37,0,82,6,Felipe Jonatan Rocha Andrade,felipe_jonatan_rocha_andrade,26,Bruno Ferreira Melo,bruno_ferreira_melo
195,2026,A,20,Coritiba SAF,coritiba_saf,2T,2T,37,0,82,18,Paulo Roberto da Silva Souza,paulo_roberto_da_silva_souza,32,Pedro Rocha Neves,pedro_rocha_neves
195,2026,A,20,Red Bull Bragantino,red_bull_bragantino,2T,2T,39,0,84,17,Vinicius Mendonca Pereira,vinicius_mendonca_pereira,8,Eduardo Colcenti Antunes,eduardo_colcenti_antunes
195,2026,A,20,Red Bull Bragantino,red_bull_bragantino,2T,2T,39,0,84,15,Ignacio Sosa Ospital,ignacio_sosa_ospital,11,Fernando dos Santos Pedro,fernando_dos_santos_pedro
196,2026,A,20,Cruzeiro,cruzeiro,1T,1T,38,0,38,94,Wanderson Maciel Sousa Campos,wanderson_maciel_sousa_campos,17,Luis Fernando Sinisterra Luc,luis_fernando_sinisterra_luc
196,2026,A,20,Cruzeiro,cruzeiro,2T,2T,14,0,59,99,Keny Alexander Arroyo Alvarado,keny_alexander_arroyo_alvarado,11,Marcus Vinicius Oliveira Ale,marcus_vinicius_oliveira_ale
196,2026,A,20,Cruzeiro,cruzeiro,2T,2T,14,0,59,43,Joao Marcelo Messias Ferreira,joao_marcelo_messias_ferreira,15,Fabricio Bruno Soares de Faria,fabricio_bruno_soares_de_faria
196,2026,A,20,Botafogo,botafogo,2T,2T,22,0,67,59,Kauan Almeida Toledo,kauan_almeida_toledo,8,Danilo dos Santos de Oliveira,danilo_dos_santos_de_oliveira
196,2026,A,20,Cruzeiro,cruzeiro,2T,2T,31,0,76,2,Kauã Moraes Silva,kaua_moraes_silva,27,GABRIEL HERNAN ROJAS,gabriel_hernan_rojas
196,2026,A,20,Cruzeiro,cruzeiro,2T,2T,31,0,76,12,William de Asevedo Furtado,william_de_asevedo_furtado,23,Fagner Conserva Lemos,fagner_conserva_lemos
196,2026,A,20,Botafogo,botafogo,2T,2T,36,0,81,37,Jose Kadir Barria Rose,jose_kadir_barria_rose,19,Arthur Mendonça Cabral,arthur_mendonca_cabral
196,2026,A,20,Botafogo,botafogo,2T,2T,36,0,81,23,Santiago Mariano Rodriguez M,santiago_mariano_rodriguez_m,10,Alvaro Montoro,alvaro_montoro
196,2026,A,20,Botafogo,botafogo,2T,2T,44,0,89,21,Fernando Marcal de Oliveira,fernando_marcal_de_oliveira,13,Alex Nicolao Telles,alex_nicolao_telles
196,2026,A,20,Botafogo,botafogo,2T,2T,44,0,89,77,Lucas Martín Villalba Jaume,lucas_martin_villalba_jaume,11,Matheus Martins Silva dos Sa,matheus_martins_silva_dos_sa
197,2026,A,20,Fluminense,fluminense,1T,1T,21,0,21,6,Rene Rodrigues Martins,rene_rodrigues_martins,13,Guilherme Antonio Arana Lopes,guilherme_antonio_arana_lopes
197,2026,A,20,Grêmio,gremio,2T,2T,24,0,69,27,Diego Caito Barcellos Olivei,diego_caito_barcellos_olivei,7,Cristian David Pavon,cristian_david_pavon
197,2026,A,20,Grêmio,gremio,2T,2T,24,0,69,22,Martin Christensen Braithwaite,martin_christensen_braithwaite,19,Erick Carlos Noriega Loret d,erick_carlos_noriega_loret_d
197,2026,A,20,Fluminense,fluminense,2T,2T,30,0,75,16,Gustavo Nonato Santana,gustavo_nonato_santana,32,Luciano Federico Acosta,luciano_federico_acosta
197,2026,A,20,Fluminense,fluminense,2T,2T,30,0,75,14,German Ezequiel Cano,german_ezequiel_cano,7,Givanildo Vieira de Sousa,givanildo_vieira_de_sousa
197,2026,A,20,Grêmio,gremio,2T,2T,32,0,77,77,Jovane Eduardo Borges Cabral,jovane_eduardo_borges_cabral,9,Francis Apelete Amuzu,francis_apelete_amuzu
197,2026,A,20,Grêmio,gremio,2T,2T,32,0,77,99,Jose David Enamorado Gomez,jose_david_enamorado_gomez,21,Mateus Cardoso Lemos Martins,mateus_cardoso_lemos_martins
197,2026,A,20,Grêmio,gremio,2T,2T,34,0,79,54,Pedro Gabriel Crisostomo Pin,pedro_gabriel_crisostomo_pin,23,Marlon Rodrigues Xavier,marlon_rodrigues_xavier
197,2026,A,20,Fluminense,fluminense,2T,2T,42,0,87,30,Yeferson Julio Soteldo Marti,yeferson_julio_soteldo_marti,35,Hercules Pereira do Nascimento,hercules_pereira_do_nascimento
197,2026,A,20,Fluminense,fluminense,2T,2T,42,0,87,4,Ignacio da Silva Oliveira,ignacio_da_silva_oliveira,90,Kevin Steven Serna Jaramillo,kevin_steven_serna_jaramillo
198,2026,A,20,Internacional,internacional,2T,2T,17,0,62,35,Braian Nahuel Aguirre,braian_nahuel_aguirre,6,Matheus Bahia Santos,matheus_bahia_santos
198,2026,A,20,Internacional,internacional,2T,2T,17,0,62,8,Bruno Henrique Corsini,bruno_henrique_corsini,4,Felix Eduardo Torres Caicedo,felix_eduardo_torres_caicedo
198,2026,A,20,Athletico Paranaense,athletico_paranaense,2T,2T,19,0,64,8,João Victor Machado Cruz,joao_victor_machado_cruz,7,John Steven Mendoza Valencia,john_steven_mendoza_valencia
198,2026,A,20,Internacional,internacional,2T,2T,23,0,68,10,Alan Patrick Lourenço,alan_patrick_lourenco,9,Alerrandro Barra Mansa Reali,alerrandro_barra_mansa_reali
198,2026,A,20,Athletico Paranaense,athletico_paranaense,2T,2T,35,0,80,11,Isaac Rodrigues de Lima,isaac_rodrigues_de_lima,21,Leonardo Caetano Silva,leonardo_caetano_silva
198,2026,A,20,Athletico Paranaense,athletico_paranaense,2T,2T,35,0,80,27,Juan Camilo Portilla Orozco,juan_camilo_portilla_orozco,16,Jadson Alves dos Santos,jadson_alves_dos_santos
198,2026,A,20,Athletico Paranaense,athletico_paranaense,2T,2T,35,0,80,29,Gaston Americo Benavidez,gaston_americo_benavidez,12,Gilberto Moraes Junior,gilberto_moraes_junior
198,2026,A,20,Internacional,internacional,2T,2T,38,0,83,49,Joao Pedro Bezerra de Olivei,joao_pedro_bezerra_de_olivei,5,Rodrigo Roman Villagra,rodrigo_roman_villagra
199,2026,A,20,Bahia,bahia,2T,2T,24,0,69,57,Kauê Junior Furquim da Silva,kaue_junior_furquim_da_silva,7,Ademir da Silva Santos Junior,ademir_da_silva_santos_junior
199,2026,A,20,Corinthians,corinthians,2T,2T,24,0,69,52,Zakaria Labyad,zakaria_labyad,7,Breno de Souza Bidon,breno_de_souza_bidon
199,2026,A,20,Bahia,bahia,2T,2T,24,0,69,46,Luciano Batista da Silva Jun,luciano_batista_da_silva_jun,66,Jose Guilherme de Lima Costa,jose_guilherme_de_lima_costa
199,2026,A,20,Corinthians,corinthians,2T,2T,24,0,69,20,Pedro Milans Carambula,pedro_milans_carambula,26,Fabrizio German Angileri,fabrizio_german_angileri
199,2026,A,20,Bahia,bahia,2T,2T,24,0,69,12,Willian Jose da Silva,willian_jose_da_silva,9,Alejo Veliz,alejo_veliz
199,2026,A,20,Corinthians,corinthians,2T,2T,31,0,76,29,Allan Rodrigues de Souza,allan_rodrigues_de_souza,49,André Luiz Santos Dias,andre_luiz_santos_dias
199,2026,A,20,Corinthians,corinthians,2T,2T,31,0,76,23,Matheus Pereira da Silva,matheus_pereira_da_silva,14,Raniele Almeida Melo,raniele_almeida_melo
199,2026,A,20,Bahia,bahia,2T,2T,31,0,76,10,Everton Augusto de Barros Ri,everton_augusto_de_barros_ri,6,Jean Lucas de Souza Oliveira,jean_lucas_de_souza_oliveira
199,2026,A,20,Corinthians,corinthians,2T,2T,39,0,84,19,Andre Martin Carrillo Diaz,andre_martin_carrillo_diaz,9,Yuri Alberto Monteiro da Silva,yuri_alberto_monteiro_da_silva
199,2026,A,20,Bahia,bahia,2T,2T,39,0,84,23,Mateo Naim Sanabria Doracio,mateo_naim_sanabria_doracio,16,Erick da Costa Farias,erick_da_costa_farias
200,2026,A,20,Vitória,vitoria,2T,2T,15,0,60,8,Tomas Pochettino,tomas_pochettino,33,Erick de Arruda Serafim,erick_de_arruda_serafim
200,2026,A,20,Vitória,vitoria,2T,2T,15,0,60,79,Renato Kayzer de Souza,renato_kayzer_de_souza,25,Carlos de Menezes Junior,carlos_de_menezes_junior
200,2026,A,20,Vitória,vitoria,2T,2T,15,0,60,70,Fabiano Josue de Souza Silva,fabiano_josue_de_souza_silva,83,Jamerson Santos de Jesus,jamerson_santos_de_jesus
200,2026,A,20,Vitória,vitoria,2T,2T,15,0,60,10,Matheus Martins Fogaca de Pa,matheus_martins_fogaca_de_pa,12,Diego Tarzia,diego_tarzia
200,2026,A,20,Remo,remo,2T,2T,24,0,69,8,Patrick Bezerra do Nascimento,patrick_bezerra_do_nascimento,14,Leonel Marcelo Picco,leonel_marcelo_picco
200,2026,A,20,Remo,remo,2T,2T,24,0,69,2,Matheus Alexandre Anastacio,matheus_alexandre_anastacio,22,Glaybson Yago Souza Lisboa,glaybson_yago_souza_lisboa
200,2026,A,20,Remo,remo,2T,2T,24,0,69,19,Gabriel Pereira Taliari,gabriel_pereira_taliari,7,Jandir Breno Souza Silva,jandir_breno_souza_silva
200,2026,A,20,Remo,remo,2T,2T,32,0,77,15,Vitor Frezarin Bueno,vitor_frezarin_bueno,55,Jose Ricardo Araujo Fernandes,jose_ricardo_araujo_fernandes
200,2026,A,20,Vitória,vitoria,2T,2T,32,0,77,15,Walace Souza Silva,walace_souza_silva,88,Jose Vitor Silva Neves,jose_vitor_silva_neves
200,2026,A,20,Remo,remo,2T,2T,39,0,84,35,Edson Fernando da Silva Gomes,edson_fernando_da_silva_gomes,77,Mayksilvan da Silva Ferreira,mayksilvan_da_silva_ferreira
201,2026,A,21,Fluminense,fluminense,1T,1T,42,0,42,3,Thiago Emiliano da Silva,thiago_emiliano_da_silva,22,Juan Pablo Freytes,juan_pablo_freytes
201,2026,A,21,Fluminense,fluminense,2T,2T,17,0,62,11,Jefferson David Savarino Qui,jefferson_david_savarino_qui,32,Luciano Federico Acosta,luciano_federico_acosta
201,2026,A,21,Fluminense,fluminense,2T,2T,17,0,62,21,Igor Rabello da Costa,igor_rabello_da_costa,3,Thiago Emiliano da Silva,thiago_emiliano_da_silva
201,2026,A,21,Fluminense,fluminense,2T,2T,17,0,62,35,Hercules Pereira do Nascimento,hercules_pereira_do_nascimento,8,Matheus Martinelli Lima,matheus_martinelli_lima
201,2026,A,21,Bahia,bahia,2T,2T,20,0,65,10,Everton Augusto de Barros Ri,everton_augusto_de_barros_ri,7,Ademir da Silva Santos Junior,ademir_da_silva_santos_junior
201,2026,A,21,Bahia,bahia,2T,2T,20,0,65,15,Michel Daryl Araujo Villar,michel_daryl_araujo_villar,46,Luciano Batista da Silva Jun,luciano_batista_da_silva_jun
201,2026,A,21,Bahia,bahia,2T,2T,29,0,74,57,Kauê Junior Furquim da Silva,kaue_junior_furquim_da_silva,16,Erick da Costa Farias,erick_da_costa_farias
201,2026,A,21,Fluminense,fluminense,2T,2T,29,0,74,14,German Ezequiel Cano,german_ezequiel_cano,7,Givanildo Vieira de Sousa,givanildo_vieira_de_sousa
201,2026,A,21,Bahia,bahia,2T,2T,29,0,74,63,David Martins Almeida de Lira,david_martins_almeida_de_lira,6,Jean Lucas de Souza Oliveira,jean_lucas_de_souza_oliveira
204,2026,A,21,Athletico Paranaense,athletico_paranaense,2T,2T,19,0,64,53,Eduardo Kogitzki Anastacio,eduardo_kogitzki_anastacio,21,Leonardo Caetano Silva,leonardo_caetano_silva
204,2026,A,21,Athletico Paranaense,athletico_paranaense,2T,2T,19,0,64,8,João Victor Machado Cruz,joao_victor_machado_cruz,7,John Steven Mendoza Valencia,john_steven_mendoza_valencia
204,2026,A,21,Corinthians,corinthians,2T,2T,32,0,77,7,Breno de Souza Bidon,breno_de_souza_bidon,23,Matheus Pereira da Silva,matheus_pereira_da_silva
204,2026,A,21,Corinthians,corinthians,2T,2T,32,0,77,8,Rodrigo Garro,rodrigo_garro,9,Yuri Alberto Monteiro da Silva,yuri_alberto_monteiro_da_silva
204,2026,A,21,Athletico Paranaense,athletico_paranaense,2T,2T,36,0,81,19,Jorge Luis Rivaldo Pinto,jorge_luis_rivaldo_pinto,9,Kevin Estiben Viveros Rodall,kevin_estiben_viveros_rodall
204,2026,A,21,Corinthians,corinthians,2T,2T,37,0,82,49,André Luiz Santos Dias,andre_luiz_santos_dias,19,Andre Martin Carrillo Diaz,andre_martin_carrillo_diaz
204,2026,A,21,Athletico Paranaense,athletico_paranaense,2T,2T,90,2,92,33,Juan Felipe Aguirre Tabares,juan_felipe_aguirre_tabares,22,Carlos Teran Diaz,carlos_teran_diaz
205,2026,A,21,Remo,remo,2T,2T,13,0,58,2,Matheus Alexandre Anastacio,matheus_alexandre_anastacio,79,Marcelo Rodrigues Souza,marcelo_rodrigues_souza
205,2026,A,21,Remo,remo,2T,2T,13,0,58,7,Jandir Breno Souza Silva,jandir_breno_souza_silva,22,Glaybson Yago Souza Lisboa,glaybson_yago_souza_lisboa
205,2026,A,21,Mirassol,mirassol,2T,2T,14,0,59,7,Shaylon Kallyson Cardozo,shaylon_kallyson_cardozo,19,Gustavo Henric da Silva,gustavo_henric_da_silva
205,2026,A,21,Remo,remo,2T,2T,29,0,74,26,David Francisco Trindade Braga,david_francisco_trindade_braga,55,Jose Ricardo Araujo Fernandes,jose_ricardo_araujo_fernandes
205,2026,A,21,Mirassol,mirassol,2T,2T,31,0,76,55,Gustavo Cazonatti,gustavo_cazonatti,33,Carlos Eduardo de Oliveira A,carlos_eduardo_de_oliveira_a
205,2026,A,21,Remo,remo,2T,2T,35,0,80,15,Vitor Frezarin Bueno,vitor_frezarin_bueno,19,Gabriel Pereira Taliari,gabriel_pereira_taliari
205,2026,A,21,Remo,remo,2T,2T,35,0,80,9,Gabriel Buscariol Poveda,gabriel_buscariol_poveda,11,Alef Mangueira Severino Pere,alef_mangueira_severino_pere
205,2026,A,21,Mirassol,mirassol,2T,2T,40,0,85,96,Carlos Eduardo Ferreira de S,carlos_eduardo_ferreira_de_s,95,Edson Guilherme Mendes dos S,edson_guilherme_mendes_dos_s
205,2026,A,21,Mirassol,mirassol,2T,2T,40,0,85,10,Francisco Hyun Sol Kim,francisco_hyun_sol_kim,5,Joao Wellington Gadelha Melo,joao_wellington_gadelha_melo
207,2026,A,21,Flamengo,flamengo,2T,2T,19,0,64,22,Emerson Aparecido Leite de S,emerson_aparecido_leite_de_s,26,Alex Sandro Lobo Silva,alex_sandro_lobo_silva
207,2026,A,21,Flamengo,flamengo,2T,2T,19,0,64,27,Bruno Henrique Pinto,bruno_henrique_pinto,15,Jorge Andres Carrascal Guardo,jorge_andres_carrascal_guardo
207,2026,A,21,Internacional,internacional,2T,2T,22,0,67,18,Jose Carlos Ferreira Junior,jose_carlos_ferreira_junior,3,Guillermo Alfonso Maripan Lo,guillermo_alfonso_maripan_lo
207,2026,A,21,Internacional,internacional,2T,2T,22,0,67,27,Paulo Lucas Santos de Paula,paulo_lucas_santos_de_paula,8,Bruno Henrique Corsini,bruno_henrique_corsini
207,2026,A,21,Internacional,internacional,2T,2T,35,0,80,30,Calebe Gonçalves Ferreira da,calebe_goncalves_ferreira_da,10,Alan Patrick Lourenço,alan_patrick_lourenco
207,2026,A,21,Internacional,internacional,2T,2T,39,0,84,4,Felix Eduardo Torres Caicedo,felix_eduardo_torres_caicedo,5,Rodrigo Roman Villagra,rodrigo_roman_villagra
207,2026,A,21,Flamengo,flamengo,2T,2T,39,0,84,18,Diego Nicolas de La Cruz Arc,diego_nicolas_de_la_cruz_arc,21,Jorge Luiz Frello Filho,jorge_luiz_frello_filho
207,2026,A,21,Internacional,internacional,2T,2T,39,0,84,9,Alerrandro Barra Mansa Reali,alerrandro_barra_mansa_reali,7,Johan Stiven Carbonero Balanta,johan_stiven_carbonero_balanta
208,2026,A,21,Coritiba SAF,coritiba_saf,2T,2T,8,0,53,50,Vitor Gonçalves Tissi,vitor_goncalves_tissi,21,Thiago dos Santos,thiago_dos_santos
208,2026,A,21,Cruzeiro,cruzeiro,2T,2T,14,0,59,70,Kaique Kenji Takamura Correa,kaique_kenji_takamura_correa,38,Felipe de Morais Barbosa Pen,felipe_de_morais_barbosa_pen
208,2026,A,21,Coritiba SAF,coritiba_saf,2T,2T,19,0,64,6,Felipe Jonatan Rocha Andrade,felipe_jonatan_rocha_andrade,26,Bruno Ferreira Melo,bruno_ferreira_melo
208,2026,A,21,Coritiba SAF,coritiba_saf,2T,2T,19,0,64,99,Rodrigo Rodrigues Silva,rodrigo_rodrigues_silva,32,Pedro Rocha Neves,pedro_rocha_neves
208,2026,A,21,Cruzeiro,cruzeiro,2T,2T,24,0,69,7,Matheus Henrique de Souza,matheus_henrique_de_souza,8,Gerson Santos da Silva,gerson_santos_da_silva
208,2026,A,21,Cruzeiro,cruzeiro,2T,2T,24,0,69,11,Marcus Vinicius Oliveira Ale,marcus_vinicius_oliveira_ale,99,Keny Alexander Arroyo Alvarado,keny_alexander_arroyo_alvarado
208,2026,A,21,Coritiba SAF,coritiba_saf,2T,2T,33,0,78,17,Brian Alexis Ocampo Ferreira,brian_alexis_ocampo_ferreira,19,Sebastian Gomez Londono,sebastian_gomez_londono
208,2026,A,21,Coritiba SAF,coritiba_saf,2T,2T,33,0,78,20,Marcos da Silva Franca,marcos_da_silva_franca,77,Breno Henrique Vasconcelos L,breno_henrique_vasconcelos_l
208,2026,A,21,Cruzeiro,cruzeiro,2T,2T,39,0,84,9,Bruno Rafael Rodrigues do Na,bruno_rafael_rodrigues_do_na,19,Kaio Jorge Pinto Ramos,kaio_jorge_pinto_ramos
208,2026,A,21,Cruzeiro,cruzeiro,2T,2T,39,0,84,25,Lucas Hernan Villalba,lucas_hernan_villalba,27,GABRIEL HERNAN ROJAS,gabriel_hernan_rojas
209,2026,A,21,Vitória,vitoria,1T,1T,40,0,40,88,Jose Vitor Silva Neves,jose_vitor_silva_neves,6,Leandro Emmanuel Martinez,leandro_emmanuel_martinez
209,2026,A,21,Palmeiras,palmeiras,2T,2T,20,0,65,30,Lucas Evangelista Santana de,lucas_evangelista_santana_de,2,Alexander Nahuel Barboza Ullua,alexander_nahuel_barboza_ullua
209,2026,A,21,Vitória,vitoria,2T,2T,21,0,66,83,Jamerson Santos de Jesus,jamerson_santos_de_jesus,70,Fabiano Josue de Souza Silva,fabiano_josue_de_souza_silva
209,2026,A,21,Palmeiras,palmeiras,2T,2T,25,0,70,9,Vitor Hugo Roque Ferreira,vitor_hugo_roque_ferreira,11,Jhon Adolfo Arias Andrade,jhon_adolfo_arias_andrade
209,2026,A,21,Vitória,vitoria,2T,2T,28,0,73,15,Walace Souza Silva,walace_souza_silva,44,Gabriel Baralhas dos Santos,gabriel_baralhas_dos_santos
211,2026,A,22,Flamengo,flamengo,2T,2T,19,0,64,20,Lucas Tolentino Coelho de Lima,lucas_tolentino_coelho_de_lima,10,Giorgian Daniel de Arrascaet,giorgian_daniel_de_arrascaet
211,2026,A,22,Vitória,vitoria,2T,2T,23,0,68,8,Tomas Pochettino,tomas_pochettino,15,Walace Souza Silva,walace_souza_silva
211,2026,A,22,Flamengo,flamengo,2T,2T,29,0,74,27,Bruno Henrique Pinto,bruno_henrique_pinto,9,Pedro Guilherme Abreu dos Sa,pedro_guilherme_abreu_dos_sa
211,2026,A,22,Flamengo,flamengo,2T,2T,29,0,74,52,Evertton Gustavo Fernandes A,evertton_gustavo_fernandes_a,21,Jorge Luiz Frello Filho,jorge_luiz_frello_filho
211,2026,A,22,Flamengo,flamengo,2T,2T,29,0,74,19,Gonzalo Jordy Plata Jimenez,gonzalo_jordy_plata_jimenez,16,Samuel Dias Lino,samuel_dias_lino
211,2026,A,22,Vitória,vitoria,2T,2T,34,0,79,23,Fabricio do Rosario dos Santos,fabricio_do_rosario_dos_santos,91,Carlos Rene de Sousa Ferreira,carlos_rene_de_sousa_ferreira
211,2026,A,22,Flamengo,flamengo,2T,2T,40,0,85,99,Lorran Lucas Pereira de Sousa,lorran_lucas_pereira_de_sousa,15,Jorge Andres Carrascal Guardo,jorge_andres_carrascal_guardo
211,2026,A,22,Vitória,vitoria,2T,2T,90,2,92,26,Edenilson Santos Nascimento,edenilson_santos_nascimento,88,Jose Vitor Silva Neves,jose_vitor_silva_neves
212,2026,A,22,Botafogo,botafogo,2T,2T,14,0,59,14,Jordan Andres Barrera Herrera,jordan_andres_barrera_herrera,59,Kauan Almeida Toledo,kauan_almeida_toledo
212,2026,A,22,Botafogo,botafogo,2T,2T,14,0,59,11,Matheus Martins Silva dos Sa,matheus_martins_silva_dos_sa,77,Lucas Martín Villalba Jaume,lucas_martin_villalba_jaume
212,2026,A,22,Fluminense,fluminense,2T,2T,25,0,70,17,Agustin Canobbio Graviz,agustin_canobbio_graviz,90,Kevin Steven Serna Jaramillo,kevin_steven_serna_jaramillo
212,2026,A,22,Fluminense,fluminense,2T,2T,25,0,70,35,Hercules Pereira do Nascimento,hercules_pereira_do_nascimento,10,Paulo Henrique Chagas de Lima,paulo_henrique_chagas_de_lima
212,2026,A,22,Botafogo,botafogo,2T,2T,29,0,74,29,Paulo Victor da Silva,paulo_victor_da_silva,13,Alex Nicolao Telles,alex_nicolao_telles
212,2026,A,22,Fluminense,fluminense,2T,2T,33,0,78,11,Jefferson David Savarino Qui,jefferson_david_savarino_qui,16,Gustavo Nonato Santana,gustavo_nonato_santana
212,2026,A,22,Fluminense,fluminense,2T,2T,33,0,78,32,Luciano Federico Acosta,luciano_federico_acosta,30,Yeferson Julio Soteldo Marti,yeferson_julio_soteldo_marti
212,2026,A,22,Botafogo,botafogo,2T,2T,39,0,84,9,Danilo Pereira da Silva,danilo_pereira_da_silva,10,Alvaro Montoro,alvaro_montoro
212,2026,A,22,Botafogo,botafogo,2T,2T,39,0,84,79,Lucas Emanuel Jales do Nasci,lucas_emanuel_jales_do_nasci,14,Jordan Andres Barrera Herrera,jordan_andres_barrera_herrera
212,2026,A,22,Fluminense,fluminense,2T,2T,39,0,84,7,Givanildo Vieira de Sousa,givanildo_vieira_de_sousa,19,Rodrigo Castillo,rodrigo_castillo
213,2026,A,22,Santos FC,santos_fc,2T,2T,14,0,59,11,Ronielson da Silva Barbosa,ronielson_da_silva_barbosa,28,Christian Gabriel Oliva Gime,christian_gabriel_oliva_gime
213,2026,A,22,Athletico Paranaense,athletico_paranaense,2T,2T,14,0,59,18,Kerwin Andres Calderon Vargas,kerwin_andres_calderon_vargas,21,Leonardo Caetano Silva,leonardo_caetano_silva
213,2026,A,22,Athletico Paranaense,athletico_paranaense,2T,2T,14,0,59,5,Antonio Feliphe Costa Silva,antonio_feliphe_costa_silva,16,Jadson Alves dos Santos,jadson_alves_dos_santos
213,2026,A,22,Athletico Paranaense,athletico_paranaense,2T,2T,14,0,59,25,Joao Vitor Silva Dantas de O,joao_vitor_silva_dantas_de_o,12,Gilberto Moraes Junior,gilberto_moraes_junior
213,2026,A,22,Athletico Paranaense,athletico_paranaense,2T,2T,25,0,70,63,Diogo Riquelme Rivas do Nasc,diogo_riquelme_rivas_do_nasc,14,Luiz Gustavo Dias,luiz_gustavo_dias
213,2026,A,22,Santos FC,santos_fc,2T,2T,34,0,79,15,Willian Souza Arao da Silva,willian_souza_arao_da_silva,5,Joao Felipe Schmidt Urbano,joao_felipe_schmidt_urbano
213,2026,A,22,Santos FC,santos_fc,2T,2T,34,0,79,16,Thaciano Mickael da Silva,thaciano_mickael_da_silva,25,Gabriel Vinicius Menino,gabriel_vinicius_menino
213,2026,A,22,Athletico Paranaense,athletico_paranaense,2T,2T,39,0,84,53,Eduardo Kogitzki Anastacio,eduardo_kogitzki_anastacio,8,João Victor Machado Cruz,joao_victor_machado_cruz
214,2026,A,22,Palmeiras,palmeiras,2T,2T,12,0,57,42,Jose Manuel Alberto Lopez,jose_manuel_alberto_lopez,18,Mauricio Magalhaes Prado,mauricio_magalhaes_prado
214,2026,A,22,Palmeiras,palmeiras,2T,2T,12,0,57,9,Vitor Hugo Roque Ferreira,vitor_hugo_roque_ferreira,19,Ramon Sosa Acosta,ramon_sosa_acosta
214,2026,A,22,Internacional,internacional,2T,2T,17,0,62,35,Braian Nahuel Aguirre,braian_nahuel_aguirre,6,Matheus Bahia Santos,matheus_bahia_santos
214,2026,A,22,Internacional,internacional,2T,2T,32,0,77,16,Ronaldo da Silva Souza Guerr,ronaldo_da_silva_souza_guerr,8,Bruno Henrique Corsini,bruno_henrique_corsini
214,2026,A,22,Internacional,internacional,2T,2T,32,0,77,18,Jose Carlos Ferreira Junior,jose_carlos_ferreira_junior,10,Alan Patrick Lourenço,alan_patrick_lourenco
214,2026,A,22,Palmeiras,palmeiras,2T,2T,32,0,77,7,Felipe Anderson Pereira Gomes,felipe_anderson_pereira_gomes,40,Allan Andrade Elias,allan_andrade_elias
214,2026,A,22,Palmeiras,palmeiras,2T,2T,32,0,77,4,Agustin Giay,agustin_giay,32,Emiliano Martinez Toranza,emiliano_martinez_toranza
214,2026,A,22,Internacional,internacional,2T,2T,42,0,87,49,Joao Pedro Bezerra de Olivei,joao_pedro_bezerra_de_olivei,7,Johan Stiven Carbonero Balanta,johan_stiven_carbonero_balanta
215,2026,A,22,Red Bull Bragantino,red_bull_bragantino,2T,2T,20,0,65,57,Marcelo Braz da Silva,marcelo_braz_da_silva,8,Eduardo Colcenti Antunes,eduardo_colcenti_antunes
215,2026,A,22,Corinthians,corinthians,2T,2T,20,0,65,19,Andre Martin Carrillo Diaz,andre_martin_carrillo_diaz,14,Raniele Almeida Melo,raniele_almeida_melo
215,2026,A,22,Red Bull Bragantino,red_bull_bragantino,2T,2T,27,0,72,35,Matheus Fernandes Siqueira,matheus_fernandes_siqueira,7,Eric dos Santos Rodrigues,eric_dos_santos_rodrigues
215,2026,A,22,Red Bull Bragantino,red_bull_bragantino,2T,2T,27,0,72,22,Gustavo Ribeiro Neves,gustavo_ribeiro_neves,20,Rodrigo Huendra Almeida Mend,rodrigo_huendra_almeida_mend
215,2026,A,22,Corinthians,corinthians,2T,2T,30,0,75,77,Jesse Ellis Lingard,jesse_ellis_lingard,37,Kaio Cesar Andrade Lima,kaio_cesar_andrade_lima
215,2026,A,22,Red Bull Bragantino,red_bull_bragantino,2T,2T,43,0,88,41,Yuri Alves de Aquino,yuri_alves_de_aquino,34,Jose Andres Hurtado Cheme,jose_andres_hurtado_cheme
216,2026,A,22,Mirassol,mirassol,2T,2T,13,0,58,7,Shaylon Kallyson Cardozo,shaylon_kallyson_cardozo,8,Denilson Alves Borges,denilson_alves_borges
216,2026,A,22,Cruzeiro,cruzeiro,2T,2T,14,0,59,20,Wesley Gassova Ribeiro Teixe,wesley_gassova_ribeiro_teixe,70,Kaique Kenji Takamura Correa,kaique_kenji_takamura_correa
216,2026,A,22,Cruzeiro,cruzeiro,2T,2T,14,0,59,16,Lucas Silva Borges,lucas_silva_borges,5,Jose Lucas Gomes da Silva,jose_lucas_gomes_da_silva
216,2026,A,22,Cruzeiro,cruzeiro,2T,2T,14,0,59,67,João Gabriel E Costa Cesco,joao_gabriel_e_costa_cesco,99,Keny Alexander Arroyo Alvarado,keny_alexander_arroyo_alvarado
216,2026,A,22,Cruzeiro,cruzeiro,2T,2T,21,0,66,19,Kaio Jorge Pinto Ramos,kaio_jorge_pinto_ramos,10,Matheus Fellipe Costa Pereira,matheus_fellipe_costa_pereira
216,2026,A,22,Mirassol,mirassol,2T,2T,23,0,68,95,Edson Guilherme Mendes dos S,edson_guilherme_mendes_dos_s,33,Carlos Eduardo de Oliveira A,carlos_eduardo_de_oliveira_a
216,2026,A,22,Mirassol,mirassol,2T,2T,23,0,68,9,Andre Luis Silva de Aguiar,andre_luis_silva_de_aguiar,30,Bruno Santos de Oliveira,bruno_santos_de_oliveira
216,2026,A,22,Mirassol,mirassol,2T,2T,34,0,79,32,Igor Marques Paciencia Cardoso,igor_marques_paciencia_cardoso,18,Elias Lira Nogueira Junior,elias_lira_nogueira_junior
216,2026,A,22,Mirassol,mirassol,2T,2T,34,0,79,77,Alesson dos Santos Batista,alesson_dos_santos_batista,80,Wallisson Luiz Alves Maximo,wallisson_luiz_alves_maximo
216,2026,A,22,Cruzeiro,cruzeiro,2T,2T,44,0,89,27,GABRIEL HERNAN ROJAS,gabriel_hernan_rojas,25,Lucas Hernan Villalba,lucas_hernan_villalba
217,2026,A,22,Grêmio,gremio,2T,2T,8,0,53,17,Douglas Moreira Fagundes,douglas_moreira_fagundes,5,Juan Ignacio Martin Nardoni,juan_ignacio_martin_nardoni
217,2026,A,22,São Paulo,sao_paulo,2T,2T,25,0,70,16,Damian Josue Bobadilla Benitez,damian_josue_bobadilla_benitez,94,Daniel de Oliveira Sertanejo,daniel_de_oliveira_sertanejo
217,2026,A,22,São Paulo,sao_paulo,2T,2T,25,0,70,80,Cauly Oliveira Souza,cauly_oliveira_souza,11,Aldemir dos Santos Ferreira,aldemir_dos_santos_ferreira
217,2026,A,22,São Paulo,sao_paulo,2T,2T,31,0,76,17,Andre Oliveira Silva,andre_oliveira_silva,9,Jonathan Calleri,jonathan_calleri
217,2026,A,22,Grêmio,gremio,2T,2T,33,0,78,22,Martin Christensen Braithwaite,martin_christensen_braithwaite,95,Carlos Vinicius Alves Morais,carlos_vinicius_alves_morais
217,2026,A,22,São Paulo,sao_paulo,2T,2T,43,0,88,43,Gustavo Domingos Santana,gustavo_domingos_santana,18,Wendell Nascimento Borges,wendell_nascimento_borges
217,2026,A,22,São Paulo,sao_paulo,2T,2T,43,0,88,27,Joao Victor Santos Sa,joao_victor_santos_sa,29,Pablo Gonçalves Maia Fortuna,pablo_goncalves_maia_fortuna
217,2026,A,22,Grêmio,gremio,2T,2T,45,0,90,4,Walter Kannemann,walter_kannemann,20,Mathias Adalberto Villasanti,mathias_adalberto_villasanti
217,2026,A,22,Grêmio,gremio,2T,2T,45,0,90,33,Leonel Ulises Perez,leonel_ulises_perez,7,Cristian David Pavon,cristian_david_pavon
218,2026,A,22,Coritiba SAF,coritiba_saf,1T,1T,35,0,35,17,Brian Alexis Ocampo Ferreira,brian_alexis_ocampo_ferreira,10,Josue Filipe Soares Pesqueira,josue_filipe_soares_pesqueira
218,2026,A,22,Chapecoense,chapecoense,1T,1T,37,0,37,9,Tulio Eduardo Silva de Olive,tulio_eduardo_silva_de_olive,22,Max Alves da Silva,max_alves_da_silva
218,2026,A,22,Coritiba SAF,coritiba_saf,2T,2T,2,0,47,4,Rodrigo Modesto da Silva Mol,rodrigo_modesto_da_silva_mol,55,Jacy Maranhao Oliveira,jacy_maranhao_oliveira
218,2026,A,22,Coritiba SAF,coritiba_saf,2T,2T,2,0,47,36,Vinicius Romualdo dos Santos,vinicius_romualdo_dos_santos,17,Brian Alexis Ocampo Ferreira,brian_alexis_ocampo_ferreira
218,2026,A,22,Chapecoense,chapecoense,2T,2T,16,0,61,29,Franco Andres Rossi Donazar,franco_andres_rossi_donazar,70,Rubens Tadeu Hartmann Ricoldi,rubens_tadeu_hartmann_ricoldi
218,2026,A,22,Chapecoense,chapecoense,2T,2T,16,0,61,94,Kevin Federik Ramirez Dutra,kevin_federik_ramirez_dutra,7,Marcio Antonio de Sousa Junior,marcio_antonio_de_sousa_junior
218,2026,A,22,Chapecoense,chapecoense,2T,2T,31,0,76,97,Sebastiao Enio Santos de Alm,sebastiao_enio_santos_de_alm,27,Camilo Reijers de Oliveira,camilo_reijers_de_oliveira
218,2026,A,22,Chapecoense,chapecoense,2T,2T,31,0,76,91,Bruno de Jesus Pacheco,bruno_de_jesus_pacheco,12,Fernando Augusto Pereira Bue,fernando_augusto_pereira_bue
218,2026,A,22,Coritiba SAF,coritiba_saf,2T,2T,38,0,83,3,Maicon Pereira Roque,maicon_pereira_roque,32,Pedro Rocha Neves,pedro_rocha_neves
219,2026,A,22,Bahia,bahia,1T,1T,41,0,41,57,Kauê Junior Furquim da Silva,kaue_junior_furquim_da_silva,7,Ademir da Silva Santos Junior,ademir_da_silva_santos_junior
219,2026,A,22,Bahia,bahia,2T,2T,19,0,64,15,Michel Daryl Araujo Villar,michel_daryl_araujo_villar,12,Willian Jose da Silva,willian_jose_da_silva
219,2026,A,22,Bahia,bahia,2T,2T,19,0,64,8,Caio Alexandre Sousa E Silva,caio_alexandre_sousa_e_silva,6,Jean Lucas de Souza Oliveira,jean_lucas_de_souza_oliveira
219,2026,A,22,Vasco da Gama Saf,vasco_da_gama_saf,2T,2T,26,0,71,77,Claudio Paul Spinelli,claudio_paul_spinelli,28,Adson Ferreira Soares,adson_ferreira_soares
219,2026,A,22,Vasco da Gama Saf,vasco_da_gama_saf,2T,2T,28,0,73,83,Ramon Rique Santos de Souza,ramon_rique_santos_de_souza,7,David Correa da Fonseca,david_correa_da_fonseca
219,2026,A,22,Vasco da Gama Saf,vasco_da_gama_saf,2T,2T,40,0,85,88,Cauan Lucas Barros da Luz,cauan_lucas_barros_da_luz,8,Jair Rodrigues Junior,jair_rodrigues_junior
219,2026,A,22,Bahia,bahia,2T,2T,40,0,85,23,Mateo Naim Sanabria Doracio,mateo_naim_sanabria_doracio,11,Rodrigo Nestor Bertalia,rodrigo_nestor_bertalia
220,2026,A,22,Atlético Mineiro,atletico_mineiro,2T,2T,12,0,57,28,Tomas Esteban Cuello,tomas_esteban_cuello,27,Alan Steve Minda Garcia,alan_steve_minda_garcia
220,2026,A,22,Atlético Mineiro,atletico_mineiro,2T,2T,12,0,57,30,Victor Hugo Gomes Silva,victor_hugo_gomes_silva,11,Bernard Anicio Caldeira Duarte,bernard_anicio_caldeira_duarte
220,2026,A,22,Atlético Mineiro,atletico_mineiro,2T,2T,20,0,65,17,Igor Silveira Gomes,igor_silveira_gomes,8,Maycon de Andrade Barberan,maycon_de_andrade_barberan
220,2026,A,22,Atlético Mineiro,atletico_mineiro,2T,2T,20,0,65,9,Zander Mateo Cassierra Cabezas,zander_mateo_cassierra_cabezas,19,Reinier Jesus Carvalho,reinier_jesus_carvalho
220,2026,A,22,Remo,remo,2T,2T,26,0,71,15,Vitor Frezarin Bueno,vitor_frezarin_bueno,7,Jandir Breno Souza Silva,jandir_breno_souza_silva
220,2026,A,22,Remo,remo,2T,2T,37,0,82,8,Patrick Bezerra do Nascimento,patrick_bezerra_do_nascimento,55,Jose Ricardo Araujo Fernandes,jose_ricardo_araujo_fernandes
220,2026,A,22,Atlético Mineiro,atletico_mineiro,2T,2T,38,0,83,18,Thiago Nicolas Borbas Silva,thiago_nicolas_borbas_silva,39,Mamady Cissé,mamady_cisse
220,2026,A,22,Remo,remo,2T,2T,42,0,87,10,Jaderson Flores dos Reis,jaderson_flores_dos_reis,77,Mayksilvan da Silva Ferreira,mayksilvan_da_silva_ferreira
222,2026,A,23,Vasco da Gama Saf,vasco_da_gama_saf,1T,1T,13,0,13,5,SANTIAGO SOSA,santiago_sosa,8,Jair Rodrigues Junior,jair_rodrigues_junior
222,2026,A,23,Santos FC,santos_fc,2T,2T,17,0,62,11,Ronielson da Silva Barbosa,ronielson_da_silva_barbosa,22,Alvaro Martin Barreal,alvaro_martin_barreal
222,2026,A,23,Santos FC,santos_fc,2T,2T,17,0,62,32,Benjamin Rollheiser,benjamin_rollheiser,17,Gustavo Ruben Caballero Gonz,gustavo_ruben_caballero_gonz
222,2026,A,23,Santos FC,santos_fc,2T,2T,17,0,62,48,Gustavo Henrique Pereira,gustavo_henrique_pereira,28,Christian Gabriel Oliva Gime,christian_gabriel_oliva_gime
222,2026,A,23,Vasco da Gama Saf,vasco_da_gama_saf,2T,2T,20,0,65,18,Marino Hinestroza Angulo,marino_hinestroza_angulo,9,FACUNDO COLIDIO,facundo_colidio
222,2026,A,23,Vasco da Gama Saf,vasco_da_gama_saf,2T,2T,20,0,65,7,David Correa da Fonseca,david_correa_da_fonseca,77,Claudio Paul Spinelli,claudio_paul_spinelli
222,2026,A,23,Vasco da Gama Saf,vasco_da_gama_saf,2T,2T,20,0,65,2,Jose Luis Rodriguez Bebanz,jose_luis_rodriguez_bebanz,6,Lucas Piton Crivellaro,lucas_piton_crivellaro
222,2026,A,23,Santos FC,santos_fc,2T,2T,23,0,68,16,Thaciano Mickael da Silva,thaciano_mickael_da_silva,9,Gabriel Barbosa Almeida,gabriel_barbosa_almeida
222,2026,A,23,Vasco da Gama Saf,vasco_da_gama_saf,2T,2T,29,0,74,17,Nuno Gonçalo Rocha Moreira,nuno_goncalo_rocha_moreira,3,Danilo das Neves Pinheiro,danilo_das_neves_pinheiro
222,2026,A,23,Santos FC,santos_fc,2T,2T,43,0,88,26,João Paulo Ananias Bento,joao_paulo_ananias_bento,5,Joao Felipe Schmidt Urbano,joao_felipe_schmidt_urbano
223,2026,A,23,Coritiba SAF,coritiba_saf,1T,1T,19,0,19,44,Joao Pedro Chermont Crema,joao_pedro_chermont_crema,2,Guilherme de Jesus da Silva,guilherme_de_jesus_da_silva
223,2026,A,23,São Paulo,sao_paulo,2T,2T,17,0,62,37,Artur Victor Guimaraes,artur_victor_guimaraes,27,Joao Victor Santos Sa,joao_victor_santos_sa
223,2026,A,23,São Paulo,sao_paulo,2T,2T,17,0,62,11,Aldemir dos Santos Ferreira,aldemir_dos_santos_ferreira,28,Newton Araujo da Costa Junior,newton_araujo_da_costa_junior
223,2026,A,23,Coritiba SAF,coritiba_saf,2T,2T,20,0,65,50,Vitor Gonçalves Tissi,vitor_goncalves_tissi,21,Thiago dos Santos,thiago_dos_santos
223,2026,A,23,Coritiba SAF,coritiba_saf,2T,2T,28,0,73,36,Vinicius Romualdo dos Santos,vinicius_romualdo_dos_santos,19,Sebastian Gomez Londono,sebastian_gomez_londono
223,2026,A,23,Coritiba SAF,coritiba_saf,2T,2T,28,0,73,18,Paulo Roberto da Silva Souza,paulo_roberto_da_silva_souza,32,Pedro Rocha Neves,pedro_rocha_neves
223,2026,A,23,Coritiba SAF,coritiba_saf,2T,2T,28,0,73,20,Marcos da Silva Franca,marcos_da_silva_franca,88,Fernando Pereira do Nascimento,fernando_pereira_do_nascimento
223,2026,A,23,São Paulo,sao_paulo,2T,2T,32,0,77,12,Iago Amaral Borduchi,iago_amaral_borduchi,18,Wendell Nascimento Borges,wendell_nascimento_borges
223,2026,A,23,São Paulo,sao_paulo,2T,2T,32,0,77,49,Ryan Francisco Rodrigues dos,ryan_francisco_rodrigues_dos,10,Luciano da Rocha Neves,luciano_da_rocha_neves
224,2026,A,23,Corinthians,corinthians,2T,2T,8,0,53,4,Joao Pedro de Sousa Rodrigues,joao_pedro_de_sousa_rodrigues,3,Gabriel Armando de Abreu,gabriel_armando_de_abreu
224,2026,A,23,Cruzeiro,cruzeiro,2T,2T,12,0,57,10,Matheus Fellipe Costa Pereira,matheus_fellipe_costa_pereira,19,Kaio Jorge Pinto Ramos,kaio_jorge_pinto_ramos
224,2026,A,23,Cruzeiro,cruzeiro,2T,2T,12,0,57,99,Keny Alexander Arroyo Alvarado,keny_alexander_arroyo_alvarado,38,Felipe de Morais Barbosa Pen,felipe_de_morais_barbosa_pen
224,2026,A,23,Cruzeiro,cruzeiro,2T,2T,12,0,57,8,Gerson Santos da Silva,gerson_santos_da_silva,5,Jose Lucas Gomes da Silva,jose_lucas_gomes_da_silva
224,2026,A,23,Corinthians,corinthians,2T,2T,25,0,70,61,Diego da Cruz Lopes,diego_da_cruz_lopes,37,Kaio Cesar Andrade Lima,kaio_cesar_andrade_lima
224,2026,A,23,Cruzeiro,cruzeiro,2T,2T,25,0,70,97,Luciano Rodriguez Rosales,luciano_rodriguez_rosales,9,Bruno Rafael Rodrigues do Na,bruno_rafael_rodrigues_do_na
224,2026,A,23,Corinthians,corinthians,2T,2T,25,0,70,56,Guilherme William Silva Inacio,guilherme_william_silva_inacio,18,Pedro Raul Garay da Silva,pedro_raul_garay_da_silva
224,2026,A,23,Cruzeiro,cruzeiro,2T,2T,33,0,78,94,Wanderson Maciel Sousa Campos,wanderson_maciel_sousa_campos,67,João Gabriel E Costa Cesco,joao_gabriel_e_costa_cesco
224,2026,A,23,Corinthians,corinthians,2T,2T,34,0,79,23,Matheus Pereira da Silva,matheus_pereira_da_silva,19,Andre Martin Carrillo Diaz,andre_martin_carrillo_diaz
225,2026,A,23,Mirassol,mirassol,1T,1T,17,0,17,77,Alesson dos Santos Batista,alesson_dos_santos_batista,95,Edson Guilherme Mendes dos S,edson_guilherme_mendes_dos_s
225,2026,A,23,Mirassol,mirassol,2T,2T,8,0,53,25,Antonio Francisco Moura Neto,antonio_francisco_moura_neto,55,Gustavo Cazonatti,gustavo_cazonatti
225,2026,A,23,Mirassol,mirassol,2T,2T,8,0,53,5,Joao Wellington Gadelha Melo,joao_wellington_gadelha_melo,8,Denilson Alves Borges,denilson_alves_borges
225,2026,A,23,Flamengo,flamengo,2T,2T,17,0,62,16,Samuel Dias Lino,samuel_dias_lino,7,Luiz de Araujo Guimaraes Neto,luiz_de_araujo_guimaraes_neto
225,2026,A,23,Flamengo,flamengo,2T,2T,17,0,62,52,Evertton Gustavo Fernandes A,evertton_gustavo_fernandes_a,5,Erick Antonio Pulgar Farfan,erick_antonio_pulgar_farfan
225,2026,A,23,Flamengo,flamengo,2T,2T,17,0,62,21,Jorge Luiz Frello Filho,jorge_luiz_frello_filho,19,Gonzalo Jordy Plata Jimenez,gonzalo_jordy_plata_jimenez
225,2026,A,23,Mirassol,mirassol,2T,2T,23,0,68,19,Gustavo Henric da Silva,gustavo_henric_da_silva,17,Fernando Jose Marques Maciel,fernando_jose_marques_maciel
225,2026,A,23,Flamengo,flamengo,2T,2T,23,0,68,77,Johnny Monteiro Goes,johnny_monteiro_goes,6,Ayrton Lucas Dantas de Medei,ayrton_lucas_dantas_de_medei
225,2026,A,23,Flamengo,flamengo,2T,2T,28,0,73,10,Giorgian Daniel de Arrascaet,giorgian_daniel_de_arrascaet,20,Lucas Tolentino Coelho de Lima,lucas_tolentino_coelho_de_lima
226,2026,A,23,Atlético Mineiro,atletico_mineiro,1T,1T,30,0,30,11,Bernard Anicio Caldeira Duarte,bernard_anicio_caldeira_duarte,17,Igor Silveira Gomes,igor_silveira_gomes
226,2026,A,23,Atlético Mineiro,atletico_mineiro,2T,2T,15,0,60,15,Kevin Duvan Castano Gil,kevin_duvan_castano_gil,39,Mamady Cissé,mamady_cisse
226,2026,A,23,Atlético Mineiro,atletico_mineiro,2T,2T,15,0,60,8,Maycon de Andrade Barberan,maycon_de_andrade_barberan,21,Alan Steven Franco Palma,alan_steven_franco_palma
226,2026,A,23,Grêmio,gremio,2T,2T,18,0,63,37,Gabriel Ferreira de Carvalho,gabriel_ferreira_de_carvalho,17,Douglas Moreira Fagundes,douglas_moreira_fagundes
226,2026,A,23,Atlético Mineiro,atletico_mineiro,2T,2T,30,0,75,92,Eduardo Pereira Rodrigues,eduardo_pereira_rodrigues,30,Victor Hugo Gomes Silva,victor_hugo_gomes_silva
226,2026,A,23,Atlético Mineiro,atletico_mineiro,2T,2T,30,0,75,27,Alan Steve Minda Garcia,alan_steve_minda_garcia,28,Tomas Esteban Cuello,tomas_esteban_cuello
226,2026,A,23,Grêmio,gremio,2T,2T,30,0,75,38,Caio Fernando de Oliveira,caio_fernando_de_oliveira,54,Pedro Gabriel Crisostomo Pin,pedro_gabriel_crisostomo_pin
227,2026,A,23,Remo,remo,2T,2T,18,0,63,11,Alef Mangueira Severino Pere,alef_mangueira_severino_pere,7,Jandir Breno Souza Silva,jandir_breno_souza_silva
227,2026,A,23,Internacional,internacional,2T,2T,18,0,63,27,Paulo Lucas Santos de Paula,paulo_lucas_santos_de_paula,8,Bruno Henrique Corsini,bruno_henrique_corsini
227,2026,A,23,Internacional,internacional,2T,2T,18,0,63,30,Calebe Gonçalves Ferreira da,calebe_goncalves_ferreira_da,10,Alan Patrick Lourenço,alan_patrick_lourenco
227,2026,A,23,Remo,remo,2T,2T,18,0,63,8,Patrick Bezerra do Nascimento,patrick_bezerra_do_nascimento,28,José Welison da Silva,jose_welison_da_silva
227,2026,A,23,Internacional,internacional,2T,2T,29,0,74,9,Alerrandro Barra Mansa Reali,alerrandro_barra_mansa_reali,7,Johan Stiven Carbonero Balanta,johan_stiven_carbonero_balanta
227,2026,A,23,Remo,remo,2T,2T,37,0,82,26,David Francisco Trindade Braga,david_francisco_trindade_braga,6,Marlon Matheus Lopes do Nasc,marlon_matheus_lopes_do_nasc
227,2026,A,23,Internacional,internacional,2T,2T,41,0,86,31,Allex Rodrigues Pereira da S,allex_rodrigues_pereira_da_s,26,Alexandro Ezequiel Bernabei,alexandro_ezequiel_bernabei
227,2026,A,23,Internacional,internacional,2T,2T,41,0,86,4,Felix Eduardo Torres Caicedo,felix_eduardo_torres_caicedo,28,Vitor Hugo Naum dos Santos,vitor_hugo_naum_dos_santos
228,2026,A,23,Athletico Paranaense,athletico_paranaense,2T,2T,15,0,60,18,Kerwin Andres Calderon Vargas,kerwin_andres_calderon_vargas,21,Leonardo Caetano Silva,leonardo_caetano_silva
228,2026,A,23,Red Bull Bragantino,red_bull_bragantino,2T,2T,31,0,76,7,Eric dos Santos Rodrigues,eric_dos_santos_rodrigues,35,Matheus Fernandes Siqueira,matheus_fernandes_siqueira
228,2026,A,23,Red Bull Bragantino,red_bull_bragantino,2T,2T,31,0,76,5,Fabio Silva de Freitas,fabio_silva_de_freitas,6,Gabriel Girotto Franco,gabriel_girotto_franco
228,2026,A,23,Athletico Paranaense,athletico_paranaense,2T,2T,31,0,76,53,Eduardo Kogitzki Anastacio,eduardo_kogitzki_anastacio,8,João Victor Machado Cruz,joao_victor_machado_cruz
228,2026,A,23,Red Bull Bragantino,red_bull_bragantino,2T,2T,31,0,76,8,Eduardo Colcenti Antunes,eduardo_colcenti_antunes,32,Jose Maria Herrera Ares,jose_maria_herrera_ares
228,2026,A,23,Red Bull Bragantino,red_bull_bragantino,2T,2T,43,0,88,41,Yuri Alves de Aquino,yuri_alves_de_aquino,17,Vinicius Mendonca Pereira,vinicius_mendonca_pereira
228,2026,A,23,Athletico Paranaense,athletico_paranaense,2T,2T,45,0,90,19,Jorge Luis Rivaldo Pinto,jorge_luis_rivaldo_pinto,12,Gilberto Moraes Junior,gilberto_moraes_junior
228,2026,A,23,Athletico Paranaense,athletico_paranaense,2T,2T,45,0,90,10,Bruno Zapelli,bruno_zapelli,53,Eduardo Kogitzki Anastacio,eduardo_kogitzki_anastacio
229,2026,A,23,Botafogo,botafogo,1T,1T,27,0,27,7,Jose Antonio dos Santos Junior,jose_antonio_dos_santos_junior,75,Victor Hugo Custódio de Melo,victor_hugo_custodio_de_melo
229,2026,A,23,Botafogo,botafogo,2T,2T,8,0,53,9,Danilo Pereira da Silva,danilo_pereira_da_silva,11,Matheus Martins Silva dos Sa,matheus_martins_silva_dos_sa
229,2026,A,23,Vitória,vitoria,2T,2T,13,0,58,83,Jamerson Santos de Jesus,jamerson_santos_de_jesus,13,Ramon Ramos Lima,ramon_ramos_lima
229,2026,A,23,Vitória,vitoria,2T,2T,13,0,58,15,Walace Souza Silva,walace_souza_silva,6,Leandro Emmanuel Martinez,leandro_emmanuel_martinez
229,2026,A,23,Vitória,vitoria,2T,2T,19,0,64,8,Tomas Pochettino,tomas_pochettino,12,Diego Tarzia,diego_tarzia
229,2026,A,23,Vitória,vitoria,2T,2T,19,0,64,79,Renato Kayzer de Souza,renato_kayzer_de_souza,91,Carlos Rene de Sousa Ferreira,carlos_rene_de_sousa_ferreira
229,2026,A,23,Botafogo,botafogo,2T,2T,26,0,71,91,Domingos Paulo Andrade,domingos_paulo_andrade,8,Danilo dos Santos de Oliveira,danilo_dos_santos_de_oliveira
229,2026,A,23,Botafogo,botafogo,2T,2T,26,0,71,23,Santiago Mariano Rodriguez M,santiago_mariano_rodriguez_m,6,Cristian Nicolas Medina,cristian_nicolas_medina
229,2026,A,23,Vitória,vitoria,2T,2T,32,0,77,7,Mario Sergio Santos Costa,mario_sergio_santos_costa,10,Matheus Martins Fogaca de Pa,matheus_martins_fogaca_de_pa
230,2026,A,23,Bahia,bahia,2T,2T,22,0,67,8,Caio Alexandre Sousa E Silva,caio_alexandre_sousa_e_silva,31,Roman Agustin Gomez,roman_agustin_gomez
230,2026,A,23,Bahia,bahia,2T,2T,22,0,67,66,Jose Guilherme de Lima Costa,jose_guilherme_de_lima_costa,46,Luciano Batista da Silva Jun,luciano_batista_da_silva_jun
230,2026,A,23,Bahia,bahia,2T,2T,22,0,67,23,Mateo Naim Sanabria Doracio,mateo_naim_sanabria_doracio,57,Kauê Junior Furquim da Silva,kaue_junior_furquim_da_silva
230,2026,A,23,Bahia,bahia,2T,2T,22,0,67,14,Erick Luis Conrado Carvalho,erick_luis_conrado_carvalho,6,Jean Lucas de Souza Oliveira,jean_lucas_de_souza_oliveira
230,2026,A,23,Chapecoense,chapecoense,2T,2T,32,0,77,19,David Antunes da Silva,david_antunes_da_silva,88,Yago Felipe da Costa Rocha,yago_felipe_da_costa_rocha
230,2026,A,23,Chapecoense,chapecoense,2T,2T,32,0,77,91,Bruno de Jesus Pacheco,bruno_de_jesus_pacheco,12,Fernando Augusto Pereira Bue,fernando_augusto_pereira_bue
230,2026,A,23,Bahia,bahia,2T,2T,37,0,82,15,Michel Daryl Araujo Villar,michel_daryl_araujo_villar,11,Rodrigo Nestor Bertalia,rodrigo_nestor_bertalia
231,2026,A,24,Fluminense,fluminense,1T,1T,44,0,44,46,Julio Cesar Lima Fidelis,julio_cesar_lima_fidelis,2,Samuel Xavier Brito,samuel_xavier_brito
231,2026,A,24,Remo,remo,2T,2T,15,0,60,26,David Francisco Trindade Braga,david_francisco_trindade_braga,15,Vitor Frezarin Bueno,vitor_frezarin_bueno
231,2026,A,24,Remo,remo,2T,2T,24,0,69,11,Alef Mangueira Severino Pere,alef_mangueira_severino_pere,7,Jandir Breno Souza Silva,jandir_breno_souza_silva
231,2026,A,24,Remo,remo,2T,2T,24,0,69,21,Antonio Javier Galeano Ferre,antonio_javier_galeano_ferre,79,Marcelo Rodrigues Souza,marcelo_rodrigues_souza
231,2026,A,24,Fluminense,fluminense,2T,2T,30,0,75,14,German Ezequiel Cano,german_ezequiel_cano,7,Givanildo Vieira de Sousa,givanildo_vieira_de_sousa
231,2026,A,24,Fluminense,fluminense,2T,2T,37,0,82,28,Riquelme Felipe Silva de Alm,riquelme_felipe_silva_de_alm,30,Yeferson Julio Soteldo Marti,yeferson_julio_soteldo_marti
231,2026,A,24,Remo,remo,2T,2T,44,0,89,8,Patrick Bezerra do Nascimento,patrick_bezerra_do_nascimento,13,Marllon Goncalves Jeronimo B,marllon_goncalves_jeronimo_b
231,2026,A,24,Remo,remo,2T,2T,44,0,89,14,Leonel Marcelo Picco,leonel_marcelo_picco,55,Jose Ricardo Araujo Fernandes,jose_ricardo_araujo_fernandes
232,2026,A,24,Athletico Paranaense,athletico_paranaense,2T,2T,16,0,61,53,Eduardo Kogitzki Anastacio,eduardo_kogitzki_anastacio,8,João Victor Machado Cruz,joao_victor_machado_cruz
232,2026,A,24,Botafogo,botafogo,2T,2T,17,0,62,75,Victor Hugo Custódio de Melo,victor_hugo_custodio_de_melo,25,Allan Marques Loureiro,allan_marques_loureiro
232,2026,A,24,Botafogo,botafogo,2T,2T,17,0,62,37,Jose Kadir Barria Rose,jose_kadir_barria_rose,6,Cristian Nicolas Medina,cristian_nicolas_medina
232,2026,A,24,Botafogo,botafogo,2T,2T,26,0,71,23,Santiago Mariano Rodriguez M,santiago_mariano_rodriguez_m,88,Edenilson Andrade dos Santos,edenilson_andrade_dos_santos
232,2026,A,24,Botafogo,botafogo,2T,2T,34,0,79,11,Matheus Martins Silva dos Sa,matheus_martins_silva_dos_sa,10,Alvaro Montoro,alvaro_montoro
232,2026,A,24,Athletico Paranaense,athletico_paranaense,2T,2T,39,0,84,70,Renan Peixoto Nepomuceno,renan_peixoto_nepomuceno,9,Kevin Estiben Viveros Rodall,kevin_estiben_viveros_rodall
233,2026,A,24,Mirassol,mirassol,1T,1T,28,0,28,2,Lucas da Cruz Oliveira,lucas_da_cruz_oliveira,44,Gabriel Knesowitsch,gabriel_knesowitsch
233,2026,A,24,Mirassol,mirassol,2T,2T,16,0,61,80,Wallisson Luiz Alves Maximo,wallisson_luiz_alves_maximo,55,Gustavo Cazonatti,gustavo_cazonatti
233,2026,A,24,Mirassol,mirassol,2T,2T,16,0,61,5,Joao Wellington Gadelha Melo,joao_wellington_gadelha_melo,33,Carlos Eduardo de Oliveira A,carlos_eduardo_de_oliveira_a
233,2026,A,24,Santos FC,santos_fc,2T,2T,16,0,61,32,Benjamin Rollheiser,benjamin_rollheiser,5,Joao Felipe Schmidt Urbano,joao_felipe_schmidt_urbano
233,2026,A,24,Santos FC,santos_fc,2T,2T,28,0,73,16,Thaciano Mickael da Silva,thaciano_mickael_da_silva,22,Alvaro Martin Barreal,alvaro_martin_barreal
233,2026,A,24,Mirassol,mirassol,2T,2T,32,0,77,17,Fernando Jose Marques Maciel,fernando_jose_marques_maciel,77,Alesson dos Santos Batista,alesson_dos_santos_batista
233,2026,A,24,Mirassol,mirassol,2T,2T,32,0,77,96,Carlos Eduardo Ferreira de S,carlos_eduardo_ferreira_de_s,30,Bruno Santos de Oliveira,bruno_santos_de_oliveira
233,2026,A,24,Santos FC,santos_fc,2T,2T,36,0,81,17,Gustavo Ruben Caballero Gonz,gustavo_ruben_caballero_gonz,9,Gabriel Barbosa Almeida,gabriel_barbosa_almeida
233,2026,A,24,Santos FC,santos_fc,2T,2T,36,0,81,27,Davi Fernandes Cavalcante Ri,davi_fernandes_cavalcante_ri,18,Igor Vinicius de Souza,igor_vinicius_de_souza
234,2026,A,24,Vasco da Gama Saf,vasco_da_gama_saf,2T,2T,12,0,57,82,Riquelme Avellar da Silva Fo,riquelme_avellar_da_silva_fo,66,Luis Eduardo Soares da Silva,luis_eduardo_soares_da_silva
234,2026,A,24,Vasco da Gama Saf,vasco_da_gama_saf,2T,2T,12,0,57,83,Ramon Rique Santos de Souza,ramon_rique_santos_de_souza,23,Thiago Henrique Santos Mendes,thiago_henrique_santos_mendes
234,2026,A,24,Vasco da Gama Saf,vasco_da_gama_saf,2T,2T,19,0,64,9,FACUNDO COLIDIO,facundo_colidio,7,David Correa da Fonseca,david_correa_da_fonseca
234,2026,A,24,Vasco da Gama Saf,vasco_da_gama_saf,2T,2T,19,0,64,17,Nuno Gonçalo Rocha Moreira,nuno_goncalo_rocha_moreira,28,Adson Ferreira Soares,adson_ferreira_soares
234,2026,A,24,Palmeiras,palmeiras,2T,2T,25,0,70,32,Emiliano Martinez Toranza,emiliano_martinez_toranza,17,Marlon Rodrigues Freitas,marlon_rodrigues_freitas
234,2026,A,24,Palmeiras,palmeiras,2T,2T,25,0,70,7,Felipe Anderson Pereira Gomes,felipe_anderson_pereira_gomes,40,Allan Andrade Elias,allan_andrade_elias
234,2026,A,24,Palmeiras,palmeiras,2T,2T,25,0,70,11,Jhon Adolfo Arias Andrade,jhon_adolfo_arias_andrade,9,Vitor Hugo Roque Ferreira,vitor_hugo_roque_ferreira
234,2026,A,24,Vasco da Gama Saf,vasco_da_gama_saf,2T,2T,26,0,71,18,Marino Hinestroza Angulo,marino_hinestroza_angulo,11,Carlos Andres Gomez Hinestroza,carlos_andres_gomez_hinestroza
234,2026,A,24,Palmeiras,palmeiras,2T,2T,39,0,84,12,Khellven Douglas Silva Olive,khellven_douglas_silva_olive,4,Agustin Giay,agustin_giay
235,2026,A,24,Red Bull Bragantino,red_bull_bragantino,2T,2T,18,0,63,5,Fabio Silva de Freitas,fabio_silva_de_freitas,7,Eric dos Santos Rodrigues,eric_dos_santos_rodrigues
235,2026,A,24,Grêmio,gremio,2T,2T,18,0,63,77,Jovane Eduardo Borges Cabral,jovane_eduardo_borges_cabral,9,Francis Apelete Amuzu,francis_apelete_amuzu
235,2026,A,24,Red Bull Bragantino,red_bull_bragantino,2T,2T,18,0,63,30,Henry David Mosquera Sanchez,henry_david_mosquera_sanchez,32,Jose Maria Herrera Ares,jose_maria_herrera_ares
235,2026,A,24,Red Bull Bragantino,red_bull_bragantino,2T,2T,27,0,72,8,Eduardo Colcenti Antunes,eduardo_colcenti_antunes,21,Lucas Henrique Barbosa,lucas_henrique_barbosa
235,2026,A,24,Red Bull Bragantino,red_bull_bragantino,2T,2T,40,0,85,41,Yuri Alves de Aquino,yuri_alves_de_aquino,17,Vinicius Mendonca Pereira,vinicius_mendonca_pereira
235,2026,A,24,Red Bull Bragantino,red_bull_bragantino,2T,2T,40,0,85,22,Gustavo Ribeiro Neves,gustavo_ribeiro_neves,20,Rodrigo Huendra Almeida Mend,rodrigo_huendra_almeida_mend
235,2026,A,24,Grêmio,gremio,2T,2T,42,0,87,95,Carlos Vinicius Alves Morais,carlos_vinicius_alves_morais,10,Filip Krovinovic,filip_krovinovic
235,2026,A,24,Grêmio,gremio,2T,2T,90,1,91,15,Danilo Barbosa da Silva,danilo_barbosa_da_silva,8,Erick Carlos Noriega Loret d,erick_carlos_noriega_loret_d
236,2026,A,24,Flamengo,flamengo,2T,2T,17,0,62,19,Gonzalo Jordy Plata Jimenez,gonzalo_jordy_plata_jimenez,16,Samuel Dias Lino,samuel_dias_lino
236,2026,A,24,Flamengo,flamengo,2T,2T,17,0,62,21,Jorge Luiz Frello Filho,jorge_luiz_frello_filho,10,Giorgian Daniel de Arrascaet,giorgian_daniel_de_arrascaet
236,2026,A,24,Flamengo,flamengo,2T,2T,26,0,71,27,Bruno Henrique Pinto,bruno_henrique_pinto,20,Lucas Tolentino Coelho de Lima,lucas_tolentino_coelho_de_lima
236,2026,A,24,Flamengo,flamengo,2T,2T,26,0,71,52,Evertton Gustavo Fernandes A,evertton_gustavo_fernandes_a,5,Erick Antonio Pulgar Farfan,erick_antonio_pulgar_farfan
236,2026,A,24,Cruzeiro,cruzeiro,2T,2T,30,0,75,70,Kaique Kenji Takamura Correa,kaique_kenji_takamura_correa,99,Keny Alexander Arroyo Alvarado,keny_alexander_arroyo_alvarado
236,2026,A,24,Cruzeiro,cruzeiro,2T,2T,30,0,75,22,Neiser David Villareal Quino,neiser_david_villareal_quino,19,Kaio Jorge Pinto Ramos,kaio_jorge_pinto_ramos
236,2026,A,24,Cruzeiro,cruzeiro,2T,2T,30,0,75,8,Gerson Santos da Silva,gerson_santos_da_silva,29,Lucas Daniel Romero,lucas_daniel_romero
236,2026,A,24,Flamengo,flamengo,2T,2T,37,0,82,7,Luiz de Araujo Guimaraes Neto,luiz_de_araujo_guimaraes_neto,9,Pedro Guilherme Abreu dos Sa,pedro_guilherme_abreu_dos_sa
236,2026,A,24,Cruzeiro,cruzeiro,2T,2T,40,0,85,5,Jose Lucas Gomes da Silva,jose_lucas_gomes_da_silva,7,Matheus Henrique de Souza,matheus_henrique_de_souza
237,2026,A,24,Atlético Mineiro,atletico_mineiro,2T,2T,19,0,64,92,Eduardo Pereira Rodrigues,eduardo_pereira_rodrigues,6,Renan Augusto Lodi dos Santos,renan_augusto_lodi_dos_santos
237,2026,A,24,Atlético Mineiro,atletico_mineiro,2T,2T,19,0,64,14,Vitor Hugo Franchescoli de S,vitor_hugo_franchescoli_de_s,4,Ruan Tressoldi Netto,ruan_tressoldi_netto
237,2026,A,24,Internacional,internacional,2T,2T,31,0,76,12,Anthoni Spier Souza,anthoni_spier_souza,23,Matheus Cunha Queiroz,matheus_cunha_queiroz
237,2026,A,24,Internacional,internacional,2T,2T,31,0,76,27,Paulo Lucas Santos de Paula,paulo_lucas_santos_de_paula,8,Bruno Henrique Corsini,bruno_henrique_corsini
237,2026,A,24,Internacional,internacional,2T,2T,31,0,76,17,PER NICLAS ELIASSON,per_niclas_eliasson,7,Johan Stiven Carbonero Balanta,johan_stiven_carbonero_balanta
237,2026,A,24,Atlético Mineiro,atletico_mineiro,2T,2T,35,0,80,21,Alan Steven Franco Palma,alan_steven_franco_palma,39,Mamady Cissé,mamady_cisse
237,2026,A,24,Internacional,internacional,2T,2T,90,1,91,31,Allex Rodrigues Pereira da S,allex_rodrigues_pereira_da_s,10,Alan Patrick Lourenço,alan_patrick_lourenco
237,2026,A,24,Internacional,internacional,2T,2T,90,1,91,18,Jose Carlos Ferreira Junior,jose_carlos_ferreira_junior,15,Bruno Gomes da Silva Clevela,bruno_gomes_da_silva_clevela
238,2026,A,24,Coritiba SAF,coritiba_saf,2T,2T,16,0,61,50,Vitor Gonçalves Tissi,vitor_goncalves_tissi,21,Thiago dos Santos,thiago_dos_santos
238,2026,A,24,Coritiba SAF,coritiba_saf,2T,2T,16,0,61,18,Paulo Roberto da Silva Souza,paulo_roberto_da_silva_souza,32,Pedro Rocha Neves,pedro_rocha_neves
238,2026,A,24,Corinthians,corinthians,2T,2T,25,0,70,56,Guilherme William Silva Inacio,guilherme_william_silva_inacio,7,Breno de Souza Bidon,breno_de_souza_bidon
238,2026,A,24,Corinthians,corinthians,2T,2T,25,0,70,61,Diego da Cruz Lopes,diego_da_cruz_lopes,19,Andre Martin Carrillo Diaz,andre_martin_carrillo_diaz
238,2026,A,24,Coritiba SAF,coritiba_saf,2T,2T,26,0,71,28,Fabio Augusto Luciano da Silva,fabio_augusto_luciano_da_silva,7,Joaquin Lavega Colzada,joaquin_lavega_colzada
238,2026,A,24,Corinthians,corinthians,2T,2T,36,0,81,77,Jesse Ellis Lingard,jesse_ellis_lingard,37,Kaio Cesar Andrade Lima,kaio_cesar_andrade_lima
238,2026,A,24,Coritiba SAF,coritiba_saf,2T,2T,38,0,83,86,Lucas Taverna,lucas_taverna,44,Joao Pedro Chermont Crema,joao_pedro_chermont_crema
238,2026,A,24,Coritiba SAF,coritiba_saf,2T,2T,38,0,83,88,Fernando Pereira do Nascimento,fernando_pereira_do_nascimento,10,Josue Filipe Soares Pesqueira,josue_filipe_soares_pesqueira
239,2026,A,24,Vitória,vitoria,2T,2T,17,0,62,7,Mario Sergio Santos Costa,mario_sergio_santos_costa,33,Erick de Arruda Serafim,erick_de_arruda_serafim
239,2026,A,24,Vitória,vitoria,2T,2T,24,0,69,79,Renato Kayzer de Souza,renato_kayzer_de_souza,10,Matheus Martins Fogaca de Pa,matheus_martins_fogaca_de_pa
239,2026,A,24,Bahia,bahia,2T,2T,25,0,70,6,Jean Lucas de Souza Oliveira,jean_lucas_de_souza_oliveira,14,Erick Luis Conrado Carvalho,erick_luis_conrado_carvalho
239,2026,A,24,Vitória,vitoria,2T,2T,31,0,76,98,Mateus da Silva Duarte,mateus_da_silva_duarte,2,Emanuel Britez,emanuel_britez
239,2026,A,24,Bahia,bahia,2T,2T,36,0,81,15,Michel Daryl Araujo Villar,michel_daryl_araujo_villar,11,Rodrigo Nestor Bertalia,rodrigo_nestor_bertalia
239,2026,A,24,Bahia,bahia,2T,2T,36,0,81,77,Ruan Pablo Barbosa Sousa,ruan_pablo_barbosa_sousa,16,Erick da Costa Farias,erick_da_costa_farias
239,2026,A,24,Bahia,bahia,2T,2T,90,3,93,27,Everaldo Stum,everaldo_stum,9,Alejo Veliz,alejo_veliz
240,2026,A,24,São Paulo,sao_paulo,1T,1T,30,0,30,43,Gustavo Domingos Santana,gustavo_domingos_santana,9,Jonathan Calleri,jonathan_calleri
240,2026,A,24,Chapecoense,chapecoense,2T,2T,12,0,57,31,Mauricio Garcez de Jesus,mauricio_garcez_de_jesus,77,Dylan Felipe Borrero Caicedo,dylan_felipe_borrero_caicedo
240,2026,A,24,São Paulo,sao_paulo,2T,2T,20,0,65,11,Aldemir dos Santos Ferreira,aldemir_dos_santos_ferreira,29,Pablo Gonçalves Maia Fortuna,pablo_goncalves_maia_fortuna
240,2026,A,24,São Paulo,sao_paulo,2T,2T,20,0,65,28,Newton Araujo da Costa Junior,newton_araujo_da_costa_junior,19,Lucas Ramon Batista Silva,lucas_ramon_batista_silva
240,2026,A,24,Chapecoense,chapecoense,2T,2T,20,0,65,26,Everton Souza da Cruz,everton_souza_da_cruz,5,Heitor Rodrigues da Fonseca,heitor_rodrigues_da_fonseca
240,2026,A,24,Chapecoense,chapecoense,2T,2T,29,0,74,16,Bruno Matias dos Santos,bruno_matias_dos_santos,10,Giovanni Augusto Oliveira Ca,giovanni_augusto_oliveira_ca
240,2026,A,24,Chapecoense,chapecoense,2T,2T,29,0,74,12,Fernando Augusto Pereira Bue,fernando_augusto_pereira_bue,88,Yago Felipe da Costa Rocha,yago_felipe_da_costa_rocha
240,2026,A,24,Chapecoense,chapecoense,2T,2T,29,0,74,29,Franco Andres Rossi Donazar,franco_andres_rossi_donazar,9,Tulio Eduardo Silva de Olive,tulio_eduardo_silva_de_olive
240,2026,A,24,São Paulo,sao_paulo,2T,2T,30,0,75,46,Pedro Henrique Ferreira da S,pedro_henrique_ferreira_da_s,80,Cauly Oliveira Souza,cauly_oliveira_souza
241,2026,A,25,Botafogo,botafogo,1T,1T,20,0,20,33,Lucas Gabriel Nunes Monzon,lucas_gabriel_nunes_monzon,13,Alex Nicolao Telles,alex_nicolao_telles
241,2026,A,25,Botafogo,botafogo,2T,2T,21,0,66,6,Cristian Nicolas Medina,cristian_nicolas_medina,88,Edenilson Andrade dos Santos,edenilson_andrade_dos_santos
241,2026,A,25,Flamengo,flamengo,2T,2T,29,0,74,15,Jorge Andres Carrascal Guardo,jorge_andres_carrascal_guardo,10,Giorgian Daniel de Arrascaet,giorgian_daniel_de_arrascaet
241,2026,A,25,Botafogo,botafogo,2T,2T,31,0,76,77,Lucas Martín Villalba Jaume,lucas_martin_villalba_jaume,2,Victor Alexander da Silva,victor_alexander_da_silva
241,2026,A,25,Botafogo,botafogo,2T,2T,31,0,76,7,Jose Antonio dos Santos Junior,jose_antonio_dos_santos_junior,19,Arthur Mendonça Cabral,arthur_mendonca_cabral
241,2026,A,25,Flamengo,flamengo,2T,2T,41,0,86,11,Everton Sousa Soares,everton_sousa_soares,9,Pedro Guilherme Abreu dos Sa,pedro_guilherme_abreu_dos_sa
242,2026,A,25,Cruzeiro,cruzeiro,2T,2T,16,0,61,20,Wesley Gassova Ribeiro Teixe,wesley_gassova_ribeiro_teixe,67,João Gabriel E Costa Cesco,joao_gabriel_e_costa_cesco
242,2026,A,25,Cruzeiro,cruzeiro,2T,2T,16,0,61,10,Matheus Fellipe Costa Pereira,matheus_fellipe_costa_pereira,97,Luciano Rodriguez Rosales,luciano_rodriguez_rosales
242,2026,A,25,Vasco da Gama Saf,vasco_da_gama_saf,2T,2T,24,0,69,2,Jose Luis Rodriguez Bebanz,jose_luis_rodriguez_bebanz,28,Adson Ferreira Soares,adson_ferreira_soares
242,2026,A,25,Cruzeiro,cruzeiro,2T,2T,33,0,78,38,Felipe de Morais Barbosa Pen,felipe_de_morais_barbosa_pen,70,Kaique Kenji Takamura Correa,kaique_kenji_takamura_correa
242,2026,A,25,Cruzeiro,cruzeiro,2T,2T,33,0,78,16,Lucas Silva Borges,lucas_silva_borges,5,Jose Lucas Gomes da Silva,jose_lucas_gomes_da_silva
242,2026,A,25,Vasco da Gama Saf,vasco_da_gama_saf,2T,2T,33,0,78,88,Cauan Lucas Barros da Luz,cauan_lucas_barros_da_luz,9,FACUNDO COLIDIO,facundo_colidio
242,2026,A,25,Vasco da Gama Saf,vasco_da_gama_saf,2T,2T,33,0,78,7,David Correa da Fonseca,david_correa_da_fonseca,5,SANTIAGO SOSA,santiago_sosa
242,2026,A,25,Cruzeiro,cruzeiro,2T,2T,38,0,83,94,Wanderson Maciel Sousa Campos,wanderson_maciel_sousa_campos,22,Neiser David Villareal Quino,neiser_david_villareal_quino
242,2026,A,25,Vasco da Gama Saf,vasco_da_gama_saf,2T,2T,39,0,84,18,Marino Hinestroza Angulo,marino_hinestroza_angulo,11,Carlos Andres Gomez Hinestroza,carlos_andres_gomez_hinestroza
242,2026,A,25,Vasco da Gama Saf,vasco_da_gama_saf,2T,2T,39,0,84,83,Ramon Rique Santos de Souza,ramon_rique_santos_de_souza,3,Danilo das Neves Pinheiro,danilo_das_neves_pinheiro
243,2026,A,25,São Paulo,sao_paulo,2T,2T,9,0,54,17,Andre Oliveira Silva,andre_oliveira_silva,43,Gustavo Domingos Santana,gustavo_domingos_santana
243,2026,A,25,Red Bull Bragantino,red_bull_bragantino,2T,2T,22,0,67,22,Gustavo Ribeiro Neves,gustavo_ribeiro_neves,32,Jose Maria Herrera Ares,jose_maria_herrera_ares
243,2026,A,25,Red Bull Bragantino,red_bull_bragantino,2T,2T,22,0,67,30,Henry David Mosquera Sanchez,henry_david_mosquera_sanchez,21,Lucas Henrique Barbosa,lucas_henrique_barbosa
243,2026,A,25,São Paulo,sao_paulo,2T,2T,26,0,71,19,Lucas Ramon Batista Silva,lucas_ramon_batista_silva,10,Luciano da Rocha Neves,luciano_da_rocha_neves
243,2026,A,25,São Paulo,sao_paulo,2T,2T,26,0,71,29,Pablo Gonçalves Maia Fortuna,pablo_goncalves_maia_fortuna,20,Aurélio Gabriel Ulineia Buta,aurelio_gabriel_ulineia_buta
243,2026,A,25,Red Bull Bragantino,red_bull_bragantino,2T,2T,32,0,77,41,Yuri Alves de Aquino,yuri_alves_de_aquino,9,Isidro Miguel Pitta Saldivar,isidro_miguel_pitta_saldivar
243,2026,A,25,São Paulo,sao_paulo,2T,2T,38,0,83,11,Aldemir dos Santos Ferreira,aldemir_dos_santos_ferreira,37,Artur Victor Guimaraes,artur_victor_guimaraes
243,2026,A,25,São Paulo,sao_paulo,2T,2T,38,0,83,48,Djhordney Ferreira,djhordney_ferreira,94,Daniel de Oliveira Sertanejo,daniel_de_oliveira_sertanejo
244,2026,A,25,Santos FC,santos_fc,1T,1T,20,0,20,28,Christian Gabriel Oliva Gime,christian_gabriel_oliva_gime,48,Gustavo Henrique Pereira,gustavo_henrique_pereira
244,2026,A,25,Corinthians,corinthians,2T,2T,18,0,63,18,Pedro Raul Garay da Silva,pedro_raul_garay_da_silva,29,Allan Rodrigues de Souza,allan_rodrigues_de_souza
244,2026,A,25,Santos FC,santos_fc,2T,2T,20,0,65,11,Ronielson da Silva Barbosa,ronielson_da_silva_barbosa,8,Gabriel Morais Silva Bontempo,gabriel_morais_silva_bontempo
244,2026,A,25,Santos FC,santos_fc,2T,2T,27,0,72,32,Benjamin Rollheiser,benjamin_rollheiser,9,Gabriel Barbosa Almeida,gabriel_barbosa_almeida
244,2026,A,25,Santos FC,santos_fc,2T,2T,27,0,72,27,Davi Fernandes Cavalcante Ri,davi_fernandes_cavalcante_ri,22,Alvaro Martin Barreal,alvaro_martin_barreal
244,2026,A,25,Corinthians,corinthians,2T,2T,31,0,76,56,Guilherme William Silva Inacio,guilherme_william_silva_inacio,61,Diego da Cruz Lopes,diego_da_cruz_lopes
244,2026,A,25,Corinthians,corinthians,2T,2T,37,0,82,23,Matheus Pereira da Silva,matheus_pereira_da_silva,14,Raniele Almeida Melo,raniele_almeida_melo
245,2026,A,25,Palmeiras,palmeiras,2T,2T,24,0,69,12,Khellven Douglas Silva Olive,khellven_douglas_silva_olive,7,Felipe Anderson Pereira Gomes,felipe_anderson_pereira_gomes
245,2026,A,25,Mirassol,mirassol,2T,2T,24,0,69,5,Joao Wellington Gadelha Melo,joao_wellington_gadelha_melo,25,Antonio Francisco Moura Neto,antonio_francisco_moura_neto
245,2026,A,25,Mirassol,mirassol,2T,2T,24,0,69,55,Gustavo Cazonatti,gustavo_cazonatti,33,Carlos Eduardo de Oliveira A,carlos_eduardo_de_oliveira_a
245,2026,A,25,Palmeiras,palmeiras,2T,2T,24,0,69,30,Lucas Evangelista Santana de,lucas_evangelista_santana_de,9,Vitor Hugo Roque Ferreira,vitor_hugo_roque_ferreira
245,2026,A,25,Mirassol,mirassol,2T,2T,30,0,75,96,Carlos Eduardo Ferreira de S,carlos_eduardo_ferreira_de_s,19,Gustavo Henric da Silva,gustavo_henric_da_silva
245,2026,A,25,Mirassol,mirassol,2T,2T,34,0,79,17,Fernando Jose Marques Maciel,fernando_jose_marques_maciel,77,Alesson dos Santos Batista,alesson_dos_santos_batista
245,2026,A,25,Mirassol,mirassol,2T,2T,34,0,79,9,Andre Luis Silva de Aguiar,andre_luis_silva_de_aguiar,30,Bruno Santos de Oliveira,bruno_santos_de_oliveira
245,2026,A,25,Palmeiras,palmeiras,2T,2T,41,0,86,39,Heittor Vinicius da Silva Nu,heittor_vinicius_da_silva_nu,18,Mauricio Magalhaes Prado,mauricio_magalhaes_prado
246,2026,A,25,Atlético Mineiro,atletico_mineiro,2T,2T,14,0,59,10,Gustavo Henrique Furtado Sca,gustavo_henrique_furtado_sca,18,Thiago Nicolas Borbas Silva,thiago_nicolas_borbas_silva
246,2026,A,25,Vitória,vitoria,2T,2T,23,0,68,33,Erick de Arruda Serafim,erick_de_arruda_serafim,6,Leandro Emmanuel Martinez,leandro_emmanuel_martinez
246,2026,A,25,Vitória,vitoria,2T,2T,23,0,68,91,Carlos Rene de Sousa Ferreira,carlos_rene_de_sousa_ferreira,9,Alex Bruno da Costa Lima,alex_bruno_da_costa_lima
246,2026,A,25,Vitória,vitoria,2T,2T,23,0,68,10,Matheus Martins Fogaca de Pa,matheus_martins_fogaca_de_pa,12,Diego Tarzia,diego_tarzia
246,2026,A,25,Atlético Mineiro,atletico_mineiro,2T,2T,29,0,74,92,Eduardo Pereira Rodrigues,eduardo_pereira_rodrigues,27,Alan Steve Minda Garcia,alan_steve_minda_garcia
246,2026,A,25,Vitória,vitoria,2T,2T,36,0,81,15,Walace Souza Silva,walace_souza_silva,95,Caique de Jesus Goncalves,caique_de_jesus_goncalves
246,2026,A,25,Atlético Mineiro,atletico_mineiro,2T,2T,44,0,89,29,Caua Campos Soares,caua_campos_soares,19,Reinier Jesus Carvalho,reinier_jesus_carvalho
246,2026,A,25,Atlético Mineiro,atletico_mineiro,2T,2T,44,0,89,14,Vitor Hugo Franchescoli de S,vitor_hugo_franchescoli_de_s,5,Alexsander Cristhian Gomes d,alexsander_cristhian_gomes_d
247,2026,A,25,Grêmio,gremio,2T,2T,6,0,51,95,Carlos Vinicius Alves Morais,carlos_vinicius_alves_morais,22,Martin Christensen Braithwaite,martin_christensen_braithwaite
247,2026,A,25,Grêmio,gremio,2T,2T,6,0,51,18,Joao Pedro Maturano dos Santos,joao_pedro_maturano_dos_santos,99,Jose David Enamorado Gomez,jose_david_enamorado_gomez
247,2026,A,25,Grêmio,gremio,2T,2T,14,0,59,50,Bernardo Schons Zortea,bernardo_schons_zortea,15,Danilo Barbosa da Silva,danilo_barbosa_da_silva
247,2026,A,25,Chapecoense,chapecoense,2T,2T,15,0,60,80,MIGUEL CARVALHO VIANNA,miguel_carvalho_vianna,16,Bruno Matias dos Santos,bruno_matias_dos_santos
247,2026,A,25,Chapecoense,chapecoense,2T,2T,15,0,60,29,Franco Andres Rossi Donazar,franco_andres_rossi_donazar,31,Mauricio Garcez de Jesus,mauricio_garcez_de_jesus
247,2026,A,25,Chapecoense,chapecoense,2T,2T,29,0,74,12,Fernando Augusto Pereira Bue,fernando_augusto_pereira_bue,91,Bruno de Jesus Pacheco,bruno_de_jesus_pacheco
247,2026,A,25,Grêmio,gremio,2T,2T,30,0,75,11,Mateus Cardoso Lemos Martins,mateus_cardoso_lemos_martins,9,Francis Apelete Amuzu,francis_apelete_amuzu
247,2026,A,25,Chapecoense,chapecoense,2T,2T,34,0,79,97,Sebastiao Enio Santos de Alm,sebastiao_enio_santos_de_alm,10,Giovanni Augusto Oliveira Ca,giovanni_augusto_oliveira_ca
247,2026,A,25,Chapecoense,chapecoense,2T,2T,34,0,79,77,Dylan Felipe Borrero Caicedo,dylan_felipe_borrero_caicedo,7,Marcio Antonio de Sousa Junior,marcio_antonio_de_sousa_junior
249,2026,A,25,Bahia,bahia,2T,2T,10,0,55,15,Michel Daryl Araujo Villar,michel_daryl_araujo_villar,14,Erick Luis Conrado Carvalho,erick_luis_conrado_carvalho
249,2026,A,25,Bahia,bahia,2T,2T,10,0,55,7,Ademir da Silva Santos Junior,ademir_da_silva_santos_junior,99,Cristian Gonzalo Olivera Iba,cristian_gonzalo_olivera_iba
249,2026,A,25,Internacional,internacional,2T,2T,19,0,64,19,Arnaldo Antonio Sanabria Ayala,arnaldo_antonio_sanabria_ayala,26,Alexandro Ezequiel Bernabei,alexandro_ezequiel_bernabei
249,2026,A,25,Internacional,internacional,2T,2T,19,0,64,30,Calebe Gonçalves Ferreira da,calebe_goncalves_ferreira_da,29,Thiago Maia Alencar,thiago_maia_alencar
249,2026,A,25,Internacional,internacional,2T,2T,30,0,75,18,Jose Carlos Ferreira Junior,jose_carlos_ferreira_junior,6,Matheus Bahia Santos,matheus_bahia_santos
249,2026,A,25,Internacional,internacional,2T,2T,30,0,75,7,Johan Stiven Carbonero Balanta,johan_stiven_carbonero_balanta,10,Alan Patrick Lourenço,alan_patrick_lourenco
249,2026,A,25,Bahia,bahia,2T,2T,30,0,75,44,Marcos Victor Ferreira da Si,marcos_victor_ferreira_da_si,31,Roman Agustin Gomez,roman_agustin_gomez
249,2026,A,25,Bahia,bahia,2T,2T,38,0,83,8,Caio Alexandre Sousa E Silva,caio_alexandre_sousa_e_silva,11,Rodrigo Nestor Bertalia,rodrigo_nestor_bertalia
249,2026,A,25,Bahia,bahia,2T,2T,38,0,83,77,Ruan Pablo Barbosa Sousa,ruan_pablo_barbosa_sousa,16,Erick da Costa Farias,erick_da_costa_farias
249,2026,A,25,Internacional,internacional,2T,2T,41,0,86,17,PER NICLAS ELIASSON,per_niclas_eliasson,28,Vitor Hugo Naum dos Santos,vitor_hugo_naum_dos_santos
250,2026,A,25,Coritiba SAF,coritiba_saf,2T,2T,7,0,52,4,Rodrigo Modesto da Silva Mol,rodrigo_modesto_da_silva_mol,55,Jacy Maranhao Oliveira,jacy_maranhao_oliveira
250,2026,A,25,Coritiba SAF,coritiba_saf,2T,2T,13,0,58,36,Vinicius Romualdo dos Santos,vinicius_romualdo_dos_santos,50,Vitor Gonçalves Tissi,vitor_goncalves_tissi
250,2026,A,25,Coritiba SAF,coritiba_saf,2T,2T,13,0,58,6,Felipe Jonatan Rocha Andrade,felipe_jonatan_rocha_andrade,88,Fernando Pereira do Nascimento,fernando_pereira_do_nascimento
250,2026,A,25,Coritiba SAF,coritiba_saf,2T,2T,24,0,69,28,Fabio Augusto Luciano da Silva,fabio_augusto_luciano_da_silva,77,Breno Henrique Vasconcelos L,breno_henrique_vasconcelos_l
250,2026,A,25,Coritiba SAF,coritiba_saf,2T,2T,24,0,69,18,Paulo Roberto da Silva Souza,paulo_roberto_da_silva_souza,7,Joaquin Lavega Colzada,joaquin_lavega_colzada
250,2026,A,25,Remo,remo,2T,2T,32,0,77,15,Vitor Frezarin Bueno,vitor_frezarin_bueno,28,José Welison da Silva,jose_welison_da_silva
250,2026,A,25,Remo,remo,2T,2T,32,0,77,11,Alef Mangueira Severino Pere,alef_mangueira_severino_pere,22,Glaybson Yago Souza Lisboa,glaybson_yago_souza_lisboa
250,2026,A,25,Remo,remo,2T,2T,38,0,83,26,David Francisco Trindade Braga,david_francisco_trindade_braga,14,Leonel Marcelo Picco,leonel_marcelo_picco
250,2026,A,25,Remo,remo,2T,2T,90,4,94,9,Gabriel Buscariol Poveda,gabriel_buscariol_poveda,21,Antonio Javier Galeano Ferre,antonio_javier_galeano_ferre
251,2026,A,26,Fluminense,fluminense,2T,2T,13,0,58,32,Luciano Federico Acosta,luciano_federico_acosta,10,Paulo Henrique Chagas de Lima,paulo_henrique_chagas_de_lima
251,2026,A,26,Vasco da Gama Saf,vasco_da_gama_saf,2T,2T,14,0,59,28,Adson Ferreira Soares,adson_ferreira_soares,19,Bruno Duarte da Silva,bruno_duarte_da_silva
251,2026,A,26,Vasco da Gama Saf,vasco_da_gama_saf,2T,2T,28,0,73,2,Jose Luis Rodriguez Bebanz,jose_luis_rodriguez_bebanz,96,Paulo Henrique de Oliveira A,paulo_henrique_de_oliveira_a
251,2026,A,26,Vasco da Gama Saf,vasco_da_gama_saf,2T,2T,28,0,73,77,Claudio Paul Spinelli,claudio_paul_spinelli,3,Danilo das Neves Pinheiro,danilo_das_neves_pinheiro
251,2026,A,26,Fluminense,fluminense,2T,2T,28,0,73,90,Kevin Steven Serna Jaramillo,kevin_steven_serna_jaramillo,30,Yeferson Julio Soteldo Marti,yeferson_julio_soteldo_marti
251,2026,A,26,Vasco da Gama Saf,vasco_da_gama_saf,2T,2T,40,0,85,83,Ramon Rique Santos de Souza,ramon_rique_santos_de_souza,46,Carlos Eccehomo Cuesta Figue,carlos_eccehomo_cuesta_figue
251,2026,A,26,Fluminense,fluminense,2T,2T,40,0,85,13,Guilherme Antonio Arana Lopes,guilherme_antonio_arana_lopes,7,Givanildo Vieira de Sousa,givanildo_vieira_de_sousa
251,2026,A,26,Fluminense,fluminense,2T,2T,40,0,85,46,Julio Cesar Lima Fidelis,julio_cesar_lima_fidelis,23,Claudio Rodrigues Gomes,claudio_rodrigues_gomes
251,2026,A,26,Vasco da Gama Saf,vasco_da_gama_saf,2T,2T,40,0,85,18,Marino Hinestroza Angulo,marino_hinestroza_angulo,28,Adson Ferreira Soares,adson_ferreira_soares
252,2026,A,26,Palmeiras,palmeiras,2T,2T,17,0,62,9,Vitor Hugo Roque Ferreira,vitor_hugo_roque_ferreira,30,Lucas Evangelista Santana de,lucas_evangelista_santana_de
252,2026,A,26,Palmeiras,palmeiras,2T,2T,17,0,62,11,Jhon Adolfo Arias Andrade,jhon_adolfo_arias_andrade,18,Mauricio Magalhaes Prado,mauricio_magalhaes_prado
252,2026,A,26,Botafogo,botafogo,2T,2T,22,0,67,4,Mateo Ponte Costa,mateo_ponte_costa,2,Victor Alexander da Silva,victor_alexander_da_silva
252,2026,A,26,Botafogo,botafogo,2T,2T,22,0,67,7,Jose Antonio dos Santos Junior,jose_antonio_dos_santos_junior,77,Lucas Martín Villalba Jaume,lucas_martin_villalba_jaume
252,2026,A,26,Botafogo,botafogo,2T,2T,27,0,72,37,Jose Kadir Barria Rose,jose_kadir_barria_rose,19,Arthur Mendonça Cabral,arthur_mendonca_cabral
252,2026,A,26,Botafogo,botafogo,2T,2T,33,0,78,88,Edenilson Andrade dos Santos,edenilson_andrade_dos_santos,8,Danilo dos Santos de Oliveira,danilo_dos_santos_de_oliveira
252,2026,A,26,Botafogo,botafogo,2T,2T,33,0,78,6,Cristian Nicolas Medina,cristian_nicolas_medina,10,Alvaro Montoro,alvaro_montoro
252,2026,A,26,Palmeiras,palmeiras,2T,2T,35,0,80,32,Emiliano Martinez Toranza,emiliano_martinez_toranza,7,Felipe Anderson Pereira Gomes,felipe_anderson_pereira_gomes
252,2026,A,26,Palmeiras,palmeiras,2T,2T,35,0,80,12,Khellven Douglas Silva Olive,khellven_douglas_silva_olive,4,Agustin Giay,agustin_giay
252,2026,A,26,Palmeiras,palmeiras,2T,2T,42,0,87,48,Larson Torna Ferreira dos Sa,larson_torna_ferreira_dos_sa,8,Andreas Hugo Hoelgebaum Pere,andreas_hugo_hoelgebaum_pere
253,2026,A,26,São Paulo,sao_paulo,2T,2T,18,0,63,9,Jonathan Calleri,jonathan_calleri,43,Gustavo Domingos Santana,gustavo_domingos_santana
253,2026,A,26,São Paulo,sao_paulo,2T,2T,18,0,63,12,Iago Amaral Borduchi,iago_amaral_borduchi,18,Wendell Nascimento Borges,wendell_nascimento_borges
253,2026,A,26,São Paulo,sao_paulo,2T,2T,18,0,63,29,Pablo Gonçalves Maia Fortuna,pablo_goncalves_maia_fortuna,94,Daniel de Oliveira Sertanejo,daniel_de_oliveira_sertanejo
253,2026,A,26,Atlético Mineiro,atletico_mineiro,2T,2T,25,0,70,27,Alan Steve Minda Garcia,alan_steve_minda_garcia,5,Alexsander Cristhian Gomes d,alexsander_cristhian_gomes_d
253,2026,A,26,São Paulo,sao_paulo,2T,2T,36,0,81,48,Djhordney Ferreira,djhordney_ferreira,37,Artur Victor Guimaraes,artur_victor_guimaraes
253,2026,A,26,Atlético Mineiro,atletico_mineiro,2T,2T,36,0,81,10,Gustavo Henrique Furtado Sca,gustavo_henrique_furtado_sca,30,Victor Hugo Gomes Silva,victor_hugo_gomes_silva
253,2026,A,26,São Paulo,sao_paulo,2T,2T,40,0,85,11,Aldemir dos Santos Ferreira,aldemir_dos_santos_ferreira,10,Luciano da Rocha Neves,luciano_da_rocha_neves
254,2026,A,26,Chapecoense,chapecoense,2T,2T,15,0,60,80,MIGUEL CARVALHO VIANNA,miguel_carvalho_vianna,10,Giovanni Augusto Oliveira Ca,giovanni_augusto_oliveira_ca
254,2026,A,26,Chapecoense,chapecoense,2T,2T,15,0,60,11,Bolasie Yala,bolasie_yala,9,Tulio Eduardo Silva de Olive,tulio_eduardo_silva_de_olive
254,2026,A,26,Corinthians,corinthians,2T,2T,20,0,65,56,Guilherme William Silva Inacio,guilherme_william_silva_inacio,10,Memphis Depay,memphis_depay
254,2026,A,26,Corinthians,corinthians,2T,2T,20,0,65,77,Jesse Ellis Lingard,jesse_ellis_lingard,29,Allan Rodrigues de Souza,allan_rodrigues_de_souza
254,2026,A,26,Chapecoense,chapecoense,2T,2T,28,0,73,16,Bruno Matias dos Santos,bruno_matias_dos_santos,5,Heitor Rodrigues da Fonseca,heitor_rodrigues_da_fonseca
254,2026,A,26,Chapecoense,chapecoense,2T,2T,28,0,73,26,Everton Souza da Cruz,everton_souza_da_cruz,88,Yago Felipe da Costa Rocha,yago_felipe_da_costa_rocha
254,2026,A,26,Chapecoense,chapecoense,2T,2T,36,0,81,19,David Antunes da Silva,david_antunes_da_silva,7,Marcio Antonio de Sousa Junior,marcio_antonio_de_sousa_junior
254,2026,A,26,Corinthians,corinthians,2T,2T,38,0,83,18,Pedro Raul Garay da Silva,pedro_raul_garay_da_silva,8,Rodrigo Garro,rodrigo_garro
254,2026,A,26,Corinthians,corinthians,2T,2T,38,0,83,23,Matheus Pereira da Silva,matheus_pereira_da_silva,19,Andre Martin Carrillo Diaz,andre_martin_carrillo_diaz
254,2026,A,26,Corinthians,corinthians,2T,2T,44,0,89,61,Diego da Cruz Lopes,diego_da_cruz_lopes,37,Kaio Cesar Andrade Lima,kaio_cesar_andrade_lima
255,2026,A,26,Bahia,bahia,2T,2T,22,0,67,6,Jean Lucas de Souza Oliveira,jean_lucas_de_souza_oliveira,14,Erick Luis Conrado Carvalho,erick_luis_conrado_carvalho
255,2026,A,26,Bahia,bahia,2T,2T,22,0,67,7,Ademir da Silva Santos Junior,ademir_da_silva_santos_junior,16,Erick da Costa Farias,erick_da_costa_farias
255,2026,A,26,Red Bull Bragantino,red_bull_bragantino,2T,2T,22,0,67,30,Henry David Mosquera Sanchez,henry_david_mosquera_sanchez,32,Jose Maria Herrera Ares,jose_maria_herrera_ares
255,2026,A,26,Bahia,bahia,2T,2T,33,0,78,15,Michel Daryl Araujo Villar,michel_daryl_araujo_villar,11,Rodrigo Nestor Bertalia,rodrigo_nestor_bertalia
255,2026,A,26,Bahia,bahia,2T,2T,33,0,78,8,Caio Alexandre Sousa E Silva,caio_alexandre_sousa_e_silva,5,Nicolas Brian Acevedo Tabarez,nicolas_brian_acevedo_tabarez
255,2026,A,26,Bahia,bahia,2T,2T,37,0,82,12,Willian Jose da Silva,willian_jose_da_silva,9,Alejo Veliz,alejo_veliz
255,2026,A,26,Red Bull Bragantino,red_bull_bragantino,2T,2T,37,0,82,67,Jhuan Nunes Coelho,jhuan_nunes_coelho,21,Lucas Henrique Barbosa,lucas_henrique_barbosa
255,2026,A,26,Red Bull Bragantino,red_bull_bragantino,2T,2T,37,0,82,17,Vinicius Mendonca Pereira,vinicius_mendonca_pereira,47,Wallace Yan de Souza Barreto,wallace_yan_de_souza_barreto
255,2026,A,26,Red Bull Bragantino,red_bull_bragantino,2T,2T,37,0,82,52,Ryan Augusto Tavares da Silva,ryan_augusto_tavares_da_silva,34,Jose Andres Hurtado Cheme,jose_andres_hurtado_cheme
255,2026,A,26,Red Bull Bragantino,red_bull_bragantino,2T,2T,90,4,94,22,Gustavo Ribeiro Neves,gustavo_ribeiro_neves,20,Rodrigo Huendra Almeida Mend,rodrigo_huendra_almeida_mend
256,2026,A,26,Athletico Paranaense,athletico_paranaense,2T,2T,19,0,64,10,Bruno Zapelli,bruno_zapelli,8,João Victor Machado Cruz,joao_victor_machado_cruz
256,2026,A,26,Athletico Paranaense,athletico_paranaense,2T,2T,19,0,64,18,Kerwin Andres Calderon Vargas,kerwin_andres_calderon_vargas,21,Leonardo Caetano Silva,leonardo_caetano_silva
256,2026,A,26,Cruzeiro,cruzeiro,2T,2T,24,0,69,20,Wesley Gassova Ribeiro Teixe,wesley_gassova_ribeiro_teixe,99,Keny Alexander Arroyo Alvarado,keny_alexander_arroyo_alvarado
256,2026,A,26,Athletico Paranaense,athletico_paranaense,2T,2T,35,0,80,70,Renan Peixoto Nepomuceno,renan_peixoto_nepomuceno,9,Kevin Estiben Viveros Rodall,kevin_estiben_viveros_rodall
256,2026,A,26,Cruzeiro,cruzeiro,2T,2T,42,0,87,67,João Gabriel E Costa Cesco,joao_gabriel_e_costa_cesco,8,Gerson Santos da Silva,gerson_santos_da_silva
256,2026,A,26,Cruzeiro,cruzeiro,2T,2T,90,1,91,5,Jose Lucas Gomes da Silva,jose_lucas_gomes_da_silva,7,Matheus Henrique de Souza,matheus_henrique_de_souza
256,2026,A,26,Cruzeiro,cruzeiro,2T,2T,90,1,91,97,Luciano Rodriguez Rosales,luciano_rodriguez_rosales,19,Kaio Jorge Pinto Ramos,kaio_jorge_pinto_ramos
257,2026,A,26,Santos FC,santos_fc,2T,2T,10,0,55,6,Arthur Henrique Ramos de Oli,arthur_henrique_ramos_de_oli,17,Gustavo Ruben Caballero Gonz,gustavo_ruben_caballero_gonz
257,2026,A,26,Internacional,internacional,2T,2T,17,0,62,27,Paulo Lucas Santos de Paula,paulo_lucas_santos_de_paula,29,Thiago Maia Alencar,thiago_maia_alencar
257,2026,A,26,Internacional,internacional,2T,2T,29,0,74,5,Rodrigo Roman Villagra,rodrigo_roman_villagra,16,Ronaldo da Silva Souza Guerr,ronaldo_da_silva_souza_guerr
257,2026,A,26,Internacional,internacional,2T,2T,29,0,74,8,Bruno Henrique Corsini,bruno_henrique_corsini,10,Alan Patrick Lourenço,alan_patrick_lourenco
257,2026,A,26,Santos FC,santos_fc,2T,2T,32,0,77,16,Thaciano Mickael da Silva,thaciano_mickael_da_silva,9,Gabriel Barbosa Almeida,gabriel_barbosa_almeida
257,2026,A,26,Santos FC,santos_fc,2T,2T,32,0,77,45,Vinicius Moreira de Lima,vinicius_moreira_de_lima,8,Gabriel Morais Silva Bontempo,gabriel_morais_silva_bontempo
257,2026,A,26,Santos FC,santos_fc,2T,2T,37,0,82,5,Joao Felipe Schmidt Urbano,joao_felipe_schmidt_urbano,48,Gustavo Henrique Pereira,gustavo_henrique_pereira
257,2026,A,26,Santos FC,santos_fc,2T,2T,37,0,82,30,Miguel Angel Terceros Acuna,miguel_angel_terceros_acuna,32,Benjamin Rollheiser,benjamin_rollheiser
257,2026,A,26,Internacional,internacional,2T,2T,39,0,84,17,PER NICLAS ELIASSON,per_niclas_eliasson,7,Johan Stiven Carbonero Balanta,johan_stiven_carbonero_balanta
258,2026,A,26,Coritiba SAF,coritiba_saf,2T,2T,13,0,58,18,Paulo Roberto da Silva Souza,paulo_roberto_da_silva_souza,77,Breno Henrique Vasconcelos L,breno_henrique_vasconcelos_l
258,2026,A,26,Coritiba SAF,coritiba_saf,2T,2T,13,0,58,3,Maicon Pereira Roque,maicon_pereira_roque,55,Jacy Maranhao Oliveira,jacy_maranhao_oliveira
258,2026,A,26,Coritiba SAF,coritiba_saf,2T,2T,13,0,58,50,Vitor Gonçalves Tissi,vitor_goncalves_tissi,21,Thiago dos Santos,thiago_dos_santos
258,2026,A,26,Coritiba SAF,coritiba_saf,2T,2T,27,0,72,6,Felipe Jonatan Rocha Andrade,felipe_jonatan_rocha_andrade,44,Joao Pedro Chermont Crema,joao_pedro_chermont_crema
258,2026,A,26,Mirassol,mirassol,2T,2T,31,0,76,17,Fernando Jose Marques Maciel,fernando_jose_marques_maciel,19,Gustavo Henric da Silva,gustavo_henric_da_silva
258,2026,A,26,Mirassol,mirassol,2T,2T,31,0,76,7,Shaylon Kallyson Cardozo,shaylon_kallyson_cardozo,77,Alesson dos Santos Batista,alesson_dos_santos_batista
258,2026,A,26,Coritiba SAF,coritiba_saf,2T,2T,33,0,78,10,Josue Filipe Soares Pesqueira,josue_filipe_soares_pesqueira,28,Fabio Augusto Luciano da Silva,fabio_augusto_luciano_da_silva
258,2026,A,26,Mirassol,mirassol,2T,2T,37,0,82,10,Francisco Hyun Sol Kim,francisco_hyun_sol_kim,27,Denilson Alves Borges,denilson_alves_borges
258,2026,A,26,Mirassol,mirassol,2T,2T,37,0,82,55,Gustavo Cazonatti,gustavo_cazonatti,80,Wallisson Luiz Alves Maximo,wallisson_luiz_alves_maximo
258,2026,A,26,Mirassol,mirassol,2T,2T,41,0,86,44,Gabriel Knesowitsch,gabriel_knesowitsch,33,Carlos Eduardo de Oliveira A,carlos_eduardo_de_oliveira_a
259,2026,A,26,Grêmio,gremio,2T,2T,23,0,68,5,Juan Ignacio Martin Nardoni,juan_ignacio_martin_nardoni,7,Cristian David Pavon,cristian_david_pavon
259,2026,A,26,Grêmio,gremio,2T,2T,23,0,68,15,Danilo Barbosa da Silva,danilo_barbosa_da_silva,8,Erick Carlos Noriega Loret d,erick_carlos_noriega_loret_d
259,2026,A,26,Grêmio,gremio,2T,2T,23,0,68,99,Jose David Enamorado Gomez,jose_david_enamorado_gomez,20,Mathias Adalberto Villasanti,mathias_adalberto_villasanti
259,2026,A,26,Vitória,vitoria,2T,2T,26,0,71,7,Mario Sergio Santos Costa,mario_sergio_santos_costa,33,Erick de Arruda Serafim,erick_de_arruda_serafim
259,2026,A,26,Grêmio,gremio,2T,2T,31,0,76,22,Martin Christensen Braithwaite,martin_christensen_braithwaite,95,Carlos Vinicius Alves Morais,carlos_vinicius_alves_morais
259,2026,A,26,Vitória,vitoria,2T,2T,36,0,81,8,Tomas Pochettino,tomas_pochettino,10,Matheus Martins Fogaca de Pa,matheus_martins_fogaca_de_pa
259,2026,A,26,Vitória,vitoria,2T,2T,36,0,81,26,Edenilson Santos Nascimento,edenilson_santos_nascimento,95,Caique de Jesus Goncalves,caique_de_jesus_goncalves
259,2026,A,26,Vitória,vitoria,2T,2T,36,0,81,23,Fabricio do Rosario dos Santos,fabricio_do_rosario_dos_santos,12,Diego Tarzia,diego_tarzia
259,2026,A,26,Vitória,vitoria,2T,2T,44,0,89,79,Renato Kayzer de Souza,renato_kayzer_de_souza,91,Carlos Rene de Sousa Ferreira,carlos_rene_de_sousa_ferreira
260,2026,A,26,Remo,remo,2T,2T,14,0,59,7,Jandir Breno Souza Silva,jandir_breno_souza_silva,22,Glaybson Yago Souza Lisboa,glaybson_yago_souza_lisboa
260,2026,A,26,Flamengo,flamengo,2T,2T,18,0,63,27,Bruno Henrique Pinto,bruno_henrique_pinto,15,Jorge Andres Carrascal Guardo,jorge_andres_carrascal_guardo
260,2026,A,26,Remo,remo,2T,2T,23,0,68,11,Alef Mangueira Severino Pere,alef_mangueira_severino_pere,19,Gabriel Pereira Taliari,gabriel_pereira_taliari
260,2026,A,26,Remo,remo,2T,2T,23,0,68,15,Vitor Frezarin Bueno,vitor_frezarin_bueno,55,Jose Ricardo Araujo Fernandes,jose_ricardo_araujo_fernandes
260,2026,A,26,Flamengo,flamengo,2T,2T,30,0,75,5,Erick Antonio Pulgar Farfan,erick_antonio_pulgar_farfan,10,Giorgian Daniel de Arrascaet,giorgian_daniel_de_arrascaet
260,2026,A,26,Flamengo,flamengo,2T,2T,30,0,75,30,Joaquin Freitas,joaquin_freitas,9,Pedro Guilherme Abreu dos Sa,pedro_guilherme_abreu_dos_sa
260,2026,A,26,Remo,remo,2T,2T,38,0,83,35,Edson Fernando da Silva Gomes,edson_fernando_da_silva_gomes,8,Patrick Bezerra do Nascimento,patrick_bezerra_do_nascimento
260,2026,A,26,Flamengo,flamengo,2T,2T,38,0,83,8,Saul Niguez Esclapez,saul_niguez_esclapez,20,Lucas Tolentino Coelho de Lima,lucas_tolentino_coelho_de_lima
260,2026,A,26,Flamengo,flamengo,2T,2T,38,0,83,14,Anthony Lenin Valencia Bajana,anthony_lenin_valencia_bajana,16,Samuel Dias Lino,samuel_dias_lino
260,2026,A,26,Remo,remo,2T,2T,38,0,83,9,Gabriel Buscariol Poveda,gabriel_buscariol_poveda,21,Antonio Javier Galeano Ferre,antonio_javier_galeano_ferre
261,2026,A,27,Corinthians,corinthians,2T,2T,22,0,67,7,Breno de Souza Bidon,breno_de_souza_bidon,35,Charles Rigon Matos,charles_rigon_matos
261,2026,A,27,Corinthians,corinthians,2T,2T,22,0,67,37,Kaio Cesar Andrade Lima,kaio_cesar_andrade_lima,61,Diego da Cruz Lopes,diego_da_cruz_lopes
261,2026,A,27,Corinthians,corinthians,2T,2T,22,0,67,21,Matheus Lima Beltrao Oliveira,matheus_lima_beltrao_oliveira,26,Fabrizio German Angileri,fabrizio_german_angileri
261,2026,A,27,Corinthians,corinthians,2T,2T,22,0,67,2,Matheus Franca Silva,matheus_franca_silva,20,Pedro Milans Carambula,pedro_milans_carambula
261,2026,A,27,Flamengo,flamengo,2T,2T,29,0,74,26,Alex Sandro Lobo Silva,alex_sandro_lobo_silva,6,Ayrton Lucas Dantas de Medei,ayrton_lucas_dantas_de_medei
261,2026,A,27,Flamengo,flamengo,2T,2T,29,0,74,27,Bruno Henrique Pinto,bruno_henrique_pinto,9,Pedro Guilherme Abreu dos Sa,pedro_guilherme_abreu_dos_sa
261,2026,A,27,Corinthians,corinthians,2T,2T,29,0,74,8,Rodrigo Garro,rodrigo_garro,23,Matheus Pereira da Silva,matheus_pereira_da_silva
261,2026,A,27,Flamengo,flamengo,2T,2T,35,0,80,21,Jorge Luiz Frello Filho,jorge_luiz_frello_filho,10,Giorgian Daniel de Arrascaet,giorgian_daniel_de_arrascaet
261,2026,A,27,Flamengo,flamengo,2T,2T,35,0,80,15,Jorge Andres Carrascal Guardo,jorge_andres_carrascal_guardo,19,Gonzalo Jordy Plata Jimenez,gonzalo_jordy_plata_jimenez
261,2026,A,27,Flamengo,flamengo,2T,2T,40,0,85,30,Joaquin Freitas,joaquin_freitas,11,Lucas Tolentino Coelho de Lima,lucas_tolentino_coelho_de_lima
262,2026,A,27,Red Bull Bragantino,red_bull_bragantino,2T,2T,14,0,59,3,Eduardo Gonzaga Mendes Santos,eduardo_gonzaga_mendes_santos,9,Isidro Miguel Pitta Saldivar,isidro_miguel_pitta_saldivar
262,2026,A,27,Red Bull Bragantino,red_bull_bragantino,2T,2T,14,0,59,34,Jose Andres Hurtado Cheme,jose_andres_hurtado_cheme,23,Ariel Agustín Sant'anna Quin,ariel_agustin_sant_anna_quin
262,2026,A,27,Botafogo,botafogo,2T,2T,21,0,66,29,Paulo Victor da Silva,paulo_victor_da_silva,13,Alex Nicolao Telles,alex_nicolao_telles
262,2026,A,27,Botafogo,botafogo,2T,2T,28,0,73,59,Kauan Almeida Toledo,kauan_almeida_toledo,90,Danilo Pereira da Silva,danilo_pereira_da_silva
262,2026,A,27,Botafogo,botafogo,2T,2T,28,0,73,9,Francisco das Chagas Soares,francisco_das_chagas_soares,7,Jose Antonio dos Santos Junior,jose_antonio_dos_santos_junior
262,2026,A,27,Botafogo,botafogo,2T,2T,36,0,81,4,Mateo Ponte Costa,mateo_ponte_costa,2,Victor Alexander da Silva,victor_alexander_da_silva
262,2026,A,27,Red Bull Bragantino,red_bull_bragantino,2T,2T,36,0,81,32,Jose Maria Herrera Ares,jose_maria_herrera_ares,21,Lucas Henrique Barbosa,lucas_henrique_barbosa
262,2026,A,27,Red Bull Bragantino,red_bull_bragantino,2T,2T,41,0,86,35,Matheus Fernandes Siqueira,matheus_fernandes_siqueira,7,Eric dos Santos Rodrigues,eric_dos_santos_rodrigues
262,2026,A,27,Red Bull Bragantino,red_bull_bragantino,2T,2T,41,0,86,6,Gabriel Girotto Franco,gabriel_girotto_franco,5,Fabio Silva de Freitas,fabio_silva_de_freitas
263,2026,A,27,Santos FC,santos_fc,2T,2T,15,0,60,28,Christian Gabriel Oliva Gime,christian_gabriel_oliva_gime,48,Gustavo Henrique Pereira,gustavo_henrique_pereira
263,2026,A,27,Santos FC,santos_fc,2T,2T,29,0,74,45,Vinicius Moreira de Lima,vinicius_moreira_de_lima,32,Benjamin Rollheiser,benjamin_rollheiser
263,2026,A,27,Cruzeiro,cruzeiro,2T,2T,29,0,74,67,João Gabriel E Costa Cesco,joao_gabriel_e_costa_cesco,23,Fagner Conserva Lemos,fagner_conserva_lemos
263,2026,A,27,Cruzeiro,cruzeiro,2T,2T,29,0,74,5,Jose Lucas Gomes da Silva,jose_lucas_gomes_da_silva,8,Gerson Santos da Silva,gerson_santos_da_silva
263,2026,A,27,Santos FC,santos_fc,2T,2T,29,0,74,6,Arthur Henrique Ramos de Oli,arthur_henrique_ramos_de_oli,7,Everton Sousa Soares,everton_sousa_soares
263,2026,A,27,Cruzeiro,cruzeiro,2T,2T,29,0,74,16,Lucas Silva Borges,lucas_silva_borges,7,Matheus Henrique de Souza,matheus_henrique_de_souza
263,2026,A,27,Santos FC,santos_fc,2T,2T,34,0,79,16,Thaciano Mickael da Silva,thaciano_mickael_da_silva,11,Ronielson da Silva Barbosa,ronielson_da_silva_barbosa
263,2026,A,27,Cruzeiro,cruzeiro,2T,2T,34,0,79,97,Luciano Rodriguez Rosales,luciano_rodriguez_rosales,99,Keny Alexander Arroyo Alvarado,keny_alexander_arroyo_alvarado
263,2026,A,27,Santos FC,santos_fc,2T,2T,34,0,79,30,Miguel Angel Terceros Acuna,miguel_angel_terceros_acuna,8,Gabriel Morais Silva Bontempo,gabriel_morais_silva_bontempo
264,2026,A,27,São Paulo,sao_paulo,2T,2T,17,0,62,12,Iago Amaral Borduchi,iago_amaral_borduchi,18,Wendell Nascimento Borges,wendell_nascimento_borges
264,2026,A,27,São Paulo,sao_paulo,2T,2T,17,0,62,37,Artur Victor Guimaraes,artur_victor_guimaraes,17,Andre Oliveira Silva,andre_oliveira_silva
264,2026,A,27,São Paulo,sao_paulo,2T,2T,17,0,62,94,Daniel de Oliveira Sertanejo,daniel_de_oliveira_sertanejo,48,Djhordney Ferreira,djhordney_ferreira
264,2026,A,27,Palmeiras,palmeiras,2T,2T,21,0,66,50,Luis Felipe Pacheco da Costa,luis_felipe_pacheco_da_costa,30,Lucas Evangelista Santana de,lucas_evangelista_santana_de
264,2026,A,27,Palmeiras,palmeiras,2T,2T,21,0,66,7,Felipe Anderson Pereira Gomes,felipe_anderson_pereira_gomes,11,Jhon Adolfo Arias Andrade,jhon_adolfo_arias_andrade
264,2026,A,27,São Paulo,sao_paulo,2T,2T,30,0,75,34,Perivan dos Santos,perivan_dos_santos,11,Aldemir dos Santos Ferreira,aldemir_dos_santos_ferreira
264,2026,A,27,Palmeiras,palmeiras,2T,2T,32,0,77,48,Larson Torna Ferreira dos Sa,larson_torna_ferreira_dos_sa,42,Jose Manuel Alberto Lopez,jose_manuel_alberto_lopez
265,2026,A,27,Mirassol,mirassol,1T,1T,42,0,42,95,Edson Guilherme Mendes dos S,edson_guilherme_mendes_dos_s,19,Gustavo Henric da Silva,gustavo_henric_da_silva
265,2026,A,27,Mirassol,mirassol,2T,2T,17,0,62,17,Fernando Jose Marques Maciel,fernando_jose_marques_maciel,77,Alesson dos Santos Batista,alesson_dos_santos_batista
265,2026,A,27,Mirassol,mirassol,2T,2T,17,0,62,7,Shaylon Kallyson Cardozo,shaylon_kallyson_cardozo,80,Wallisson Luiz Alves Maximo,wallisson_luiz_alves_maximo
265,2026,A,27,Mirassol,mirassol,2T,2T,24,0,69,9,Andre Luis Silva de Aguiar,andre_luis_silva_de_aguiar,33,Carlos Eduardo de Oliveira A,carlos_eduardo_de_oliveira_a
265,2026,A,27,Vitória,vitoria,2T,2T,24,0,69,8,Tomas Pochettino,tomas_pochettino,12,Diego Tarzia,diego_tarzia
265,2026,A,27,Mirassol,mirassol,2T,2T,24,0,69,2,Lucas da Cruz Oliveira,lucas_da_cruz_oliveira,3,Willian Estefani Machado,willian_estefani_machado
265,2026,A,27,Vitória,vitoria,2T,2T,24,0,69,7,Mario Sergio Santos Costa,mario_sergio_santos_costa,33,Erick de Arruda Serafim,erick_de_arruda_serafim
265,2026,A,27,Vitória,vitoria,2T,2T,31,0,76,26,Edenilson Santos Nascimento,edenilson_santos_nascimento,95,Caique de Jesus Goncalves,caique_de_jesus_goncalves
265,2026,A,27,Vitória,vitoria,2T,2T,35,0,80,79,Renato Kayzer de Souza,renato_kayzer_de_souza,91,Carlos Rene de Sousa Ferreira,carlos_rene_de_sousa_ferreira
266,2026,A,27,Fluminense,fluminense,2T,2T,15,0,60,90,Kevin Steven Serna Jaramillo,kevin_steven_serna_jaramillo,17,Agustin Canobbio Graviz,agustin_canobbio_graviz
266,2026,A,27,Fluminense,fluminense,2T,2T,15,0,60,35,Hercules Pereira do Nascimento,hercules_pereira_do_nascimento,32,Luciano Federico Acosta,luciano_federico_acosta
266,2026,A,27,Atlético Mineiro,atletico_mineiro,2T,2T,19,0,64,8,Maycon de Andrade Barberan,maycon_de_andrade_barberan,15,Kevin Duvan Castano Gil,kevin_duvan_castano_gil
266,2026,A,27,Atlético Mineiro,atletico_mineiro,2T,2T,19,0,64,39,Mamady Cissé,mamady_cisse,21,Alan Steven Franco Palma,alan_steven_franco_palma
266,2026,A,27,Atlético Mineiro,atletico_mineiro,2T,2T,24,0,69,17,Igor Silveira Gomes,igor_silveira_gomes,28,Tomas Esteban Cuello,tomas_esteban_cuello
266,2026,A,27,Atlético Mineiro,atletico_mineiro,2T,2T,24,0,69,10,Gustavo Henrique Furtado Sca,gustavo_henrique_furtado_sca,11,Bernard Anicio Caldeira Duarte,bernard_anicio_caldeira_duarte
266,2026,A,27,Fluminense,fluminense,2T,2T,27,0,72,10,Paulo Henrique Chagas de Lima,paulo_henrique_chagas_de_lima,94,Otavio Henrique Passos Santos,otavio_henrique_passos_santos
266,2026,A,27,Fluminense,fluminense,2T,2T,27,0,72,28,Riquelme Felipe Silva de Alm,riquelme_felipe_silva_de_alm,11,Jefferson David Savarino Qui,jefferson_david_savarino_qui
266,2026,A,27,Atlético Mineiro,atletico_mineiro,2T,2T,32,0,77,9,Zander Mateo Cassierra Cabezas,zander_mateo_cassierra_cabezas,19,Reinier Jesus Carvalho,reinier_jesus_carvalho
266,2026,A,27,Fluminense,fluminense,2T,2T,42,0,87,44,Jemmes Bruno Ribeiro da Silva,jemmes_bruno_ribeiro_da_silva,46,Julio Cesar Lima Fidelis,julio_cesar_lima_fidelis
267,2026,A,27,Vasco da Gama Saf,vasco_da_gama_saf,2T,2T,10,0,55,2,Jose Luis Rodriguez Bebanz,jose_luis_rodriguez_bebanz,96,Paulo Henrique de Oliveira A,paulo_henrique_de_oliveira_a
267,2026,A,27,Vasco da Gama Saf,vasco_da_gama_saf,2T,2T,10,0,55,19,Bruno Duarte da Silva,bruno_duarte_da_silva,28,Adson Ferreira Soares,adson_ferreira_soares
267,2026,A,27,Grêmio,gremio,2T,2T,16,0,61,5,Juan Ignacio Martin Nardoni,juan_ignacio_martin_nardoni,77,Jovane Eduardo Borges Cabral,jovane_eduardo_borges_cabral
267,2026,A,27,Grêmio,gremio,2T,2T,25,0,70,99,Jose David Enamorado Gomez,jose_david_enamorado_gomez,11,Mateus Cardoso Lemos Martins,mateus_cardoso_lemos_martins
267,2026,A,27,Vasco da Gama Saf,vasco_da_gama_saf,2T,2T,28,0,73,22,ALAN HERNAN LESCANO,alan_hernan_lescano,3,Danilo das Neves Pinheiro,danilo_das_neves_pinheiro
267,2026,A,27,Vasco da Gama Saf,vasco_da_gama_saf,2T,2T,28,0,73,8,Jair Rodrigues Junior,jair_rodrigues_junior,46,Carlos Eccehomo Cuesta Figue,carlos_eccehomo_cuesta_figue
267,2026,A,27,Vasco da Gama Saf,vasco_da_gama_saf,2T,2T,33,0,78,6,Lucas Piton Crivellaro,lucas_piton_crivellaro,66,Luis Eduardo Soares da Silva,luis_eduardo_soares_da_silva
267,2026,A,27,Grêmio,gremio,2T,2T,40,0,85,30,Matheus Nascimento de Paula,matheus_nascimento_de_paula,4,Walter Kannemann,walter_kannemann
268,2026,A,27,Athletico Paranaense,athletico_paranaense,2T,2T,21,0,66,70,Renan Peixoto Nepomuceno,renan_peixoto_nepomuceno,9,Kevin Estiben Viveros Rodall,kevin_estiben_viveros_rodall
268,2026,A,27,Coritiba SAF,coritiba_saf,2T,2T,29,0,74,66,Rodrigo Silva Nascimento,rodrigo_silva_nascimento,21,Thiago dos Santos,thiago_dos_santos
268,2026,A,27,Athletico Paranaense,athletico_paranaense,2T,2T,90,3,93,27,Juan Camilo Portilla Orozco,juan_camilo_portilla_orozco,7,John Steven Mendoza Valencia,john_steven_mendoza_valencia
269,2026,A,27,Remo,remo,2T,2T,4,0,49,11,Alef Mangueira Severino Pere,alef_mangueira_severino_pere,7,Jandir Breno Souza Silva,jandir_breno_souza_silva
269,2026,A,27,Bahia,bahia,2T,2T,26,0,71,31,Roman Agustin Gomez,roman_agustin_gomez,44,Marcos Victor Ferreira da Si,marcos_victor_ferreira_da_si
269,2026,A,27,Bahia,bahia,2T,2T,33,0,78,7,Ademir da Silva Santos Junior,ademir_da_silva_santos_junior,16,Erick da Costa Farias,erick_da_costa_farias
269,2026,A,27,Bahia,bahia,2T,2T,33,0,78,10,Everton Augusto de Barros Ri,everton_augusto_de_barros_ri,6,Jean Lucas de Souza Oliveira,jean_lucas_de_souza_oliveira
269,2026,A,27,Bahia,bahia,2T,2T,33,0,78,8,Caio Alexandre Sousa E Silva,caio_alexandre_sousa_e_silva,5,Nicolas Brian Acevedo Tabarez,nicolas_brian_acevedo_tabarez
269,2026,A,27,Remo,remo,2T,2T,38,0,83,9,Gabriel Buscariol Poveda,gabriel_buscariol_poveda,21,Antonio Javier Galeano Ferre,antonio_javier_galeano_ferre
269,2026,A,27,Bahia,bahia,2T,2T,90,5,95,27,Everaldo Stum,everaldo_stum,9,Alejo Veliz,alejo_veliz
270,2026,A,27,Internacional,internacional,2T,2T,18,0,63,44,João Victor Alves de Morais,joao_victor_alves_de_morais,8,Bruno Henrique Corsini,bruno_henrique_corsini
270,2026,A,27,Chapecoense,chapecoense,2T,2T,20,0,65,11,Bolasie Yala,bolasie_yala,80,MIGUEL CARVALHO VIANNA,miguel_carvalho_vianna
270,2026,A,27,Chapecoense,chapecoense,2T,2T,30,0,75,70,Rubens Tadeu Hartmann Ricoldi,rubens_tadeu_hartmann_ricoldi,88,Yago Felipe da Costa Rocha,yago_felipe_da_costa_rocha
270,2026,A,27,Chapecoense,chapecoense,2T,2T,30,0,75,16,Bruno Matias dos Santos,bruno_matias_dos_santos,26,Everton Souza da Cruz,everton_souza_da_cruz
270,2026,A,27,Internacional,internacional,2T,2T,40,0,85,18,Jose Carlos Ferreira Junior,jose_carlos_ferreira_junior,15,Bruno Gomes da Silva Clevela,bruno_gomes_da_silva_clevela
270,2026,A,27,Internacional,internacional,2T,2T,40,0,85,17,PER NICLAS ELIASSON,per_niclas_eliasson,7,Johan Stiven Carbonero Balanta,johan_stiven_carbonero_balanta
270,2026,A,27,Chapecoense,chapecoense,2T,2T,90,2,92,77,Dylan Felipe Borrero Caicedo,dylan_felipe_borrero_caicedo,27,Camilo Reijers de Oliveira,camilo_reijers_de_oliveira
270,2026,A,27,Internacional,internacional,2T,2T,90,2,92,19,Arnaldo Antonio Sanabria Ayala,arnaldo_antonio_sanabria_ayala,10,Alan Patrick Lourenço,alan_patrick_lourenco
270,2026,A,27,Internacional,internacional,2T,2T,90,2,92,16,Ronaldo da Silva Souza Guerr,ronaldo_da_silva_souza_guerr,27,Paulo Lucas Santos de Paula,paulo_lucas_santos_de_paula
270,2026,A,27,Chapecoense,chapecoense,2T,2T,90,2,92,12,Fernando Augusto Pereira Bue,fernando_augusto_pereira_bue,91,Bruno de Jesus Pacheco,bruno_de_jesus_pacheco
