serie,temporada,rodada,partida_id,clube_slug,num_camisa,apelido,registro_cbf,condicao,minutos_previos,cartoes_1t_previos,taxa_1t_ajustada,score_pre_jogo,atleta_pseudonimo
A,2026,1,1,fluminense,1,atl_1f6f89028101efd2,129292,Titular,0.0,0.0,0.0,0.0,atl_1f6f89028101efd2
A,2026,1,1,gremio,1,atl_24143413999468ce,169050,Titular,0.0,0.0,0.0,0.0,atl_24143413999468ce
A,2026,1,1,gremio,88,atl_8340675908c6dbb5,170085,Reserva,0.0,0.0,0.0,0.0,atl_8340675908c6dbb5
A,2026,1,1,gremio,14,atl_60b2dcdf090cfee0,176390,Reserva,0.0,0.0,0.0,0.0,atl_60b2dcdf090cfee0
A,2026,1,1,fluminense,10,atl_af3bca25a4941d0a,184364,Reserva,0.0,0.0,0.0,0.0,atl_af3bca25a4941d0a
A,2026,1,2,cruzeiro_saf,1,atl_6f08d99002de1dec,166276,Titular,0.0,0.0,0.0,0.0,atl_6f08d99002de1dec
A,2026,1,2,botafogo,22,atl_7bd7b6d6b5f7b102,167605,Titular,0.0,0.0,0.0,0.0,atl_7bd7b6d6b5f7b102
A,2026,1,2,cruzeiro_saf,23,atl_693065d398e89c4f,177050,Titular,0.0,0.0,0.0,0.0,atl_693065d398e89c4f
A,2026,1,2,botafogo,21,atl_66c9d677078ff69d,177745,Reserva,0.0,0.0,0.0,0.0,atl_66c9d677078ff69d
A,2026,1,2,botafogo,25,atl_2b840e803c1da83e,184906,Titular,0.0,0.0,0.0,0.0,atl_2b840e803c1da83e
A,2026,1,3,sao_paulo,23,atl_ebd21e193a163a96,180213,Titular,0.0,0.0,0.0,0.0,atl_ebd21e193a163a96
A,2026,1,3,sao_paulo,2,atl_a0ba5555e60fb03b,184801,Reserva,0.0,0.0,0.0,0.0,atl_a0ba5555e60fb03b
A,2026,1,3,flamengo,26,atl_2746f322bfb18936,186325,Titular,0.0,0.0,0.0,0.0,atl_2746f322bfb18936
A,2026,1,3,sao_paulo,7,atl_e0ea9be13bcd511c,299760,Reserva,0.0,0.0,0.0,0.0,atl_e0ea9be13bcd511c
A,2026,1,3,flamengo,9,atl_b1669e8ef3aed7be,303716,Titular,0.0,0.0,0.0,0.0,atl_b1669e8ef3aed7be
A,2026,1,4,bahia,10,atl_5a4df12eff610b37,177444,Titular,0.0,0.0,0.0,0.0,atl_5a4df12eff610b37
A,2026,1,4,corinthians,13,atl_2740cbf03237b46d,186450,Titular,0.0,0.0,0.0,0.0,atl_2740cbf03237b46d
A,2026,1,4,bahia,12,atl_7425eb4e8e4e4338,305535,Titular,0.0,0.0,0.0,0.0,atl_7425eb4e8e4e4338
A,2026,1,4,bahia,2,atl_eff8af517b055f29,307134,Titular,0.0,0.0,0.0,0.0,atl_eff8af517b055f29
A,2026,1,4,corinthians,11,atl_5c33262f6c1963d5,307245,Reserva,0.0,0.0,0.0,0.0,atl_5c33262f6c1963d5
A,2026,1,5,mirassol,23,atl_7f233c515a4bcf67,177010,Reserva,0.0,0.0,0.0,0.0,atl_7f233c515a4bcf67
A,2026,1,5,mirassol,22,atl_fb9ad179e1bc36ad,177853,Titular,0.0,0.0,0.0,0.0,atl_fb9ad179e1bc36ad
A,2026,1,5,mirassol,33,atl_881957678c431ecd,184041,Titular,0.0,0.0,0.0,0.0,atl_881957678c431ecd
A,2026,1,5,vasco_da_gama_saf,10,atl_4d4df9738044a718,298303,Titular,0.0,0.0,0.0,0.0,atl_4d4df9738044a718
A,2026,1,5,vasco_da_gama_saf,3,atl_9505f016950e9206,308348,Reserva,0.0,0.0,0.0,0.0,atl_9505f016950e9206
A,2026,1,6,palmeiras,14,atl_107c930280c7948d,157264,Reserva,0.0,0.0,0.0,0.0,atl_107c930280c7948d
A,2026,1,6,atletico_mineiro_saf,7,atl_9422d7084e24d53d,163056,Titular,0.0,0.0,0.0,0.0,atl_9422d7084e24d53d
A,2026,1,6,atletico_mineiro_saf,22,atl_a645551e094421ee,188398,Titular,0.0,0.0,0.0,0.0,atl_a645551e094421ee
A,2026,1,6,atletico_mineiro_saf,92,atl_b6d8c74eddbd2ae1,291738,Titular,0.0,0.0,0.0,0.0,atl_b6d8c74eddbd2ae1
A,2026,1,6,atletico_mineiro_saf,14,atl_0516631665958bcc,300140,Reserva,0.0,0.0,0.0,0.0,atl_0516631665958bcc
A,2026,1,7,internacional,8,atl_95bddca79677e74e,292132,Titular,0.0,0.0,0.0,0.0,atl_95bddca79677e74e
A,2026,1,7,athletico_paranaense,23,atl_7ce93f8df53d5b0d,293428,Titular,0.0,0.0,0.0,0.0,atl_7ce93f8df53d5b0d
A,2026,1,7,athletico_paranaense,16,atl_697ba9685a345304,302192,Reserva,0.0,0.0,0.0,0.0,atl_697ba9685a345304
A,2026,1,7,internacional,10,atl_f624945a948cabe8,305976,Titular,0.0,0.0,0.0,0.0,atl_f624945a948cabe8
A,2026,1,7,internacional,27,atl_40d251d89c87fb68,308416,Reserva,0.0,0.0,0.0,0.0,atl_40d251d89c87fb68
A,2026,1,8,coritiba_s_a_f,4,atl_e7654d09b3fdbf42,173551,Reserva,0.0,0.0,0.0,0.0,atl_e7654d09b3fdbf42
A,2026,1,8,coritiba_s_a_f,3,atl_9e989dae8bdd0b3e,178178,Titular,0.0,0.0,0.0,0.0,atl_9e989dae8bdd0b3e
A,2026,1,8,red_bull_bragantino,18,atl_ad870c7af04ada81,291584,Reserva,0.0,0.0,0.0,0.0,atl_ad870c7af04ada81
A,2026,1,8,coritiba_s_a_f,21,atl_793a5da637017996,293712,Reserva,0.0,0.0,0.0,0.0,atl_793a5da637017996
A,2026,1,8,red_bull_bragantino,8,atl_98b31c9cf7dedca1,295792,Titular,0.0,0.0,0.0,0.0,atl_98b31c9cf7dedca1
A,2026,1,9,vitoria,11,atl_507725140727bdb0,177411,Reserva,0.0,0.0,0.0,0.0,atl_507725140727bdb0
A,2026,1,9,remo,88,atl_95e45afc6125431b,186722,Titular,0.0,0.0,0.0,0.0,atl_95e45afc6125431b
A,2026,1,9,remo,13,atl_51005b526d4ed67b,299840,Titular,0.0,0.0,0.0,0.0,atl_51005b526d4ed67b
A,2026,1,9,remo,31,atl_c2950b60e3443610,315101,Reserva,0.0,0.0,0.0,0.0,atl_c2950b60e3443610
A,2026,1,9,vitoria,22,atl_5d3ea5549a90e157,315345,Titular,0.0,0.0,0.0,0.0,atl_5d3ea5549a90e157
A,2026,1,10,chapecoense,12,atl_70b6be1afdc56cc9,177092,Titular,0.0,0.0,0.0,0.0,atl_70b6be1afdc56cc9
A,2026,1,10,chapecoense,1,atl_232bd4074eb04042,177436,Reserva,0.0,0.0,0.0,0.0,atl_232bd4074eb04042
A,2026,1,10,chapecoense,10,atl_1f85b5f88c773ffc,292205,Titular,0.0,0.0,0.0,0.0,atl_1f85b5f88c773ffc
A,2026,1,10,chapecoense,20,atl_c20e4847b46d361c,292976,Reserva,0.0,0.0,0.0,0.0,atl_c20e4847b46d361c
A,2026,1,10,santos_fc,13,atl_ff4b2079f6b5a441,294407,Reserva,0.0,0.0,0.0,0.0,atl_ff4b2079f6b5a441
A,2026,2,11,flamengo,22,atl_7dd6fd114da1a2c5,311313,Titular,0.0,0.0,0.0008080808080808081,0.06626263,atl_7dd6fd114da1a2c5
A,2026,2,11,flamengo,20,atl_5b4e120906c50274,319635,Titular,0.0,0.0,0.0008080808080808081,0.06626263,atl_5b4e120906c50274
A,2026,2,11,internacional,25,atl_d449ad626fa7c428,723593,Titular,0.0,0.0,0.0008080808080808081,0.06626263,atl_d449ad626fa7c428
A,2026,2,11,flamengo,18,atl_f32435f977672db3,836729,Titular,0.0,0.0,0.0008080808080808081,0.06626263,atl_f32435f977672db3
A,2026,2,11,internacional,7,atl_7e842898eed36468,894546,Titular,0.0,0.0,0.0008080808080808081,0.06626263,atl_7e842898eed36468
A,2026,2,12,chapecoense,26,atl_9b3bfdd877eb9ceb,369852,Titular,0.0,0.0,0.0008080808080808081,0.06626263,atl_9b3bfdd877eb9ceb
A,2026,2,12,chapecoense,33,atl_bedcb5b4ebcc838c,376599,Titular,0.0,0.0,0.0008080808080808081,0.06626263,atl_bedcb5b4ebcc838c
A,2026,2,12,vasco_da_gama_saf,20,atl_c9bedfebb7ecbeb6,434301,Titular,0.0,0.0,0.0008080808080808081,0.06626263,atl_c9bedfebb7ecbeb6
A,2026,2,12,chapecoense,31,atl_d2b530566bb3f7e2,642656,Titular,0.0,0.0,0.0008080808080808081,0.06626263,atl_d2b530566bb3f7e2
A,2026,2,12,chapecoense,10,atl_1f85b5f88c773ffc,292205,Titular,57.0,0.0,0.0007253867217960576,0.05948171,atl_1f85b5f88c773ffc
A,2026,2,13,santos_fc,77,atl_8af7484566b45477,517633,Titular,90.0,1.0,0.002379729498373566,0.19513782,atl_8af7484566b45477
A,2026,2,13,santos_fc,12,atl_5a2f0d418f1c34aa,312950,Titular,0.0,0.0,0.0008080808080808081,0.06626263,atl_5a2f0d418f1c34aa
A,2026,2,13,santos_fc,9,atl_700d6b19ec341d19,337830,Titular,0.0,0.0,0.0008080808080808081,0.06626263,atl_700d6b19ec341d19
A,2026,2,13,santos_fc,11,atl_a4547482b14f1f81,427806,Titular,0.0,0.0,0.0008080808080808081,0.06626263,atl_a4547482b14f1f81
A,2026,2,13,santos_fc,31,atl_0891f9525cb8be4f,816190,Titular,0.0,0.0,0.0008080808080808081,0.06626263,atl_0891f9525cb8be4f
A,2026,2,14,vitoria,13,atl_43b77fad7db3edca,526090,Titular,61.0,1.0,0.0025027458182538395,0.20522516,atl_43b77fad7db3edca
A,2026,2,14,vitoria,44,atl_2d884590a1339133,435315,Titular,90.0,1.0,0.002379729498373566,0.19513782,atl_2d884590a1339133
A,2026,2,14,vitoria,77,atl_97fe2da6e6bffebe,333318,Titular,0.0,0.0,0.0008080808080808081,0.06626263,atl_97fe2da6e6bffebe
A,2026,2,14,vitoria,33,atl_ac70e64bf6d2d509,441070,Titular,0.0,0.0,0.0008080808080808081,0.06626263,atl_ac70e64bf6d2d509
A,2026,2,14,vitoria,45,atl_e47a2aebf3377d76,542178,Titular,0.0,0.0,0.0008080808080808081,0.06626263,atl_e47a2aebf3377d76
A,2026,2,15,red_bull_bragantino,6,atl_97643210ab72519a,320839,Titular,90.0,1.0,0.002379729498373566,0.19513782,atl_97643210ab72519a
A,2026,2,15,red_bull_bragantino,4,atl_77dd8f7d047afc0d,701439,Titular,90.0,1.0,0.002379729498373566,0.19513782,atl_77dd8f7d047afc0d
A,2026,2,15,atletico_mineiro_saf,23,atl_0f15ac29f4ed16cf,943826,Titular,0.0,0.0,0.0008080808080808081,0.06626263,atl_0f15ac29f4ed16cf
A,2026,2,15,atletico_mineiro_saf,92,atl_b6d8c74eddbd2ae1,291738,Titular,60.0,0.0,0.0007215007215007215,0.05916306,atl_b6d8c74eddbd2ae1
A,2026,2,15,atletico_mineiro_saf,11,atl_dd0730433047cc3b,317567,Titular,60.0,0.0,0.0007215007215007215,0.05916306,atl_dd0730433047cc3b
A,2026,2,16,coritiba_s_a_f,26,atl_e9a59e57c4d4addd,329952,Titular,81.0,1.0,0.002416592778038561,0.19816061,atl_e9a59e57c4d4addd
A,2026,2,16,cruzeiro_saf,12,atl_9eb0b789332e456b,309438,Titular,0.0,0.0,0.0008080808080808081,0.06626263,atl_9eb0b789332e456b
A,2026,2,16,cruzeiro_saf,43,atl_fa437d5f7bc139b1,525643,Titular,13.0,0.0,0.0007876031267844134,0.06458346,atl_fa437d5f7bc139b1
A,2026,2,16,cruzeiro_saf,88,atl_570f2f68f1117fcd,546294,Titular,26.0,0.0,0.0007681376502669278,0.06298729,atl_570f2f68f1117fcd
A,2026,2,16,coritiba_s_a_f,77,atl_104b0abba265ddc2,389378,Titular,27.0,0.0,0.0007666800835681291,0.06286777,atl_104b0abba265ddc2
A,2026,2,17,botafogo,25,atl_2b840e803c1da83e,184906,Titular,62.0,1.0,0.0024982925338797226,0.20485999,atl_2b840e803c1da83e
A,2026,2,17,gremio,2,atl_2d1897ec81e701b0,541574,Titular,0.0,0.0,0.0008080808080808081,0.06626263,atl_2d1897ec81e701b0
A,2026,2,17,gremio,11,atl_c814bcafe6adc881,871255,Titular,0.0,0.0,0.0008080808080808081,0.06626263,atl_c814bcafe6adc881
A,2026,2,17,gremio,19,atl_f5fcbb4edaddf05a,928780,Titular,0.0,0.0,0.0008080808080808081,0.06626263,atl_f5fcbb4edaddf05a
A,2026,2,17,gremio,7,atl_209aef561e4af07c,772443,Titular,30.0,0.0,0.0007623403849818944,0.06251191,atl_209aef561e4af07c
A,2026,2,18,athletico_paranaense,14,atl_8b223a0e90d5a4c8,172368,Titular,0.0,0.0,0.0008080808080808081,0.06626263,atl_8b223a0e90d5a4c8
A,2026,2,18,corinthians,35,atl_bae3a96cef1b71f0,407683,Titular,0.0,0.0,0.0008080808080808081,0.06626263,atl_bae3a96cef1b71f0
A,2026,2,18,athletico_paranaense,37,atl_bf66185e81f21b33,815502,Titular,0.0,0.0,0.0008080808080808081,0.06626263,atl_bf66185e81f21b33
A,2026,2,18,corinthians,11,atl_5c33262f6c1963d5,307245,Titular,27.0,0.0,0.0007666800835681291,0.06286777,atl_5c33262f6c1963d5
A,2026,2,18,corinthians,23,atl_e8098deb6e1b03f8,337270,Titular,27.0,0.0,0.0007666800835681291,0.06286777,atl_e8098deb6e1b03f8
A,2026,2,19,bahia,6,atl_5448bb2a260c0c72,318143,Titular,68.0,1.0,0.0024719021197894438,0.20269597,atl_5448bb2a260c0c72
A,2026,2,19,fluminense,16,atl_825bfaa01e252038,337363,Titular,77.0,1.0,0.002433345587591688,0.19953434,atl_825bfaa01e252038
A,2026,2,19,bahia,12,atl_7425eb4e8e4e4338,305535,Titular,64.0,0.0,0.0007163836951070994,0.05874346,atl_7425eb4e8e4e4338
A,2026,2,19,bahia,16,atl_80aecec1475779b8,526916,Titular,64.0,0.0,0.0007163836951070994,0.05874346,atl_80aecec1475779b8
A,2026,2,19,bahia,7,atl_be0058451998558f,438212,Titular,77.0,0.0,0.0007002433345587592,0.05741995,atl_be0058451998558f
A,2026,2,20,remo,12,atl_acf2c53aec40eb29,453232,Titular,66.0,1.0,0.0024806367562551306,0.20341221,atl_acf2c53aec40eb29
A,2026,2,20,remo,55,atl_2de557902e699e6d,448024,Titular,90.0,1.0,0.002379729498373566,0.19513782,atl_2de557902e699e6d
A,2026,2,20,remo,15,atl_7e7e5ee300ba27ee,322748,Titular,0.0,0.0,0.0008080808080808081,0.06626263,atl_7e7e5ee300ba27ee
A,2026,2,20,remo,4,atl_1c88362231a0a1b9,360293,Titular,0.0,0.0,0.0008080808080808081,0.06626263,atl_1c88362231a0a1b9
A,2026,2,20,mirassol,96,atl_685fe247ebd42113,408134,Titular,0.0,0.0,0.0008080808080808081,0.06626263,atl_685fe247ebd42113
A,2026,3,21,botafogo,25,atl_2b840e803c1da83e,184906,Titular,144.0,1.0,0.002199792960662526,0.18038302,atl_2b840e803c1da83e
A,2026,3,21,botafogo,20,atl_f2f6a217ed903dad,836858,Titular,180.0,1.0,0.0020833333333333333,0.17083333,atl_f2f6a217ed903dad
A,2026,3,21,botafogo,3,atl_80629e3a78e15e17,555158,Titular,0.0,0.0,0.0008333333333333334,0.06833333,atl_80629e3a78e15e17
A,2026,3,21,fluminense,5,atl_9acccad689d4b416,875073,Titular,44.0,0.0,0.0007659313725490196,0.06280637,atl_9acccad689d4b416
A,2026,3,21,botafogo,7,atl_17c722a73ef46224,419646,Titular,92.0,0.0,0.0007038288288288289,0.05771396,atl_17c722a73ef46224
A,2026,3,22,bahia,6,atl_5448bb2a260c0c72,318143,Titular,129.0,1.0,0.0022522522522522522,0.18468468,atl_5448bb2a260c0c72
A,2026,3,22,bahia,4,atl_819dd08d67c1dbfe,355418,Titular,0.0,0.0,0.0008333333333333334,0.06833333,atl_819dd08d67c1dbfe
A,2026,3,22,bahia,31,atl_203cdb967741ced6,943518,Titular,0.0,0.0,0.0008333333333333334,0.06833333,atl_203cdb967741ced6
A,2026,3,22,bahia,99,atl_92436feb0c665a55,895912,Titular,55.0,0.0,0.0007507507507507507,0.06156156,atl_92436feb0c665a55
A,2026,3,22,vasco_da_gama_saf,20,atl_c9bedfebb7ecbeb6,434301,Titular,68.0,0.0,0.000733568075117371,0.06015258,atl_c9bedfebb7ecbeb6
A,2026,3,23,sao_paulo,28,atl_ff0e76e5cc91000e,793760,Titular,151.0,1.0,0.0021761392729134667,0.17844342,atl_ff0e76e5cc91000e
A,2026,3,23,sao_paulo,19,atl_6178bbc12cb6ceff,376828,Titular,0.0,0.0,0.0008333333333333334,0.06833333,atl_6178bbc12cb6ceff
A,2026,3,23,sao_paulo,7,atl_e0ea9be13bcd511c,299760,Titular,34.0,0.0,0.0007802746566791511,0.06398252,atl_e0ea9be13bcd511c
A,2026,3,23,gremio,9,atl_a58106ef9d9cf051,895665,Titular,60.0,0.0,0.0007440476190476191,0.0610119,atl_a58106ef9d9cf051
A,2026,3,23,gremio,2,atl_2d1897ec81e701b0,541574,Titular,90.0,0.0,0.0007062146892655367,0.0579096,atl_2d1897ec81e701b0
A,2026,3,24,red_bull_bragantino,6,atl_97643210ab72519a,320839,Titular,156.0,2.0,0.003683943089430894,0.30208333,atl_97643210ab72519a
A,2026,3,24,corinthians,21,atl_c1e2e1728df4f926,502230,Titular,180.0,1.0,0.0020833333333333333,0.17083333,atl_c1e2e1728df4f926
A,2026,3,24,corinthians,2,atl_70a615f85759f8ab,565578,Titular,180.0,1.0,0.0020833333333333333,0.17083333,atl_70a615f85759f8ab
A,2026,3,24,red_bull_bragantino,14,atl_46a74fe837afe5bc,352037,Titular,20.0,0.0,0.0008012820512820514,0.06570513,atl_46a74fe837afe5bc
A,2026,3,24,red_bull_bragantino,5,atl_16d863992493a77d,547222,Titular,24.0,0.0,0.0007951653944020357,0.06520356,atl_16d863992493a77d
A,2026,3,25,mirassol,11,atl_2970a23b61e56679,462916,Titular,180.0,1.0,0.0020833333333333333,0.17083333,atl_2970a23b61e56679
A,2026,3,25,mirassol,21,atl_5c47fcd3d8a48b45,422022,Titular,45.0,0.0,0.0007645259938837921,0.06269113,atl_5c47fcd3d8a48b45
A,2026,3,25,mirassol,9,atl_272447ff763be705,461356,Titular,51.0,0.0,0.0007562008469449486,0.06200847,atl_272447ff763be705
A,2026,3,25,cruzeiro,94,atl_e0576dab129b4e4e,753325,Titular,55.0,0.0,0.0007507507507507507,0.06156156,atl_e0576dab129b4e4e
A,2026,3,25,mirassol,25,atl_cb0fed2ef44817a6,383527,Titular,68.0,0.0,0.000733568075117371,0.06015258,atl_cb0fed2ef44817a6
A,2026,3,26,remo,12,atl_acf2c53aec40eb29,453232,Titular,156.0,1.0,0.0021595528455284553,0.17708333,atl_acf2c53aec40eb29
A,2026,3,26,remo,55,atl_2de557902e699e6d,448024,Titular,180.0,1.0,0.0020833333333333333,0.17083333,atl_2de557902e699e6d
A,2026,3,26,remo,16,atl_d6efa78d36f8ee9a,376801,Titular,0.0,0.0,0.0008333333333333334,0.06833333,atl_d6efa78d36f8ee9a
A,2026,3,26,atletico_mineiro,28,atl_92eee98f34c8d39a,695547,Titular,30.0,0.0,0.0007861635220125787,0.06446541,atl_92eee98f34c8d39a
A,2026,3,26,atletico_mineiro,19,atl_962926e5282b8e1c,546383,Titular,33.0,0.0,0.0007817385866166354,0.06410256,atl_962926e5282b8e1c
A,2026,3,27,internacional,16,atl_76ce5afe66a27b85,405698,Titular,131.0,1.0,0.0022451135763338617,0.18409931,atl_76ce5afe66a27b85
A,2026,3,27,internacional,28,atl_6d9bfcb168547c21,388084,Titular,147.0,1.0,0.0021895929933024214,0.17954663,atl_6d9bfcb168547c21
A,2026,3,27,palmeiras,40,atl_1d7b128d73df6b60,621642,Titular,153.0,1.0,0.002169474221541603,0.17789689,atl_1d7b128d73df6b60
A,2026,3,27,internacional,25,atl_d449ad626fa7c428,723593,Titular,80.0,0.0,0.0007183908045977011,0.05890805,atl_d449ad626fa7c428
A,2026,3,27,internacional,7,atl_7e842898eed36468,894546,Titular,86.0,0.0,0.0007110352673492605,0.05830489,atl_7e842898eed36468
A,2026,3,28,santos_fc,11,atl_a4547482b14f1f81,427806,Titular,88.0,1.0,0.002409297052154195,0.19756236,atl_a4547482b14f1f81
A,2026,3,28,athletico_paranaense,23,atl_7ce93f8df53d5b0d,293428,Titular,180.0,1.0,0.0020833333333333333,0.17083333,atl_7ce93f8df53d5b0d
A,2026,3,28,santos_fc,77,atl_8af7484566b45477,517633,Titular,180.0,1.0,0.0020833333333333333,0.17083333,atl_8af7484566b45477
A,2026,3,28,athletico_paranaense,9,atl_b41f6fcce3570263,922690,Titular,180.0,1.0,0.0020833333333333333,0.17083333,atl_b41f6fcce3570263
A,2026,3,28,santos_fc,16,atl_e10cfc098e41a254,391953,Titular,0.0,0.0,0.0008333333333333334,0.06833333,atl_e10cfc098e41a254
A,2026,3,29,flamengo,20,atl_5b4e120906c50274,319635,Titular,64.0,1.0,0.0025118203309692673,0.20596927,atl_5b4e120906c50274
A,2026,3,29,vitoria,45,atl_e47a2aebf3377d76,542178,Titular,90.0,1.0,0.002401129943502825,0.19689266,atl_e47a2aebf3377d76
A,2026,3,29,vitoria,13,atl_43b77fad7db3edca,526090,Titular,151.0,1.0,0.0021761392729134667,0.17844342,atl_43b77fad7db3edca
A,2026,3,29,vitoria,44,atl_2d884590a1339133,435315,Titular,180.0,1.0,0.0020833333333333333,0.17083333,atl_2d884590a1339133
A,2026,3,29,vitoria,21,atl_5fc9c1b4b14d424e,548873,Titular,0.0,0.0,0.0008333333333333334,0.06833333,atl_5fc9c1b4b14d424e
A,2026,3,30,coritiba_s_a_f,10,atl_dcd899b6b33593be,880608,Titular,90.0,1.0,0.002401129943502825,0.19689266,atl_dcd899b6b33593be
A,2026,3,30,coritiba_s_a_f,32,atl_35e639caf38636b3,379462,Titular,153.0,1.0,0.002169474221541603,0.17789689,atl_35e639caf38636b3
A,2026,3,30,coritiba_s_a_f,26,atl_e9a59e57c4d4addd,329952,Titular,171.0,1.0,0.002111276701440636,0.17312469,atl_e9a59e57c4d4addd
A,2026,3,30,chapecoense,20,atl_c20e4847b46d361c,292976,Titular,55.0,0.0,0.0007507507507507507,0.06156156,atl_c20e4847b46d361c
A,2026,3,30,chapecoense,33,atl_bedcb5b4ebcc838c,376599,Titular,68.0,0.0,0.000733568075117371,0.06015258,atl_bedcb5b4ebcc838c
A,2026,4,31,flamengo,20,atl_5b4e120906c50274,319635,Titular,119.0,1.0,0.0024042253444515158,0.19714648,atl_5b4e120906c50274
A,2026,4,31,mirassol,6,atl_7d18d160e00e91fe,332318,Titular,265.0,1.0,0.001945379723157501,0.15952114,atl_7d18d160e00e91fe
A,2026,4,31,flamengo,4,atl_c103654c5a7b5bff,310373,Titular,270.0,1.0,0.001932747387292842,0.15848529,atl_c103654c5a7b5bff
A,2026,4,31,mirassol,9,atl_0a108d210893a9c6,391068,Titular,0.0,0.0,0.0009764309764309765,0.08006734,atl_0a108d210893a9c6
A,2026,4,31,flamengo,6,atl_4a2bfa93b67244b4,432491,Titular,0.0,0.0,0.0009764309764309765,0.08006734,atl_4a2bfa93b67244b4
A,2026,4,32,vitoria,10,atl_51eaf3b7e7286b78,412971,Titular,173.0,1.0,0.0022113157328610524,0.18132789,atl_51eaf3b7e7286b78
A,2026,4,32,botafogo,10,atl_2f5128306119ac5f,919476,Titular,230.0,1.0,0.002038651353719847,0.16716941,atl_2f5128306119ac5f
A,2026,4,32,vitoria,13,atl_43b77fad7db3edca,526090,Titular,239.0,1.0,0.0020138233940669666,0.16513352,atl_43b77fad7db3edca
A,2026,4,32,vitoria,44,atl_2d884590a1339133,435315,Titular,270.0,1.0,0.001932747387292842,0.15848529,atl_2d884590a1339133
A,2026,4,32,botafogo,17,atl_06d616a1e6d8c88a,409079,Titular,0.0,0.0,0.0009764309764309765,0.08006734,atl_06d616a1e6d8c88a
A,2026,4,33,santos_fc,49,atl_1baadd5aa84a0632,652943,Titular,70.0,1.0,0.0026109043652903304,0.21409416,atl_1baadd5aa84a0632
A,2026,4,33,santos_fc,98,atl_7d5fe3a930f5046a,933266,Titular,90.0,1.0,0.0025223991325686243,0.20683673,atl_7d5fe3a930f5046a
A,2026,4,33,santos_fc,77,atl_8af7484566b45477,517633,Titular,270.0,1.0,0.001932747387292842,0.15848529,atl_8af7484566b45477
A,2026,4,33,vasco_da_gama_saf,11,atl_638536c4296e70ab,927926,Titular,270.0,1.0,0.001932747387292842,0.15848529,atl_638536c4296e70ab
A,2026,4,33,santos_fc,10,atl_e4be9313deb82e6e,292791,Titular,0.0,0.0,0.0009764309764309765,0.08006734,atl_e4be9313deb82e6e
A,2026,4,34,palmeiras,40,atl_1d7b128d73df6b60,621642,Titular,234.0,1.0,0.002027541537078322,0.16625841,atl_1d7b128d73df6b60
A,2026,4,34,fluminense,4,atl_1411c823835888d9,530656,Titular,0.0,0.0,0.0009764309764309765,0.08006734,atl_1411c823835888d9
A,2026,4,34,fluminense,11,atl_c4998bc57253443f,694075,Titular,13.0,0.0,0.0009516871115311661,0.07803834,atl_c4998bc57253443f
A,2026,4,34,fluminense,23,atl_4de8ee9e6517efc0,317445,Titular,16.0,0.0,0.0009461540469292407,0.07758463,atl_4de8ee9e6517efc0
A,2026,4,34,fluminense,13,atl_2f256fd5eabef6e1,339258,Titular,19.0,0.0,0.0009406849483920774,0.07713617,atl_2f256fd5eabef6e1
A,2026,4,35,red_bull_bragantino,4,atl_77dd8f7d047afc0d,701439,Titular,160.0,1.0,0.0022548719518416488,0.1848995,atl_77dd8f7d047afc0d
A,2026,4,35,athletico_paranaense,23,atl_7ce93f8df53d5b0d,293428,Titular,270.0,1.0,0.001932747387292842,0.15848529,atl_7ce93f8df53d5b0d
A,2026,4,35,red_bull_bragantino,1,atl_511cef7fae49406f,384823,Titular,270.0,1.0,0.001932747387292842,0.15848529,atl_511cef7fae49406f
A,2026,4,35,red_bull_bragantino,21,atl_2df695f0373125f8,550777,Titular,270.0,1.0,0.001932747387292842,0.15848529,atl_2df695f0373125f8
A,2026,4,35,athletico_paranaense,9,atl_b41f6fcce3570263,922690,Titular,270.0,1.0,0.001932747387292842,0.15848529,atl_b41f6fcce3570263
A,2026,4,36,cruzeiro,16,atl_2b16b70931306009,320111,Titular,104.0,1.0,0.0024639329275090867,0.2020425,atl_2b16b70931306009
A,2026,4,36,cruzeiro,11,atl_3660e597b8a3e9d9,310733,Titular,244.0,1.0,0.002000289634698237,0.16402375,atl_3660e597b8a3e9d9
A,2026,4,36,cruzeiro,10,atl_fa2cfead1f0d333f,819091,Titular,270.0,1.0,0.001932747387292842,0.15848529,atl_fa2cfead1f0d333f
A,2026,4,36,corinthians,4,atl_5dbcffd4e4382c98,615235,Titular,0.0,0.0,0.0009764309764309765,0.08006734,atl_5dbcffd4e4382c98
A,2026,4,36,cruzeiro,25,atl_3dc3ec62f482d804,837958,Titular,0.0,0.0,0.0009764309764309765,0.08006734,atl_3dc3ec62f482d804
A,2026,4,37,gremio,1,atl_24143413999468ce,169050,Titular,270.0,1.0,0.001932747387292842,0.15848529,atl_24143413999468ce
A,2026,4,37,atletico_mineiro,14,atl_0516631665958bcc,300140,Titular,0.0,0.0,0.0009764309764309765,0.08006734,atl_0516631665958bcc
A,2026,4,37,atletico_mineiro,2,atl_b619ed477b67fcf2,559812,Titular,0.0,0.0,0.0009764309764309765,0.08006734,atl_b619ed477b67fcf2
A,2026,4,37,gremio,44,atl_f3a24d462383d37f,691211,Titular,0.0,0.0,0.0009764309764309765,0.08006734,atl_f3a24d462383d37f
A,2026,4,37,gremio,37,atl_8d6d96048e861424,745907,Titular,0.0,0.0,0.0009764309764309765,0.08006734,atl_8d6d96048e861424
A,2026,4,38,sao_paulo,29,atl_eb77749cf3eba7c3,552144,Titular,124.0,1.0,0.0023849607182940516,0.19556678,atl_eb77749cf3eba7c3
A,2026,4,38,coritiba_saf,10,atl_dcd899b6b33593be,880608,Titular,180.0,1.0,0.002188552188552189,0.17946128,atl_dcd899b6b33593be
A,2026,4,38,sao_paulo,28,atl_ff0e76e5cc91000e,793760,Titular,221.0,1.0,0.0020640991514777923,0.16925613,atl_ff0e76e5cc91000e
A,2026,4,38,coritiba_saf,32,atl_35e639caf38636b3,379462,Titular,225.0,1.0,0.0020527110182282596,0.1683223,atl_35e639caf38636b3
A,2026,4,38,sao_paulo,2,atl_a0ba5555e60fb03b,184801,Titular,0.0,0.0,0.0009764309764309765,0.08006734,atl_a0ba5555e60fb03b
A,2026,4,39,chapecoense,2,atl_74fb4a52f5e96fdf,374251,Titular,90.0,1.0,0.0025223991325686243,0.20683673,atl_74fb4a52f5e96fdf
A,2026,4,39,chapecoense,15,atl_979d57736ef77424,313474,Titular,0.0,0.0,0.0009764309764309765,0.08006734,atl_979d57736ef77424
A,2026,4,39,chapecoense,91,atl_048784ddcd9d32be,333975,Titular,0.0,0.0,0.0009764309764309765,0.08006734,atl_048784ddcd9d32be
A,2026,4,39,chapecoense,30,atl_3225579a52bf9613,433705,Titular,0.0,0.0,0.0009764309764309765,0.08006734,atl_3225579a52bf9613
A,2026,4,39,chapecoense,16,atl_74e75d25b22616e8,452427,Titular,0.0,0.0,0.0009764309764309765,0.08006734,atl_74e75d25b22616e8
A,2026,4,40,internacional,28,atl_6d9bfcb168547c21,388084,Titular,237.0,1.0,0.002019288315082074,0.16558164,atl_6d9bfcb168547c21
A,2026,4,40,remo,12,atl_acf2c53aec40eb29,453232,Titular,246.0,1.0,0.0019949269279027995,0.16358401,atl_acf2c53aec40eb29
A,2026,4,40,remo,79,atl_b4f48af000937b28,319134,Titular,24.0,0.0,0.0009317089469761226,0.07640013,atl_b4f48af000937b28
A,2026,4,40,internacional,35,atl_a75821cad3498e73,883325,Titular,88.0,0.0,0.0008302984493460684,0.06808447,atl_a75821cad3498e73
A,2026,4,40,remo,5,atl_ce524ecf321dc261,334154,Titular,114.0,0.0,0.0007951392316213164,0.06520142,atl_ce524ecf321dc261
A,2026,5,41,cruzeiro,16,atl_2b16b70931306009,320111,Titular,194.0,1.0,0.002132273746106599,0.17484645,atl_2b16b70931306009
A,2026,5,41,flamengo,11,atl_d42c190c2d71820d,379065,Titular,198.0,1.0,0.0021200544123180223,0.17384446,atl_d42c190c2d71820d
A,2026,5,41,flamengo,20,atl_5b4e120906c50274,319635,Titular,209.0,1.0,0.0020871621717884056,0.1711473,atl_5b4e120906c50274
A,2026,5,41,cruzeiro,11,atl_3660e597b8a3e9d9,310733,Titular,326.0,1.0,0.0017915229779636558,0.14690488,atl_3660e597b8a3e9d9
A,2026,5,41,flamengo,4,atl_c103654c5a7b5bff,310373,Titular,360.0,1.0,0.001720695325346488,0.14109702,atl_c103654c5a7b5bff
A,2026,5,42,palmeiras,12,atl_5128a2d6ff64e004,557878,Titular,320.0,1.0,0.001804631682680463,0.1479798,atl_5128a2d6ff64e004
A,2026,5,42,vasco_da_gama_saf,23,atl_9925a4ff6a76710d,353262,Titular,328.0,1.0,0.0017871956277753377,0.14655004,atl_9925a4ff6a76710d
A,2026,5,42,vasco_da_gama_saf,11,atl_638536c4296e70ab,927926,Titular,360.0,1.0,0.001720695325346488,0.14109702,atl_638536c4296e70ab
A,2026,5,42,palmeiras,3,atl_e769573f8d8fff0f,401025,Titular,0.0,0.0,0.0009595959595959596,0.07868687,atl_e769573f8d8fff0f
A,2026,5,42,palmeiras,6,atl_f66240edd55742f2,652554,Titular,1.0,0.0,0.0009576805983991612,0.07852981,atl_f66240edd55742f2
A,2026,5,43,sao_paulo,10,atl_36b04a10ecc54a74,346745,Titular,199.0,1.0,0.002117021430326151,0.17359576,atl_36b04a10ecc54a74
A,2026,5,43,sao_paulo,28,atl_ff0e76e5cc91000e,793760,Titular,311.0,1.0,0.0018246584214525027,0.14962199,atl_ff0e76e5cc91000e
A,2026,5,43,sao_paulo,18,atl_95245b7f1d24c091,327288,Titular,90.0,0.0,0.0008132169149118302,0.06668379,atl_95245b7f1d24c091
A,2026,5,43,sao_paulo,19,atl_6178bbc12cb6ceff,376828,Titular,90.0,0.0,0.0008132169149118302,0.06668379,atl_6178bbc12cb6ceff
A,2026,5,43,chapecoense,11,atl_94342190df574301,840258,Titular,127.0,0.0,0.0007652280379553106,0.0627487,atl_94342190df574301
A,2026,5,44,corinthians,21,atl_c1e2e1728df4f926,502230,Titular,270.0,2.0,0.003220516856880493,0.26408238,atl_c1e2e1728df4f926
A,2026,5,44,coritiba_saf,8,atl_918d9cb849b07064,532986,Titular,78.0,1.0,0.0025602041172975427,0.20993674,atl_918d9cb849b07064
A,2026,5,44,coritiba_saf,10,atl_dcd899b6b33593be,880608,Titular,249.0,1.0,0.0019756982373804804,0.16200726,atl_dcd899b6b33593be
A,2026,5,44,coritiba_saf,26,atl_e9a59e57c4d4addd,329952,Titular,261.0,1.0,0.0019445439944782913,0.15945261,atl_e9a59e57c4d4addd
A,2026,5,44,corinthians,13,atl_2740cbf03237b46d,186450,Titular,270.0,1.0,0.0019218155581791944,0.15758888,atl_2740cbf03237b46d
A,2026,5,45,mirassol,25,atl_cb0fed2ef44817a6,383527,Titular,132.0,1.0,0.0023414524996803474,0.1919991,atl_cb0fed2ef44817a6
A,2026,5,45,mirassol,21,atl_5c47fcd3d8a48b45,422022,Titular,135.0,1.0,0.002330390519366897,0.19109202,atl_5c47fcd3d8a48b45
A,2026,5,45,santos_fc,49,atl_1baadd5aa84a0632,652943,Titular,147.0,1.0,0.0022871684386367537,0.18754781,atl_1baadd5aa84a0632
A,2026,5,45,santos_fc,98,atl_7d5fe3a930f5046a,933266,Titular,180.0,1.0,0.0021761734997029114,0.17844623,atl_7d5fe3a930f5046a
A,2026,5,45,santos_fc,11,atl_a4547482b14f1f81,427806,Titular,206.0,1.0,0.002096031132858328,0.17187455,atl_a4547482b14f1f81
A,2026,5,46,atletico_mineiro,3,atl_07d0e1f14ab78901,896750,Titular,0.0,0.0,0.0009595959595959596,0.07868687,atl_07d0e1f14ab78901
A,2026,5,46,atletico_mineiro,9,atl_c793f17374857084,944109,Titular,1.0,0.0,0.0009576805983991612,0.07852981,atl_c793f17374857084
A,2026,5,46,internacional,9,atl_7cabf6551ea26a2b,441844,Titular,12.0,0.0,0.0009371054292929293,0.07684265,atl_7cabf6551ea26a2b
A,2026,5,46,internacional,14,atl_1631c2f29c997428,925523,Titular,32.0,0.0,0.0009018759018759019,0.07395382,atl_1631c2f29c997428
A,2026,5,46,atletico_mineiro,14,atl_0516631665958bcc,300140,Titular,89.0,0.0,0.0008145975887911372,0.066797,atl_0516631665958bcc
A,2026,5,47,red_bull_bragantino,6,atl_97643210ab72519a,320839,Titular,215.0,3.0,0.004866850321395776,0.39908173,atl_97643210ab72519a
A,2026,5,47,gremio,5,atl_75366120bc9aabcc,945783,Titular,85.0,1.0,0.002529569196235863,0.20742467,atl_75366120bc9aabcc
A,2026,5,47,gremio,7,atl_209aef561e4af07c,772443,Titular,221.0,1.0,0.0020524243825214695,0.1682988,atl_209aef561e4af07c
A,2026,5,47,gremio,1,atl_24143413999468ce,169050,Titular,360.0,1.0,0.001720695325346488,0.14109702,atl_24143413999468ce
A,2026,5,47,red_bull_bragantino,1,atl_511cef7fae49406f,384823,Titular,360.0,1.0,0.001720695325346488,0.14109702,atl_511cef7fae49406f
A,2026,5,48,botafogo,20,atl_f2f6a217ed903dad,836858,Titular,270.0,1.0,0.0019218155581791944,0.15758888,atl_f2f6a217ed903dad
A,2026,5,48,botafogo,10,atl_2f5128306119ac5f,919476,Titular,320.0,1.0,0.001804631682680463,0.1479798,atl_2f5128306119ac5f
A,2026,5,48,athletico_paranaense,23,atl_7ce93f8df53d5b0d,293428,Titular,360.0,1.0,0.001720695325346488,0.14109702,atl_7ce93f8df53d5b0d
A,2026,5,48,athletico_paranaense,4,atl_a4fdd7e951f88fe1,745104,Titular,360.0,1.0,0.001720695325346488,0.14109702,atl_a4fdd7e951f88fe1
A,2026,5,48,athletico_paranaense,9,atl_b41f6fcce3570263,922690,Titular,360.0,1.0,0.001720695325346488,0.14109702,atl_b41f6fcce3570263
A,2026,5,49,vitoria,6,atl_60d005a1f8f15ffa,779735,Titular,102.0,1.0,0.0024581361790664115,0.20156717,atl_60d005a1f8f15ffa
A,2026,5,49,bahia,99,atl_92436feb0c665a55,895912,Titular,145.0,1.0,0.002294260433795317,0.18812936,atl_92436feb0c665a55
A,2026,5,49,vitoria,45,atl_e47a2aebf3377d76,542178,Titular,180.0,1.0,0.0021761734997029114,0.17844623,atl_e47a2aebf3377d76
A,2026,5,49,bahia,6,atl_5448bb2a260c0c72,318143,Titular,211.0,1.0,0.0020812911108269755,0.17066587,atl_5448bb2a260c0c72
A,2026,5,49,vitoria,10,atl_51eaf3b7e7286b78,412971,Titular,238.0,1.0,0.0020051463140894035,0.164422,atl_51eaf3b7e7286b78
A,2026,5,50,remo,14,atl_eb790cb36430b8fe,944177,Titular,207.0,1.0,0.002093066449502093,0.17163145,atl_eb790cb36430b8fe
A,2026,5,50,fluminense,2,atl_c252179b37abe7fe,292428,Titular,254.0,1.0,0.0019625967901829968,0.16093294,atl_c252179b37abe7fe
A,2026,5,50,fluminense,17,atl_0c9f40757ea22dcf,756284,Titular,265.0,1.0,0.0019343764441803657,0.15861887,atl_0c9f40757ea22dcf
A,2026,5,50,fluminense,8,atl_4fc72a181c139af9,517552,Titular,328.0,1.0,0.0017871956277753377,0.14655004,atl_4fc72a181c139af9
A,2026,5,50,remo,12,atl_acf2c53aec40eb29,453232,Titular,336.0,1.0,0.0017700932772703106,0.14514765,atl_acf2c53aec40eb29
A,2026,6,51,athletico_paranaense,14,atl_8b223a0e90d5a4c8,172368,Titular,319.0,1.0,0.0017451684118350785,0.14310381,atl_8b223a0e90d5a4c8
A,2026,6,51,fluminense,17,atl_0c9f40757ea22dcf,756284,Titular,343.0,1.0,0.0016954839018895958,0.13902968,atl_0c9f40757ea22dcf
A,2026,6,51,fluminense,2,atl_c252179b37abe7fe,292428,Titular,344.0,1.0,0.001693475034707262,0.13886495,atl_c252179b37abe7fe
A,2026,6,51,athletico_paranaense,10,atl_63f702db6c05d7cb,818807,Titular,347.0,1.0,0.0016874768940884643,0.13837311,atl_63f702db6c05d7cb
A,2026,6,51,fluminense,8,atl_4fc72a181c139af9,517552,Titular,414.0,1.0,0.0015637778219835113,0.12822978,atl_4fc72a181c139af9
A,2026,6,52,flamengo,4,atl_c103654c5a7b5bff,310373,Titular,450.0,2.0,0.002557150451887294,0.20968634,atl_c103654c5a7b5bff
A,2026,6,52,botafogo,25,atl_2b840e803c1da83e,184906,Titular,169.0,1.0,0.002136461777717383,0.17518987,atl_2b840e803c1da83e
A,2026,6,52,botafogo,6,atl_4f6c2b974fae893f,947048,Titular,180.0,1.0,0.002101901366607249,0.17235591,atl_4f6c2b974fae893f
A,2026,6,52,flamengo,20,atl_5b4e120906c50274,319635,Titular,281.0,1.0,0.0018300805752790388,0.15006661,atl_5b4e120906c50274
A,2026,6,52,botafogo,20,atl_f2f6a217ed903dad,836858,Titular,360.0,1.0,0.0016619685224336387,0.13628142,atl_f2f6a217ed903dad
A,2026,6,53,corinthians,21,atl_c1e2e1728df4f926,502230,Titular,348.0,2.0,0.0028647322279397747,0.23490804,atl_c1e2e1728df4f926
A,2026,6,53,santos_fc,10,atl_e4be9313deb82e6e,292791,Titular,90.0,1.0,0.0024225303886320835,0.19864749,atl_e4be9313deb82e6e
A,2026,6,53,santos_fc,49,atl_1baadd5aa84a0632,652943,Titular,220.0,1.0,0.001985129068462402,0.16278058,atl_1baadd5aa84a0632
A,2026,6,53,santos_fc,98,atl_7d5fe3a930f5046a,933266,Titular,270.0,1.0,0.0018562245834973107,0.15221042,atl_7d5fe3a930f5046a
A,2026,6,53,santos_fc,11,atl_a4547482b14f1f81,427806,Titular,296.0,1.0,0.0017955941322775493,0.14723872,atl_a4547482b14f1f81
A,2026,6,54,mirassol,25,atl_cb0fed2ef44817a6,383527,Titular,222.0,1.0,0.0019796300959735863,0.16232967,atl_cb0fed2ef44817a6
A,2026,6,54,mirassol,21,atl_5c47fcd3d8a48b45,422022,Titular,225.0,1.0,0.001971438523162661,0.16165796,atl_5c47fcd3d8a48b45
A,2026,6,54,palmeiras,40,atl_1d7b128d73df6b60,621642,Titular,342.0,1.0,0.0016974975407279445,0.1391948,atl_1d7b128d73df6b60
A,2026,6,54,mirassol,11,atl_2970a23b61e56679,462916,Titular,348.0,1.0,0.001685486944920907,0.13820993,atl_2970a23b61e56679
A,2026,6,54,mirassol,6,atl_7d18d160e00e91fe,332318,Titular,445.0,1.0,0.0015124792902570681,0.1240233,atl_7d18d160e00e91fe
A,2026,6,55,red_bull_bragantino,6,atl_97643210ab72519a,320839,Titular,305.0,3.0,0.004259991216512955,0.34931928,atl_97643210ab72519a
A,2026,6,55,red_bull_bragantino,4,atl_77dd8f7d047afc0d,701439,Titular,250.0,2.0,0.003239057239057239,0.26560269,atl_77dd8f7d047afc0d
A,2026,6,55,red_bull_bragantino,21,atl_2df695f0373125f8,550777,Titular,450.0,2.0,0.002557150451887294,0.20968634,atl_2df695f0373125f8
A,2026,6,55,sao_paulo,10,atl_36b04a10ecc54a74,346745,Titular,280.0,1.0,0.0018324268324268324,0.150259,atl_36b04a10ecc54a74
A,2026,6,55,sao_paulo,28,atl_ff0e76e5cc91000e,793760,Titular,401.0,1.0,0.0015863406540432068,0.13007993,atl_ff0e76e5cc91000e
A,2026,6,56,cruzeiro,12,atl_9eb0b789332e456b,309438,Titular,160.0,1.0,0.002165595347413529,0.17757882,atl_9eb0b789332e456b
A,2026,6,56,cruzeiro,16,atl_2b16b70931306009,320111,Titular,281.0,1.0,0.0018300805752790388,0.15006661,atl_2b16b70931306009
A,2026,6,56,cruzeiro,11,atl_3660e597b8a3e9d9,310733,Titular,404.0,1.0,0.0015810762492178422,0.12964825,atl_3660e597b8a3e9d9
A,2026,6,56,cruzeiro,10,atl_fa2cfead1f0d333f,819091,Titular,450.0,1.0,0.0015045188729399255,0.12337055,atl_fa2cfead1f0d333f
A,2026,6,56,vasco_da_gama_saf,11,atl_638536c4296e70ab,927926,Titular,450.0,1.0,0.0015045188729399255,0.12337055,atl_638536c4296e70ab
A,2026,6,57,bahia,99,atl_92436feb0c665a55,895912,Titular,219.0,1.0,0.0019878900268330032,0.16300698,atl_92436feb0c665a55
A,2026,6,57,internacional,16,atl_76ce5afe66a27b85,405698,Titular,228.0,1.0,0.0019633144633144635,0.16099179,atl_76ce5afe66a27b85
A,2026,6,57,bahia,6,atl_5448bb2a260c0c72,318143,Titular,301.0,1.0,0.0017843856795167656,0.14631963,atl_5448bb2a260c0c72
A,2026,6,57,bahia,21,atl_004a633987799a73,894406,Titular,450.0,1.0,0.0015045188729399255,0.12337055,atl_004a633987799a73
A,2026,6,57,internacional,6,atl_2d8d40072786e2fd,431101,Titular,0.0,0.0,0.0008585858585858586,0.07040404,atl_2d8d40072786e2fd
A,2026,6,58,coritiba_saf,8,atl_918d9cb849b07064,532986,Titular,168.0,1.0,0.00213966007379181,0.17545213,atl_918d9cb849b07064
A,2026,6,58,remo,55,atl_2de557902e699e6d,448024,Titular,282.0,1.0,0.0018277403187889122,0.14987471,atl_2de557902e699e6d
A,2026,6,58,remo,14,atl_eb790cb36430b8fe,944177,Titular,297.0,1.0,0.0017933411910827219,0.14705398,atl_eb790cb36430b8fe
A,2026,6,58,coritiba_saf,10,atl_dcd899b6b33593be,880608,Titular,334.0,1.0,0.001713780490758908,0.14053,atl_dcd899b6b33593be
A,2026,6,58,coritiba_saf,26,atl_e9a59e57c4d4addd,329952,Titular,351.0,1.0,0.0016795451578060273,0.1377227,atl_e9a59e57c4d4addd
A,2026,6,59,vitoria,1,atl_dad688da35c5d9d3,513071,Titular,180.0,1.0,0.002101901366607249,0.17235591,atl_dad688da35c5d9d3
A,2026,6,59,vitoria,6,atl_60d005a1f8f15ffa,779735,Titular,192.0,1.0,0.0020654522099608805,0.16936708,atl_60d005a1f8f15ffa
A,2026,6,59,vitoria,45,atl_e47a2aebf3377d76,542178,Titular,270.0,1.0,0.0018562245834973107,0.15221042,atl_e47a2aebf3377d76
A,2026,6,59,vitoria,10,atl_51eaf3b7e7286b78,412971,Titular,309.0,1.0,0.0017667403328713589,0.14487271,atl_51eaf3b7e7286b78
A,2026,6,59,vitoria,13,atl_43b77fad7db3edca,526090,Titular,419.0,1.0,0.001555269781602752,0.12753212,atl_43b77fad7db3edca
A,2026,6,60,gremio,5,atl_75366120bc9aabcc,945783,Titular,175.0,1.0,0.0021174710063598954,0.17363262,atl_75366120bc9aabcc
A,2026,6,60,chapecoense,99,atl_87273c786c0a8f16,443387,Titular,306.0,1.0,0.0017733162894453217,0.14541194,atl_87273c786c0a8f16
A,2026,6,60,gremio,7,atl_209aef561e4af07c,772443,Titular,311.0,1.0,0.0017623833900036118,0.14451544,atl_209aef561e4af07c
A,2026,6,60,gremio,1,atl_24143413999468ce,169050,Titular,450.0,1.0,0.0015045188729399255,0.12337055,atl_24143413999468ce
A,2026,6,60,gremio,38,atl_86b702d7b0090ce5,460683,Titular,31.0,0.0,0.0008084612604386615,0.06629382,atl_86b702d7b0090ce5
A,2026,7,61,flamengo,4,atl_c103654c5a7b5bff,310373,Titular,514.0,2.0,0.002420656266810113,0.19849381,atl_c103654c5a7b5bff
A,2026,7,61,remo,55,atl_2de557902e699e6d,448024,Titular,372.0,1.0,0.0016680567139282737,0.13678065,atl_2de557902e699e6d
A,2026,7,61,remo,14,atl_eb790cb36430b8fe,944177,Titular,382.0,1.0,0.0016491445062873636,0.13522985,atl_eb790cb36430b8fe
A,2026,7,61,remo,12,atl_acf2c53aec40eb29,453232,Titular,414.0,1.0,0.0015914064054107818,0.13049533,atl_acf2c53aec40eb29
A,2026,7,61,flamengo,7,atl_893987ded63e9ead,424455,Titular,6.0,0.0,0.0008983111749910168,0.07366152,atl_893987ded63e9ead
A,2026,7,62,vasco_da_gama_saf,11,atl_638536c4296e70ab,927926,Titular,511.0,2.0,0.0024278392230914487,0.19908282,atl_638536c4296e70ab
A,2026,7,62,fluminense,11,atl_c4998bc57253443f,694075,Titular,266.0,1.0,0.0018988844054118206,0.15570852,atl_c4998bc57253443f
A,2026,7,62,fluminense,17,atl_0c9f40757ea22dcf,756284,Titular,416.0,1.0,0.0015879317189360857,0.1302104,atl_0c9f40757ea22dcf
A,2026,7,62,vasco_da_gama_saf,23,atl_9925a4ff6a76710d,353262,Titular,418.0,1.0,0.0015844721727074668,0.12992672,atl_9925a4ff6a76710d
A,2026,7,62,fluminense,2,atl_c252179b37abe7fe,292428,Titular,434.0,1.0,0.001557329180455519,0.12770099,atl_c252179b37abe7fe
A,2026,7,63,santos_fc,10,atl_e4be9313deb82e6e,292791,Titular,180.0,1.0,0.0021390374331550803,0.17540107,atl_e4be9313deb82e6e
A,2026,7,63,santos_fc,22,atl_94b8b0f017fa9393,839845,Titular,198.0,1.0,0.002083876009377442,0.17087783,atl_94b8b0f017fa9393
A,2026,7,63,internacional,28,atl_6d9bfcb168547c21,388084,Titular,346.0,1.0,0.0017193208682570386,0.14098431,atl_6d9bfcb168547c21
A,2026,7,63,santos_fc,98,atl_7d5fe3a930f5046a,933266,Titular,360.0,1.0,0.0016913319238900635,0.13868922,atl_7d5fe3a930f5046a
A,2026,7,63,santos_fc,11,atl_a4547482b14f1f81,427806,Titular,386.0,1.0,0.0016416991586291813,0.13461933,atl_a4547482b14f1f81
A,2026,7,64,botafogo,6,atl_4f6c2b974fae893f,947048,Titular,270.0,1.0,0.0018890200708382527,0.15489965,atl_4f6c2b974fae893f
A,2026,7,64,botafogo,10,atl_2f5128306119ac5f,919476,Titular,410.0,1.0,0.0015984015984015984,0.13106893,atl_2f5128306119ac5f
A,2026,7,64,palmeiras,40,atl_1d7b128d73df6b60,621642,Titular,432.0,1.0,0.0015606710885680843,0.12797503,atl_1d7b128d73df6b60
A,2026,7,64,botafogo,13,atl_05a6f2259994a8ab,297016,Titular,508.0,1.0,0.001443001443001443,0.11832612,atl_05a6f2259994a8ab
A,2026,7,64,botafogo,5,atl_c415d549ff581ef2,779951,Titular,20.0,0.0,0.0008741258741258741,0.07167832,atl_c415d549ff581ef2
A,2026,7,65,mirassol,25,atl_cb0fed2ef44817a6,383527,Titular,312.0,2.0,0.0030228392297357814,0.24787282,atl_cb0fed2ef44817a6
A,2026,7,65,mirassol,21,atl_5c47fcd3d8a48b45,422022,Titular,315.0,1.0,0.0017847183491355272,0.1463469,atl_5c47fcd3d8a48b45
A,2026,7,65,coritiba_saf,19,atl_ca9f164ffd3fc35e,820851,Titular,360.0,1.0,0.0016913319238900635,0.13868922,atl_ca9f164ffd3fc35e
A,2026,7,65,mirassol,11,atl_2970a23b61e56679,462916,Titular,438.0,1.0,0.001550688117852297,0.12715643,atl_2970a23b61e56679
A,2026,7,65,coritiba_saf,26,atl_e9a59e57c4d4addd,329952,Titular,441.0,1.0,0.0015457443725243939,0.12675104,atl_e9a59e57c4d4addd
A,2026,7,66,atletico_mineiro,25,atl_c0306f78911cfd75,945377,Titular,73.0,1.0,0.0025384737426622245,0.20815485,atl_c0306f78911cfd75
A,2026,7,66,sao_paulo,9,atl_c1382cd139674fdb,541246,Titular,468.0,1.0,0.0015026296018031556,0.12321563,atl_c1382cd139674fdb
A,2026,7,66,sao_paulo,28,atl_ff0e76e5cc91000e,793760,Titular,491.0,1.0,0.0014677552518117605,0.12035593,atl_ff0e76e5cc91000e
A,2026,7,66,sao_paulo,17,atl_15301474de077582,385852,Titular,17.0,0.0,0.0008791981712678037,0.07209425,atl_15301474de077582
A,2026,7,66,atletico_mineiro,9,atl_c793f17374857084,944109,Titular,87.0,0.0,0.0007743534148985597,0.06349698,atl_c793f17374857084
A,2026,7,67,gremio,5,atl_75366120bc9aabcc,945783,Titular,265.0,1.0,0.0019013666072489601,0.15591206,atl_75366120bc9aabcc
A,2026,7,67,vitoria,1,atl_dad688da35c5d9d3,513071,Titular,270.0,1.0,0.0018890200708382527,0.15489965,atl_dad688da35c5d9d3
A,2026,7,67,gremio,44,atl_f3a24d462383d37f,691211,Titular,270.0,1.0,0.0018890200708382527,0.15489965,atl_f3a24d462383d37f
A,2026,7,67,vitoria,6,atl_60d005a1f8f15ffa,779735,Titular,282.0,1.0,0.001860032550569635,0.15252267,atl_60d005a1f8f15ffa
A,2026,7,67,vitoria,45,atl_e47a2aebf3377d76,542178,Titular,360.0,1.0,0.0016913319238900635,0.13868922,atl_e47a2aebf3377d76
A,2026,7,68,cruzeiro,12,atl_9eb0b789332e456b,309438,Titular,250.0,1.0,0.0019393939393939393,0.1590303,atl_9eb0b789332e456b
A,2026,7,68,cruzeiro,16,atl_2b16b70931306009,320111,Titular,341.0,1.0,0.0017295427521349044,0.14182251,atl_2b16b70931306009
A,2026,7,68,athletico_paranaense,14,atl_8b223a0e90d5a4c8,172368,Titular,408.0,1.0,0.0016019223067681217,0.13135763,atl_8b223a0e90d5a4c8
A,2026,7,68,athletico_paranaense,4,atl_a4fdd7e951f88fe1,745104,Titular,510.0,1.0,0.00144014401440144,0.11809181,atl_a4fdd7e951f88fe1
A,2026,7,68,athletico_paranaense,9,atl_b41f6fcce3570263,922690,Titular,538.0,1.0,0.0014012961989840604,0.11490629,atl_b41f6fcce3570263
A,2026,7,69,red_bull_bragantino,32,atl_79f79610f5ece878,922450,Titular,167.0,1.0,0.0021807278179092273,0.17881968,atl_79f79610f5ece878
A,2026,7,69,red_bull_bragantino,5,atl_16d863992493a77d,547222,Titular,197.0,1.0,0.002086865788443981,0.17112299,atl_16d863992493a77d
A,2026,7,69,bahia,99,atl_92436feb0c665a55,895912,Titular,288.0,1.0,0.0018458698661744347,0.15136133,atl_92436feb0c665a55
A,2026,7,69,bahia,6,atl_5448bb2a260c0c72,318143,Titular,385.0,1.0,0.0016435541859270673,0.13477144,atl_5448bb2a260c0c72
A,2026,7,69,bahia,46,atl_40fbc9435ae76d3a,554138,Titular,450.0,1.0,0.0015311004784688996,0.12555024,atl_40fbc9435ae76d3a
A,2026,7,70,chapecoense,11,atl_94342190df574301,840258,Titular,279.0,1.0,0.0018671957054498774,0.15311005,atl_94342190df574301
A,2026,7,70,chapecoense,26,atl_9b3bfdd877eb9ceb,369852,Titular,345.0,1.0,0.0017213555675094137,0.14115116,atl_9b3bfdd877eb9ceb
A,2026,7,70,chapecoense,99,atl_87273c786c0a8f16,443387,Titular,396.0,1.0,0.0016233766233766235,0.13311688,atl_87273c786c0a8f16
A,2026,7,70,corinthians,4,atl_5dbcffd4e4382c98,615235,Titular,90.0,0.0,0.0007704160246533128,0.06317411,atl_5dbcffd4e4382c98
A,2026,7,70,corinthians,20,atl_08610e2f737a9b2b,944060,Titular,90.0,0.0,0.0007704160246533128,0.06317411,atl_08610e2f737a9b2b
A,2026,8,71,fluminense,11,atl_c4998bc57253443f,694075,Titular,346.0,1.0,0.0017065283022729832,0.13993532,atl_c4998bc57253443f
A,2026,8,71,fluminense,17,atl_0c9f40757ea22dcf,756284,Titular,506.0,1.0,0.0014351122701023297,0.11767921,atl_0c9f40757ea22dcf
A,2026,8,71,fluminense,22,atl_cfa8433f572195a2,894168,Titular,540.0,1.0,0.0013881951381951381,0.113832,atl_cfa8433f572195a2
A,2026,8,71,fluminense,8,atl_4fc72a181c139af9,517552,Titular,594.0,1.0,0.001319673623147115,0.10821324,atl_4fc72a181c139af9
A,2026,8,71,fluminense,1,atl_1f6f89028101efd2,129292,Titular,630.0,1.0,0.0012776309236486227,0.10476574,atl_1f6f89028101efd2
A,2026,8,72,vasco_da_gama_saf,11,atl_638536c4296e70ab,927926,Titular,580.0,2.0,0.002262706429373096,0.18554193,atl_638536c4296e70ab
A,2026,8,72,gremio,5,atl_75366120bc9aabcc,945783,Titular,320.0,1.0,0.0017606377362474925,0.14437229,atl_75366120bc9aabcc
A,2026,8,72,gremio,44,atl_f3a24d462383d37f,691211,Titular,360.0,1.0,0.001678747608980167,0.1376573,atl_f3a24d462383d37f
A,2026,8,72,vasco_da_gama_saf,4,atl_f983801101d8e52c,943636,Titular,360.0,1.0,0.001678747608980167,0.1376573,atl_f983801101d8e52c
A,2026,8,72,gremio,7,atl_209aef561e4af07c,772443,Titular,491.0,1.0,0.0014568344538072086,0.11946043,atl_209aef561e4af07c
A,2026,8,73,sao_paulo,10,atl_36b04a10ecc54a74,346745,Titular,392.0,1.0,0.0016185234795100267,0.13271893,atl_36b04a10ecc54a74
A,2026,8,73,sao_paulo,13,atl_35da4b82ca98403f,894285,Titular,450.0,1.0,0.0015197083618136249,0.12461609,atl_35da4b82ca98403f
A,2026,8,73,palmeiras,40,atl_1d7b128d73df6b60,621642,Titular,516.0,1.0,0.001420987149333606,0.11652095,atl_1d7b128d73df6b60
A,2026,8,73,sao_paulo,9,atl_c1382cd139674fdb,541246,Titular,558.0,1.0,0.0013645774515339733,0.11189535,atl_c1382cd139674fdb
A,2026,8,73,sao_paulo,28,atl_ff0e76e5cc91000e,793760,Titular,581.0,1.0,0.001335543888735378,0.1095146,atl_ff0e76e5cc91000e
A,2026,8,74,corinthians,21,atl_c1e2e1728df4f926,502230,Titular,438.0,2.0,0.0026052483408560167,0.21363036,atl_c1e2e1728df4f926
A,2026,8,74,corinthians,9,atl_587e60d672fb1288,436395,Titular,257.0,1.0,0.001907163730149199,0.15638743,atl_587e60d672fb1288
A,2026,8,74,flamengo,20,atl_5b4e120906c50274,319635,Titular,396.0,1.0,0.001611297928262214,0.13212643,atl_5b4e120906c50274
A,2026,8,74,corinthians,13,atl_2740cbf03237b46d,186450,Titular,450.0,1.0,0.0015197083618136249,0.12461609,atl_2740cbf03237b46d
A,2026,8,74,corinthians,2,atl_70a615f85759f8ab,565578,Titular,463.0,1.0,0.0014991930879781348,0.12293383,atl_70a615f85759f8ab
A,2026,8,75,red_bull_bragantino,6,atl_97643210ab72519a,320839,Titular,363.0,4.0,0.005149157524592055,0.42223092,atl_97643210ab72519a
A,2026,8,75,red_bull_bragantino,4,atl_77dd8f7d047afc0d,701439,Titular,340.0,2.0,0.002909193980622552,0.23855391,atl_77dd8f7d047afc0d
A,2026,8,75,botafogo,20,atl_f2f6a217ed903dad,836858,Titular,450.0,2.0,0.0025723399407609933,0.21093188,atl_f2f6a217ed903dad
A,2026,8,75,red_bull_bragantino,21,atl_2df695f0373125f8,550777,Titular,540.0,2.0,0.0023497335997335997,0.19267816,atl_2df695f0373125f8
A,2026,8,75,botafogo,10,atl_2f5128306119ac5f,919476,Titular,500.0,1.0,0.0014437229437229437,0.11838528,atl_2f5128306119ac5f
A,2026,8,76,santos_fc,31,atl_0891f9525cb8be4f,816190,Titular,147.0,1.0,0.0022314110413028496,0.18297571,atl_0891f9525cb8be4f
A,2026,8,76,cruzeiro,99,atl_e6807a455d51a722,931360,Titular,279.0,1.0,0.0018533028802605184,0.15197084,atl_e6807a455d51a722
A,2026,8,76,santos_fc,22,atl_94b8b0f017fa9393,839845,Titular,288.0,1.0,0.0018321357153844463,0.15023513,atl_94b8b0f017fa9393
A,2026,8,76,cruzeiro,8,atl_65e4d14dd8be3acb,407776,Titular,327.0,1.0,0.0017457351193747809,0.14315028,atl_65e4d14dd8be3acb
A,2026,8,76,cruzeiro,12,atl_9eb0b789332e456b,309438,Titular,337.0,1.0,0.0017248780689640905,0.14144,atl_9eb0b789332e456b
A,2026,8,77,chapecoense,11,atl_94342190df574301,840258,Titular,356.0,1.0,0.0016865922239754016,0.13830056,atl_94342190df574301
A,2026,8,77,chapecoense,10,atl_1f85b5f88c773ffc,292205,Titular,357.0,1.0,0.001684624205044275,0.13813918,atl_1f85b5f88c773ffc
A,2026,8,77,chapecoense,26,atl_9b3bfdd877eb9ceb,369852,Titular,435.0,1.0,0.001544088709864111,0.12661527,atl_9b3bfdd877eb9ceb
A,2026,8,77,internacional,28,atl_6d9bfcb168547c21,388084,Titular,436.0,1.0,0.0015424390424390426,0.12648,atl_6d9bfcb168547c21
A,2026,8,77,chapecoense,99,atl_87273c786c0a8f16,443387,Titular,457.0,1.0,0.0015085924176833267,0.12370458,atl_87273c786c0a8f16
A,2026,8,78,coritiba_saf,8,atl_918d9cb849b07064,532986,Titular,258.0,1.0,0.0019046476830117992,0.15618111,atl_918d9cb849b07064
A,2026,8,78,athletico_paranaense,20,atl_e2a6b1bd3f2f75f2,536286,Titular,422.0,1.0,0.0015658600257298738,0.12840052,atl_e2a6b1bd3f2f75f2
A,2026,8,78,coritiba_saf,10,atl_dcd899b6b33593be,880608,Titular,428.0,1.0,0.0015557359307359307,0.12757035,atl_dcd899b6b33593be
A,2026,8,78,coritiba_saf,19,atl_ca9f164ffd3fc35e,820851,Titular,450.0,1.0,0.0015197083618136249,0.12461609,atl_ca9f164ffd3fc35e
A,2026,8,78,athletico_paranaense,14,atl_8b223a0e90d5a4c8,172368,Titular,498.0,1.0,0.001446616176075094,0.11862253,atl_8b223a0e90d5a4c8
A,2026,8,79,mirassol,25,atl_cb0fed2ef44817a6,383527,Titular,379.0,2.0,0.002780117114588104,0.2279696,atl_cb0fed2ef44817a6
A,2026,8,79,mirassol,6,atl_7d18d160e00e91fe,332318,Titular,535.0,2.0,0.002361084969780622,0.19360897,atl_7d18d160e00e91fe
A,2026,8,79,vitoria,1,atl_dad688da35c5d9d3,513071,Titular,360.0,1.0,0.001678747608980167,0.1376573,atl_dad688da35c5d9d3
A,2026,8,79,vitoria,6,atl_60d005a1f8f15ffa,779735,Titular,372.0,1.0,0.0016556455776639263,0.13576294,atl_60d005a1f8f15ffa
A,2026,8,79,vitoria,45,atl_e47a2aebf3377d76,542178,Titular,434.0,1.0,0.0015457419097676056,0.12675084,atl_e47a2aebf3377d76
A,2026,8,80,bahia,99,atl_92436feb0c665a55,895912,Titular,374.0,1.0,0.0016518569150148097,0.13545227,atl_92436feb0c665a55
A,2026,8,80,remo,55,atl_2de557902e699e6d,448024,Titular,455.0,1.0,0.0015117517735318783,0.12396365,atl_2de557902e699e6d
A,2026,8,80,bahia,6,atl_5448bb2a260c0c72,318143,Titular,464.0,1.0,0.0014976379084262902,0.12280631,atl_5448bb2a260c0c72
A,2026,8,80,bahia,46,atl_40fbc9435ae76d3a,554138,Titular,540.0,1.0,0.0013881951381951381,0.113832,atl_40fbc9435ae76d3a
A,2026,8,80,bahia,1,atl_33d3fbd097947c62,369161,Titular,630.0,1.0,0.0012776309236486227,0.10476574,atl_33d3fbd097947c62
A,2026,9,81,corinthians,21,atl_c1e2e1728df4f926,502230,Titular,528.0,2.0,0.0023815489525606257,0.19528701,atl_c1e2e1728df4f926
A,2026,9,81,corinthians,9,atl_587e60d672fb1288,436395,Titular,347.0,1.0,0.0017098374536391066,0.14020667,atl_587e60d672fb1288
A,2026,9,81,fluminense,11,atl_c4998bc57253443f,694075,Titular,432.0,1.0,0.001553897342523952,0.12741958,atl_c4998bc57253443f
A,2026,9,81,fluminense,2,atl_c252179b37abe7fe,292428,Titular,514.0,1.0,0.0014282370051600822,0.11711543,atl_c252179b37abe7fe
A,2026,9,81,corinthians,13,atl_2740cbf03237b46d,186450,Titular,540.0,1.0,0.00139253108003108,0.11418755,atl_2740cbf03237b46d
A,2026,9,82,botafogo,25,atl_2b840e803c1da83e,184906,Titular,289.0,2.0,0.0031029560497241103,0.2544424,atl_2b840e803c1da83e
A,2026,9,82,botafogo,6,atl_4f6c2b974fae893f,947048,Titular,360.0,2.0,0.0028467817712003757,0.23343611,atl_4f6c2b974fae893f
A,2026,9,82,mirassol,25,atl_cb0fed2ef44817a6,383527,Titular,440.0,2.0,0.002604502471523748,0.2135692,atl_cb0fed2ef44817a6
A,2026,9,82,mirassol,12,atl_033c51a8f934b8ec,309431,Titular,90.0,1.0,0.0024546310563259718,0.20127975,atl_033c51a8f934b8ec
A,2026,9,82,botafogo,23,atl_2205dea630ab4f35,896991,Titular,233.0,1.0,0.0019757603318312734,0.16201235,atl_2205dea630ab4f35
A,2026,9,83,santos_fc,22,atl_94b8b0f017fa9393,839845,Titular,378.0,2.0,0.0027884195025425092,0.2286504,atl_94b8b0f017fa9393
A,2026,9,83,remo,55,atl_2de557902e699e6d,448024,Titular,545.0,2.0,0.002342806050940022,0.1921101,atl_2de557902e699e6d
A,2026,9,83,santos_fc,48,atl_99ad7008976c3498,653049,Titular,162.0,1.0,0.002187662119686289,0.17938829,atl_99ad7008976c3498
A,2026,9,83,santos_fc,31,atl_0891f9525cb8be4f,816190,Titular,237.0,1.0,0.001965037073585242,0.16113304,atl_0891f9525cb8be4f
A,2026,9,83,santos_fc,10,atl_e4be9313deb82e6e,292791,Titular,268.0,1.0,0.001885719170875421,0.15462897,atl_e4be9313deb82e6e
A,2026,9,84,gremio,5,atl_75366120bc9aabcc,945783,Titular,376.0,1.0,0.0016532332456989992,0.13556513,atl_75366120bc9aabcc
A,2026,9,84,gremio,44,atl_f3a24d462383d37f,691211,Titular,450.0,1.0,0.0015244550770866561,0.12500532,atl_f3a24d462383d37f
A,2026,9,84,gremio,7,atl_209aef561e4af07c,772443,Titular,581.0,1.0,0.0013397153776432223,0.10985666,atl_209aef561e4af07c
A,2026,9,84,palmeiras,40,atl_1d7b128d73df6b60,621642,Titular,592.0,1.0,0.0013262200762200764,0.10875005,atl_1d7b128d73df6b60
A,2026,9,84,palmeiras,8,atl_adc5ea7f5f551fdb,729086,Titular,611.0,1.0,0.0013035394448535763,0.10689023,atl_adc5ea7f5f551fdb
A,2026,9,85,red_bull_bragantino,6,atl_97643210ab72519a,320839,Titular,442.0,4.0,0.00472211499281563,0.38721343,atl_97643210ab72519a
A,2026,9,85,red_bull_bragantino,4,atl_77dd8f7d047afc0d,701439,Titular,430.0,2.0,0.002632507874443358,0.21586565,atl_77dd8f7d047afc0d
A,2026,9,85,red_bull_bragantino,21,atl_2df695f0373125f8,550777,Titular,630.0,2.0,0.0021665772771967463,0.17765934,atl_2df695f0373125f8
A,2026,9,85,red_bull_bragantino,32,atl_79f79610f5ece878,922450,Titular,279.0,1.0,0.0018590915574227514,0.15244551,atl_79f79610f5ece878
A,2026,9,85,flamengo,21,atl_6f2d28380b144718,305435,Titular,467.0,1.0,0.0014976549361244294,0.1228077,atl_6f2d28380b144718
A,2026,9,86,cruzeiro,12,atl_9eb0b789332e456b,309438,Titular,427.0,2.0,0.002641027317402722,0.21656424,atl_9eb0b789332e456b
A,2026,9,86,vitoria,6,atl_60d005a1f8f15ffa,779735,Titular,462.0,2.0,0.0025449400449400446,0.20868508,atl_60d005a1f8f15ffa
A,2026,9,86,cruzeiro,99,atl_e6807a455d51a722,931360,Titular,348.0,1.0,0.0017078211358871737,0.14004133,atl_e6807a455d51a722
A,2026,9,86,cruzeiro,8,atl_65e4d14dd8be3acb,407776,Titular,417.0,1.0,0.0015793155106132207,0.12950387,atl_65e4d14dd8be3acb
A,2026,9,86,vitoria,1,atl_dad688da35c5d9d3,513071,Titular,450.0,1.0,0.0015244550770866561,0.12500532,atl_dad688da35c5d9d3
A,2026,9,87,sao_paulo,29,atl_eb77749cf3eba7c3,552144,Titular,230.0,1.0,0.001983879894838799,0.16267815,atl_eb77749cf3eba7c3
A,2026,9,87,internacional,35,atl_a75821cad3498e73,883325,Titular,380.0,1.0,0.00164571854912764,0.13494892,atl_a75821cad3498e73
A,2026,9,87,internacional,27,atl_40d251d89c87fb68,308416,Titular,434.0,1.0,0.001550569939220903,0.12714674,atl_40d251d89c87fb68
A,2026,9,87,sao_paulo,10,atl_36b04a10ecc54a74,346745,Titular,476.0,1.0,0.001483844593475741,0.12167526,atl_36b04a10ecc54a74
A,2026,9,87,sao_paulo,9,atl_c1382cd139674fdb,541246,Titular,648.0,1.0,0.0012615264139654383,0.10344517,atl_c1382cd139674fdb
A,2026,9,88,vasco_da_gama_saf,4,atl_f983801101d8e52c,943636,Titular,450.0,1.0,0.0015244550770866561,0.12500532,atl_f983801101d8e52c
A,2026,9,88,coritiba_saf,10,atl_dcd899b6b33593be,880608,Titular,518.0,1.0,0.0014226250719374493,0.11665526,atl_dcd899b6b33593be
A,2026,9,88,coritiba_saf,19,atl_ca9f164ffd3fc35e,820851,Titular,540.0,1.0,0.00139253108003108,0.11418755,atl_ca9f164ffd3fc35e
A,2026,9,88,vasco_da_gama_saf,23,atl_9925a4ff6a76710d,353262,Titular,576.0,1.0,0.0013459408208478841,0.11036715,atl_9925a4ff6a76710d
A,2026,9,88,coritiba_saf,26,atl_e9a59e57c4d4addd,329952,Titular,617.0,1.0,0.0012965374424640315,0.10631607,atl_e9a59e57c4d4addd
A,2026,9,89,bahia,99,atl_92436feb0c665a55,895912,Titular,442.0,1.0,0.0015374016170194515,0.12606693,atl_92436feb0c665a55
A,2026,9,89,athletico_paranaense,20,atl_e2a6b1bd3f2f75f2,536286,Titular,496.0,1.0,0.0014540485173015294,0.11923198,atl_e2a6b1bd3f2f75f2
A,2026,9,89,bahia,6,atl_5448bb2a260c0c72,318143,Titular,532.0,1.0,0.0014033258946049645,0.11507272,atl_5448bb2a260c0c72
A,2026,9,89,athletico_paranaense,14,atl_8b223a0e90d5a4c8,172368,Titular,543.0,1.0,0.001388525717384778,0.11385911,atl_8b223a0e90d5a4c8
A,2026,9,89,bahia,46,atl_40fbc9435ae76d3a,554138,Titular,630.0,1.0,0.001281621524984357,0.10509297,atl_40fbc9435ae76d3a
A,2026,9,90,atletico_mineiro,2,atl_b619ed477b67fcf2,559812,Titular,90.0,1.0,0.0024546310563259718,0.20127975,atl_b619ed477b67fcf2
A,2026,9,90,atletico_mineiro,25,atl_c0306f78911cfd75,945377,Titular,136.0,1.0,0.0022770948478495648,0.18672178,atl_c0306f78911cfd75
A,2026,9,90,chapecoense,2,atl_74fb4a52f5e96fdf,374251,Titular,152.0,1.0,0.0022212152196814773,0.18213965,atl_74fb4a52f5e96fdf
A,2026,9,90,chapecoense,11,atl_94342190df574301,840258,Titular,415.0,1.0,0.001582767566374124,0.12978694,atl_94342190df574301
A,2026,9,90,chapecoense,10,atl_1f85b5f88c773ffc,292205,Titular,416.0,1.0,0.001581039654183759,0.12964525,atl_1f85b5f88c773ffc
A,2026,10,91,santos_fc,22,atl_94b8b0f017fa9393,839845,Titular,436.0,2.0,0.002595398428731762,0.21282267,atl_94b8b0f017fa9393
A,2026,10,91,flamengo,4,atl_c103654c5a7b5bff,310373,Titular,604.0,2.0,0.0022004464939247544,0.18043661,atl_c103654c5a7b5bff
A,2026,10,91,santos_fc,48,atl_99ad7008976c3498,653049,Titular,232.0,1.0,0.0019525859689794116,0.16011205,atl_99ad7008976c3498
A,2026,10,91,santos_fc,49,atl_1baadd5aa84a0632,652943,Titular,302.0,1.0,0.0017821607597168694,0.14613718,atl_1baadd5aa84a0632
A,2026,10,91,santos_fc,31,atl_0891f9525cb8be4f,816190,Titular,327.0,1.0,0.001728286492494473,0.14171949,atl_0891f9525cb8be4f
A,2026,10,92,botafogo,25,atl_2b840e803c1da83e,184906,Titular,379.0,2.0,0.0027637007159191456,0.22662346,atl_2b840e803c1da83e
A,2026,10,92,botafogo,20,atl_f2f6a217ed903dad,836858,Titular,540.0,2.0,0.0023358585858585857,0.1915404,atl_f2f6a217ed903dad
A,2026,10,92,vasco_da_gama_saf,11,atl_638536c4296e70ab,927926,Titular,670.0,2.0,0.0020763187429854095,0.17025814,atl_638536c4296e70ab
A,2026,10,92,vasco_da_gama_saf,66,atl_3b95594b8fdf0e4c,613238,Titular,282.0,1.0,0.0018277403187889122,0.14987471,atl_3b95594b8fdf0e4c
A,2026,10,92,vasco_da_gama_saf,4,atl_f983801101d8e52c,943636,Titular,540.0,1.0,0.0013743201243201243,0.11269425,atl_f983801101d8e52c
A,2026,10,93,cruzeiro,12,atl_9eb0b789332e456b,309438,Titular,501.0,2.0,0.0024268660632296994,0.19900302,atl_9eb0b789332e456b
A,2026,10,93,cruzeiro,99,atl_e6807a455d51a722,931360,Titular,414.0,1.0,0.0015637778219835113,0.12822978,atl_e6807a455d51a722
A,2026,10,93,cruzeiro,8,atl_65e4d14dd8be3acb,407776,Titular,507.0,1.0,0.0014193574273018165,0.11638731,atl_65e4d14dd8be3acb
A,2026,10,93,sao_paulo,10,atl_36b04a10ecc54a74,346745,Titular,559.0,1.0,0.0013496628227506414,0.11067235,atl_36b04a10ecc54a74
A,2026,10,93,cruzeiro,11,atl_3660e597b8a3e9d9,310733,Titular,665.0,1.0,0.001226860883513244,0.10060259,atl_3660e597b8a3e9d9
A,2026,10,94,corinthians,26,atl_7bd5e1cfea987ca7,896914,Titular,192.0,1.0,0.0020654522099608805,0.16936708,atl_7bd5e1cfea987ca7
A,2026,10,94,corinthians,9,atl_587e60d672fb1288,436395,Titular,423.0,1.0,0.001548529717543802,0.12697944,atl_587e60d672fb1288
A,2026,10,94,internacional,27,atl_40d251d89c87fb68,308416,Titular,514.0,1.0,0.0014095591018667942,0.11558385,atl_40d251d89c87fb68
A,2026,10,94,internacional,28,atl_6d9bfcb168547c21,388084,Titular,526.0,1.0,0.001393073030499931,0.11423199,atl_6d9bfcb168547c21
A,2026,10,94,corinthians,13,atl_2740cbf03237b46d,186450,Titular,630.0,1.0,0.0012648609993742737,0.1037186,atl_2740cbf03237b46d
A,2026,10,95,red_bull_bragantino,6,atl_97643210ab72519a,320839,Titular,532.0,4.0,0.004291950512880745,0.35193994,atl_97643210ab72519a
A,2026,10,95,red_bull_bragantino,4,atl_77dd8f7d047afc0d,701439,Titular,520.0,2.0,0.002381659734600911,0.1952961,atl_77dd8f7d047afc0d
A,2026,10,95,mirassol,6,atl_7d18d160e00e91fe,332318,Titular,625.0,2.0,0.002159371492704826,0.17706846,atl_7d18d160e00e91fe
A,2026,10,95,red_bull_bragantino,21,atl_2df695f0373125f8,550777,Titular,720.0,2.0,0.001991223712535188,0.16328034,atl_2df695f0373125f8
A,2026,10,95,red_bull_bragantino,32,atl_79f79610f5ece878,922450,Titular,343.0,1.0,0.0016954839018895958,0.13902968,atl_79f79610f5ece878
A,2026,10,96,atletico_mineiro,2,atl_b619ed477b67fcf2,559812,Titular,180.0,1.0,0.002101901366607249,0.17235591,atl_b619ed477b67fcf2
A,2026,10,96,atletico_mineiro,25,atl_c0306f78911cfd75,945377,Titular,226.0,1.0,0.0019687230431032084,0.16143529,atl_c0306f78911cfd75
A,2026,10,96,athletico_paranaense,16,atl_697ba9685a345304,302192,Titular,301.0,1.0,0.0017843856795167656,0.14631963,atl_697ba9685a345304
A,2026,10,96,athletico_paranaense,14,atl_8b223a0e90d5a4c8,172368,Titular,633.0,1.0,0.00126151185286225,0.10344397,atl_8b223a0e90d5a4c8
A,2026,10,96,atletico_mineiro,7,atl_9422d7084e24d53d,163056,Titular,675.0,1.0,0.0012164195142918548,0.0997464,atl_9422d7084e24d53d
A,2026,10,97,gremio,54,atl_e7c1c3c1a5bb89b9,741913,Titular,90.0,1.0,0.0024225303886320835,0.19864749,atl_e7c1c3c1a5bb89b9
A,2026,10,97,gremio,5,atl_75366120bc9aabcc,945783,Titular,455.0,1.0,0.0014966418107779365,0.12272463,atl_75366120bc9aabcc
A,2026,10,97,remo,14,atl_eb790cb36430b8fe,944177,Titular,527.0,1.0,0.0013917165815899993,0.11412076,atl_eb790cb36430b8fe
A,2026,10,97,gremio,44,atl_f3a24d462383d37f,691211,Titular,540.0,1.0,0.0013743201243201243,0.11269425,atl_f3a24d462383d37f
A,2026,10,97,gremio,7,atl_209aef561e4af07c,772443,Titular,671.0,1.0,0.001220574662077651,0.10008712,atl_209aef561e4af07c
A,2026,10,98,fluminense,13,atl_2f256fd5eabef6e1,339258,Titular,289.0,1.0,0.0018115246252128382,0.14854502,atl_2f256fd5eabef6e1
A,2026,10,98,coritiba_saf,10,atl_dcd899b6b33593be,880608,Titular,608.0,1.0,0.0012899755679539073,0.105778,atl_dcd899b6b33593be
A,2026,10,98,coritiba_saf,19,atl_ca9f164ffd3fc35e,820851,Titular,617.0,1.0,0.001279581852545147,0.10492571,atl_ca9f164ffd3fc35e
A,2026,10,98,coritiba_saf,26,atl_e9a59e57c4d4addd,329952,Titular,694.0,1.0,0.0011970627548516996,0.09815915,atl_e9a59e57c4d4addd
A,2026,10,98,fluminense,22,atl_cfa8433f572195a2,894168,Titular,720.0,1.0,0.0011715515813876469,0.09606723,atl_cfa8433f572195a2
A,2026,10,99,bahia,27,atl_49a57aaf71b01d63,306852,Titular,249.0,1.0,0.0019082682634084503,0.156478,atl_49a57aaf71b01d63
A,2026,10,99,bahia,33,atl_69da5198cf903227,348537,Titular,355.0,1.0,0.0016716876365999174,0.13707839,atl_69da5198cf903227
A,2026,10,99,bahia,99,atl_92436feb0c665a55,895912,Titular,527.0,1.0,0.0013917165815899993,0.11412076,atl_92436feb0c665a55
A,2026,10,99,bahia,6,atl_5448bb2a260c0c72,318143,Titular,622.0,1.0,0.0012738796161256055,0.10445813,atl_5448bb2a260c0c72
A,2026,10,99,palmeiras,40,atl_1d7b128d73df6b60,621642,Titular,675.0,1.0,0.0012164195142918548,0.0997464,atl_1d7b128d73df6b60
A,2026,10,100,chapecoense,11,atl_94342190df574301,840258,Titular,490.0,1.0,0.0014437302316090196,0.11838588,atl_94342190df574301
A,2026,10,100,chapecoense,26,atl_9b3bfdd877eb9ceb,369852,Titular,525.0,1.0,0.0013944321261394432,0.11434343,atl_9b3bfdd877eb9ceb
A,2026,10,100,vitoria,95,atl_eabe50b478a200d7,502736,Titular,540.0,1.0,0.0013743201243201243,0.11269425,atl_eabe50b478a200d7
A,2026,10,100,vitoria,1,atl_dad688da35c5d9d3,513071,Titular,540.0,1.0,0.0013743201243201243,0.11269425,atl_dad688da35c5d9d3
A,2026,10,100,chapecoense,27,atl_90ba38c17df5c194,387971,Titular,666.0,1.0,0.0012258086872152052,0.10051631,atl_90ba38c17df5c194
A,2026,11,101,flamengo,4,atl_c103654c5a7b5bff,310373,Titular,694.0,2.0,0.002019779029829281,0.16562188,atl_c103654c5a7b5bff
A,2026,11,101,flamengo,26,atl_2746f322bfb18936,186325,Titular,579.0,1.0,0.0013082633564561275,0.1072776,atl_2746f322bfb18936
A,2026,11,101,fluminense,17,atl_0c9f40757ea22dcf,756284,Titular,592.0,1.0,0.0012926887926887926,0.10600048,atl_0c9f40757ea22dcf
A,2026,11,101,flamengo,20,atl_5b4e120906c50274,319635,Titular,602.0,1.0,0.0012809584043703825,0.10503859,atl_5b4e120906c50274
A,2026,11,101,fluminense,2,atl_c252179b37abe7fe,292428,Titular,604.0,1.0,0.001278637827550871,0.1048483,atl_c252179b37abe7fe
A,2026,11,102,botafogo,6,atl_4f6c2b974fae893f,947048,Titular,429.0,2.0,0.002595926976981875,0.21286601,atl_4f6c2b974fae893f
A,2026,11,102,botafogo,20,atl_f2f6a217ed903dad,836858,Titular,630.0,2.0,0.0021341735943505857,0.17500223,atl_f2f6a217ed903dad
A,2026,11,102,botafogo,23,atl_2205dea630ab4f35,896991,Titular,294.0,1.0,0.001777854107828919,0.14578404,atl_2205dea630ab4f35
A,2026,11,102,coritiba_saf,77,atl_104b0abba265ddc2,389378,Titular,465.0,1.0,0.0014628146752499083,0.1199508,atl_104b0abba265ddc2
A,2026,11,102,botafogo,10,atl_2f5128306119ac5f,919476,Titular,634.0,1.0,0.001244811429996615,0.10207454,atl_2f5128306119ac5f
A,2026,11,103,atletico_mineiro,2,atl_b619ed477b67fcf2,559812,Titular,270.0,1.0,0.0018332677423586513,0.15032795,atl_b619ed477b67fcf2
A,2026,11,103,atletico_mineiro,25,atl_c0306f78911cfd75,945377,Titular,295.0,1.0,0.0017756178133536624,0.14560066,atl_c0306f78911cfd75
A,2026,11,103,santos_fc,48,atl_99ad7008976c3498,653049,Titular,322.0,1.0,0.0017172946005062793,0.14081816,atl_99ad7008976c3498
A,2026,11,103,santos_fc,10,atl_e4be9313deb82e6e,292791,Titular,358.0,1.0,0.001645240281603918,0.1349097,atl_e4be9313deb82e6e
A,2026,11,103,santos_fc,49,atl_1baadd5aa84a0632,652943,Titular,392.0,1.0,0.0015825293291661005,0.1297674,atl_1baadd5aa84a0632
A,2026,11,104,corinthians,21,atl_c1e2e1728df4f926,502230,Titular,618.0,3.0,0.0030515350282792147,0.25022587,atl_c1e2e1728df4f926
A,2026,11,104,palmeiras,12,atl_5128a2d6ff64e004,557878,Titular,408.0,1.0,0.0015546433497975348,0.12748075,atl_5128a2d6ff64e004
A,2026,11,104,corinthians,9,atl_587e60d672fb1288,436395,Titular,513.0,1.0,0.0013935006531255296,0.11426705,atl_587e60d672fb1288
A,2026,11,104,corinthians,13,atl_2740cbf03237b46d,186450,Titular,720.0,1.0,0.0011570624275542307,0.09487912,atl_2740cbf03237b46d
A,2026,11,104,corinthians,2,atl_70a615f85759f8ab,565578,Titular,730.0,1.0,0.001147655415948099,0.09410774,atl_70a615f85759f8ab
A,2026,11,105,mirassol,25,atl_cb0fed2ef44817a6,383527,Titular,516.0,2.0,0.002373637954346616,0.19463831,atl_cb0fed2ef44817a6
A,2026,11,105,mirassol,11,atl_2970a23b61e56679,462916,Titular,690.0,2.0,0.0020265682030387914,0.16617859,atl_2970a23b61e56679
A,2026,11,105,mirassol,6,atl_7d18d160e00e91fe,332318,Titular,715.0,2.0,0.0019848692688198863,0.16275928,atl_7d18d160e00e91fe
A,2026,11,105,mirassol,99,atl_0a108d210893a9c6,391068,Titular,250.0,1.0,0.0018821548821548822,0.1543367,atl_0a108d210893a9c6
A,2026,11,105,bahia,46,atl_40fbc9435ae76d3a,554138,Titular,810.0,2.0,0.001840928367645925,0.15095613,atl_40fbc9435ae76d3a
A,2026,11,106,red_bull_bragantino,6,atl_97643210ab72519a,320839,Titular,602.0,4.0,0.0040032814533721975,0.32826908,atl_97643210ab72519a
A,2026,11,106,red_bull_bragantino,4,atl_77dd8f7d047afc0d,701439,Titular,610.0,2.0,0.002172627172627173,0.17815543,atl_77dd8f7d047afc0d
A,2026,11,106,red_bull_bragantino,21,atl_2df695f0373125f8,550777,Titular,810.0,2.0,0.001840928367645925,0.15095613,atl_2df695f0373125f8
A,2026,11,106,cruzeiro,16,atl_2b16b70931306009,320111,Titular,428.0,1.0,0.0015211381051898293,0.12473332,atl_2b16b70931306009
A,2026,11,106,cruzeiro,99,atl_e6807a455d51a722,931360,Titular,481.0,1.0,0.0014389563319226928,0.11799442,atl_e6807a455d51a722
A,2026,11,107,gremio,54,atl_e7c1c3c1a5bb89b9,741913,Titular,166.0,1.0,0.002119543786210453,0.17380259,atl_e7c1c3c1a5bb89b9
A,2026,11,107,gremio,7,atl_209aef561e4af07c,772443,Titular,761.0,2.0,0.0019124632526694384,0.15682199,atl_209aef561e4af07c
A,2026,11,107,gremio,8,atl_ad549d0da6818553,302792,Titular,360.0,1.0,0.0016414141414141414,0.13459596,atl_ad549d0da6818553
A,2026,11,107,gremio,5,atl_75366120bc9aabcc,945783,Titular,520.0,1.0,0.001383937413349178,0.11348287,atl_75366120bc9aabcc
A,2026,11,107,internacional,7,atl_7e842898eed36468,894546,Titular,549.0,1.0,0.0013456779424367603,0.11034559,atl_7e842898eed36468
A,2026,11,108,chapecoense,2,atl_74fb4a52f5e96fdf,374251,Titular,315.0,1.0,0.0017320443700811798,0.14202764,atl_74fb4a52f5e96fdf
A,2026,11,108,chapecoense,11,atl_94342190df574301,840258,Titular,580.0,1.0,0.001307052001496446,0.10717826,atl_94342190df574301
A,2026,11,108,athletico_paranaense,20,atl_e2a6b1bd3f2f75f2,536286,Titular,586.0,1.0,0.0012998307197202225,0.10658612,atl_e2a6b1bd3f2f75f2
A,2026,11,108,athletico_paranaense,33,atl_06e9d2cc373ffd8f,923095,Titular,657.0,1.0,0.0012200658268073999,0.1000454,atl_06e9d2cc373ffd8f
A,2026,11,108,athletico_paranaense,14,atl_8b223a0e90d5a4c8,172368,Titular,721.0,1.0,0.0011561147924784288,0.09480141,atl_8b223a0e90d5a4c8
A,2026,11,109,vitoria,6,atl_60d005a1f8f15ffa,779735,Titular,552.0,3.0,0.003242981142220686,0.26592445,atl_60d005a1f8f15ffa
A,2026,11,109,sao_paulo,13,atl_35da4b82ca98403f,894285,Titular,563.0,2.0,0.002268688769159136,0.18603248,atl_35da4b82ca98403f
A,2026,11,109,vitoria,45,atl_e47a2aebf3377d76,542178,Titular,614.0,1.0,0.001267159929637488,0.10390711,atl_e47a2aebf3377d76
A,2026,11,109,vitoria,10,atl_51eaf3b7e7286b78,412971,Titular,627.0,1.0,0.0012525431780090164,0.10270854,atl_51eaf3b7e7286b78
A,2026,11,109,vitoria,95,atl_eabe50b478a200d7,502736,Titular,628.0,1.0,0.0012514327673902141,0.10261749,atl_eabe50b478a200d7
A,2026,11,110,remo,26,atl_5b0ae123f664295f,711292,Titular,71.0,1.0,0.002472182419643015,0.20271896,atl_5b0ae123f664295f
A,2026,11,110,vasco_da_gama_saf,4,atl_f983801101d8e52c,943636,Titular,630.0,2.0,0.0021341735943505857,0.17500223,atl_f983801101d8e52c
A,2026,11,110,vasco_da_gama_saf,11,atl_638536c4296e70ab,927926,Titular,760.0,2.0,0.0019139810806477475,0.15694645,atl_638536c4296e70ab
A,2026,11,110,vasco_da_gama_saf,66,atl_3b95594b8fdf0e4c,613238,Titular,372.0,1.0,0.0016188258734130294,0.13274372,atl_3b95594b8fdf0e4c
A,2026,11,110,vasco_da_gama_saf,23,atl_9925a4ff6a76710d,353262,Titular,756.0,1.0,0.0011238982178472623,0.09215965,atl_9925a4ff6a76710d
A,2026,12,111,flamengo,4,atl_c103654c5a7b5bff,310373,Titular,784.0,2.0,0.001874093526599899,0.15367567,atl_c103654c5a7b5bff
A,2026,12,111,bahia,46,atl_40fbc9435ae76d3a,554138,Titular,900.0,2.0,0.0017188114915387643,0.14094254,atl_40fbc9435ae76d3a
A,2026,12,111,bahia,33,atl_69da5198cf903227,348537,Titular,535.0,1.0,0.0013587788291345602,0.11141986,atl_69da5198cf903227
A,2026,12,111,flamengo,26,atl_2746f322bfb18936,186325,Titular,669.0,1.0,0.0012030248829377843,0.09864804,atl_2746f322bfb18936
A,2026,12,111,bahia,99,atl_92436feb0c665a55,895912,Titular,686.0,1.0,0.0011857808500457588,0.09723403,atl_92436feb0c665a55
A,2026,12,112,vasco_da_gama_saf,66,atl_3b95594b8fdf0e4c,613238,Titular,462.0,2.0,0.0025013888650252288,0.20511389,atl_3b95594b8fdf0e4c
A,2026,12,112,sao_paulo,13,atl_35da4b82ca98403f,894285,Titular,628.0,2.0,0.0021332766738956298,0.17492869,atl_35da4b82ca98403f
A,2026,12,112,vasco_da_gama_saf,11,atl_638536c4296e70ab,927926,Titular,850.0,2.0,0.0017824711764105705,0.14616264,atl_638536c4296e70ab
A,2026,12,112,sao_paulo,10,atl_36b04a10ecc54a74,346745,Titular,619.0,1.0,0.0012567793459823682,0.10305591,atl_36b04a10ecc54a74
A,2026,12,112,sao_paulo,28,atl_ff0e76e5cc91000e,793760,Titular,761.0,1.0,0.0011152546297813401,0.09145088,atl_ff0e76e5cc91000e
A,2026,12,113,santos_fc,22,atl_94b8b0f017fa9393,839845,Titular,516.0,2.0,0.0023684410316479037,0.19421216,atl_94b8b0f017fa9393
A,2026,12,113,santos_fc,48,atl_99ad7008976c3498,653049,Titular,377.0,1.0,0.0016035759271998517,0.13149323,atl_99ad7008976c3498
A,2026,12,113,fluminense,13,atl_2f256fd5eabef6e1,339258,Titular,384.0,1.0,0.0015908779277763235,0.13045199,atl_2f256fd5eabef6e1
A,2026,12,113,santos_fc,9,atl_700d6b19ec341d19,337830,Titular,444.0,1.0,0.0014897628052481674,0.12216055,atl_700d6b19ec341d19
A,2026,12,113,santos_fc,10,atl_e4be9313deb82e6e,292791,Titular,448.0,1.0,0.0014834768862386812,0.1216451,atl_e4be9313deb82e6e
A,2026,12,114,athletico_paranaense,16,atl_697ba9685a345304,302192,Titular,391.0,1.0,0.0015783794479845902,0.12942711,atl_697ba9685a345304
A,2026,12,114,athletico_paranaense,33,atl_06e9d2cc373ffd8f,923095,Titular,747.0,1.0,0.0011277755317997352,0.09247759,atl_06e9d2cc373ffd8f
A,2026,12,114,athletico_paranaense,14,atl_8b223a0e90d5a4c8,172368,Titular,811.0,1.0,0.0010727201282641266,0.08796305,atl_8b223a0e90d5a4c8
A,2026,12,114,palmeiras,40,atl_1d7b128d73df6b60,621642,Titular,828.0,1.0,0.0010589880181884562,0.08683702,atl_1d7b128d73df6b60
A,2026,12,114,athletico_paranaense,4,atl_a4fdd7e951f88fe1,745104,Titular,870.0,1.0,0.0010265226920834088,0.08417486,atl_a4fdd7e951f88fe1
A,2026,12,115,red_bull_bragantino,6,atl_97643210ab72519a,320839,Titular,686.0,4.0,0.003715291811259924,0.30465393,atl_97643210ab72519a
A,2026,12,115,red_bull_bragantino,4,atl_77dd8f7d047afc0d,701439,Titular,700.0,2.0,0.002005280073461892,0.16443297,atl_77dd8f7d047afc0d
A,2026,12,115,red_bull_bragantino,21,atl_2df695f0373125f8,550777,Titular,900.0,2.0,0.0017188114915387643,0.14094254,atl_2df695f0373125f8
A,2026,12,115,red_bull_bragantino,29,atl_da6b08b0a890f42a,402681,Titular,894.0,1.0,0.001008849417614254,0.08272565,atl_da6b08b0a890f42a
A,2026,12,115,remo,2,atl_fe33d83d607b1298,517052,Titular,19.0,0.0,0.000782921171780867,0.06419954,atl_fe33d83d607b1298
A,2026,12,116,gremio,54,atl_e7c1c3c1a5bb89b9,741913,Titular,245.0,1.0,0.0018876994471869394,0.15479135,atl_e7c1c3c1a5bb89b9
A,2026,12,116,gremio,3,atl_44711503fa74b702,408944,Titular,270.0,1.0,0.0018264105040964543,0.14976566,atl_44711503fa74b702
A,2026,12,116,gremio,7,atl_209aef561e4af07c,772443,Titular,851.0,2.0,0.0017811518047033828,0.14605445,atl_209aef561e4af07c
A,2026,12,116,gremio,8,atl_ad549d0da6818553,302792,Titular,450.0,1.0,0.0014803537770044946,0.12138901,atl_ad549d0da6818553
A,2026,12,116,cruzeiro,99,atl_e6807a455d51a722,931360,Titular,549.0,1.0,0.0013406445072967302,0.10993285,atl_e6807a455d51a722
A,2026,12,117,mirassol,6,atl_7d18d160e00e91fe,332318,Titular,756.0,2.0,0.001915872681651489,0.15710156,atl_7d18d160e00e91fe
A,2026,12,117,mirassol,99,atl_0a108d210893a9c6,391068,Titular,340.0,1.0,0.0016742096287550832,0.13728519,atl_0a108d210893a9c6
A,2026,12,117,internacional,35,atl_a75821cad3498e73,883325,Titular,446.0,1.0,0.001486613201008742,0.12190228,atl_a75821cad3498e73
A,2026,12,117,internacional,27,atl_40d251d89c87fb68,308416,Titular,597.0,1.0,0.0012819836719728988,0.10512266,atl_40d251d89c87fb68
A,2026,12,117,mirassol,21,atl_5c47fcd3d8a48b45,422022,Titular,634.0,1.0,0.001240155280559321,0.10169273,atl_5c47fcd3d8a48b45
A,2026,12,118,atletico_mineiro,13,atl_0c4d1267959deee6,404870,Titular,185.0,1.0,0.0020530453841668176,0.16834972,atl_0c4d1267959deee6
A,2026,12,118,atletico_mineiro,2,atl_b619ed477b67fcf2,559812,Titular,338.0,1.0,0.001678205355792685,0.13761284,atl_b619ed477b67fcf2
A,2026,12,118,coritiba_saf,77,atl_104b0abba265ddc2,389378,Titular,533.0,1.0,0.0013614095722693804,0.11163558,atl_104b0abba265ddc2
A,2026,12,118,coritiba_saf,10,atl_dcd899b6b33593be,880608,Titular,788.0,1.0,0.0010918758448402717,0.08953382,atl_dcd899b6b33593be
A,2026,12,118,coritiba_saf,19,atl_ca9f164ffd3fc35e,820851,Titular,789.0,1.0,0.0010910287728116911,0.08946436,atl_ca9f164ffd3fc35e
A,2026,12,119,vitoria,6,atl_60d005a1f8f15ffa,779735,Titular,642.0,3.0,0.0029827811630072417,0.24458806,atl_60d005a1f8f15ffa
A,2026,12,119,corinthians,21,atl_c1e2e1728df4f926,502230,Titular,708.0,3.0,0.002819814642511813,0.2312248,atl_c1e2e1728df4f926
A,2026,12,119,corinthians,9,atl_587e60d672fb1288,436395,Titular,603.0,1.0,0.001275010052723726,0.10455082,atl_587e60d672fb1288
A,2026,12,119,vitoria,95,atl_eabe50b478a200d7,502736,Titular,691.0,1.0,0.0011808027608348193,0.09682583,atl_eabe50b478a200d7
A,2026,12,119,vitoria,10,atl_51eaf3b7e7286b78,412971,Titular,697.0,1.0,0.0011748839500035672,0.09634048,atl_51eaf3b7e7286b78
A,2026,12,120,botafogo,6,atl_4f6c2b974fae893f,947048,Titular,519.0,2.0,0.0023614681924968304,0.19364039,atl_4f6c2b974fae893f
A,2026,12,120,chapecoense,11,atl_94342190df574301,840258,Titular,635.0,2.0,0.002120119901457507,0.17384983,atl_94342190df574301
A,2026,12,120,botafogo,20,atl_f2f6a217ed903dad,836858,Titular,720.0,2.0,0.0019724066296346477,0.16173734,atl_f2f6a217ed903dad
A,2026,12,120,chapecoense,26,atl_9b3bfdd877eb9ceb,369852,Titular,542.0,1.0,0.0013496507563860556,0.11067136,atl_9b3bfdd877eb9ceb
A,2026,12,120,botafogo,13,atl_05a6f2259994a8ab,297016,Titular,839.0,1.0,0.001050288340667864,0.08612364,atl_05a6f2259994a8ab
A,2026,13,121,fluminense,5,atl_9acccad689d4b416,875073,Titular,237.0,1.0,0.0019107858320884102,0.15668444,atl_9acccad689d4b416
A,2026,13,121,chapecoense,25,atl_1138d9fa36ff6b93,364275,Titular,450.0,1.0,0.001482367534999114,0.12155414,atl_1138d9fa36ff6b93
A,2026,13,121,chapecoense,2,atl_74fb4a52f5e96fdf,374251,Titular,467.0,1.0,0.0014563072991201223,0.1194172,atl_74fb4a52f5e96fdf
A,2026,13,121,fluminense,13,atl_2f256fd5eabef6e1,339258,Titular,474.0,1.0,0.0014458410248964664,0.11855896,atl_2f256fd5eabef6e1
A,2026,13,121,fluminense,11,atl_c4998bc57253443f,694075,Titular,627.0,1.0,0.0012495555973816843,0.10246356,atl_c4998bc57253443f
A,2026,13,122,botafogo,6,atl_4f6c2b974fae893f,947048,Titular,595.0,2.0,0.0021993142997709207,0.18034377,atl_4f6c2b974fae893f
A,2026,13,122,botafogo,20,atl_f2f6a217ed903dad,836858,Titular,810.0,2.0,0.0018383581360680598,0.15074537,atl_f2f6a217ed903dad
A,2026,13,122,internacional,7,atl_7e842898eed36468,894546,Titular,628.0,1.0,0.001248447835327268,0.10237272,atl_7e842898eed36468
A,2026,13,122,internacional,28,atl_6d9bfcb168547c21,388084,Titular,768.0,1.0,0.001110606591679147,0.09106974,atl_6d9bfcb168547c21
A,2026,13,122,botafogo,13,atl_05a6f2259994a8ab,297016,Titular,929.0,1.0,0.0009854787671442675,0.08080926,atl_05a6f2259994a8ab
A,2026,13,123,mirassol,2,atl_d457b6562ff8f3f8,349619,Titular,270.0,1.0,0.0018288950107131926,0.14996939,atl_d457b6562ff8f3f8
A,2026,13,123,mirassol,6,atl_7d18d160e00e91fe,332318,Titular,836.0,2.0,0.001802581705276316,0.1478117,atl_7d18d160e00e91fe
A,2026,13,123,mirassol,99,atl_0a108d210893a9c6,391068,Titular,420.0,1.0,0.0015307056067925633,0.12551786,atl_0a108d210893a9c6
A,2026,13,123,sao_paulo,10,atl_36b04a10ecc54a74,346745,Titular,697.0,1.0,0.0011764821706342174,0.09647154,atl_36b04a10ecc54a74
A,2026,13,123,mirassol,21,atl_5c47fcd3d8a48b45,422022,Titular,724.0,1.0,0.001150530358046698,0.09434349,atl_5c47fcd3d8a48b45
A,2026,13,124,corinthians,21,atl_c1e2e1728df4f926,502230,Titular,798.0,3.0,0.002625769767526316,0.21531312,atl_c1e2e1728df4f926
A,2026,13,124,vasco_da_gama_saf,66,atl_3b95594b8fdf0e4c,613238,Titular,552.0,2.0,0.002289210226472584,0.18771524,atl_3b95594b8fdf0e4c
A,2026,13,124,vasco_da_gama_saf,4,atl_f983801101d8e52c,943636,Titular,720.0,2.0,0.0019739747198763593,0.16186593,atl_f983801101d8e52c
A,2026,13,124,vasco_da_gama_saf,11,atl_638536c4296e70ab,927926,Titular,940.0,2.0,0.0016723952487841377,0.13713641,atl_638536c4296e70ab
A,2026,13,124,corinthians,49,atl_04ee0e6e1feb15e9,694372,Titular,624.0,1.0,0.001252890710186084,0.10273704,atl_04ee0e6e1feb15e9
A,2026,13,125,red_bull_bragantino,6,atl_97643210ab72519a,320839,Titular,776.0,4.0,0.003454740719631002,0.28328874,atl_97643210ab72519a
A,2026,13,125,red_bull_bragantino,21,atl_2df695f0373125f8,550777,Titular,986.0,2.0,0.0016206252747302545,0.13289127,atl_2df695f0373125f8
A,2026,13,125,red_bull_bragantino,30,atl_bd1c24c3e985ff70,802129,Titular,746.0,1.0,0.0011302160178564672,0.09267771,atl_bd1c24c3e985ff70
A,2026,13,125,palmeiras,40,atl_1d7b128d73df6b60,621642,Titular,911.0,1.0,0.0009980504310766536,0.08184014,atl_1d7b128d73df6b60
A,2026,13,125,palmeiras,8,atl_adc5ea7f5f551fdb,729086,Titular,951.0,1.0,0.0009705369801854984,0.07958403,atl_adc5ea7f5f551fdb
A,2026,13,126,flamengo,4,atl_c103654c5a7b5bff,310373,Titular,874.0,3.0,0.0024805306828596494,0.20340352,atl_c103654c5a7b5bff
A,2026,13,126,atletico_mineiro,2,atl_b619ed477b67fcf2,559812,Titular,403.0,1.0,0.0015595228773523347,0.12788088,atl_b619ed477b67fcf2
A,2026,13,126,flamengo,21,atl_6f2d28380b144718,305435,Titular,647.0,1.0,0.0012277673567996149,0.10067692,atl_6f2d28380b144718
A,2026,13,126,flamengo,10,atl_25c745453cdda3ce,521990,Titular,662.0,1.0,0.0012119183805930794,0.09937731,atl_25c745453cdda3ce
A,2026,13,126,flamengo,26,atl_2746f322bfb18936,186325,Titular,759.0,1.0,0.0011185457968619207,0.09172076,atl_2746f322bfb18936
A,2026,13,127,gremio,54,atl_e7c1c3c1a5bb89b9,741913,Titular,335.0,1.0,0.0016865259380229442,0.13829513,atl_e7c1c3c1a5bb89b9
A,2026,13,127,gremio,7,atl_209aef561e4af07c,772443,Titular,941.0,2.0,0.0016712346691527815,0.13704124,atl_209aef561e4af07c
A,2026,13,127,gremio,3,atl_44711503fa74b702,408944,Titular,360.0,1.0,0.0016374990212199515,0.13427492,atl_44711503fa74b702
A,2026,13,127,gremio,8,atl_ad549d0da6818553,302792,Titular,540.0,1.0,0.0013540857290857292,0.11103503,atl_ad549d0da6818553
A,2026,13,127,coritiba_saf,77,atl_104b0abba265ddc2,389378,Titular,590.0,1.0,0.0012919717048157416,0.10594168,atl_104b0abba265ddc2
A,2026,13,128,vitoria,6,atl_60d005a1f8f15ffa,779735,Titular,732.0,3.0,0.002766436005072369,0.22684775,atl_60d005a1f8f15ffa
A,2026,13,128,vitoria,26,atl_a4ecfe26a2b9c092,655620,Titular,90.0,1.0,0.002386862980083319,0.19572276,atl_a4ecfe26a2b9c092
A,2026,13,128,athletico_paranaense,27,atl_4a831e5b66a9e039,943842,Titular,608.0,1.0,0.0012709829948097096,0.10422061,atl_4a831e5b66a9e039
A,2026,13,128,vitoria,95,atl_eabe50b478a200d7,502736,Titular,767.0,1.0,0.0011114831556820507,0.09114162,atl_eabe50b478a200d7
A,2026,13,128,vitoria,10,atl_51eaf3b7e7286b78,412971,Titular,773.0,1.0,0.0011062444291038164,0.09071204,atl_51eaf3b7e7286b78
A,2026,13,129,santos_fc,31,atl_0891f9525cb8be4f,816190,Titular,507.0,2.0,0.0023915085980627192,0.19610371,atl_0891f9525cb8be4f
A,2026,13,129,bahia,46,atl_40fbc9435ae76d3a,554138,Titular,990.0,2.0,0.0016162746028517841,0.13253452,atl_40fbc9435ae76d3a
A,2026,13,129,santos_fc,16,atl_e10cfc098e41a254,391953,Titular,424.0,1.0,0.001524079175594327,0.12497449,atl_e10cfc098e41a254
A,2026,13,129,santos_fc,49,atl_1baadd5aa84a0632,652943,Titular,570.0,1.0,0.0013161207086440732,0.1079219,atl_1baadd5aa84a0632
A,2026,13,129,santos_fc,11,atl_a4547482b14f1f81,427806,Titular,711.0,1.0,0.001162881220684689,0.09535626,atl_a4547482b14f1f81
A,2026,13,130,remo,55,atl_2de557902e699e6d,448024,Titular,655.0,3.0,0.002950865072077193,0.24197094,atl_2de557902e699e6d
A,2026,13,130,remo,22,atl_8c8228c9b7c6f310,364829,Titular,509.0,1.0,0.0013956879665502065,0.11444641,atl_8c8228c9b7c6f310
A,2026,13,130,cruzeiro,99,atl_e6807a455d51a722,931360,Titular,639.0,1.0,0.0012363908325277947,0.10138405,atl_e6807a455d51a722
A,2026,13,130,cruzeiro,11,atl_3660e597b8a3e9d9,310733,Titular,882.0,1.0,0.0010189936022063375,0.08355748,atl_3660e597b8a3e9d9
A,2026,13,130,remo,99,atl_5aa871d709484161,338185,Titular,26.0,0.0,0.000776139084123875,0.0636434,atl_5aa871d709484161
A,2026,14,131,flamengo,4,atl_c103654c5a7b5bff,310373,Titular,959.0,3.0,0.002346446486268282,0.19240861,atl_c103654c5a7b5bff
A,2026,14,131,vasco_da_gama_saf,23,atl_9925a4ff6a76710d,353262,Titular,1026.0,2.0,0.0015881162670153496,0.13022553,atl_9925a4ff6a76710d
A,2026,14,131,flamengo,21,atl_6f2d28380b144718,305435,Titular,719.0,1.0,0.0011677320947214302,0.09575403,atl_6f2d28380b144718
A,2026,14,131,flamengo,16,atl_e344c79c6ec53f0a,547454,Titular,731.0,1.0,0.0011563488411579393,0.0948206,atl_e344c79c6ec53f0a
A,2026,14,131,flamengo,2,atl_d10a9a2ef787e356,778033,Titular,757.0,1.0,0.001132430726702803,0.09285932,atl_d10a9a2ef787e356
A,2026,14,132,remo,55,atl_2de557902e699e6d,448024,Titular,711.0,4.0,0.0036527377567839997,0.2995245,atl_2de557902e699e6d
A,2026,14,132,botafogo,6,atl_4f6c2b974fae893f,947048,Titular,685.0,2.0,0.0020451185008147034,0.16769972,atl_4f6c2b974fae893f
A,2026,14,132,remo,22,atl_8c8228c9b7c6f310,364829,Titular,576.0,1.0,0.0013229232560087578,0.10847971,atl_8c8228c9b7c6f310
A,2026,14,132,botafogo,10,atl_2f5128306119ac5f,919476,Titular,748.0,1.0,0.0011405972944434483,0.09352898,atl_2f5128306119ac5f
A,2026,14,132,botafogo,19,atl_3135b3a5f74d9c00,518820,Titular,841.0,1.0,0.0010614954686543052,0.08704263,atl_3135b3a5f74d9c00
A,2026,14,133,bahia,46,atl_40fbc9435ae76d3a,554138,Titular,1080.0,2.0,0.0015338388756110275,0.12577479,atl_40fbc9435ae76d3a
A,2026,14,133,bahia,33,atl_69da5198cf903227,348537,Titular,625.0,1.0,0.0012653025986359319,0.10375481,atl_69da5198cf903227
A,2026,14,133,sao_paulo,10,atl_36b04a10ecc54a74,346745,Titular,783.0,1.0,0.0011094820136129566,0.09097753,atl_36b04a10ecc54a74
A,2026,14,133,bahia,99,atl_92436feb0c665a55,895912,Titular,840.0,1.0,0.0010622876294518085,0.08710759,atl_92436feb0c665a55
A,2026,14,133,sao_paulo,28,atl_ff0e76e5cc91000e,793760,Titular,851.0,1.0,0.0010536383593378411,0.08639835,atl_ff0e76e5cc91000e
A,2026,14,134,santos_fc,9,atl_700d6b19ec341d19,337830,Titular,534.0,2.0,0.0023437770052857094,0.19218971,atl_700d6b19ec341d19
A,2026,14,134,santos_fc,22,atl_94b8b0f017fa9393,839845,Titular,576.0,2.0,0.0022522912857485347,0.18468789,atl_94b8b0f017fa9393
A,2026,14,134,santos_fc,31,atl_0891f9525cb8be4f,816190,Titular,597.0,2.0,0.002209175408810778,0.18115238,atl_0891f9525cb8be4f
A,2026,14,134,palmeiras,12,atl_5128a2d6ff64e004,557878,Titular,483.0,1.0,0.0014480828316026687,0.11874279,atl_5128a2d6ff64e004
A,2026,14,134,santos_fc,49,atl_1baadd5aa84a0632,652943,Titular,651.0,1.0,0.001236720611177605,0.10141109,atl_1baadd5aa84a0632
A,2026,14,135,corinthians,21,atl_c1e2e1728df4f926,502230,Titular,886.0,3.0,0.002470032773063076,0.20254269,atl_c1e2e1728df4f926
A,2026,14,135,mirassol,95,atl_da751971304388fa,443810,Titular,149.0,1.0,0.002193321145555352,0.17985233,atl_da751971304388fa
A,2026,14,135,mirassol,25,atl_cb0fed2ef44817a6,383527,Titular,660.0,2.0,0.002089194330573641,0.17131394,atl_cb0fed2ef44817a6
A,2026,14,135,mirassol,12,atl_033c51a8f934b8ec,309431,Titular,239.0,1.0,0.0019262049032008435,0.1579488,atl_033c51a8f934b8ec
A,2026,14,135,corinthians,8,atl_4bf06dd1232b6fe7,836677,Titular,776.0,1.0,0.0011155685136876358,0.09147662,atl_4bf06dd1232b6fe7
A,2026,14,136,cruzeiro,99,atl_e6807a455d51a722,931360,Titular,725.0,2.0,0.001978339121196264,0.16222381,atl_e6807a455d51a722
A,2026,14,136,atletico_mineiro,13,atl_0c4d1267959deee6,404870,Titular,275.0,1.0,0.0018367295786650623,0.15061183,atl_0c4d1267959deee6
A,2026,14,136,cruzeiro,10,atl_fa2cfead1f0d333f,819091,Titular,967.0,2.0,0.0016519873370589115,0.13546296,atl_fa2cfead1f0d333f
A,2026,14,136,atletico_mineiro,2,atl_b619ed477b67fcf2,559812,Titular,493.0,1.0,0.0014334999229259047,0.11754699,atl_b619ed477b67fcf2
A,2026,14,136,cruzeiro,11,atl_3660e597b8a3e9d9,310733,Titular,972.0,1.0,0.0009670281409411844,0.07929631,atl_3660e597b8a3e9d9
A,2026,14,137,fluminense,25,atl_eadf5de682da8bb5,317751,Titular,90.0,1.0,0.002412653260110887,0.19783757,atl_eadf5de682da8bb5
A,2026,14,137,fluminense,5,atl_9acccad689d4b416,875073,Titular,316.0,1.0,0.001744442920913509,0.14304432,atl_9acccad689d4b416
A,2026,14,137,fluminense,13,atl_2f256fd5eabef6e1,339258,Titular,564.0,1.0,0.001337843443106601,0.10970316,atl_2f256fd5eabef6e1
A,2026,14,137,fluminense,2,atl_c252179b37abe7fe,292428,Titular,689.0,1.0,0.0011971954781038044,0.09817003,atl_c252179b37abe7fe
A,2026,14,137,internacional,7,atl_7e842898eed36468,894546,Titular,711.0,1.0,0.0011754462621514643,0.09638659,atl_7e842898eed36468
A,2026,14,138,gremio,33,atl_5318a05980638ce2,945572,Titular,290.0,1.0,0.0018018549664119282,0.14775211,atl_5318a05980638ce2
A,2026,14,138,gremio,7,atl_209aef561e4af07c,772443,Titular,1031.0,2.0,0.0015829297344646788,0.12980024,atl_209aef561e4af07c
A,2026,14,138,gremio,54,atl_e7c1c3c1a5bb89b9,741913,Titular,425.0,1.0,0.0015388815388815388,0.12618829,atl_e7c1c3c1a5bb89b9
A,2026,14,138,gremio,3,atl_44711503fa74b702,408944,Titular,450.0,1.0,0.001498384656279393,0.12286754,atl_44711503fa74b702
A,2026,14,138,gremio,6,atl_f1df77ff026c5d20,623588,Titular,668.0,1.0,0.0012187203968025886,0.09993507,atl_f1df77ff026c5d20
A,2026,14,139,vitoria,6,atl_60d005a1f8f15ffa,779735,Titular,822.0,4.0,0.0033460404110933614,0.27437531,atl_60d005a1f8f15ffa
A,2026,14,139,coritiba_saf,19,atl_ca9f164ffd3fc35e,820851,Titular,879.0,2.0,0.001757407848778407,0.14410744,atl_ca9f164ffd3fc35e
A,2026,14,139,vitoria,45,atl_e47a2aebf3377d76,542178,Titular,794.0,1.0,0.00110005055909229,0.09020415,atl_e47a2aebf3377d76
A,2026,14,139,vitoria,10,atl_51eaf3b7e7286b78,412971,Titular,846.0,1.0,0.0010575523205538064,0.08671929,atl_51eaf3b7e7286b78
A,2026,14,139,vitoria,95,atl_eabe50b478a200d7,502736,Titular,857.0,1.0,0.0010489796783090814,0.08601633,atl_eabe50b478a200d7
A,2026,14,140,red_bull_bragantino,6,atl_97643210ab72519a,320839,Titular,864.0,4.0,0.0032430098412503106,0.26592681,atl_97643210ab72519a
A,2026,14,140,red_bull_bragantino,4,atl_77dd8f7d047afc0d,701439,Titular,790.0,3.0,0.0026538491654770724,0.21761563,atl_77dd8f7d047afc0d
A,2026,14,140,chapecoense,11,atl_94342190df574301,840258,Titular,725.0,2.0,0.001978339121196264,0.16222381,atl_94342190df574301
A,2026,14,140,red_bull_bragantino,32,atl_79f79610f5ece878,922450,Titular,408.0,1.0,0.0015676931976491447,0.12855084,atl_79f79610f5ece878
A,2026,14,140,red_bull_bragantino,21,atl_2df695f0373125f8,550777,Titular,1076.0,2.0,0.0015377318676811063,0.12609401,atl_2df695f0373125f8
A,2026,15,141,fluminense,25,atl_eadf5de682da8bb5,317751,Titular,163.0,2.0,0.003669533081297787,0.30090171,atl_eadf5de682da8bb5
A,2026,15,141,vitoria,26,atl_a4ecfe26a2b9c092,655620,Titular,207.0,2.0,0.0034411604425748695,0.28217516,atl_a4ecfe26a2b9c092
A,2026,15,141,vitoria,6,atl_60d005a1f8f15ffa,779735,Titular,912.0,4.0,0.0031394478986546976,0.25743473,atl_60d005a1f8f15ffa
A,2026,15,141,fluminense,16,atl_825bfaa01e252038,337363,Titular,164.0,1.0,0.0021579825796693266,0.17695457,atl_825bfaa01e252038
A,2026,15,141,fluminense,11,atl_c4998bc57253443f,694075,Titular,717.0,1.0,0.001177403806820405,0.09654711,atl_c4998bc57253443f
A,2026,15,142,athletico_paranaense,14,atl_8b223a0e90d5a4c8,172368,Titular,981.0,2.0,0.0016427416832548501,0.13470482,atl_8b223a0e90d5a4c8
A,2026,15,142,vasco_da_gama_saf,11,atl_638536c4296e70ab,927926,Titular,1056.0,2.0,0.0015635606895246998,0.12821198,atl_638536c4296e70ab
A,2026,15,142,vasco_da_gama_saf,23,atl_9925a4ff6a76710d,353262,Titular,1116.0,2.0,0.0015055076936265055,0.12345163,atl_9925a4ff6a76710d
A,2026,15,142,athletico_paranaense,27,atl_4a831e5b66a9e039,943842,Titular,749.0,1.0,0.0011472381368298101,0.09407353,atl_4a831e5b66a9e039
A,2026,15,142,athletico_paranaense,33,atl_06e9d2cc373ffd8f,923095,Titular,827.0,1.0,0.0010798043955542072,0.08854396,atl_06e9d2cc373ffd8f
A,2026,15,143,red_bull_bragantino,6,atl_97643210ab72519a,320839,Titular,954.0,4.0,0.0030487623334941078,0.24999851,atl_97643210ab72519a
A,2026,15,143,red_bull_bragantino,4,atl_77dd8f7d047afc0d,701439,Titular,880.0,3.0,0.00248760900934814,0.20398394,atl_77dd8f7d047afc0d
A,2026,15,143,santos_fc,22,atl_94b8b0f017fa9393,839845,Titular,656.0,2.0,0.0021045851495678485,0.17257598,atl_94b8b0f017fa9393
A,2026,15,143,santos_fc,31,atl_0891f9525cb8be4f,816190,Titular,687.0,2.0,0.0020496212577088735,0.16806894,atl_0891f9525cb8be4f
A,2026,15,143,red_bull_bragantino,29,atl_da6b08b0a890f42a,402681,Titular,1074.0,2.0,0.0015456800717283563,0.12674577,atl_da6b08b0a890f42a
A,2026,15,144,corinthians,21,atl_c1e2e1728df4f926,502230,Titular,976.0,3.0,0.0023258133014230574,0.19071669,atl_c1e2e1728df4f926
A,2026,15,144,sao_paulo,13,atl_35da4b82ca98403f,894285,Titular,711.0,2.0,0.002009001183237352,0.1647381,atl_35da4b82ca98403f
A,2026,15,144,corinthians,2,atl_70a615f85759f8ab,565578,Titular,820.0,2.0,0.001843106388560934,0.15113472,atl_70a615f85759f8ab
A,2026,15,144,corinthians,13,atl_2740cbf03237b46d,186450,Titular,990.0,2.0,0.001632819082483512,0.13389116,atl_2740cbf03237b46d
A,2026,15,144,corinthians,19,atl_f9c8a04cc924c297,883861,Titular,527.0,1.0,0.0013952292433305092,0.1144088,atl_f9c8a04cc924c297
A,2026,15,145,mirassol,21,atl_5c47fcd3d8a48b45,422022,Titular,788.0,2.0,0.001888897851630771,0.15488962,atl_5c47fcd3d8a48b45
A,2026,15,145,chapecoense,11,atl_94342190df574301,840258,Titular,815.0,2.0,0.0018501143976429148,0.15170938,atl_94342190df574301
A,2026,15,145,mirassol,6,atl_7d18d160e00e91fe,332318,Titular,926.0,2.0,0.0017061012853439221,0.13990031,atl_7d18d160e00e91fe
A,2026,15,145,chapecoense,97,atl_0406421fee7d433d,567979,Titular,358.0,1.0,0.0016700471245925791,0.13694386,atl_0406421fee7d433d
A,2026,15,145,mirassol,99,atl_0a108d210893a9c6,391068,Titular,530.0,1.0,0.0013911654688353718,0.11407557,atl_0a108d210893a9c6
A,2026,15,146,botafogo,6,atl_4f6c2b974fae893f,947048,Titular,747.0,2.0,0.001951002752927372,0.15998223,atl_4f6c2b974fae893f
A,2026,15,146,botafogo,20,atl_f2f6a217ed903dad,836858,Titular,900.0,2.0,0.0017377860235003092,0.14249845,atl_f2f6a217ed903dad
A,2026,15,146,atletico_mineiro,3,atl_07d0e1f14ab78901,896750,Titular,329.0,1.0,0.0017284685559715717,0.14173442,atl_07d0e1f14ab78901
A,2026,15,146,atletico_mineiro,25,atl_c0306f78911cfd75,945377,Titular,383.0,1.0,0.0016227637971692331,0.13306663,atl_c0306f78911cfd75
A,2026,15,146,atletico_mineiro,2,atl_b619ed477b67fcf2,559812,Titular,583.0,1.0,0.0013230844255775003,0.10849292,atl_b619ed477b67fcf2
A,2026,15,147,flamengo,4,atl_c103654c5a7b5bff,310373,Titular,1049.0,4.0,0.0028617820741771677,0.23466613,atl_c103654c5a7b5bff
A,2026,15,147,gremio,33,atl_5318a05980638ce2,945572,Titular,380.0,1.0,0.0016282959464777647,0.13352027,atl_5318a05980638ce2
A,2026,15,147,gremio,7,atl_209aef561e4af07c,772443,Titular,1121.0,2.0,0.0015008639314623275,0.12307084,atl_209aef561e4af07c
A,2026,15,147,flamengo,19,atl_81c7d36ce839fdc5,881923,Titular,476.0,1.0,0.001468135689447165,0.12038713,atl_81c7d36ce839fdc5
A,2026,15,147,gremio,54,atl_e7c1c3c1a5bb89b9,741913,Titular,515.0,1.0,0.0014117245644339241,0.11576141,atl_e7c1c3c1a5bb89b9
A,2026,15,148,internacional,31,atl_230281586d4f8f77,708287,Titular,282.0,1.0,0.0018323534947575868,0.15025299,atl_230281586d4f8f77
A,2026,15,148,coritiba_saf,19,atl_ca9f164ffd3fc35e,820851,Titular,941.0,2.0,0.0016883417299794815,0.13844402,atl_ca9f164ffd3fc35e
A,2026,15,148,coritiba_saf,26,atl_e9a59e57c4d4addd,329952,Titular,986.0,2.0,0.0016372142886274784,0.13425157,atl_e9a59e57c4d4addd
A,2026,15,148,coritiba_saf,36,atl_feca1ae3ea618358,523074,Titular,476.0,1.0,0.001468135689447165,0.12038713,atl_feca1ae3ea618358
A,2026,15,148,internacional,7,atl_7e842898eed36468,894546,Titular,795.0,1.0,0.001106486820772535,0.09073192,atl_7e842898eed36468
A,2026,15,149,cruzeiro,10,atl_fa2cfead1f0d333f,819091,Titular,1044.0,2.0,0.0015757127156090886,0.12920844,atl_fa2cfead1f0d333f
A,2026,15,149,bahia,46,atl_40fbc9435ae76d3a,554138,Titular,1170.0,2.0,0.0014568266065272052,0.11945978,atl_40fbc9435ae76d3a
A,2026,15,149,cruzeiro,8,atl_65e4d14dd8be3acb,407776,Titular,677.0,1.0,0.0012174175300768335,0.09982824,atl_65e4d14dd8be3acb
A,2026,15,149,bahia,33,atl_69da5198cf903227,348537,Titular,715.0,1.0,0.0011793419200826609,0.09670604,atl_69da5198cf903227
A,2026,15,149,bahia,16,atl_80aecec1475779b8,526916,Titular,973.0,1.0,0.0009727769401903821,0.07976771,atl_80aecec1475779b8
A,2026,15,150,remo,55,atl_2de557902e699e6d,448024,Titular,795.0,4.0,0.0034230891373748518,0.28069331,atl_2de557902e699e6d
A,2026,15,150,remo,22,atl_8c8228c9b7c6f310,364829,Titular,666.0,1.0,0.001228902601115294,0.10077001,atl_8c8228c9b7c6f310
A,2026,15,150,remo,18,atl_494ab27a654a3447,947946,Titular,895.0,1.0,0.001027168769104253,0.08422784,atl_494ab27a654a3447
A,2026,15,150,palmeiras,40,atl_1d7b128d73df6b60,621642,Titular,968.0,1.0,0.0009760902131474338,0.0800394,atl_1d7b128d73df6b60
A,2026,15,150,palmeiras,26,atl_9ad877d1cc801ff1,392224,Titular,990.0,1.0,0.0009616781428861966,0.07885761,atl_9ad877d1cc801ff1
A,2026,16,151,fluminense,16,atl_825bfaa01e252038,337363,Titular,237.0,1.0,0.0019621817450854086,0.1608989,atl_825bfaa01e252038
A,2026,16,151,sao_paulo,13,atl_35da4b82ca98403f,894285,Titular,792.0,2.0,0.001893287883999958,0.15524961,atl_35da4b82ca98403f
A,2026,16,151,fluminense,13,atl_2f256fd5eabef6e1,339258,Titular,654.0,1.0,0.0012531438008041129,0.10275779,atl_2f256fd5eabef6e1
A,2026,16,151,fluminense,11,atl_c4998bc57253443f,694075,Titular,799.0,1.0,0.0011132624681508439,0.09128752,atl_c4998bc57253443f
A,2026,16,151,fluminense,32,atl_5cf7da4480563f44,926632,Titular,807.0,1.0,0.0011064483137933788,0.09072876,atl_5cf7da4480563f44
A,2026,16,152,corinthians,21,atl_c1e2e1728df4f926,502230,Titular,1066.0,4.0,0.0028391621622783822,0.2328113,atl_c1e2e1728df4f926
A,2026,16,152,botafogo,6,atl_4f6c2b974fae893f,947048,Titular,837.0,2.0,0.0018295646567897876,0.1500243,atl_4f6c2b974fae893f
A,2026,16,152,corinthians,2,atl_70a615f85759f8ab,565578,Titular,910.0,2.0,0.0017348425149843589,0.14225709,atl_70a615f85759f8ab
A,2026,16,152,botafogo,20,atl_f2f6a217ed903dad,836858,Titular,990.0,2.0,0.001641696608139561,0.13461912,atl_f2f6a217ed903dad
A,2026,16,152,corinthians,13,atl_2740cbf03237b46d,186450,Titular,1080.0,2.0,0.0015481822443847758,0.12695094,atl_2740cbf03237b46d
A,2026,16,153,santos_fc,48,atl_99ad7008976c3498,653049,Titular,457.0,2.0,0.0025560375612622213,0.20959508,atl_99ad7008976c3498
A,2026,16,153,coritiba_saf,77,atl_104b0abba265ddc2,389378,Titular,623.0,2.0,0.002178208322464778,0.17861308,atl_104b0abba265ddc2
A,2026,16,153,santos_fc,31,atl_0891f9525cb8be4f,816190,Titular,777.0,2.0,0.0019155269742583759,0.15707321,atl_0891f9525cb8be4f
A,2026,16,153,coritiba_saf,19,atl_ca9f164ffd3fc35e,820851,Titular,1031.0,2.0,0.0015977321659882077,0.13101404,atl_ca9f164ffd3fc35e
A,2026,16,153,coritiba_saf,26,atl_e9a59e57c4d4addd,329952,Titular,1076.0,2.0,0.0015521116409441282,0.12727315,atl_e9a59e57c4d4addd
A,2026,16,154,cruzeiro,99,atl_e6807a455d51a722,931360,Titular,815.0,2.0,0.0018601733430630768,0.15253421,atl_e6807a455d51a722
A,2026,16,154,cruzeiro,10,atl_fa2cfead1f0d333f,819091,Titular,1134.0,2.0,0.0014970183268836878,0.1227555,atl_fa2cfead1f0d333f
A,2026,16,154,cruzeiro,15,atl_eaea3b7aaa972e07,389228,Titular,1252.0,2.0,0.0013961917500730284,0.11448772,atl_eaea3b7aaa972e07
A,2026,16,154,palmeiras,26,atl_9ad877d1cc801ff1,392224,Titular,1080.0,1.0,0.0009152708519797127,0.07505221,atl_9ad877d1cc801ff1
A,2026,16,154,cruzeiro,11,atl_3660e597b8a3e9d9,310733,Titular,1126.0,1.0,0.0008893775806444933,0.07292896,atl_3660e597b8a3e9d9
A,2026,16,155,red_bull_bragantino,6,atl_97643210ab72519a,320839,Titular,1020.0,5.0,0.0035829789119262807,0.29380427,atl_97643210ab72519a
A,2026,16,155,vitoria,26,atl_a4ecfe26a2b9c092,655620,Titular,297.0,2.0,0.003069169317600936,0.25167188,atl_a4ecfe26a2b9c092
A,2026,16,155,vitoria,6,atl_60d005a1f8f15ffa,779735,Titular,1002.0,4.0,0.002960138446157088,0.24273135,atl_60d005a1f8f15ffa
A,2026,16,155,red_bull_bragantino,21,atl_2df695f0373125f8,550777,Titular,1256.0,3.0,0.0019624874408473497,0.16092397,atl_2df695f0373125f8
A,2026,16,155,red_bull_bragantino,29,atl_da6b08b0a890f42a,402681,Titular,1164.0,2.0,0.0014700288137788136,0.12054236,atl_da6b08b0a890f42a
A,2026,16,156,mirassol,95,atl_da751971304388fa,443810,Titular,219.0,2.0,0.003402125098926211,0.27897426,atl_da751971304388fa
A,2026,16,156,mirassol,2,atl_d457b6562ff8f3f8,349619,Titular,350.0,1.0,0.0017013269954446425,0.13950881,atl_d457b6562ff8f3f8
A,2026,16,156,mirassol,6,atl_7d18d160e00e91fe,332318,Titular,1016.0,2.0,0.0016135408615619697,0.13231035,atl_7d18d160e00e91fe
A,2026,16,156,atletico_mineiro,2,atl_b619ed477b67fcf2,559812,Titular,673.0,1.0,0.0012328456488729293,0.10109334,atl_b619ed477b67fcf2
A,2026,16,156,atletico_mineiro,4,atl_c0dd08bce34b0bb0,462332,Titular,1149.0,1.0,0.0008769726780642487,0.07191176,atl_c0dd08bce34b0bb0
A,2026,16,157,vasco_da_gama_saf,88,atl_6e350de81980641e,622485,Titular,884.0,2.0,0.001767433487086666,0.14492955,atl_6e350de81980641e
A,2026,16,157,vasco_da_gama_saf,11,atl_638536c4296e70ab,927926,Titular,1146.0,2.0,0.0014861044630181933,0.12186057,atl_638536c4296e70ab
A,2026,16,157,vasco_da_gama_saf,3,atl_9505f016950e9206,308348,Titular,753.0,1.0,0.00115413243904864,0.09463886,atl_9505f016950e9206
A,2026,16,157,internacional,28,atl_6d9bfcb168547c21,388084,Titular,829.0,1.0,0.0010881323898630144,0.08922686,atl_6d9bfcb168547c21
A,2026,16,157,internacional,7,atl_7e842898eed36468,894546,Titular,876.0,1.0,0.0010509650771278677,0.08617914,atl_7e842898eed36468
A,2026,16,158,flamengo,4,atl_c103654c5a7b5bff,310373,Titular,1139.0,4.0,0.0027127077157583566,0.22244203,atl_c103654c5a7b5bff
A,2026,16,158,athletico_paranaense,16,atl_697ba9685a345304,302192,Titular,444.0,2.0,0.0025912372310677393,0.21248145,atl_697ba9685a345304
A,2026,16,158,athletico_paranaense,10,atl_63f702db6c05d7cb,818807,Titular,501.0,1.0,0.001444683262865081,0.11846403,atl_63f702db6c05d7cb
A,2026,16,158,athletico_paranaense,9,atl_b41f6fcce3570263,922690,Titular,1253.0,2.0,0.001395395291573272,0.11442241,atl_b41f6fcce3570263
A,2026,16,158,flamengo,20,atl_5b4e120906c50274,319635,Titular,782.0,1.0,0.001128024918976557,0.09249804,atl_5b4e120906c50274
A,2026,16,159,bahia,4,atl_819dd08d67c1dbfe,355418,Titular,57.0,1.0,0.002596279975095056,0.21289496,atl_819dd08d67c1dbfe
A,2026,16,159,gremio,33,atl_5318a05980638ce2,945572,Titular,443.0,1.0,0.0015335397095736438,0.12575026,atl_5318a05980638ce2
A,2026,16,159,gremio,54,atl_e7c1c3c1a5bb89b9,741913,Titular,524.0,1.0,0.0014122343223905724,0.11580321,atl_e7c1c3c1a5bb89b9
A,2026,16,159,gremio,3,atl_44711503fa74b702,408944,Titular,540.0,1.0,0.0013905076405076404,0.11402163,atl_44711503fa74b702
A,2026,16,159,bahia,46,atl_40fbc9435ae76d3a,554138,Titular,1260.0,2.0,0.0013898454239363329,0.11396732,atl_40fbc9435ae76d3a
A,2026,16,160,chapecoense,97,atl_0406421fee7d433d,567979,Titular,436.0,1.0,0.001545008489452934,0.1266907,atl_0406421fee7d433d
A,2026,16,160,chapecoense,2,atl_74fb4a52f5e96fdf,374251,Titular,516.0,1.0,0.0014233542776849863,0.11671505,atl_74fb4a52f5e96fdf
A,2026,16,160,chapecoense,91,atl_048784ddcd9d32be,333975,Titular,540.0,1.0,0.0013905076405076404,0.11402163,atl_048784ddcd9d32be
A,2026,16,160,chapecoense,99,atl_87273c786c0a8f16,443387,Titular,670.0,1.0,0.0012360067915623471,0.10135256,atl_87273c786c0a8f16
A,2026,16,160,remo,22,atl_8c8228c9b7c6f310,364829,Titular,748.0,1.0,0.0011587563670897004,0.09501802,atl_8c8228c9b7c6f310
A,2026,17,161,flamengo,4,atl_c103654c5a7b5bff,310373,Titular,1229.0,4.0,0.002571778310935252,0.21088582,atl_c103654c5a7b5bff
A,2026,17,161,flamengo,21,atl_6f2d28380b144718,305435,Titular,890.0,2.0,0.0017601472659043533,0.14433208,atl_6f2d28380b144718
A,2026,17,161,palmeiras,40,atl_1d7b128d73df6b60,621642,Titular,1050.0,2.0,0.001578454644907775,0.12943328,atl_1d7b128d73df6b60
A,2026,17,161,flamengo,15,atl_8da432ba797e23e2,925353,Titular,626.0,1.0,0.0012847288628837043,0.10534777,atl_8da432ba797e23e2
A,2026,17,161,flamengo,52,atl_96a57e80e8db8162,567910,Titular,808.0,1.0,0.0011059668957240452,0.09068929,atl_96a57e80e8db8162
A,2026,17,162,red_bull_bragantino,6,atl_97643210ab72519a,320839,Titular,1100.0,5.0,0.003404127937254407,0.27913849,atl_97643210ab72519a
A,2026,17,162,red_bull_bragantino,4,atl_77dd8f7d047afc0d,701439,Titular,980.0,3.0,0.0023287869591939537,0.19096053,atl_77dd8f7d047afc0d
A,2026,17,162,vasco_da_gama_saf,23,atl_9925a4ff6a76710d,353262,Titular,1206.0,3.0,0.002020284114658295,0.1656633,atl_9925a4ff6a76710d
A,2026,17,162,vasco_da_gama_saf,11,atl_638536c4296e70ab,927926,Titular,1236.0,3.0,0.001985371370741389,0.16280045,atl_638536c4296e70ab
A,2026,17,162,red_bull_bragantino,29,atl_da6b08b0a890f42a,402681,Titular,1254.0,3.0,0.0019649969781112037,0.16112975,atl_da6b08b0a890f42a
A,2026,17,163,botafogo,21,atl_66c9d677078ff69d,177745,Titular,146.0,1.0,0.002239326160382432,0.18362475,atl_66c9d677078ff69d
A,2026,17,163,sao_paulo,29,atl_eb77749cf3eba7c3,552144,Titular,334.0,1.0,0.0017345380091211642,0.14223212,atl_eb77749cf3eba7c3
A,2026,17,163,botafogo,23,atl_2205dea630ab4f35,896991,Titular,395.0,1.0,0.00161631810011961,0.13253808,atl_2205dea630ab4f35
A,2026,17,163,sao_paulo,9,atl_c1382cd139674fdb,541246,Titular,1174.0,2.0,0.0014615320786183102,0.11984563,atl_c1382cd139674fdb
A,2026,17,163,botafogo,10,atl_2f5128306119ac5f,919476,Titular,920.0,1.0,0.0010187357039486275,0.08353633,atl_2f5128306119ac5f
A,2026,17,164,corinthians,21,atl_c1e2e1728df4f926,502230,Titular,1156.0,4.0,0.002685147765463195,0.22018212,atl_c1e2e1728df4f926
A,2026,17,164,corinthians,49,atl_04ee0e6e1feb15e9,694372,Titular,743.0,2.0,0.001968306274824659,0.16140111,atl_04ee0e6e1feb15e9
A,2026,17,164,corinthians,77,atl_beb00fae34bd18ff,951265,Titular,362.0,1.0,0.0016781957072007552,0.13761205,atl_beb00fae34bd18ff
A,2026,17,164,corinthians,2,atl_70a615f85759f8ab,565578,Titular,1000.0,2.0,0.0016310697997380342,0.13374772,atl_70a615f85759f8ab
A,2026,17,164,corinthians,13,atl_2740cbf03237b46d,186450,Titular,1170.0,2.0,0.0014650327542557193,0.12013269,atl_2740cbf03237b46d
A,2026,17,165,mirassol,95,atl_da751971304388fa,443810,Titular,281.0,2.0,0.0031326564655660065,0.25687783,atl_da751971304388fa
A,2026,17,165,fluminense,16,atl_825bfaa01e252038,337363,Titular,319.0,1.0,0.0017663061045263136,0.1448371,atl_825bfaa01e252038
A,2026,17,165,mirassol,21,atl_5c47fcd3d8a48b45,422022,Titular,912.0,2.0,0.0017327228750758153,0.14208328,atl_5c47fcd3d8a48b45
A,2026,17,165,fluminense,5,atl_9acccad689d4b416,875073,Titular,386.0,1.0,0.0016327366812720666,0.13388441,atl_9acccad689d4b416
A,2026,17,165,mirassol,6,atl_7d18d160e00e91fe,332318,Titular,1106.0,2.0,0.0015234151305149757,0.12492004,atl_7d18d160e00e91fe
A,2026,17,166,cruzeiro,10,atl_fa2cfead1f0d333f,819091,Titular,1222.0,3.0,0.002001512601397823,0.16412403,atl_fa2cfead1f0d333f
A,2026,17,166,chapecoense,26,atl_9b3bfdd877eb9ceb,369852,Titular,791.0,2.0,0.0018951237022517824,0.15540014,atl_9b3bfdd877eb9ceb
A,2026,17,166,chapecoense,11,atl_94342190df574301,840258,Titular,884.0,2.0,0.001767777962143823,0.14495779,atl_94342190df574301
A,2026,17,166,chapecoense,97,atl_0406421fee7d433d,567979,Titular,509.0,1.0,0.0014337013871229445,0.11756351,atl_0406421fee7d433d
A,2026,17,166,cruzeiro,15,atl_eaea3b7aaa972e07,389228,Titular,1342.0,2.0,0.0013282327359430246,0.10891508,atl_eaea3b7aaa972e07
A,2026,17,167,santos_fc,31,atl_0891f9525cb8be4f,816190,Titular,867.0,3.0,0.002521290928754244,0.20674586,atl_0891f9525cb8be4f
A,2026,17,167,santos_fc,48,atl_99ad7008976c3498,653049,Titular,547.0,2.0,0.002336776217389734,0.19161565,atl_99ad7008976c3498
A,2026,17,167,santos_fc,9,atl_700d6b19ec341d19,337830,Titular,623.0,2.0,0.0021786328580650502,0.17864789,atl_700d6b19ec341d19
A,2026,17,167,gremio,7,atl_209aef561e4af07c,772443,Titular,1196.0,3.0,0.002032196167221139,0.16664009,atl_209aef561e4af07c
A,2026,17,167,gremio,33,atl_5318a05980638ce2,945572,Titular,533.0,1.0,0.0014003917711588102,0.11483213,atl_5318a05980638ce2
A,2026,17,168,bahia,4,atl_819dd08d67c1dbfe,355418,Titular,147.0,1.0,0.0022358650689444375,0.18334094,atl_819dd08d67c1dbfe
A,2026,17,168,coritiba_saf,77,atl_104b0abba265ddc2,389378,Titular,713.0,2.0,0.0020169865619184264,0.1653929,atl_104b0abba265ddc2
A,2026,17,168,coritiba_saf,19,atl_ca9f164ffd3fc35e,820851,Titular,1121.0,2.0,0.001509318136710087,0.12376409,atl_ca9f164ffd3fc35e
A,2026,17,168,coritiba_saf,26,atl_e9a59e57c4d4addd,329952,Titular,1166.0,2.0,0.0014685502398601748,0.12042112,atl_e9a59e57c4d4addd
A,2026,17,168,bahia,33,atl_69da5198cf903227,348537,Titular,895.0,1.0,0.0010369926162057713,0.08503339,atl_69da5198cf903227
A,2026,17,169,vitoria,6,atl_60d005a1f8f15ffa,779735,Titular,1092.0,4.0,0.002793093404275786,0.22903366,atl_60d005a1f8f15ffa
A,2026,17,169,vitoria,83,atl_ce3b1895ae9f8eb1,528144,Titular,241.0,1.0,0.0019522330628975047,0.16008311,atl_ce3b1895ae9f8eb1
A,2026,17,169,internacional,6,atl_2d8d40072786e2fd,431101,Titular,538.0,1.0,0.0013936461460568891,0.11427898,atl_2d8d40072786e2fd
A,2026,17,169,internacional,28,atl_6d9bfcb168547c21,388084,Titular,919.0,1.0,0.0010194536290395004,0.0835952,atl_6d9bfcb168547c21
A,2026,17,169,internacional,19,atl_9aa9a8bd4eae8d79,840680,Titular,959.0,1.0,0.0009915042492166216,0.08130335,atl_9aa9a8bd4eae8d79
A,2026,18,171,coritiba_saf,77,atl_104b0abba265ddc2,389378,Titular,803.0,2.0,0.0018823522828684191,0.15435289,atl_104b0abba265ddc2
A,2026,18,171,coritiba_saf,19,atl_ca9f164ffd3fc35e,820851,Titular,1207.0,2.0,0.0014368512153354132,0.1178218,atl_ca9f164ffd3fc35e
A,2026,18,171,coritiba_saf,26,atl_e9a59e57c4d4addd,329952,Titular,1256.0,2.0,0.001396756847709311,0.11453406,atl_e9a59e57c4d4addd
A,2026,18,171,flamengo,5,atl_a15578de349a0815,777370,Titular,639.0,1.0,0.001275421443878446,0.10458456,atl_a15578de349a0815
A,2026,18,171,flamengo,52,atl_96a57e80e8db8162,567910,Titular,898.0,1.0,0.0010391309188680616,0.08520874,atl_96a57e80e8db8162
A,2026,18,172,vasco_da_gama_saf,66,atl_3b95594b8fdf0e4c,613238,Titular,680.0,2.0,0.002078563580150466,0.17044221,atl_3b95594b8fdf0e4c
A,2026,18,172,vasco_da_gama_saf,23,atl_9925a4ff6a76710d,353262,Titular,1296.0,3.0,0.0019224415504329345,0.15764021,atl_9925a4ff6a76710d
A,2026,18,172,atletico_mineiro,13,atl_0c4d1267959deee6,404870,Titular,377.0,1.0,0.0016564481466106616,0.13582875,atl_0c4d1267959deee6
A,2026,18,172,atletico_mineiro,3,atl_07d0e1f14ab78901,896750,Titular,397.0,1.0,0.0016195150775669455,0.13280024,atl_07d0e1f14ab78901
A,2026,18,172,vasco_da_gama_saf,88,atl_6e350de81980641e,622485,Titular,1064.0,2.0,0.0015682257190393542,0.12859451,atl_6e350de81980641e
A,2026,18,173,santos_fc,31,atl_0891f9525cb8be4f,816190,Titular,957.0,3.0,0.002369735775276287,0.19431833,atl_0891f9525cb8be4f
A,2026,18,173,santos_fc,9,atl_700d6b19ec341d19,337830,Titular,710.0,2.0,0.0020270289459318595,0.16621637,atl_700d6b19ec341d19
A,2026,18,173,santos_fc,22,atl_94b8b0f017fa9393,839845,Titular,742.0,2.0,0.0019748027573088167,0.16193383,atl_94b8b0f017fa9393
A,2026,18,173,vitoria,83,atl_ce3b1895ae9f8eb1,528144,Titular,311.0,1.0,0.001791251571612269,0.14688263,atl_ce3b1895ae9f8eb1
A,2026,18,173,santos_fc,18,atl_3ed595bcbae4affb,355675,Titular,1080.0,2.0,0.0015523449522642722,0.12729229,atl_3ed595bcbae4affb
A,2026,18,174,chapecoense,99,atl_87273c786c0a8f16,443387,Titular,850.0,2.0,0.0018168185367241111,0.14897912,atl_87273c786c0a8f16
A,2026,18,174,chapecoense,26,atl_9b3bfdd877eb9ceb,369852,Titular,856.0,2.0,0.0018087795166501107,0.14831992,atl_9b3bfdd877eb9ceb
A,2026,18,174,chapecoense,11,atl_94342190df574301,840258,Titular,974.0,2.0,0.001663978985466452,0.13644628,atl_94342190df574301
A,2026,18,174,palmeiras,40,atl_1d7b128d73df6b60,621642,Titular,1131.0,2.0,0.0015038044295386573,0.12331196,atl_1d7b128d73df6b60
A,2026,18,174,chapecoense,10,atl_1f85b5f88c773ffc,292205,Titular,472.0,1.0,0.001494552494421348,0.1225533,atl_1f85b5f88c773ffc
A,2026,18,175,red_bull_bragantino,6,atl_97643210ab72519a,320839,Titular,1190.0,5.0,0.0032264526772648222,0.26456912,atl_97643210ab72519a
A,2026,18,175,red_bull_bragantino,4,atl_77dd8f7d047afc0d,701439,Titular,1070.0,3.0,0.0021991751748901595,0.18033236,atl_77dd8f7d047afc0d
A,2026,18,175,red_bull_bragantino,29,atl_da6b08b0a890f42a,402681,Titular,1344.0,3.0,0.0018723996879487798,0.15353677,atl_da6b08b0a890f42a
A,2026,18,175,red_bull_bragantino,21,atl_2df695f0373125f8,550777,Titular,1346.0,3.0,0.0018703710859033316,0.15337043,atl_2df695f0373125f8
A,2026,18,175,internacional,7,atl_7e842898eed36468,894546,Titular,954.0,2.0,0.0016868672796269259,0.13832312,atl_7e842898eed36468
A,2026,18,176,cruzeiro,99,atl_e6807a455d51a722,931360,Titular,889.0,3.0,0.0024857487577952123,0.2038314,atl_e6807a455d51a722
A,2026,18,176,cruzeiro,10,atl_fa2cfead1f0d333f,819091,Titular,1312.0,3.0,0.0019054663491046083,0.15624824,atl_fa2cfead1f0d333f
A,2026,18,176,fluminense,8,atl_4fc72a181c139af9,517552,Titular,924.0,2.0,0.001722405213888729,0.14123723,atl_4fc72a181c139af9
A,2026,18,176,fluminense,5,atl_9acccad689d4b416,875073,Titular,476.0,1.0,0.0014884272792802767,0.12205104,atl_9acccad689d4b416
A,2026,18,176,cruzeiro,15,atl_eaea3b7aaa972e07,389228,Titular,1432.0,2.0,0.0012695160582699536,0.10410032,atl_eaea3b7aaa972e07
A,2026,18,177,corinthians,21,atl_c1e2e1728df4f926,502230,Titular,1246.0,4.0,0.0025502319728393755,0.20911902,atl_c1e2e1728df4f926
A,2026,18,177,corinthians,37,atl_e0087518272095d9,628499,Titular,117.0,1.0,0.0023544651938047813,0.19306615,atl_e0087518272095d9
A,2026,18,177,corinthians,49,atl_04ee0e6e1feb15e9,694372,Titular,803.0,2.0,0.0018823522828684191,0.15435289,atl_04ee0e6e1feb15e9
A,2026,18,177,corinthians,2,atl_70a615f85759f8ab,565578,Titular,1090.0,2.0,0.001542581776463868,0.12649171,atl_70a615f85759f8ab
A,2026,18,177,corinthians,13,atl_2740cbf03237b46d,186450,Titular,1260.0,2.0,0.0013935824003281534,0.11427376,atl_2740cbf03237b46d
A,2026,18,178,mirassol,95,atl_da751971304388fa,443810,Titular,368.0,2.0,0.002825697032923445,0.23170716,atl_da751971304388fa
A,2026,18,178,athletico_paranaense,16,atl_697ba9685a345304,302192,Titular,534.0,2.0,0.002372055149494729,0.19450852,atl_697ba9685a345304
A,2026,18,178,athletico_paranaense,5,atl_4c78950aaf5a558f,536558,Titular,213.0,1.0,0.0020374544524229313,0.16707127,atl_4c78950aaf5a558f
A,2026,18,178,mirassol,21,atl_5c47fcd3d8a48b45,422022,Titular,1002.0,2.0,0.0016329594038465712,0.13390267,atl_5c47fcd3d8a48b45
A,2026,18,178,mirassol,6,atl_7d18d160e00e91fe,332318,Titular,1193.0,2.0,0.00144873303282785,0.11879611,atl_7d18d160e00e91fe
A,2026,18,179,botafogo,6,atl_4f6c2b974fae893f,947048,Titular,916.0,3.0,0.002438351006057592,0.19994478,atl_4f6c2b974fae893f
A,2026,18,179,botafogo,34,atl_0e062e5b7b943c41,716665,Titular,317.0,1.0,0.0017780967253091188,0.14580393,atl_0e062e5b7b943c41
A,2026,18,179,botafogo,4,atl_b4eb155c59b18c30,821261,Titular,501.0,1.0,0.0014512537708067433,0.11900281,atl_b4eb155c59b18c30
A,2026,18,179,botafogo,13,atl_05a6f2259994a8ab,297016,Titular,1244.0,2.0,0.0014063675599641915,0.11532214,atl_05a6f2259994a8ab
A,2026,18,179,bahia,21,atl_004a633987799a73,894406,Titular,1350.0,2.0,0.0013257864997716488,0.10871449,atl_004a633987799a73
A,2026,18,180,remo,55,atl_2de557902e699e6d,448024,Titular,885.0,4.0,0.0032149494762292777,0.26362586,atl_2de557902e699e6d
A,2026,18,180,sao_paulo,17,atl_15301474de077582,385852,Titular,250.0,1.0,0.0019369400327700669,0.15882908,atl_15301474de077582
A,2026,18,180,sao_paulo,13,atl_35da4b82ca98403f,894285,Titular,882.0,2.0,0.0017747503795785457,0.14552953,atl_35da4b82ca98403f
A,2026,18,180,sao_paulo,29,atl_eb77749cf3eba7c3,552144,Titular,424.0,1.0,0.0015721915850406387,0.12891971,atl_eb77749cf3eba7c3
A,2026,18,180,sao_paulo,9,atl_c1382cd139674fdb,541246,Titular,1264.0,2.0,0.0013904223495337586,0.11401463,atl_c1382cd139674fdb
A,2026,19,181,red_bull_bragantino,51,atl_9f6a070a3eb2a548,658929,Titular,180.0,1.0,0.0021447798484334275,0.17587195,atl_9f6a070a3eb2a548
A,2026,19,181,red_bull_bragantino,4,atl_77dd8f7d047afc0d,701439,Titular,1160.0,3.0,0.002083403793334175,0.17083911,atl_77dd8f7d047afc0d
A,2026,19,181,red_bull_bragantino,21,atl_2df695f0373125f8,550777,Titular,1436.0,3.0,0.0017863896161852948,0.14648395,atl_2df695f0373125f8
A,2026,19,181,red_bull_bragantino,20,atl_f643c96b36a1c362,534284,Titular,318.0,1.0,0.001782946573269842,0.14620162,atl_f643c96b36a1c362
A,2026,19,181,fluminense,32,atl_5cf7da4480563f44,926632,Titular,950.0,2.0,0.0016954829634032624,0.1390296,atl_5cf7da4480563f44
A,2026,19,182,santos_fc,48,atl_99ad7008976c3498,653049,Titular,637.0,3.0,0.003041732890883668,0.2494221,atl_99ad7008976c3498
A,2026,19,182,botafogo,6,atl_4f6c2b974fae893f,947048,Titular,989.0,4.0,0.0029942580906210416,0.24552916,atl_4f6c2b974fae893f
A,2026,19,182,santos_fc,31,atl_0891f9525cb8be4f,816190,Titular,1047.0,3.0,0.002235585195174357,0.18331799,atl_0891f9525cb8be4f
A,2026,19,182,santos_fc,22,atl_94b8b0f017fa9393,839845,Titular,817.0,2.0,0.0018667048572017697,0.1530698,atl_94b8b0f017fa9393
A,2026,19,182,botafogo,75,atl_eb429347e524ce0b,772386,Titular,334.0,1.0,0.0017487413632310922,0.14339679,atl_eb429347e524ce0b
A,2026,19,183,athletico_paranaense,16,atl_697ba9685a345304,302192,Titular,624.0,2.0,0.0021872333602622157,0.17935314,atl_697ba9685a345304
A,2026,19,183,sao_paulo,10,atl_36b04a10ecc54a74,346745,Titular,973.0,2.0,0.0016690090271111544,0.13685874,atl_36b04a10ecc54a74
A,2026,19,183,athletico_paranaense,14,atl_8b223a0e90d5a4c8,172368,Titular,1044.0,2.0,0.0015922605550095406,0.13056537,atl_8b223a0e90d5a4c8
A,2026,19,183,sao_paulo,29,atl_eb77749cf3eba7c3,552144,Titular,514.0,1.0,0.0014383139023024958,0.11794174,atl_eb77749cf3eba7c3
A,2026,19,183,sao_paulo,9,atl_c1382cd139674fdb,541246,Titular,1349.0,2.0,0.001329610760916566,0.10902808,atl_c1382cd139674fdb
A,2026,19,184,corinthians,21,atl_c1e2e1728df4f926,502230,Titular,1336.0,4.0,0.0024283498349317706,0.19912469,atl_c1e2e1728df4f926
A,2026,19,184,corinthians,37,atl_e0087518272095d9,628499,Titular,204.0,1.0,0.00207166235360047,0.16987631,atl_e0087518272095d9
A,2026,19,184,corinthians,49,atl_04ee0e6e1feb15e9,694372,Titular,890.0,2.0,0.0017686692783703097,0.14503088,atl_04ee0e6e1feb15e9
A,2026,19,184,corinthians,2,atl_70a615f85759f8ab,565578,Titular,1180.0,2.0,0.0014633632719849587,0.11999579,atl_70a615f85759f8ab
A,2026,19,184,corinthians,29,atl_7e3a63fcbf24b08c,339266,Titular,583.0,1.0,0.0013466761744549685,0.11042745,atl_7e3a63fcbf24b08c
A,2026,19,185,mirassol,95,atl_da751971304388fa,443810,Titular,431.0,3.0,0.0037147693844626537,0.30461109,atl_da751971304388fa
A,2026,19,185,gremio,7,atl_209aef561e4af07c,772443,Titular,1285.0,4.0,0.002497731258786964,0.20481396,atl_209aef561e4af07c
A,2026,19,185,mirassol,21,atl_5c47fcd3d8a48b45,422022,Titular,1082.0,2.0,0.001554014094143319,0.12742916,atl_5c47fcd3d8a48b45
A,2026,19,185,mirassol,6,atl_7d18d160e00e91fe,332318,Titular,1283.0,2.0,0.001378827984820376,0.11306389,atl_7d18d160e00e91fe
A,2026,19,185,mirassol,8,atl_4b0db33443f92b7a,524341,Titular,627.0,1.0,0.001294099642355573,0.10611617,atl_4b0db33443f92b7a
A,2026,19,186,atletico_mineiro,13,atl_0c4d1267959deee6,404870,Titular,467.0,1.0,0.0015082216100669398,0.12367417,atl_0c4d1267959deee6
A,2026,19,186,atletico_mineiro,25,atl_c0306f78911cfd75,945377,Titular,563.0,1.0,0.0013720134496093422,0.1125051,atl_c0306f78911cfd75
A,2026,19,186,bahia,7,atl_be0058451998558f,438212,Titular,593.0,1.0,0.0013343552579457739,0.10941713,atl_be0058451998558f
A,2026,19,186,bahia,5,atl_2157ee1d988c5aae,793460,Titular,1391.0,2.0,0.0013000794801347067,0.10660652,atl_2157ee1d988c5aae
A,2026,19,186,bahia,21,atl_004a633987799a73,894406,Titular,1440.0,2.0,0.0012672424211003766,0.10391388,atl_004a633987799a73
A,2026,19,187,cruzeiro,10,atl_fa2cfead1f0d333f,819091,Titular,1402.0,3.0,0.0018183229742033283,0.14910248,atl_fa2cfead1f0d333f
A,2026,19,187,internacional,4,atl_54422aa954a05e9d,836943,Titular,950.0,2.0,0.0016954829634032624,0.1390296,atl_54422aa954a05e9d
A,2026,19,187,internacional,7,atl_7e842898eed36468,894546,Titular,1039.0,2.0,0.001597433591250637,0.13098955,atl_7e842898eed36468
A,2026,19,187,internacional,26,atl_daa7c80b3ecd9030,842210,Titular,1288.0,2.0,0.001374972201865062,0.11274772,atl_daa7c80b3ecd9030
A,2026,19,187,internacional,15,atl_6503ed2add4db569,526369,Titular,1437.0,2.0,0.0012692051094139033,0.10407482,atl_6503ed2add4db569
A,2026,19,188,coritiba_saf,77,atl_104b0abba265ddc2,389378,Titular,893.0,2.0,0.0017648602275195482,0.14471854,atl_104b0abba265ddc2
A,2026,19,188,palmeiras,2,atl_f2f6a217ed903dad,836858,Titular,1080.0,2.0,0.0015559812005916016,0.12759046,atl_f2f6a217ed903dad
A,2026,19,188,coritiba_saf,19,atl_ca9f164ffd3fc35e,820851,Titular,1294.0,2.0,0.001370373632628055,0.11237064,atl_ca9f164ffd3fc35e
A,2026,19,188,palmeiras,8,atl_adc5ea7f5f551fdb,729086,Titular,1320.0,2.0,0.001350796866447654,0.11076534,atl_adc5ea7f5f551fdb
A,2026,19,188,coritiba_saf,26,atl_e9a59e57c4d4addd,329952,Titular,1346.0,2.0,0.0013317715584695183,0.10920527,atl_e9a59e57c4d4addd
A,2026,19,189,vitoria,6,atl_60d005a1f8f15ffa,779735,Titular,1242.0,4.0,0.0025593859339464588,0.20986965,atl_60d005a1f8f15ffa
A,2026,19,189,vasco_da_gama_saf,88,atl_6e350de81980641e,622485,Titular,1154.0,3.0,0.0020909614854502604,0.17145884,atl_6e350de81980641e
A,2026,19,189,vasco_da_gama_saf,66,atl_3b95594b8fdf0e4c,613238,Titular,770.0,2.0,0.0019357876353816776,0.15873459,atl_3b95594b8fdf0e4c
A,2026,19,189,vasco_da_gama_saf,23,atl_9925a4ff6a76710d,353262,Titular,1386.0,3.0,0.0018337488318847987,0.1503674,atl_9925a4ff6a76710d
A,2026,19,189,vitoria,83,atl_ce3b1895ae9f8eb1,528144,Titular,401.0,1.0,0.001618701772402587,0.13273355,atl_ce3b1895ae9f8eb1
A,2026,19,190,flamengo,4,atl_c103654c5a7b5bff,310373,Titular,1319.0,4.0,0.002451044693202161,0.20098566,atl_c103654c5a7b5bff
A,2026,19,190,flamengo,5,atl_a15578de349a0815,777370,Titular,714.0,2.0,0.0020250826169149346,0.16605677,atl_a15578de349a0815
A,2026,19,190,chapecoense,26,atl_9b3bfdd877eb9ceb,369852,Titular,937.0,2.0,0.001710821361819576,0.14028735,atl_9b3bfdd877eb9ceb
A,2026,19,190,flamengo,21,atl_6f2d28380b144718,305435,Titular,976.0,2.0,0.0016656167323406035,0.13658057,atl_6f2d28380b144718
A,2026,19,190,chapecoense,11,atl_94342190df574301,840258,Titular,1064.0,2.0,0.001571899166838063,0.12889573,atl_94342190df574301
A,2026,20,191,flamengo,4,atl_c103654c5a7b5bff,310373,Titular,1398.0,4.0,0.0023468049253705984,0.192438,atl_c103654c5a7b5bff
A,2026,20,191,sao_paulo,54,atl_847ad4ef81040911,693163,Titular,204.0,1.0,0.002065675778911073,0.16938541,atl_847ad4ef81040911
A,2026,20,191,flamengo,5,atl_a15578de349a0815,777370,Titular,804.0,2.0,0.0018820826291053646,0.15433078,atl_a15578de349a0815
A,2026,20,191,flamengo,21,atl_6f2d28380b144718,305435,Titular,1045.0,2.0,0.001588502102494107,0.13025717,atl_6f2d28380b144718
A,2026,20,191,sao_paulo,10,atl_36b04a10ecc54a74,346745,Titular,1063.0,2.0,0.0015702084122542518,0.12875709,atl_36b04a10ecc54a74
A,2026,20,192,mirassol,95,atl_da751971304388fa,443810,Titular,502.0,3.0,0.0034473410662209537,0.28268197,atl_da751971304388fa
A,2026,20,192,mirassol,8,atl_4b0db33443f92b7a,524341,Titular,709.0,2.0,0.00202997166944036,0.16645768,atl_4b0db33443f92b7a
A,2026,20,192,vasco_da_gama_saf,88,atl_6e350de81980641e,622485,Titular,1244.0,3.0,0.0019806397639641027,0.16241246,atl_6e350de81980641e
A,2026,20,192,vasco_da_gama_saf,11,atl_638536c4296e70ab,927926,Titular,1354.0,3.0,0.0018631260778605152,0.15277634,atl_638536c4296e70ab
A,2026,20,192,vasco_da_gama_saf,66,atl_3b95594b8fdf0e4c,613238,Titular,860.0,2.0,0.001804585109083379,0.14797598,atl_3b95594b8fdf0e4c
A,2026,20,193,santos_fc,22,atl_94b8b0f017fa9393,839845,Titular,907.0,3.0,0.0024550360684814465,0.20131296,atl_94b8b0f017fa9393
A,2026,20,193,santos_fc,31,atl_0891f9525cb8be4f,816190,Titular,1137.0,3.0,0.0021101012512849088,0.1730283,atl_0891f9525cb8be4f
A,2026,20,193,santos_fc,9,atl_700d6b19ec341d19,337830,Titular,800.0,2.0,0.0018878736525795349,0.15480564,atl_700d6b19ec341d19
A,2026,20,193,chapecoense,11,atl_94342190df574301,840258,Titular,1133.0,2.0,0.0015029000296101626,0.1232378,atl_94342190df574301
A,2026,20,193,santos_fc,18,atl_3ed595bcbae4affb,355675,Titular,1240.0,2.0,0.0014104803151456296,0.11565939,atl_3ed595bcbae4affb
A,2026,20,194,atletico_mineiro,13,atl_0c4d1267959deee6,404870,Titular,557.0,1.0,0.001375814331460166,0.11281678,atl_0c4d1267959deee6
A,2026,20,194,palmeiras,8,atl_adc5ea7f5f551fdb,729086,Titular,1410.0,2.0,0.0012849401823839767,0.10536509,atl_adc5ea7f5f551fdb
A,2026,20,194,atletico_mineiro,25,atl_c0306f78911cfd75,945377,Titular,653.0,1.0,0.0012612625744608807,0.10342353,atl_c0306f78911cfd75
A,2026,20,194,atletico_mineiro,2,atl_b619ed477b67fcf2,559812,Titular,1033.0,1.0,0.0009486208404131738,0.07778691,atl_b619ed477b67fcf2
A,2026,20,194,palmeiras,10,atl_027e674fc00f5519,385658,Titular,82.0,0.0,0.0007804737944216416,0.06399885,atl_027e674fc00f5519
A,2026,20,195,red_bull_bragantino,4,atl_77dd8f7d047afc0d,701439,Titular,1250.0,3.0,0.001973848999059083,0.16185562,atl_77dd8f7d047afc0d
A,2026,20,195,red_bull_bragantino,29,atl_da6b08b0a890f42a,402681,Titular,1427.0,3.0,0.0017925457957204958,0.14698876,atl_da6b08b0a890f42a
A,2026,20,195,red_bull_bragantino,21,atl_2df695f0373125f8,550777,Titular,1526.0,3.0,0.0017049534789503433,0.13980619,atl_2df695f0373125f8
A,2026,20,195,coritiba_saf,77,atl_104b0abba265ddc2,389378,Titular,983.0,2.0,0.0016549128444729572,0.13570285,atl_104b0abba265ddc2
A,2026,20,195,red_bull_bragantino,20,atl_f643c96b36a1c362,534284,Titular,408.0,1.0,0.0016015812206535193,0.13132966,atl_f643c96b36a1c362
A,2026,20,196,botafogo,6,atl_4f6c2b974fae893f,947048,Titular,1079.0,4.0,0.00282092194322571,0.2313156,atl_4f6c2b974fae893f
A,2026,20,196,botafogo,75,atl_eb429347e524ce0b,772386,Titular,424.0,2.0,0.002656099294754757,0.21780014,atl_eb429347e524ce0b
A,2026,20,196,botafogo,10,atl_2f5128306119ac5f,919476,Titular,1057.0,2.0,0.0015762593117234396,0.12925326,atl_2f5128306119ac5f
A,2026,20,196,botafogo,34,atl_0e062e5b7b943c41,716665,Titular,497.0,1.0,0.0014586115831027036,0.11960615,atl_0e062e5b7b943c41
A,2026,20,196,botafogo,13,atl_05a6f2259994a8ab,297016,Titular,1419.0,2.0,0.0012789138865833222,0.10487094,atl_05a6f2259994a8ab
A,2026,20,197,gremio,4,atl_f816f76e0820c90d,554626,Titular,90.0,1.0,0.002464806353141348,0.20211412,atl_f816f76e0820c90d
A,2026,20,197,gremio,7,atl_209aef561e4af07c,772443,Titular,1375.0,4.0,0.0023755923991218113,0.19479858,atl_209aef561e4af07c
A,2026,20,197,fluminense,32,atl_5cf7da4480563f44,926632,Titular,1040.0,2.0,0.0015936595768528542,0.13068009,atl_5cf7da4480563f44
A,2026,20,197,fluminense,8,atl_4fc72a181c139af9,517552,Titular,1104.0,2.0,0.0015300721623150845,0.12546592,atl_4fc72a181c139af9
A,2026,20,197,gremio,5,atl_75366120bc9aabcc,945783,Titular,812.0,1.0,0.0011084113935620392,0.09088973,atl_75366120bc9aabcc
A,2026,20,198,athletico_paranaense,16,atl_697ba9685a345304,302192,Titular,714.0,2.0,0.0020216109953487605,0.1657721,atl_697ba9685a345304
A,2026,20,198,internacional,26,atl_daa7c80b3ecd9030,842210,Titular,1378.0,3.0,0.0018393161599325853,0.15082393,atl_daa7c80b3ecd9030
A,2026,20,198,internacional,4,atl_54422aa954a05e9d,836943,Titular,1040.0,2.0,0.0015936595768528542,0.13068009,atl_54422aa954a05e9d
A,2026,20,198,internacional,7,atl_7e842898eed36468,894546,Titular,1129.0,2.0,0.00150659039186826,0.12354041,atl_7e842898eed36468
A,2026,20,198,athletico_paranaense,14,atl_8b223a0e90d5a4c8,172368,Titular,1134.0,2.0,0.0015019802621501809,0.12316238,atl_8b223a0e90d5a4c8
A,2026,20,199,corinthians,37,atl_e0087518272095d9,628499,Titular,276.0,1.0,0.0018740151396306642,0.15366924,atl_e0087518272095d9
A,2026,20,199,corinthians,26,atl_7bd5e1cfea987ca7,896914,Titular,295.0,1.0,0.0018292273564193653,0.14999664,atl_7bd5e1cfea987ca7
A,2026,20,199,corinthians,49,atl_04ee0e6e1feb15e9,694372,Titular,969.0,2.0,0.0016706846483004734,0.13699614,atl_04ee0e6e1feb15e9
A,2026,20,199,corinthians,8,atl_4bf06dd1232b6fe7,836677,Titular,1179.0,2.0,0.0014617246863331717,0.11986142,atl_4bf06dd1232b6fe7
A,2026,20,199,corinthians,2,atl_70a615f85759f8ab,565578,Titular,1270.0,2.0,0.001386573869126212,0.11369906,atl_70a615f85759f8ab
A,2026,20,200,remo,55,atl_2de557902e699e6d,448024,Titular,964.0,4.0,0.003042510757071992,0.24948588,atl_2de557902e699e6d
A,2026,20,200,vitoria,83,atl_ce3b1895ae9f8eb1,528144,Titular,477.0,1.0,0.0014884705714978458,0.12205459,atl_ce3b1895ae9f8eb1
A,2026,20,200,vitoria,95,atl_eabe50b478a200d7,502736,Titular,1272.0,2.0,0.0013850088873326159,0.11357073,atl_eabe50b478a200d7
A,2026,20,200,remo,14,atl_eb790cb36430b8fe,944177,Titular,714.0,1.0,0.001197887766353703,0.0982268,atl_eb790cb36430b8fe
A,2026,20,200,remo,22,atl_8c8228c9b7c6f310,364829,Titular,981.0,1.0,0.0009819282568220092,0.08051812,atl_8c8228c9b7c6f310
A,2026,21,201,fluminense,16,atl_825bfaa01e252038,337363,Titular,393.0,2.0,0.002744059053608103,0.22501284,atl_825bfaa01e252038
A,2026,21,201,fluminense,32,atl_5cf7da4480563f44,926632,Titular,1115.0,2.0,0.0015173032414068333,0.12441887,atl_5cf7da4480563f44
A,2026,21,201,fluminense,8,atl_4fc72a181c139af9,517552,Titular,1194.0,2.0,0.0014465435270791238,0.11861657,atl_4fc72a181c139af9
A,2026,21,201,bahia,46,atl_40fbc9435ae76d3a,554138,Titular,1340.0,2.0,0.0013317634428652368,0.1092046,atl_40fbc9435ae76d3a
A,2026,21,201,bahia,5,atl_2157ee1d988c5aae,793460,Titular,1571.0,2.0,0.0011832181240328517,0.09702389,atl_2157ee1d988c5aae
A,2026,21,204,athletico_paranaense,16,atl_697ba9685a345304,302192,Titular,794.0,2.0,0.001893697631276689,0.15528321,atl_697ba9685a345304
A,2026,21,204,athletico_paranaense,27,atl_4a831e5b66a9e039,943842,Titular,849.0,2.0,0.0018164897960504342,0.14895216,atl_4a831e5b66a9e039
A,2026,21,204,corinthians,77,atl_beb00fae34bd18ff,951265,Titular,470.0,1.0,0.001495303850383542,0.12261492,atl_beb00fae34bd18ff
A,2026,21,204,corinthians,2,atl_70a615f85759f8ab,565578,Titular,1360.0,2.0,0.0013174434058451806,0.10803036,atl_70a615f85759f8ab
A,2026,21,204,athletico_paranaense,4,atl_a4fdd7e951f88fe1,745104,Titular,1491.0,2.0,0.0012307607909954976,0.10092238,atl_a4fdd7e951f88fe1
A,2026,21,205,mirassol,95,atl_da751971304388fa,443810,Titular,570.0,3.0,0.003224714705487884,0.26442661,atl_da751971304388fa
A,2026,21,205,remo,55,atl_2de557902e699e6d,448024,Titular,1041.0,4.0,0.0028880238383335727,0.23681795,atl_2de557902e699e6d
A,2026,21,205,mirassol,8,atl_4b0db33443f92b7a,524341,Titular,790.0,2.0,0.0018995695619163067,0.1557647,atl_4b0db33443f92b7a
A,2026,21,205,remo,27,atl_61bfa35fef5fdda6,409873,Titular,538.0,1.0,0.001397345601996181,0.11458234,atl_61bfa35fef5fdda6
A,2026,21,205,mirassol,6,atl_7d18d160e00e91fe,332318,Titular,1463.0,2.0,0.0012483162174590095,0.10236193,atl_7d18d160e00e91fe
A,2026,21,207,flamengo,4,atl_c103654c5a7b5bff,310373,Titular,1488.0,4.0,0.0022386542931951887,0.18356965,atl_c103654c5a7b5bff
A,2026,21,207,flamengo,15,atl_8da432ba797e23e2,925353,Titular,716.0,2.0,0.0020151683674934505,0.16524381,atl_8da432ba797e23e2
A,2026,21,207,internacional,26,atl_daa7c80b3ecd9030,842210,Titular,1468.0,3.0,0.0017532747636544897,0.14376853,atl_daa7c80b3ecd9030
A,2026,21,207,flamengo,21,atl_6f2d28380b144718,305435,Titular,1135.0,2.0,0.0014987429571082787,0.12289692,atl_6f2d28380b144718
A,2026,21,207,internacional,7,atl_7e842898eed36468,894546,Titular,1219.0,2.0,0.001425505953968607,0.11689149,atl_7e842898eed36468
A,2026,21,208,cruzeiro,99,atl_e6807a455d51a722,931360,Titular,975.0,3.0,0.0023392845660149394,0.19182133,atl_e6807a455d51a722
A,2026,21,208,cruzeiro,10,atl_fa2cfead1f0d333f,819091,Titular,1492.0,4.0,0.0022341590034498167,0.18320104,atl_fa2cfead1f0d333f
A,2026,21,208,cruzeiro,12,atl_9eb0b789332e456b,309438,Titular,610.0,2.0,0.002207607869254086,0.18102385,atl_9eb0b789332e456b
A,2026,21,208,coritiba_saf,77,atl_104b0abba265ddc2,389378,Titular,1055.0,2.0,0.0015758487040977722,0.12921959,atl_104b0abba265ddc2
A,2026,21,208,coritiba_saf,19,atl_ca9f164ffd3fc35e,820851,Titular,1384.0,2.0,0.001300660687299382,0.10665418,atl_ca9f164ffd3fc35e
A,2026,21,209,vitoria,6,atl_60d005a1f8f15ffa,779735,Titular,1332.0,4.0,0.00242928206051967,0.19920113,atl_60d005a1f8f15ffa
A,2026,21,209,palmeiras,2,atl_f2f6a217ed903dad,836858,Titular,1170.0,3.0,0.002066134571779662,0.16942303,atl_f2f6a217ed903dad
A,2026,21,209,palmeiras,40,atl_1d7b128d73df6b60,621642,Titular,1221.0,3.0,0.00200490687674145,0.16440236,atl_1d7b128d73df6b60
A,2026,21,209,vitoria,95,atl_eabe50b478a200d7,502736,Titular,1362.0,2.0,0.0013160283216283757,0.10791432,atl_eabe50b478a200d7
A,2026,21,209,palmeiras,8,atl_adc5ea7f5f551fdb,729086,Titular,1500.0,2.0,0.0012252223674360178,0.10046823,atl_adc5ea7f5f551fdb
A,2026,22,211,vitoria,6,atl_60d005a1f8f15ffa,779735,Titular,1372.0,5.0,0.0029110923979232236,0.23870958,atl_60d005a1f8f15ffa
A,2026,22,211,flamengo,4,atl_c103654c5a7b5bff,310373,Titular,1578.0,4.0,0.002141272843557399,0.17558437,atl_c103654c5a7b5bff
A,2026,22,211,flamengo,15,atl_8da432ba797e23e2,925353,Titular,780.0,2.0,0.0019137226319627144,0.15692526,atl_8da432ba797e23e2
A,2026,22,211,flamengo,5,atl_a15578de349a0815,777370,Titular,890.0,2.0,0.001762276956051996,0.14450671,atl_a15578de349a0815
A,2026,22,211,flamengo,21,atl_6f2d28380b144718,305435,Titular,1219.0,2.0,0.0014249941645795663,0.11684952,atl_6f2d28380b144718
A,2026,22,212,botafogo,6,atl_4f6c2b974fae893f,947048,Titular,1169.0,4.0,0.0026660065721463596,0.21861254,atl_4f6c2b974fae893f
A,2026,22,212,fluminense,16,atl_825bfaa01e252038,337363,Titular,483.0,2.0,0.002491927740500788,0.20433807,atl_825bfaa01e252038
A,2026,22,212,botafogo,17,atl_06d616a1e6d8c88a,409079,Titular,180.0,1.0,0.002131713189576874,0.17480048,atl_06d616a1e6d8c88a
A,2026,22,212,botafogo,5,atl_c415d549ff581ef2,779951,Titular,1075.0,2.0,0.0015552793453411267,0.12753291,atl_c415d549ff581ef2
A,2026,22,212,botafogo,10,atl_2f5128306119ac5f,919476,Titular,1138.0,2.0,0.0014954609089818526,0.12262779,atl_2f5128306119ac5f
A,2026,22,213,athletico_paranaense,16,atl_697ba9685a345304,302192,Titular,884.0,3.0,0.0024924602376533776,0.20438174,atl_697ba9685a345304
A,2026,22,213,santos_fc,22,atl_94b8b0f017fa9393,839845,Titular,986.0,3.0,0.002321376156737735,0.19035284,atl_94b8b0f017fa9393
A,2026,22,213,santos_fc,31,atl_0891f9525cb8be4f,816190,Titular,1227.0,3.0,0.001997431944940518,0.16378942,atl_0891f9525cb8be4f
A,2026,22,213,santos_fc,9,atl_700d6b19ec341d19,337830,Titular,879.0,2.0,0.0017763342776738757,0.14565941,atl_700d6b19ec341d19
A,2026,22,213,athletico_paranaense,14,atl_8b223a0e90d5a4c8,172368,Titular,1224.0,2.0,0.0014208613508771893,0.11651063,atl_8b223a0e90d5a4c8
A,2026,22,214,palmeiras,2,atl_f2f6a217ed903dad,836858,Titular,1235.0,3.0,0.001988221884099294,0.16303419,atl_f2f6a217ed903dad
A,2026,22,214,palmeiras,40,atl_1d7b128d73df6b60,621642,Titular,1311.0,3.0,0.0019047846321989367,0.15619234,atl_1d7b128d73df6b60
A,2026,22,214,internacional,26,atl_daa7c80b3ecd9030,842210,Titular,1558.0,3.0,0.0016761734542819603,0.13744622,atl_daa7c80b3ecd9030
A,2026,22,214,internacional,4,atl_54422aa954a05e9d,836943,Titular,1108.0,2.0,0.0015233612990747975,0.12491563,atl_54422aa954a05e9d
A,2026,22,214,internacional,7,atl_7e842898eed36468,894546,Titular,1303.0,2.0,0.001358605085364545,0.11140562,atl_7e842898eed36468
A,2026,22,215,corinthians,21,atl_c1e2e1728df4f926,502230,Titular,1415.0,4.0,0.002323532620841919,0.19052967,atl_c1e2e1728df4f926
A,2026,22,215,red_bull_bragantino,21,atl_2df695f0373125f8,550777,Titular,1590.0,4.0,0.0021289784540250117,0.17457623,atl_2df695f0373125f8
A,2026,22,215,red_bull_bragantino,4,atl_77dd8f7d047afc0d,701439,Titular,1340.0,3.0,0.0018747635700610188,0.15373061,atl_77dd8f7d047afc0d
A,2026,22,215,red_bull_bragantino,29,atl_da6b08b0a890f42a,402681,Titular,1517.0,3.0,0.0017102453985683066,0.14024012,atl_da6b08b0a890f42a
A,2026,22,215,corinthians,37,atl_e0087518272095d9,628499,Titular,366.0,1.0,0.0016738625507070144,0.13725673,atl_e0087518272095d9
A,2026,22,216,cruzeiro,99,atl_e6807a455d51a722,931360,Titular,1044.0,3.0,0.00223417420266339,0.18320228,atl_e6807a455d51a722
A,2026,22,216,cruzeiro,10,atl_fa2cfead1f0d333f,819091,Titular,1582.0,4.0,0.0021371589668166546,0.17524704,atl_fa2cfead1f0d333f
A,2026,22,216,cruzeiro,23,atl_693065d398e89c4f,177050,Titular,872.0,2.0,0.0017853972076620076,0.14640257,atl_693065d398e89c4f
A,2026,22,216,mirassol,8,atl_4b0db33443f92b7a,524341,Titular,880.0,2.0,0.001775047078921938,0.14555386,atl_4b0db33443f92b7a
A,2026,22,216,mirassol,44,atl_ca3372428a6d03ad,619739,Titular,360.0,1.0,0.0016855406615259006,0.13821433,atl_ca3372428a6d03ad
A,2026,22,217,gremio,7,atl_209aef561e4af07c,772443,Titular,1444.0,4.0,0.0022888708687820343,0.18768741,atl_209aef561e4af07c
A,2026,22,217,sao_paulo,54,atl_847ad4ef81040911,693163,Titular,294.0,1.0,0.0018256485754562651,0.14970318,atl_847ad4ef81040911
A,2026,22,217,sao_paulo,10,atl_36b04a10ecc54a74,346745,Titular,1152.0,2.0,0.001482787511448108,0.12158858,atl_36b04a10ecc54a74
A,2026,22,217,sao_paulo,29,atl_eb77749cf3eba7c3,552144,Titular,667.0,1.0,0.0012421293649633885,0.10185461,atl_eb77749cf3eba7c3
A,2026,22,217,sao_paulo,9,atl_c1382cd139674fdb,541246,Titular,1502.0,2.0,0.0012235589255306066,0.10033183,atl_c1382cd139674fdb
A,2026,22,218,coritiba_saf,21,atl_793a5da637017996,293712,Titular,683.0,2.0,0.0020706381816671805,0.16979233,atl_793a5da637017996
A,2026,22,218,chapecoense,26,atl_9b3bfdd877eb9ceb,369852,Titular,1027.0,2.0,0.0016041682835050914,0.1315418,atl_9b3bfdd877eb9ceb
A,2026,22,218,coritiba_saf,77,atl_104b0abba265ddc2,389378,Titular,1133.0,2.0,0.0015000397850044548,0.12300326,atl_104b0abba265ddc2
A,2026,22,218,chapecoense,10,atl_1f85b5f88c773ffc,292205,Titular,606.0,1.0,0.0013106374040798142,0.10747227,atl_1f85b5f88c773ffc
A,2026,22,218,coritiba_saf,19,atl_ca9f164ffd3fc35e,820851,Titular,1462.0,2.0,0.0012485040616270512,0.10237733,atl_ca9f164ffd3fc35e
A,2026,22,219,vasco_da_gama_saf,23,atl_9925a4ff6a76710d,353262,Titular,1463.0,3.0,0.0017572923937403334,0.14409798,atl_9925a4ff6a76710d
A,2026,22,219,vasco_da_gama_saf,66,atl_3b95594b8fdf0e4c,613238,Titular,930.0,2.0,0.0017129824957428494,0.14046456,atl_3b95594b8fdf0e4c
A,2026,22,219,bahia,33,atl_69da5198cf903227,348537,Titular,1255.0,2.0,0.001395763515049729,0.11445261,atl_69da5198cf903227
A,2026,22,219,bahia,46,atl_40fbc9435ae76d3a,554138,Titular,1405.0,2.0,0.0012858608760694355,0.10544059,atl_40fbc9435ae76d3a
A,2026,22,219,bahia,5,atl_2157ee1d988c5aae,793460,Titular,1661.0,2.0,0.0011335330721482066,0.09294971,atl_2157ee1d988c5aae
A,2026,22,220,remo,55,atl_2de557902e699e6d,448024,Titular,1115.0,4.0,0.00275514858756178,0.22592218,atl_2de557902e699e6d
A,2026,22,220,remo,4,atl_6030dd99f6eea47f,502008,Titular,90.0,1.0,0.0024568897778174145,0.20146496,atl_6030dd99f6eea47f
A,2026,22,220,atletico_mineiro,23,atl_0f15ac29f4ed16cf,943826,Titular,417.0,1.0,0.001580768777439776,0.12962304,atl_0f15ac29f4ed16cf
A,2026,22,220,remo,14,atl_eb790cb36430b8fe,944177,Titular,873.0,1.0,0.0010557647260832298,0.08657271,atl_eb790cb36430b8fe
A,2026,22,220,remo,22,atl_8c8228c9b7c6f310,364829,Titular,1108.0,1.0,0.000901470751811116,0.0739206,atl_8c8228c9b7c6f310
A,2026,23,222,santos_fc,22,atl_94b8b0f017fa9393,839845,Titular,1076.0,3.0,0.002182995789458925,0.17900565,atl_94b8b0f017fa9393
A,2026,23,222,vasco_da_gama_saf,23,atl_9925a4ff6a76710d,353262,Titular,1553.0,4.0,0.0021628842494823505,0.17735651,atl_9925a4ff6a76710d
A,2026,23,222,santos_fc,31,atl_0891f9525cb8be4f,816190,Titular,1317.0,3.0,0.0018934514937739492,0.15526302,atl_0891f9525cb8be4f
A,2026,23,222,vasco_da_gama_saf,11,atl_638536c4296e70ab,927926,Titular,1444.0,3.0,0.0017697537881621738,0.14511981,atl_638536c4296e70ab
A,2026,23,222,santos_fc,9,atl_700d6b19ec341d19,337830,Titular,969.0,2.0,0.0016612670961111407,0.1362239,atl_700d6b19ec341d19
A,2026,23,223,coritiba_saf,21,atl_793a5da637017996,293712,Titular,773.0,2.0,0.0019170474188430996,0.15719789,atl_793a5da637017996
A,2026,23,223,coritiba_saf,26,atl_e9a59e57c4d4addd,329952,Titular,1672.0,3.0,0.001583978528631338,0.12988624,atl_e9a59e57c4d4addd
A,2026,23,223,coritiba_saf,77,atl_104b0abba265ddc2,389378,Titular,1223.0,2.0,0.001416367593840549,0.11614214,atl_104b0abba265ddc2
A,2026,23,223,sao_paulo,10,atl_36b04a10ecc54a74,346745,Titular,1242.0,2.0,0.0014009192676161112,0.11487538,atl_36b04a10ecc54a74
A,2026,23,223,coritiba_saf,19,atl_ca9f164ffd3fc35e,820851,Titular,1552.0,2.0,0.0011892794172452563,0.09752091,atl_ca9f164ffd3fc35e
A,2026,23,224,corinthians,21,atl_c1e2e1728df4f926,502230,Titular,1505.0,4.0,0.0022146640220385367,0.18160245,atl_c1e2e1728df4f926
A,2026,23,224,corinthians,8,atl_4bf06dd1232b6fe7,836677,Titular,1372.0,3.0,0.0018378212415530266,0.15070134,atl_4bf06dd1232b6fe7
A,2026,23,224,cruzeiro,23,atl_693065d398e89c4f,177050,Titular,962.0,2.0,0.001669221179334655,0.13687614,atl_693065d398e89c4f
A,2026,23,224,corinthians,37,atl_e0087518272095d9,628499,Titular,441.0,1.0,0.0015307134582223864,0.1255185,atl_e0087518272095d9
A,2026,23,224,corinthians,2,atl_70a615f85759f8ab,565578,Titular,1540.0,2.0,0.0011962751785231695,0.09809456,atl_70a615f85759f8ab
A,2026,23,225,mirassol,95,atl_da751971304388fa,443810,Titular,677.0,3.0,0.0029230257979500985,0.23968812,atl_da751971304388fa
A,2026,23,225,flamengo,4,atl_c103654c5a7b5bff,310373,Titular,1668.0,4.0,0.0020481556107874842,0.16794876,atl_c103654c5a7b5bff
A,2026,23,225,flamengo,15,atl_8da432ba797e23e2,925353,Titular,865.0,2.0,0.0017878398272434181,0.14660287,atl_8da432ba797e23e2
A,2026,23,225,mirassol,8,atl_4b0db33443f92b7a,524341,Titular,938.0,2.0,0.0016970802254431612,0.13916058,atl_4b0db33443f92b7a
A,2026,23,225,flamengo,20,atl_5b4e120906c50274,319635,Titular,979.0,2.0,0.0016500347289974751,0.13530285,atl_5b4e120906c50274
A,2026,23,226,gremio,7,atl_209aef561e4af07c,772443,Titular,1534.0,4.0,0.002183088182982923,0.17901323,atl_209aef561e4af07c
A,2026,23,226,gremio,17,atl_92f5bf7ffe8794d2,354201,Titular,175.0,1.0,0.0021339279469440972,0.17498209,atl_92f5bf7ffe8794d2
A,2026,23,226,atletico_mineiro,23,atl_0f15ac29f4ed16cf,943826,Titular,507.0,1.0,0.0014303886436814954,0.11729187,atl_0f15ac29f4ed16cf
A,2026,23,226,gremio,54,atl_e7c1c3c1a5bb89b9,741913,Titular,715.0,1.0,0.0011855155260800541,0.09721227,atl_e7c1c3c1a5bb89b9
A,2026,23,226,gremio,5,atl_75366120bc9aabcc,945783,Titular,955.0,1.0,0.0009899665733245813,0.08117726,atl_75366120bc9aabcc
A,2026,23,227,remo,55,atl_2de557902e699e6d,448024,Titular,1197.0,4.0,0.0026166183642824196,0.21456271,atl_2de557902e699e6d
A,2026,23,227,internacional,26,atl_daa7c80b3ecd9030,842210,Titular,1648.0,3.0,0.0016016766127501237,0.13133748,atl_daa7c80b3ecd9030
A,2026,23,227,internacional,7,atl_7e842898eed36468,894546,Titular,1390.0,2.0,0.0012912176530091354,0.10587985,atl_7e842898eed36468
A,2026,23,227,remo,27,atl_61bfa35fef5fdda6,409873,Titular,628.0,1.0,0.0012769515639958029,0.10471003,atl_61bfa35fef5fdda6
A,2026,23,227,internacional,15,atl_6503ed2add4db569,526369,Titular,1792.0,2.0,0.0010647475410939205,0.0873093,atl_6503ed2add4db569
A,2026,23,228,red_bull_bragantino,6,atl_97643210ab72519a,320839,Titular,1280.0,5.0,0.003056405260779363,0.25062523,atl_97643210ab72519a
A,2026,23,228,athletico_paranaense,16,atl_697ba9685a345304,302192,Titular,943.0,3.0,0.0023842005295823046,0.19550444,atl_697ba9685a345304
A,2026,23,228,red_bull_bragantino,21,atl_2df695f0373125f8,550777,Titular,1680.0,4.0,0.002036881359718929,0.16702427,atl_2df695f0373125f8
A,2026,23,228,red_bull_bragantino,29,atl_da6b08b0a890f42a,402681,Titular,1607.0,3.0,0.001632843552058503,0.13389317,atl_da6b08b0a890f42a
A,2026,23,228,athletico_paranaense,9,atl_b41f6fcce3570263,922690,Titular,1784.0,3.0,0.0015063053258262986,0.12351704,atl_b41f6fcce3570263
A,2026,23,229,botafogo,75,atl_eb429347e524ce0b,772386,Titular,514.0,3.0,0.003392900753636357,0.27821786,atl_eb429347e524ce0b
A,2026,23,229,vitoria,6,atl_60d005a1f8f15ffa,779735,Titular,1462.0,5.0,0.002772885506721338,0.22737661,atl_60d005a1f8f15ffa
A,2026,23,229,botafogo,6,atl_4f6c2b974fae893f,947048,Titular,1259.0,4.0,0.0025243896328523397,0.20699995,atl_4f6c2b974fae893f
A,2026,23,229,botafogo,17,atl_06d616a1e6d8c88a,409079,Titular,270.0,1.0,0.0018706511223211242,0.15339339,atl_06d616a1e6d8c88a
A,2026,23,229,botafogo,5,atl_c415d549ff581ef2,779951,Titular,1165.0,2.0,0.0014657065250373968,0.12018794,atl_c415d549ff581ef2
A,2026,23,230,bahia,33,atl_69da5198cf903227,348537,Titular,1345.0,2.0,0.001322710766497163,0.10846228,atl_69da5198cf903227
A,2026,23,230,bahia,46,atl_40fbc9435ae76d3a,554138,Titular,1495.0,2.0,0.0012232588291665493,0.10030722,atl_40fbc9435ae76d3a
A,2026,23,230,chapecoense,10,atl_1f85b5f88c773ffc,292205,Titular,696.0,1.0,0.0012043489667117606,0.09875662,atl_1f85b5f88c773ffc
A,2026,23,230,bahia,5,atl_2157ee1d988c5aae,793460,Titular,1751.0,2.0,0.0010841409880885233,0.08889956,atl_2157ee1d988c5aae
A,2026,23,230,bahia,21,atl_004a633987799a73,894406,Titular,1800.0,2.0,0.0010610440713857677,0.08700561,atl_004a633987799a73
A,2026,24,231,remo,55,atl_2de557902e699e6d,448024,Titular,1287.0,4.0,0.002481242758901864,0.20346191,atl_2de557902e699e6d
A,2026,24,231,fluminense,8,atl_4fc72a181c139af9,517552,Titular,1256.0,2.0,0.0013860938554428421,0.1136597,atl_4fc72a181c139af9
A,2026,24,231,fluminense,4,atl_1411c823835888d9,530656,Titular,723.0,1.0,0.0011725108832032957,0.09614589,atl_1411c823835888d9
A,2026,24,231,fluminense,2,atl_c252179b37abe7fe,292428,Titular,1148.0,1.0,0.0008701339867461351,0.07135099,atl_c252179b37abe7fe
A,2026,24,231,fluminense,7,atl_9422d7084e24d53d,163056,Titular,1153.0,1.0,0.0008675020025152031,0.07113516,atl_9422d7084e24d53d
A,2026,24,232,botafogo,6,atl_4f6c2b974fae893f,947048,Titular,1330.0,4.0,0.0024229403334194706,0.19868111,atl_4f6c2b974fae893f
A,2026,24,232,botafogo,25,atl_2b840e803c1da83e,184906,Titular,509.0,2.0,0.00241227037676673,0.19780617,atl_2b840e803c1da83e
A,2026,24,232,athletico_paranaense,16,atl_697ba9685a345304,302192,Titular,1033.0,3.0,0.0022400396674218076,0.18368325,atl_697ba9685a345304
A,2026,24,232,botafogo,10,atl_2f5128306119ac5f,919476,Titular,1312.0,3.0,0.001895132897437986,0.1554009,atl_2f5128306119ac5f
A,2026,24,232,athletico_paranaense,9,atl_b41f6fcce3570263,922690,Titular,1874.0,3.0,0.0014464957077327846,0.11861265,atl_b41f6fcce3570263
A,2026,24,233,santos_fc,48,atl_99ad7008976c3498,653049,Titular,718.0,3.0,0.0028193602710653784,0.23118754,atl_99ad7008976c3498
A,2026,24,233,santos_fc,22,atl_94b8b0f017fa9393,839845,Titular,1138.0,3.0,0.0020964473810486145,0.17190869,atl_94b8b0f017fa9393
A,2026,24,233,mirassol,25,atl_cb0fed2ef44817a6,383527,Titular,807.0,2.0,0.0018622653482460833,0.15270576,atl_cb0fed2ef44817a6
A,2026,24,233,santos_fc,31,atl_0891f9525cb8be4f,816190,Titular,1407.0,3.0,0.0018007240745451657,0.14765937,atl_0891f9525cb8be4f
A,2026,24,233,santos_fc,9,atl_700d6b19ec341d19,337830,Titular,1037.0,2.0,0.0015835919389444572,0.12985454,atl_700d6b19ec341d19
A,2026,24,234,vasco_da_gama_saf,66,atl_3b95594b8fdf0e4c,613238,Titular,1020.0,3.0,0.002259197901419494,0.18525423,atl_3b95594b8fdf0e4c
A,2026,24,234,vasco_da_gama_saf,23,atl_9925a4ff6a76710d,353262,Titular,1643.0,4.0,0.00206905310786637,0.16966235,atl_9925a4ff6a76710d
A,2026,24,234,palmeiras,2,atl_f2f6a217ed903dad,836858,Titular,1325.0,3.0,0.0018816333206343183,0.15429393,atl_f2f6a217ed903dad
A,2026,24,234,palmeiras,40,atl_1d7b128d73df6b60,621642,Titular,1388.0,3.0,0.0018188457680919654,0.14914535,atl_1d7b128d73df6b60
A,2026,24,234,vasco_da_gama_saf,11,atl_638536c4296e70ab,927926,Titular,1534.0,3.0,0.0016882894838533091,0.13843974,atl_638536c4296e70ab
A,2026,24,235,gremio,3,atl_44711503fa74b702,408944,Titular,728.0,2.0,0.001982069063646279,0.16252966,atl_44711503fa74b702
A,2026,24,235,red_bull_bragantino,21,atl_2df695f0373125f8,550777,Titular,1770.0,4.0,0.0019532955110826565,0.16017023,atl_2df695f0373125f8
A,2026,24,235,red_bull_bragantino,29,atl_da6b08b0a890f42a,402681,Titular,1697.0,3.0,0.0015630317752196772,0.12816861,atl_da6b08b0a890f42a
A,2026,24,235,red_bull_bragantino,7,atl_17ee9c927e12d853,521939,Titular,533.0,1.0,0.0013881711618176484,0.11383004,atl_17ee9c927e12d853
A,2026,24,235,red_bull_bragantino,20,atl_f643c96b36a1c362,534284,Titular,570.0,1.0,0.0013401689814557297,0.10989386,atl_f643c96b36a1c362
A,2026,24,236,cruzeiro,99,atl_e6807a455d51a722,931360,Titular,1136.0,3.0,0.002099010275157476,0.17211884,atl_e6807a455d51a722
A,2026,24,236,cruzeiro,10,atl_fa2cfead1f0d333f,819091,Titular,1681.0,4.0,0.0020330035809984553,0.16670629,atl_fa2cfead1f0d333f
A,2026,24,236,flamengo,15,atl_8da432ba797e23e2,925353,Titular,955.0,2.0,0.0016728390447818767,0.1371728,atl_8da432ba797e23e2
A,2026,24,236,flamengo,5,atl_a15578de349a0815,777370,Titular,1042.0,2.0,0.0015784570753292029,0.12943348,atl_a15578de349a0815
A,2026,24,236,cruzeiro,23,atl_693065d398e89c4f,177050,Titular,1052.0,2.0,0.0015682866044830096,0.1285995,atl_693065d398e89c4f
A,2026,24,237,atletico_mineiro,39,atl_b5434d0d07b8d803,896299,Titular,297.0,1.0,0.0017992230993194866,0.14753629,atl_b5434d0d07b8d803
A,2026,24,237,internacional,26,atl_daa7c80b3ecd9030,842210,Titular,1734.0,3.0,0.0015371444987276773,0.12604585,atl_daa7c80b3ecd9030
A,2026,24,237,internacional,35,atl_a75821cad3498e73,883325,Titular,624.0,1.0,0.0012757836389302765,0.10461426,atl_a75821cad3498e73
A,2026,24,237,internacional,7,atl_7e842898eed36468,894546,Titular,1464.0,2.0,0.0012392977648460442,0.10162242,atl_7e842898eed36468
A,2026,24,237,atletico_mineiro,25,atl_c0306f78911cfd75,945377,Titular,743.0,1.0,0.001153645060464707,0.09459889,atl_c0306f78911cfd75
A,2026,24,238,corinthians,26,atl_7bd5e1cfea987ca7,896914,Titular,364.0,2.0,0.0028171074191639246,0.23100281,atl_7bd5e1cfea987ca7
A,2026,24,238,coritiba_saf,21,atl_793a5da637017996,293712,Titular,838.0,2.0,0.0018191186921955387,0.14916773,atl_793a5da637017996
A,2026,24,238,coritiba_saf,26,atl_e9a59e57c4d4addd,329952,Titular,1762.0,3.0,0.0015181170690352038,0.1244856,atl_e9a59e57c4d4addd
A,2026,24,238,corinthians,37,atl_e0087518272095d9,628499,Titular,511.0,1.0,0.0014183786450619493,0.11630705,atl_e0087518272095d9
A,2026,24,238,coritiba_saf,77,atl_104b0abba265ddc2,389378,Titular,1313.0,2.0,0.0013425156150897025,0.11008628,atl_104b0abba265ddc2
A,2026,24,239,bahia,33,atl_69da5198cf903227,348537,Titular,1435.0,2.0,0.0012578712197197058,0.10314544,atl_69da5198cf903227
A,2026,24,239,vitoria,25,atl_aac854a03197615e,510110,Titular,1484.0,2.0,0.001226804843829451,0.100598,atl_aac854a03197615e
A,2026,24,239,bahia,46,atl_40fbc9435ae76d3a,554138,Titular,1562.0,2.0,0.0011803980650618967,0.09679264,atl_40fbc9435ae76d3a
A,2026,24,239,vitoria,13,atl_43b77fad7db3edca,526090,Titular,1615.0,2.0,0.0011508183499563266,0.0943671,atl_43b77fad7db3edca
A,2026,24,239,bahia,5,atl_2157ee1d988c5aae,793460,Titular,1841.0,2.0,0.0010397184152745112,0.08525691,atl_2157ee1d988c5aae
A,2026,24,240,sao_paulo,29,atl_eb77749cf3eba7c3,552144,Titular,845.0,2.0,0.0018096511599684987,0.1483914,atl_eb77749cf3eba7c3
A,2026,24,240,sao_paulo,10,atl_36b04a10ecc54a74,346745,Titular,1319.0,2.0,0.0013380873062988625,0.10972316,atl_36b04a10ecc54a74
A,2026,24,240,sao_paulo,9,atl_c1382cd139674fdb,541246,Titular,1668.0,2.0,0.0011226848755339625,0.09206016,atl_c1382cd139674fdb
A,2026,24,240,chapecoense,10,atl_1f85b5f88c773ffc,292205,Titular,786.0,1.0,0.0011150706144305062,0.09143579,atl_1f85b5f88c773ffc
A,2026,24,240,chapecoense,91,atl_048784ddcd9d32be,333975,Titular,939.0,1.0,0.0009965120292964773,0.08171399,atl_048784ddcd9d32be
A,2026,25,241,botafogo,75,atl_eb429347e524ce0b,772386,Titular,569.0,4.0,0.004145577532469833,0.33993736,atl_eb429347e524ce0b
A,2026,25,241,flamengo,4,atl_c103654c5a7b5bff,310373,Titular,1758.0,4.0,0.0019626317015988713,0.1609358,atl_c103654c5a7b5bff
A,2026,25,241,botafogo,21,atl_66c9d677078ff69d,177745,Titular,242.0,1.0,0.0019294102186121992,0.15821164,atl_66c9d677078ff69d
A,2026,25,241,botafogo,10,atl_2f5128306119ac5f,919476,Titular,1391.0,3.0,0.0018147130524644379,0.14880647,atl_2f5128306119ac5f
A,2026,25,241,flamengo,5,atl_a15578de349a0815,777370,Titular,1113.0,2.0,0.0015075154260447935,0.12361626,atl_a15578de349a0815
A,2026,25,242,vasco_da_gama_saf,11,atl_638536c4296e70ab,927926,Titular,1605.0,4.0,0.0021052837920238726,0.17263327,atl_638536c4296e70ab
A,2026,25,242,cruzeiro,12,atl_9eb0b789332e456b,309438,Titular,700.0,2.0,0.0020263519851752097,0.16616086,atl_9eb0b789332e456b
A,2026,25,242,vasco_da_gama_saf,23,atl_9925a4ff6a76710d,353262,Titular,1700.0,4.0,0.002014373810095569,0.16517865,atl_9925a4ff6a76710d
A,2026,25,242,cruzeiro,43,atl_fa437d5f7bc139b1,525643,Titular,597.0,1.0,0.0013050340767641311,0.10701279,atl_fa437d5f7bc139b1
A,2026,25,242,cruzeiro,7,atl_65e4d14dd8be3acb,407776,Titular,1053.0,1.0,0.00092184313085013,0.07559114,atl_65e4d14dd8be3acb
A,2026,25,243,red_bull_bragantino,29,atl_da6b08b0a890f42a,402681,Titular,1787.0,4.0,0.001937744810760932,0.15889507,atl_da6b08b0a890f42a
A,2026,25,243,red_bull_bragantino,21,atl_2df695f0373125f8,550777,Titular,1842.0,4.0,0.0018922384210974601,0.15516355,atl_2df695f0373125f8
A,2026,25,243,red_bull_bragantino,7,atl_17ee9c927e12d853,521939,Titular,596.0,1.0,0.0013062248012867261,0.10711043,atl_17ee9c927e12d853
A,2026,25,243,sao_paulo,10,atl_36b04a10ecc54a74,346745,Titular,1409.0,2.0,0.0012737676177109753,0.10444894,atl_36b04a10ecc54a74
A,2026,25,243,red_bull_bragantino,20,atl_f643c96b36a1c362,534284,Titular,655.0,1.0,0.001239499898017534,0.10163899,atl_f643c96b36a1c362
A,2026,25,244,santos_fc,48,atl_99ad7008976c3498,653049,Titular,808.0,3.0,0.002623564512393159,0.21513229,atl_99ad7008976c3498
A,2026,25,244,corinthians,21,atl_c1e2e1728df4f926,502230,Titular,1595.0,4.0,0.0021153328793366358,0.1734573,atl_c1e2e1728df4f926
A,2026,25,244,santos_fc,22,atl_94b8b0f017fa9393,839845,Titular,1211.0,3.0,0.0020056238353069853,0.16446115,atl_94b8b0f017fa9393
A,2026,25,244,corinthians,8,atl_4bf06dd1232b6fe7,836677,Titular,1462.0,3.0,0.0017490430082621059,0.14342153,atl_4bf06dd1232b6fe7
A,2026,25,244,santos_fc,31,atl_0891f9525cb8be4f,816190,Titular,1497.0,3.0,0.0017183887742665256,0.14090788,atl_0891f9525cb8be4f
A,2026,25,245,mirassol,25,atl_cb0fed2ef44817a6,383527,Titular,897.0,3.0,0.0024564226071655346,0.20142665,atl_cb0fed2ef44817a6
A,2026,25,245,mirassol,27,atl_4b0db33443f92b7a,524341,Titular,991.0,3.0,0.0023015576004092905,0.18872772,atl_4b0db33443f92b7a
A,2026,25,245,palmeiras,26,atl_9ad877d1cc801ff1,392224,Titular,1710.0,2.0,0.0011002816209096163,0.09022309,atl_9ad877d1cc801ff1
A,2026,25,245,palmeiras,8,atl_adc5ea7f5f551fdb,729086,Titular,1770.0,2.0,0.0010711992873172916,0.08783834,atl_adc5ea7f5f551fdb
A,2026,25,245,mirassol,6,atl_7d18d160e00e91fe,332318,Titular,1823.0,2.0,0.001046759527425851,0.08583428,atl_7d18d160e00e91fe
A,2026,25,246,vitoria,6,atl_60d005a1f8f15ffa,779735,Titular,1520.0,5.0,0.002688921971391214,0.2204916,atl_60d005a1f8f15ffa
A,2026,25,246,atletico_mineiro,23,atl_0f15ac29f4ed16cf,943826,Titular,597.0,2.0,0.002216611105023019,0.18176211,atl_0f15ac29f4ed16cf
A,2026,25,246,atletico_mineiro,39,atl_b5434d0d07b8d803,896299,Titular,377.0,1.0,0.001632408645621724,0.13385751,atl_b5434d0d07b8d803
A,2026,25,246,vitoria,83,atl_ce3b1895ae9f8eb1,528144,Titular,683.0,1.0,0.0012101626223248113,0.09923334,atl_ce3b1895ae9f8eb1
A,2026,25,246,vitoria,95,atl_eabe50b478a200d7,502736,Titular,1542.0,2.0,0.001190804300788566,0.09764595,atl_eabe50b478a200d7
A,2026,25,247,gremio,7,atl_209aef561e4af07c,772443,Titular,1624.0,5.0,0.002557261008573565,0.2096954,atl_209aef561e4af07c
A,2026,25,247,chapecoense,10,atl_1f85b5f88c773ffc,292205,Titular,860.0,1.0,0.0010526635163310674,0.08631841,atl_1f85b5f88c773ffc
A,2026,25,247,gremio,99,atl_6c43c701ea708a92,943756,Titular,907.0,1.0,0.0010174999162830504,0.08343499,atl_6c43c701ea708a92
A,2026,25,247,chapecoense,91,atl_048784ddcd9d32be,333975,Titular,1029.0,1.0,0.0009363128726031732,0.07677766,atl_048784ddcd9d32be
A,2026,25,247,gremio,15,atl_10ebb1bc021ba78f,352677,Titular,0.0,0.0,0.0008632447644205038,0.07078607,atl_10ebb1bc021ba78f
A,2026,25,248,fluminense,16,atl_825bfaa01e252038,337363,Titular,561.0,2.0,0.0022918212838927915,0.18792935,atl_825bfaa01e252038
A,2026,25,248,athletico_paranaense,16,atl_697ba9685a345304,302192,Titular,1123.0,3.0,0.002114369921263248,0.17337833,atl_697ba9685a345304
A,2026,25,248,athletico_paranaense,9,atl_b41f6fcce3570263,922690,Titular,1958.0,3.0,0.0013961034915420064,0.11448049,atl_b41f6fcce3570263
A,2026,25,248,fluminense,8,atl_4fc72a181c139af9,517552,Titular,1346.0,2.0,0.0013172385602439067,0.10801356,atl_4fc72a181c139af9
A,2026,25,248,athletico_paranaense,14,atl_8b223a0e90d5a4c8,172368,Titular,1474.0,2.0,0.0012318249150001276,0.10100964,atl_8b223a0e90d5a4c8
A,2026,25,249,internacional,16,atl_76ce5afe66a27b85,405698,Titular,351.0,1.0,0.001682282470282317,0.13794716,atl_76ce5afe66a27b85
A,2026,25,249,internacional,26,atl_daa7c80b3ecd9030,842210,Titular,1824.0,3.0,0.001476601713515599,0.12108134,atl_daa7c80b3ecd9030
A,2026,25,249,internacional,4,atl_54422aa954a05e9d,836943,Titular,1202.0,2.0,0.0014286853009460939,0.11715219,atl_54422aa954a05e9d
A,2026,25,249,bahia,33,atl_69da5198cf903227,348537,Titular,1525.0,2.0,0.0012008011764001244,0.0984657,atl_69da5198cf903227
A,2026,25,249,internacional,35,atl_a75821cad3498e73,883325,Titular,714.0,1.0,0.0011792606113758253,0.09669937,atl_a75821cad3498e73
A,2026,25,250,remo,55,atl_2de557902e699e6d,448024,Titular,1376.0,4.0,0.002362272058747469,0.19370631,atl_2de557902e699e6d
A,2026,25,250,coritiba_saf,26,atl_e9a59e57c4d4addd,329952,Titular,1852.0,3.0,0.0014590231216880323,0.1196399,atl_e9a59e57c4d4addd
A,2026,25,250,coritiba_saf,77,atl_104b0abba265ddc2,389378,Titular,1403.0,2.0,0.0012777837005834218,0.10477826,atl_104b0abba265ddc2
A,2026,25,250,coritiba_saf,19,atl_ca9f164ffd3fc35e,820851,Titular,1715.0,2.0,0.0010977979152190754,0.09001943,atl_ca9f164ffd3fc35e
A,2026,25,250,coritiba_saf,32,atl_35e639caf38636b3,379462,Titular,1835.0,2.0,0.0010413800352078167,0.08539316,atl_35e639caf38636b3
A,2026,26,251,fluminense,16,atl_825bfaa01e252038,337363,Titular,651.0,2.0,0.0021125342504889105,0.17322781,atl_825bfaa01e252038
A,2026,26,251,vasco_da_gama_saf,11,atl_638536c4296e70ab,927926,Titular,1689.0,4.0,0.0020244526826462936,0.16600512,atl_638536c4296e70ab
A,2026,26,251,vasco_da_gama_saf,23,atl_9925a4ff6a76710d,353262,Titular,1790.0,4.0,0.0019351645948963913,0.1586835,atl_9925a4ff6a76710d
A,2026,26,251,fluminense,10,atl_af3bca25a4941d0a,184364,Titular,602.0,1.0,0.0012990262452928637,0.10652015,atl_af3bca25a4941d0a
A,2026,26,251,fluminense,8,atl_4fc72a181c139af9,517552,Titular,1436.0,2.0,0.0012559539887979007,0.10298823,atl_4fc72a181c139af9
A,2026,26,252,botafogo,75,atl_eb429347e524ce0b,772386,Titular,659.0,4.0,0.0038235780175260884,0.3135334,atl_eb429347e524ce0b
A,2026,26,252,palmeiras,2,atl_f2f6a217ed903dad,836858,Titular,1415.0,3.0,0.0017919200638708804,0.14693745,atl_f2f6a217ed903dad
A,2026,26,252,botafogo,10,atl_2f5128306119ac5f,919476,Titular,1481.0,3.0,0.0017322195468514568,0.142042,atl_2f5128306119ac5f
A,2026,26,252,botafogo,21,atl_66c9d677078ff69d,177745,Titular,332.0,1.0,0.001720585243164346,0.14108799,atl_66c9d677078ff69d
A,2026,26,252,botafogo,5,atl_c415d549ff581ef2,779951,Titular,1435.0,2.0,0.001256603060626737,0.10304145,atl_c415d549ff581ef2
A,2026,26,253,sao_paulo,10,atl_36b04a10ecc54a74,346745,Titular,1480.0,2.0,0.0012280439001579474,0.1006996,atl_36b04a10ecc54a74
A,2026,26,253,atletico_mineiro,15,atl_10e928cab4a22974,978179,Titular,30.0,0.0,0.0008142017402127093,0.06676454,atl_10e928cab4a22974
A,2026,26,253,sao_paulo,8,atl_d9e0eb210b54bbf1,461223,Titular,1294.0,1.0,0.0007979525765399865,0.06543211,atl_d9e0eb210b54bbf1
A,2026,26,253,atletico_mineiro,2,atl_b619ed477b67fcf2,559812,Titular,1303.0,1.0,0.0007939694521978568,0.0651055,atl_b619ed477b67fcf2
A,2026,26,253,atletico_mineiro,28,atl_92eee98f34c8d39a,695547,Titular,1356.0,1.0,0.0007712968331426379,0.06324634,atl_92eee98f34c8d39a
A,2026,26,254,corinthians,8,atl_4bf06dd1232b6fe7,836677,Titular,1552.0,4.0,0.0021596135098989945,0.17708831,atl_4bf06dd1232b6fe7
A,2026,26,254,corinthians,21,atl_c1e2e1728df4f926,502230,Titular,1685.0,4.0,0.002028158774513838,0.16630902,atl_c1e2e1728df4f926
A,2026,26,254,corinthians,37,atl_e0087518272095d9,628499,Titular,682.0,1.0,0.0012111056872358172,0.09931067,atl_e0087518272095d9
A,2026,26,254,corinthians,2,atl_70a615f85759f8ab,565578,Titular,1720.0,2.0,0.0010952823974381693,0.08981316,atl_70a615f85759f8ab
A,2026,26,254,corinthians,13,atl_2740cbf03237b46d,186450,Titular,1890.0,2.0,0.0010173752813023998,0.08342477,atl_2740cbf03237b46d
A,2026,26,255,red_bull_bragantino,29,atl_da6b08b0a890f42a,402681,Titular,1877.0,4.0,0.0018643361053061575,0.15287556,atl_da6b08b0a890f42a
A,2026,26,255,red_bull_bragantino,21,atl_2df695f0373125f8,550777,Titular,1909.0,4.0,0.0018395711591169515,0.15084484,atl_2df695f0373125f8
A,2026,26,255,red_bull_bragantino,4,atl_77dd8f7d047afc0d,701439,Titular,1430.0,3.0,0.0017779932239962361,0.14579544,atl_77dd8f7d047afc0d
A,2026,26,255,red_bull_bragantino,5,atl_16d863992493a77d,547222,Titular,348.0,1.0,0.001688121370651811,0.13842595,atl_16d863992493a77d
A,2026,26,255,bahia,99,atl_92436feb0c665a55,895912,Titular,1102.0,2.0,0.0015178070676109463,0.12446018,atl_92436feb0c665a55
A,2026,26,256,cruzeiro,43,atl_fa437d5f7bc139b1,525643,Titular,687.0,2.0,0.0020484641300023048,0.16797406,atl_fa437d5f7bc139b1
A,2026,26,256,cruzeiro,99,atl_e6807a455d51a722,931360,Titular,1211.0,3.0,0.002005568043432341,0.16445658,atl_e6807a455d51a722
A,2026,26,256,athletico_paranaense,16,atl_697ba9685a345304,302192,Titular,1213.0,3.0,0.0020032264578591567,0.16426457,atl_697ba9685a345304
A,2026,26,256,cruzeiro,10,atl_fa2cfead1f0d333f,819091,Titular,1800.0,4.0,0.0019267508357881462,0.15799357,atl_fa2cfead1f0d333f
A,2026,26,256,cruzeiro,8,atl_3660e597b8a3e9d9,310733,Titular,1598.0,3.0,0.0016356181707877673,0.13412069,atl_3660e597b8a3e9d9
A,2026,26,257,santos_fc,48,atl_99ad7008976c3498,653049,Titular,828.0,3.0,0.002583981116199349,0.21188645,atl_99ad7008976c3498
A,2026,26,257,santos_fc,31,atl_0891f9525cb8be4f,816190,Titular,1587.0,3.0,0.0016442390619610617,0.1348276,atl_0891f9525cb8be4f
A,2026,26,257,internacional,16,atl_76ce5afe66a27b85,405698,Titular,441.0,1.0,0.0015212825954439276,0.12474517,atl_76ce5afe66a27b85
A,2026,26,257,santos_fc,9,atl_700d6b19ec341d19,337830,Titular,1190.0,2.0,0.0014387733268122697,0.11797941,atl_700d6b19ec341d19
A,2026,26,257,internacional,4,atl_54422aa954a05e9d,836943,Titular,1292.0,2.0,0.001356878862897732,0.11126407,atl_54422aa954a05e9d
A,2026,26,258,coritiba_saf,21,atl_793a5da637017996,293712,Titular,899.0,3.0,0.0024528426892871593,0.2011331,atl_793a5da637017996
A,2026,26,258,mirassol,27,atl_4b0db33443f92b7a,524341,Titular,1081.0,3.0,0.002170478761741136,0.17797926,atl_4b0db33443f92b7a
A,2026,26,258,coritiba_saf,26,atl_e9a59e57c4d4addd,329952,Titular,1942.0,3.0,0.0014052116798987451,0.11522736,atl_e9a59e57c4d4addd
A,2026,26,258,mirassol,80,atl_918d9cb849b07064,532986,Titular,618.0,1.0,0.0012804355297967225,0.10499571,atl_918d9cb849b07064
A,2026,26,258,coritiba_saf,77,atl_104b0abba265ddc2,389378,Titular,1472.0,2.0,0.001233025822673801,0.10110812,atl_104b0abba265ddc2
A,2026,26,259,gremio,7,atl_209aef561e4af07c,772443,Titular,1714.0,5.0,0.002453264192553178,0.20116766,atl_209aef561e4af07c
A,2026,26,259,vitoria,12,atl_2cd39fab3876606f,944886,Titular,603.0,1.0,0.0012978485243089173,0.10642358,atl_2cd39fab3876606f
A,2026,26,259,vitoria,10,atl_51eaf3b7e7286b78,412971,Titular,1557.0,2.0,0.0011820743423980242,0.0969301,atl_51eaf3b7e7286b78
A,2026,26,259,vitoria,95,atl_eabe50b478a200d7,502736,Titular,1623.0,2.0,0.001145325917245754,0.09391673,atl_eabe50b478a200d7
A,2026,26,259,vitoria,83,atl_ce3b1895ae9f8eb1,528144,Titular,773.0,1.0,0.0011245301824923297,0.09221147,atl_ce3b1895ae9f8eb1
A,2026,26,260,remo,55,atl_2de557902e699e6d,448024,Titular,1466.0,4.0,0.0022540828699454405,0.1848348,atl_2de557902e699e6d
A,2026,26,260,flamengo,4,atl_c103654c5a7b5bff,310373,Titular,1848.0,4.0,0.0018873624030292743,0.15476372,atl_c103654c5a7b5bff
A,2026,26,260,flamengo,15,atl_8da432ba797e23e2,925353,Titular,1061.0,2.0,0.0015576725959722843,0.12772915,atl_8da432ba797e23e2
A,2026,26,260,flamengo,20,atl_5b4e120906c50274,319635,Titular,1123.0,2.0,0.0014981681591575697,0.12284979,atl_5b4e120906c50274
A,2026,26,260,flamengo,21,atl_6f2d28380b144718,305435,Titular,1439.0,2.0,0.0012540107902592758,0.10282888,atl_6f2d28380b144718
A,2026,27,261,corinthians,26,atl_7bd5e1cfea987ca7,896914,Titular,454.0,2.0,0.0025549303693860248,0.20950429,atl_7bd5e1cfea987ca7
A,2026,27,261,flamengo,10,atl_25c745453cdda3ce,521990,Titular,1146.0,2.0,0.0014808041144558127,0.12142594,atl_25c745453cdda3ce
A,2026,27,261,flamengo,11,atl_5b4e120906c50274,319635,Titular,1206.0,2.0,0.0014287242511103562,0.11715539,atl_5b4e120906c50274
A,2026,27,261,flamengo,5,atl_a15578de349a0815,777370,Titular,1218.0,2.0,0.0014187448034890964,0.11633707,atl_a15578de349a0815
A,2026,27,261,corinthians,77,atl_beb00fae34bd18ff,951265,Titular,609.0,1.0,0.001296125854277969,0.10628232,atl_beb00fae34bd18ff
A,2026,27,262,botafogo,75,atl_eb429347e524ce0b,772386,Titular,749.0,4.0,0.0035527650699713914,0.29132674,atl_eb429347e524ce0b
A,2026,27,262,red_bull_bragantino,29,atl_da6b08b0a890f42a,402681,Titular,1967.0,4.0,0.0017987043260617218,0.14749375,atl_da6b08b0a890f42a
A,2026,27,262,red_bull_bragantino,21,atl_2df695f0373125f8,550777,Titular,1991.0,4.0,0.001781374376713877,0.1460727,atl_2df695f0373125f8
A,2026,27,262,botafogo,10,atl_2f5128306119ac5f,919476,Titular,1559.0,3.0,0.0016694529249122233,0.13689514,atl_2f5128306119ac5f
A,2026,27,262,red_bull_bragantino,5,atl_16d863992493a77d,547222,Titular,438.0,1.0,0.0015324131901857864,0.12565788,atl_16d863992493a77d
A,2026,27,263,santos_fc,48,atl_99ad7008976c3498,653049,Titular,910.0,3.0,0.002437874874038488,0.19990574,atl_99ad7008976c3498
A,2026,27,263,cruzeiro,99,atl_e6807a455d51a722,931360,Titular,1280.0,3.0,0.0019311256024686899,0.1583523,atl_e6807a455d51a722
A,2026,27,263,cruzeiro,43,atl_fa437d5f7bc139b1,525643,Titular,777.0,2.0,0.0019086950449446107,0.15651299,atl_fa437d5f7bc139b1
A,2026,27,263,cruzeiro,10,atl_fa2cfead1f0d333f,819091,Titular,1890.0,4.0,0.001856654214390907,0.15224565,atl_fa2cfead1f0d333f
A,2026,27,263,santos_fc,7,atl_d42c190c2d71820d,379065,Titular,346.0,1.0,0.0016990585962107184,0.1393228,atl_d42c190c2d71820d
A,2026,27,264,sao_paulo,48,atl_77f6cf13a26dc1b3,688877,Titular,122.0,1.0,0.0023109382192833886,0.18949693,atl_77f6cf13a26dc1b3
A,2026,27,264,sao_paulo,29,atl_eb77749cf3eba7c3,552144,Titular,956.0,2.0,0.0016740409151059532,0.13727136,atl_eb77749cf3eba7c3
A,2026,27,264,sao_paulo,54,atl_847ad4ef81040911,693163,Titular,384.0,1.0,0.0016260221407174975,0.13333382,atl_847ad4ef81040911
A,2026,27,264,sao_paulo,17,atl_15301474de077582,385852,Titular,388.0,1.0,0.0016186977166602115,0.13273321,atl_15301474de077582
A,2026,27,264,palmeiras,26,atl_9ad877d1cc801ff1,392224,Titular,1800.0,2.0,0.0010597406836496816,0.08689874,atl_9ad877d1cc801ff1
A,2026,27,265,mirassol,44,atl_ca3372428a6d03ad,619739,Titular,482.0,2.0,0.0024820810309513926,0.20353064,atl_ca3372428a6d03ad
A,2026,27,265,vitoria,12,atl_2cd39fab3876606f,944886,Titular,684.0,1.0,0.0012140232874951586,0.09954991,atl_2cd39fab3876606f
A,2026,27,265,mirassol,80,atl_918d9cb849b07064,532986,Titular,700.0,1.0,0.0011978363103285566,0.09822258,atl_918d9cb849b07064
A,2026,27,265,vitoria,25,atl_aac854a03197615e,510110,Titular,1664.0,2.0,0.0011263417617348743,0.09236002,atl_aac854a03197615e
A,2026,27,265,vitoria,95,atl_eabe50b478a200d7,502736,Titular,1704.0,2.0,0.0011058999874747131,0.0906838,atl_eabe50b478a200d7
A,2026,27,266,fluminense,16,atl_825bfaa01e252038,337363,Titular,741.0,2.0,0.001964064119576364,0.16105326,atl_825bfaa01e252038
A,2026,27,266,fluminense,32,atl_5cf7da4480563f44,926632,Titular,1221.0,2.0,0.0014162716864580289,0.11613428,atl_5cf7da4480563f44
A,2026,27,266,fluminense,22,atl_cfa8433f572195a2,894168,Titular,1540.0,2.0,0.001194805672742288,0.09797407,atl_cfa8433f572195a2
A,2026,27,266,fluminense,13,atl_2f256fd5eabef6e1,339258,Titular,874.0,1.0,0.0010461452491952459,0.08578391,atl_2f256fd5eabef6e1
A,2026,27,266,fluminense,11,atl_c4998bc57253443f,694075,Titular,1057.0,1.0,0.0009231879077676735,0.07570141,atl_c4998bc57253443f
A,2026,27,267,gremio,4,atl_f816f76e0820c90d,554626,Titular,180.0,2.0,0.0035844170182268644,0.2939222,atl_f816f76e0820c90d
A,2026,27,267,vasco_da_gama_saf,11,atl_638536c4296e70ab,927926,Titular,1779.0,5.0,0.0023858725635780027,0.19564155,atl_638536c4296e70ab
A,2026,27,267,vasco_da_gama_saf,66,atl_3b95594b8fdf0e4c,613238,Titular,1077.0,3.0,0.00217971057222211,0.17873627,atl_3b95594b8fdf0e4c
A,2026,27,267,vasco_da_gama_saf,23,atl_9925a4ff6a76710d,353262,Titular,1880.0,4.0,0.0018644552825186,0.15288533,atl_9925a4ff6a76710d
A,2026,27,267,gremio,54,atl_e7c1c3c1a5bb89b9,741913,Titular,880.0,2.0,0.0017662344727494693,0.14483123,atl_e7c1c3c1a5bb89b9
A,2026,27,268,coritiba_saf,21,atl_793a5da637017996,293712,Titular,957.0,4.0,0.0030455755472850155,0.24973719,atl_793a5da637017996
A,2026,27,268,athletico_paranaense,16,atl_697ba9685a345304,302192,Titular,1303.0,3.0,0.001906491166053393,0.15633228,atl_697ba9685a345304
A,2026,27,268,coritiba_saf,26,atl_e9a59e57c4d4addd,329952,Titular,2032.0,3.0,0.0013575843492868356,0.11132192,atl_e9a59e57c4d4addd
A,2026,27,268,athletico_paranaense,9,atl_b41f6fcce3570263,922690,Titular,2128.0,3.0,0.001307992226938458,0.10725536,atl_b41f6fcce3570263
A,2026,27,268,coritiba_saf,77,atl_104b0abba265ddc2,389378,Titular,1530.0,2.0,0.0012006914149725457,0.0984567,atl_104b0abba265ddc2
A,2026,27,269,remo,55,atl_2de557902e699e6d,448024,Titular,1534.0,4.0,0.0021816143423767295,0.17889238,atl_2de557902e699e6d
A,2026,27,269,remo,4,atl_6030dd99f6eea47f,502008,Titular,180.0,1.0,0.0021138287829327467,0.17333396,atl_6030dd99f6eea47f
A,2026,27,269,bahia,4,atl_819dd08d67c1dbfe,355418,Titular,237.0,1.0,0.0019503440602364555,0.15992821,atl_819dd08d67c1dbfe
A,2026,27,269,bahia,99,atl_92436feb0c665a55,895912,Titular,1192.0,2.0,0.001440545846568716,0.11812476,atl_92436feb0c665a55
A,2026,27,269,remo,21,atl_120d578fa7daac68,646613,Titular,528.0,1.0,0.0013982525023290542,0.11465671,atl_120d578fa7daac68
A,2026,27,270,internacional,26,atl_daa7c80b3ecd9030,842210,Titular,1888.0,4.0,0.001858209201170129,0.15237315,atl_daa7c80b3ecd9030
A,2026,27,270,chapecoense,9,atl_95a53cc80497c8d5,674429,Titular,277.0,1.0,0.00184994024761167,0.1516951,atl_95a53cc80497c8d5
A,2026,27,270,chapecoense,88,atl_61b7e0b6ee1dacff,303718,Titular,314.0,1.0,0.0017658520545384125,0.14479987,atl_61b7e0b6ee1dacff
A,2026,27,270,chapecoense,26,atl_9b3bfdd877eb9ceb,369852,Titular,1159.0,2.0,0.0014692004655782204,0.12047444,atl_9b3bfdd877eb9ceb
A,2026,27,270,internacional,7,atl_7e842898eed36468,894546,Titular,1639.0,2.0,0.0011395061114512705,0.0934395,atl_7e842898eed36468
B,2022,1,1,gremio,3,atl_3b1eaa09dd2189d2,165322,Titular,0.0,0.0,0.0,0.0,atl_3b1eaa09dd2189d2
B,2022,1,1,ponte_preta,8,atl_f8ec4f25d43111a3,170540,Titular,0.0,0.0,0.0,0.0,atl_f8ec4f25d43111a3
B,2022,1,1,ponte_preta,4,atl_5a8586ef8e066ad4,183874,Titular,0.0,0.0,0.0,0.0,atl_5a8586ef8e066ad4
B,2022,1,1,gremio,5,atl_793a5da637017996,293712,Reserva,0.0,0.0,0.0,0.0,atl_793a5da637017996
B,2022,1,1,gremio,34,atl_76bce220850eb32b,312015,Titular,0.0,0.0,0.0,0.0,atl_76bce220850eb32b
B,2022,1,2,csa,25,atl_9d8549708d87b2b4,169000,Titular,0.0,0.0,0.0,0.0,atl_9d8549708d87b2b4
B,2022,1,2,csa,3,atl_e0bce1ee15b027e0,172411,Titular,0.0,0.0,0.0,0.0,atl_e0bce1ee15b027e0
B,2022,1,2,csa,5,atl_518c2b6993e189a8,175223,Titular,0.0,0.0,0.0,0.0,atl_518c2b6993e189a8
B,2022,1,2,csa,11,atl_507725140727bdb0,177411,Titular,0.0,0.0,0.0,0.0,atl_507725140727bdb0
B,2022,1,2,criciuma,3,atl_6f74aae982d89632,177531,Titular,0.0,0.0,0.0,0.0,atl_6f74aae982d89632
B,2022,1,3,sampaio_correa,6,atl_5f3c701e5c5f63cc,170254,Titular,0.0,0.0,0.0,0.0,atl_5f3c701e5c5f63cc
B,2022,1,3,sampaio_correa,13,atl_79501c1a5283bedc,174017,Titular,0.0,0.0,0.0,0.0,atl_79501c1a5283bedc
B,2022,1,3,sampaio_correa,8,atl_75a189d0732ae505,180494,Titular,0.0,0.0,0.0,0.0,atl_75a189d0732ae505
B,2022,1,3,sampaio_correa,11,atl_69bd4ef92b096673,183546,Titular,0.0,0.0,0.0,0.0,atl_69bd4ef92b096673
B,2022,1,3,sampaio_correa,10,atl_b88ea25b140cb8b3,301503,Titular,0.0,0.0,0.0,0.0,atl_b88ea25b140cb8b3
B,2022,1,4,guarani,5,atl_5f09d3348e7b00e8,164170,Reserva,0.0,0.0,0.0,0.0,atl_5f09d3348e7b00e8
B,2022,1,4,brusque,4,atl_ca005de81c5f9f13,165939,Titular,0.0,0.0,0.0,0.0,atl_ca005de81c5f9f13
B,2022,1,4,guarani,22,atl_df1b4df5762e2d2b,174941,Titular,0.0,0.0,0.0,0.0,atl_df1b4df5762e2d2b
B,2022,1,4,brusque,5,atl_896da3eec86671a6,183707,Titular,0.0,0.0,0.0,0.0,atl_896da3eec86671a6
B,2022,1,4,brusque,6,atl_480949787c245401,186040,Titular,0.0,0.0,0.0,0.0,atl_480949787c245401
B,2022,1,5,crb,12,atl_673bdb6b650e2410,165094,Titular,0.0,0.0,0.0,0.0,atl_673bdb6b650e2410
B,2022,1,5,crb,3,atl_7cd9d01ebec30030,167958,Titular,0.0,0.0,0.0,0.0,atl_7cd9d01ebec30030
B,2022,1,5,novorizontino,19,atl_9ddc2d217c250c34,169940,Reserva,0.0,0.0,0.0,0.0,atl_9ddc2d217c250c34
B,2022,1,5,novorizontino,1,atl_b0cf5652c0cc5dfd,175445,Titular,0.0,0.0,0.0,0.0,atl_b0cf5652c0cc5dfd
B,2022,1,5,crb,20,atl_dce0738da0f39b3d,181172,Titular,0.0,0.0,0.0,0.0,atl_dce0738da0f39b3d
B,2022,1,6,londrina,21,atl_05b5e9c780fdb9ff,164974,Reserva,0.0,0.0,0.0,0.0,atl_05b5e9c780fdb9ff
B,2022,1,6,londrina,10,atl_4b84b3e96e9a50d0,171945,Titular,0.0,0.0,0.0,0.0,atl_4b84b3e96e9a50d0
B,2022,1,6,londrina,5,atl_cdc4b3007f5d4f4b,174223,Titular,0.0,0.0,0.0,0.0,atl_cdc4b3007f5d4f4b
B,2022,1,6,londrina,12,atl_554d7f3733891436,177903,Reserva,0.0,0.0,0.0,0.0,atl_554d7f3733891436
B,2022,1,6,nautico,9,atl_a81e4f4ed09c0d9d,185126,Titular,0.0,0.0,0.0,0.0,atl_a81e4f4ed09c0d9d
B,2022,1,7,vasco_da_gama,10,atl_94269f03c975963b,150986,Titular,0.0,0.0,0.0,0.0,atl_94269f03c975963b
B,2022,1,7,vila_nova,10,atl_eaf3e7e80a0c7448,154127,Reserva,0.0,0.0,0.0,0.0,atl_eaf3e7e80a0c7448
B,2022,1,7,vasco_da_gama,6,atl_4ef2646e7ef37fda,163254,Titular,0.0,0.0,0.0,0.0,atl_4ef2646e7ef37fda
B,2022,1,7,vasco_da_gama,3,atl_4937b2d90f81f196,165709,Reserva,0.0,0.0,0.0,0.0,atl_4937b2d90f81f196
B,2022,1,7,vasco_da_gama,4,atl_a202fba54a672f10,170178,Titular,0.0,0.0,0.0,0.0,atl_a202fba54a672f10
B,2022,1,8,bahia,1,atl_74b6dd64b1778eeb,165830,Titular,0.0,0.0,0.0,0.0,atl_74b6dd64b1778eeb
B,2022,1,8,cruzeiro_saf,8,atl_51774551bdbb3bf6,174364,Titular,0.0,0.0,0.0,0.0,atl_51774551bdbb3bf6
B,2022,1,8,bahia,53,atl_8e4abff57c5d3e4e,189027,Reserva,0.0,0.0,0.0,0.0,atl_8e4abff57c5d3e4e
B,2022,1,8,cruzeiro_saf,14,atl_0f686e913bd13247,291997,Titular,0.0,0.0,0.0,0.0,atl_0f686e913bd13247
B,2022,1,8,cruzeiro_saf,1,atl_6632c2bf07e71d7f,292253,Titular,0.0,0.0,0.0,0.0,atl_6632c2bf07e71d7f
B,2022,1,9,operario,12,atl_f5ffd8cafa821398,153971,Reserva,0.0,0.0,0.0,0.0,atl_f5ffd8cafa821398
B,2022,1,9,tombense,99,atl_f676c0d7f0b8ce75,154961,Titular,0.0,0.0,0.0,0.0,atl_f676c0d7f0b8ce75
B,2022,1,9,operario,11,atl_83000862e1434f18,170011,Titular,0.0,0.0,0.0,0.0,atl_83000862e1434f18
B,2022,1,9,tombense,12,atl_eef699aef34aeae3,172028,Reserva,0.0,0.0,0.0,0.0,atl_eef699aef34aeae3
B,2022,1,9,tombense,1,atl_232bd4074eb04042,177436,Titular,0.0,0.0,0.0,0.0,atl_232bd4074eb04042
B,2022,1,10,ituano,17,atl_810c90072ebd2bcd,147495,Reserva,0.0,0.0,0.0,0.0,atl_810c90072ebd2bcd
B,2022,1,10,ituano,5,atl_450a096b6627475f,170563,Titular,0.0,0.0,0.0,0.0,atl_450a096b6627475f
B,2022,1,10,chapecoense,3,atl_14bf700a97ae8371,174360,Titular,0.0,0.0,0.0,0.0,atl_14bf700a97ae8371
B,2022,1,10,chapecoense,22,atl_6260a520a38c4b6d,176522,Reserva,0.0,0.0,0.0,0.0,atl_6260a520a38c4b6d
B,2022,1,10,chapecoense,4,atl_119279633b1bdb64,177152,Titular,0.0,0.0,0.0,0.0,atl_119279633b1bdb64
B,2022,2,11,sport,98,atl_d833492275361d9d,439695,Titular,70.0,1.0,0.0022860180754917594,0.18745348,atl_d833492275361d9d
B,2022,2,11,guarani,10,atl_1f85b5f88c773ffc,292205,Titular,90.0,1.0,0.0022085259373394966,0.18109913,atl_1f85b5f88c773ffc
B,2022,2,11,guarani,31,atl_9b25372db780c18d,315023,Titular,0.0,0.0,0.0006060606060606061,0.04969697,atl_9b25372db780c18d
B,2022,2,11,guarani,13,atl_0faa175a5fc80453,315945,Titular,0.0,0.0,0.0006060606060606061,0.04969697,atl_0faa175a5fc80453
B,2022,2,11,sport,3,atl_4fb70cea490aa9b3,378811,Titular,0.0,0.0,0.0006060606060606061,0.04969697,atl_4fb70cea490aa9b3
B,2022,2,12,vasco_da_gama,23,atl_243733f337379a15,372403,Titular,90.0,1.0,0.0022085259373394966,0.18109913,atl_243733f337379a15
B,2022,2,12,crb,10,atl_335a08bc798a73ac,166603,Titular,0.0,0.0,0.0006060606060606061,0.04969697,atl_335a08bc798a73ac
B,2022,2,12,crb,4,atl_9220edb0a3044fd0,188660,Titular,0.0,0.0,0.0006060606060606061,0.04969697,atl_9220edb0a3044fd0
B,2022,2,12,vasco_da_gama,13,atl_aae5e82ac503fb48,317697,Titular,0.0,0.0,0.0006060606060606061,0.04969697,atl_aae5e82ac503fb48
B,2022,2,12,vasco_da_gama,15,atl_5dd1f3a46f6e8a3f,559670,Titular,20.0,0.0,0.0005827505827505828,0.04778555,atl_5dd1f3a46f6e8a3f
B,2022,2,13,nautico,5,atl_39a07a13aee6ad55,358911,Titular,0.0,0.0,0.0006060606060606061,0.04969697,atl_39a07a13aee6ad55
B,2022,2,13,nautico,3,atl_a00bc7b0b2b921f2,367372,Titular,0.0,0.0,0.0006060606060606061,0.04969697,atl_a00bc7b0b2b921f2
B,2022,2,13,nautico,2,atl_64769541b8f73a6f,428683,Titular,0.0,0.0,0.0006060606060606061,0.04969697,atl_64769541b8f73a6f
B,2022,2,13,nautico,11,atl_8d09c4a2883dab64,350148,Titular,34.0,0.0,0.0005674724775848372,0.04653274,atl_8d09c4a2883dab64
B,2022,2,13,bahia,29,atl_5b34acc45acd9e3f,567698,Titular,34.0,0.0,0.0005674724775848372,0.04653274,atl_5b34acc45acd9e3f
B,2022,2,14,criciuma,10,atl_ce155b70c2cd7558,190389,Titular,0.0,0.0,0.0006060606060606061,0.04969697,atl_ce155b70c2cd7558
B,2022,2,14,criciuma,4,atl_1ccf08389b4c55e6,406610,Titular,27.0,0.0,0.0005750100626760969,0.04715083,atl_1ccf08389b4c55e6
B,2022,2,14,londrina,7,atl_30262113f3315779,443362,Titular,45.0,0.0,0.0005560189046427579,0.04559355,atl_30262113f3315779
B,2022,2,14,criciuma,11,atl_d3c9c674ae0bf328,321780,Titular,64.0,0.0,0.0005372877713303245,0.0440576,atl_d3c9c674ae0bf328
B,2022,2,14,londrina,6,atl_21fc9b08b46da456,533292,Titular,68.0,0.0,0.0005335040546308152,0.04374733,atl_21fc9b08b46da456
B,2022,2,15,csa,4,atl_73d7a4d12df11496,166258,Titular,0.0,0.0,0.0006060606060606061,0.04969697,atl_73d7a4d12df11496
B,2022,2,15,csa,99,atl_f3378cc2073291f3,356563,Titular,0.0,0.0,0.0006060606060606061,0.04969697,atl_f3378cc2073291f3
B,2022,2,15,csa,21,atl_48815fdadc9bb4c5,385005,Titular,0.0,0.0,0.0006060606060606061,0.04969697,atl_48815fdadc9bb4c5
B,2022,2,15,csa,7,atl_0fcefb1b79effc0b,323819,Titular,9.0,0.0,0.0005953444067392987,0.04881824,atl_0fcefb1b79effc0b
B,2022,2,15,csa,15,atl_5456abee9c3eab66,422561,Titular,28.0,0.0,0.000573921028466483,0.04706152,atl_5456abee9c3eab66
B,2022,2,16,ponte_preta,8,atl_f8ec4f25d43111a3,170540,Titular,69.0,1.0,0.0022900356819513233,0.18778293,atl_f8ec4f25d43111a3
B,2022,2,16,ponte_preta,10,atl_14981924eccf525a,292592,Titular,0.0,0.0,0.0006060606060606061,0.04969697,atl_14981924eccf525a
B,2022,2,16,operario,11,atl_83000862e1434f18,170011,Titular,64.0,0.0,0.0005372877713303245,0.0440576,atl_83000862e1434f18
B,2022,2,16,operario,10,atl_4dcae074aa00224e,298884,Titular,64.0,0.0,0.0005372877713303245,0.0440576,atl_4dcae074aa00224e
B,2022,2,16,operario,7,atl_f430018ee7464e5a,311487,Titular,64.0,0.0,0.0005372877713303245,0.0440576,atl_f430018ee7464e5a
B,2022,2,17,chapecoense,8,atl_0a2908f3b095f82a,321453,Titular,26.0,0.0,0.0005761032377001959,0.04724047,atl_0a2908f3b095f82a
B,2022,2,17,chapecoense,11,atl_09e65f2238fa7f6c,303766,Titular,64.0,0.0,0.0005372877713303245,0.0440576,atl_09e65f2238fa7f6c
B,2022,2,17,gremio,18,atl_12cf139198cff2c9,542309,Titular,68.0,0.0,0.0005335040546308152,0.04374733,atl_12cf139198cff2c9
B,2022,2,17,gremio,7,atl_8ad1e731bc1ae051,729333,Titular,68.0,0.0,0.0005335040546308152,0.04374733,atl_8ad1e731bc1ae051
B,2022,2,17,gremio,10,atl_e5cf96e319e7f366,505058,Titular,78.0,0.0,0.0005242738806752648,0.04299046,atl_e5cf96e319e7f366
B,2022,2,18,sampaio_correa,6,atl_eae54c6a76125aca,345443,Titular,0.0,0.0,0.0006060606060606061,0.04969697,atl_eae54c6a76125aca
B,2022,2,18,tombense,5,atl_8fc5da13fd0cb103,382807,Titular,0.0,0.0,0.0006060606060606061,0.04969697,atl_8fc5da13fd0cb103
B,2022,2,18,sampaio_correa,5,atl_053e31cff96c3c56,423695,Titular,0.0,0.0,0.0006060606060606061,0.04969697,atl_053e31cff96c3c56
B,2022,2,18,sampaio_correa,7,atl_6e1259588bfe875d,376463,Titular,14.0,0.0,0.0005895531187359982,0.04834336,atl_6e1259588bfe875d
B,2022,2,18,sampaio_correa,9,atl_a92a0e857a6585f6,431106,Titular,14.0,0.0,0.0005895531187359982,0.04834336,atl_a92a0e857a6585f6
B,2022,2,19,cruzeiro_saf,36,atl_cf347a9c5bf198f7,444618,Titular,90.0,1.0,0.0022085259373394966,0.18109913,atl_cf347a9c5bf198f7
B,2022,2,19,brusque,9,atl_6de2bb83faa67d4a,187915,Titular,0.0,0.0,0.0006060606060606061,0.04969697,atl_6de2bb83faa67d4a
B,2022,2,19,cruzeiro_saf,25,atl_cb0fed2ef44817a6,383527,Titular,0.0,0.0,0.0006060606060606061,0.04969697,atl_cb0fed2ef44817a6
B,2022,2,19,cruzeiro_saf,33,atl_5c4883a8072ce54f,423003,Titular,0.0,0.0,0.0006060606060606061,0.04969697,atl_5c4883a8072ce54f
B,2022,2,19,cruzeiro_saf,52,atl_e0a3c7033c7fe6b7,577555,Titular,0.0,0.0,0.0006060606060606061,0.04969697,atl_e0a3c7033c7fe6b7
B,2022,2,20,vila_nova,7,atl_52d9e342f1a09cad,344517,Titular,62.0,1.0,0.0023185592580610374,0.19012186,atl_52d9e342f1a09cad
B,2022,2,20,vila_nova,2,atl_0d474145872a55bc,345933,Titular,90.0,1.0,0.0022085259373394966,0.18109913,atl_0d474145872a55bc
B,2022,2,20,novorizontino,5,atl_011f2ecb4d91b0c6,183724,Titular,0.0,0.0,0.0006060606060606061,0.04969697,atl_011f2ecb4d91b0c6
B,2022,2,20,vila_nova,11,atl_87f9ff6fddc8c0f4,316763,Titular,0.0,0.0,0.0006060606060606061,0.04969697,atl_87f9ff6fddc8c0f4
B,2022,2,20,novorizontino,3,atl_4160b1fd9e2508a9,326727,Titular,0.0,0.0,0.0006060606060606061,0.04969697,atl_4160b1fd9e2508a9
B,2022,3,21,crb,3,atl_7cd9d01ebec30030,167958,Titular,90.0,1.0,0.0022941277178565316,0.18811847,atl_7cd9d01ebec30030
B,2022,3,21,crb,2,atl_dce0738da0f39b3d,181172,Titular,151.0,1.0,0.0020791633694859503,0.1704914,atl_dce0738da0f39b3d
B,2022,3,21,ponte_preta,9,atl_c478eb92bcc410c2,432201,Titular,156.0,1.0,0.0020633160877063317,0.16919192,atl_c478eb92bcc410c2
B,2022,3,21,crb,5,atl_f90a8f255908592a,339273,Titular,168.0,1.0,0.0020262505292445413,0.16615254,atl_f90a8f255908592a
B,2022,3,21,ponte_preta,27,atl_9c5bf44c4e086551,186135,Titular,0.0,0.0,0.0007070707070707071,0.0579798,atl_9c5bf44c4e086551
B,2022,3,22,bahia,10,atl_fd0fc6ffc1669f02,308495,Titular,106.0,1.0,0.0022335566890022336,0.18315165,atl_fd0fc6ffc1669f02
B,2022,3,22,csa,13,atl_97051d234b6c4bab,355730,Titular,0.0,0.0,0.0007070707070707071,0.0579798,atl_97051d234b6c4bab
B,2022,3,22,bahia,79,atl_2d8d40072786e2fd,431101,Titular,0.0,0.0,0.0007070707070707071,0.0579798,atl_2d8d40072786e2fd
B,2022,3,22,csa,14,atl_d0ba557471b01216,437380,Titular,0.0,0.0,0.0007070707070707071,0.0579798,atl_d0ba557471b01216
B,2022,3,22,bahia,53,atl_8e4abff57c5d3e4e,189027,Titular,13.0,0.0,0.0006891527359363617,0.05651052,atl_8e4abff57c5d3e4e
B,2022,3,23,operario,8,atl_63d54e98d4f319d5,321820,Titular,169.0,1.0,0.002023221754163458,0.16590418,atl_63d54e98d4f319d5
B,2022,3,23,nautico,7,atl_91b46cc52ab34e91,329055,Titular,0.0,0.0,0.0007070707070707071,0.0579798,atl_91b46cc52ab34e91
B,2022,3,23,nautico,9,atl_1d072e0ad34e5e80,336999,Titular,24.0,0.0,0.000674685789189606,0.05532423,atl_1d072e0ad34e5e80
B,2022,3,23,nautico,5,atl_ab0bf3900427d9f9,452314,Titular,40.0,0.0,0.0006546950991395435,0.053685,atl_ab0bf3900427d9f9
B,2022,3,23,nautico,11,atl_9246e86bafd8b05f,417861,Titular,45.0,0.0,0.0006486887220832175,0.05319248,atl_9246e86bafd8b05f
B,2022,3,24,sport,22,atl_e29d2a9d6c05ba2f,302436,Titular,135.0,1.0,0.0021315517378509507,0.17478724,atl_e29d2a9d6c05ba2f
B,2022,3,24,sport,98,atl_d833492275361d9d,439695,Titular,149.0,1.0,0.002085570652596847,0.17101679,atl_d833492275361d9d
B,2022,3,24,criciuma,10,atl_ce155b70c2cd7558,190389,Titular,87.0,0.0,0.0006022748782544353,0.04938654,atl_ce155b70c2cd7558
B,2022,3,24,sport,15,atl_979d57736ef77424,313474,Titular,90.0,0.0,0.0005992124636192433,0.04913542,atl_979d57736ef77424
B,2022,3,24,criciuma,6,atl_127c6107d2f86526,363926,Titular,112.0,0.0,0.0005776721462995973,0.04736912,atl_127c6107d2f86526
B,2022,3,25,vila_nova,7,atl_52d9e342f1a09cad,344517,Titular,143.0,1.0,0.0021050316540207675,0.1726126,atl_52d9e342f1a09cad
B,2022,3,25,vila_nova,2,atl_0d474145872a55bc,345933,Titular,180.0,1.0,0.001990493166963755,0.16322044,atl_0d474145872a55bc
B,2022,3,25,vila_nova,10,atl_eaf3e7e80a0c7448,154127,Titular,28.0,0.0,0.0006695745332108968,0.05490511,atl_eaf3e7e80a0c7448
B,2022,3,25,vila_nova,9,atl_3df8c6c2b9c576f4,325581,Titular,32.0,0.0,0.0006645401382243488,0.05449229,atl_3df8c6c2b9c576f4
B,2022,3,25,ituano,11,atl_9e29334206d8985f,436143,Titular,129.0,0.0,0.0005620593855887974,0.04608887,atl_9e29334206d8985f
B,2022,3,26,londrina,7,atl_05b5e9c780fdb9ff,164974,Titular,0.0,0.0,0.0007070707070707071,0.0579798,atl_05b5e9c780fdb9ff
B,2022,3,26,novorizontino,3,atl_4160b1fd9e2508a9,326727,Titular,90.0,0.0,0.0005992124636192433,0.04913542,atl_4160b1fd9e2508a9
B,2022,3,26,novorizontino,5,atl_baedf75634968494,374851,Titular,90.0,0.0,0.0005992124636192433,0.04913542,atl_baedf75634968494
B,2022,3,26,novorizontino,4,atl_d319008c8b843bb2,386746,Titular,90.0,0.0,0.0005992124636192433,0.04913542,atl_d319008c8b843bb2
B,2022,3,26,novorizontino,7,atl_f71fdb44d2c9ade5,363149,Titular,118.0,0.0,0.0005720636788597954,0.04690922,atl_f71fdb44d2c9ade5
B,2022,3,27,guarani,10,atl_1f85b5f88c773ffc,292205,Titular,180.0,2.0,0.003461081402257873,0.28380867,atl_1f85b5f88c773ffc
B,2022,3,27,gremio,29,atl_e5df9289f8462eab,161625,Titular,0.0,0.0,0.0007070707070707071,0.0579798,atl_e5df9289f8462eab
B,2022,3,27,guarani,34,atl_7d7e742dcb201d1e,310802,Titular,0.0,0.0,0.0007070707070707071,0.0579798,atl_7d7e742dcb201d1e
B,2022,3,27,gremio,30,atl_8c2acfd81d190b74,406246,Titular,0.0,0.0,0.0007070707070707071,0.0579798,atl_8c2acfd81d190b74
B,2022,3,27,gremio,33,atl_a60a6b51bf66345e,161745,Titular,32.0,0.0,0.0006645401382243488,0.05449229,atl_a60a6b51bf66345e
B,2022,3,28,sampaio_correa,2,atl_44f36b62deba10f2,433799,Titular,135.0,1.0,0.0021315517378509507,0.17478724,atl_44f36b62deba10f2
B,2022,3,28,brusque,28,atl_5def5daa55a6fc96,342430,Titular,0.0,0.0,0.0007070707070707071,0.0579798,atl_5def5daa55a6fc96
B,2022,3,28,brusque,30,atl_90ee798612acdc44,401315,Titular,0.0,0.0,0.0007070707070707071,0.0579798,atl_90ee798612acdc44
B,2022,3,28,sampaio_correa,7,atl_7a53cf27f3c01bb1,537477,Titular,0.0,0.0,0.0007070707070707071,0.0579798,atl_7a53cf27f3c01bb1
B,2022,3,28,sampaio_correa,3,atl_69eaabc6a2471eeb,609605,Titular,0.0,0.0,0.0007070707070707071,0.0579798,atl_69eaabc6a2471eeb
B,2022,3,29,tombense,8,atl_2de557902e699e6d,448024,Titular,119.0,1.0,0.00218664839020251,0.17930517,atl_2de557902e699e6d
B,2022,3,29,cruzeiro_saf,26,atl_d457b6562ff8f3f8,349619,Titular,159.0,1.0,0.002053923146487638,0.1684217,atl_d457b6562ff8f3f8
B,2022,3,29,cruzeiro_saf,36,atl_cf347a9c5bf198f7,444618,Titular,180.0,1.0,0.001990493166963755,0.16322044,atl_cf347a9c5bf198f7
B,2022,3,29,tombense,1,atl_eef699aef34aeae3,172028,Titular,0.0,0.0,0.0007070707070707071,0.0579798,atl_eef699aef34aeae3
B,2022,3,29,cruzeiro_saf,90,atl_62ff779b3e197f2a,336850,Titular,0.0,0.0,0.0007070707070707071,0.0579798,atl_62ff779b3e197f2a
B,2022,3,30,vasco_da_gama,23,atl_243733f337379a15,372403,Titular,180.0,1.0,0.001990493166963755,0.16322044,atl_243733f337379a15
B,2022,3,30,vasco_da_gama,77,atl_0916e0f199792622,349759,Titular,0.0,0.0,0.0007070707070707071,0.0579798,atl_0916e0f199792622
B,2022,3,30,chapecoense,7,atl_bd21192d34396cb0,749433,Titular,45.0,0.0,0.0006486887220832175,0.05319248,atl_bd21192d34396cb0
B,2022,3,30,chapecoense,8,atl_0a2908f3b095f82a,321453,Titular,82.0,0.0,0.0006074490610573084,0.04981082,atl_0a2908f3b095f82a
B,2022,3,30,vasco_da_gama,13,atl_aae5e82ac503fb48,317697,Titular,90.0,0.0,0.0005992124636192433,0.04913542,atl_aae5e82ac503fb48
B,2022,4,31,guarani,32,atl_79973ceb0b7cc5ee,429655,Titular,266.0,1.0,0.0017780063471969478,0.14579652,atl_79973ceb0b7cc5ee
B,2022,4,31,guarani,36,atl_ba9a1ab9cce365ec,465098,Titular,0.0,0.0,0.0007239057239057239,0.05936027,atl_ba9a1ab9cce365ec
B,2022,4,31,guarani,20,atl_500391e7faaac157,441035,Titular,18.0,0.0,0.0006987506987506988,0.05729756,atl_500391e7faaac157
B,2022,4,31,criciuma,2,atl_380df224c145e892,188472,Titular,27.0,0.0,0.0006868175748631157,0.05631904,atl_380df224c145e892
B,2022,4,31,criciuma,11,atl_f171d612ee416422,355387,Titular,48.0,0.0,0.0006604979232716459,0.05416083,atl_f171d612ee416422
B,2022,4,32,nautico,3,atl_494594498f1c16f0,604967,Titular,90.0,1.0,0.0023083946812760374,0.18928836,atl_494594498f1c16f0
B,2022,4,32,crb,3,atl_7cd9d01ebec30030,167958,Titular,180.0,1.0,0.0020028718558130322,0.16423549,atl_7cd9d01ebec30030
B,2022,4,32,crb,5,atl_f90a8f255908592a,339273,Titular,251.0,1.0,0.00181351912377212,0.14870857,atl_f90a8f255908592a
B,2022,4,32,crb,10,atl_64177243b4f228a7,183844,Titular,0.0,0.0,0.0007239057239057239,0.05936027,atl_64177243b4f228a7
B,2022,4,32,nautico,1,atl_644e41434da760b7,325261,Titular,0.0,0.0,0.0007239057239057239,0.05936027,atl_644e41434da760b7
B,2022,4,33,sport,17,atl_92a51410bdcd0d91,177071,Titular,0.0,0.0,0.0007239057239057239,0.05936027,atl_92a51410bdcd0d91
B,2022,4,33,sport,77,atl_b58f267300e36871,318493,Titular,35.0,0.0,0.0006765474055193682,0.05547689,atl_b58f267300e36871
B,2022,4,33,sport,2,atl_434460be1a7e4a2b,500506,Titular,45.0,0.0,0.0006641336916566275,0.05445896,atl_434460be1a7e4a2b
B,2022,4,33,sport,20,atl_3c664c98163f1782,513348,Titular,45.0,0.0,0.0006641336916566275,0.05445896,atl_3c664c98163f1782
B,2022,4,33,sport,15,atl_979d57736ef77424,313474,Titular,180.0,0.0,0.0005322836205189146,0.04364726,atl_979d57736ef77424
B,2022,4,34,csa,25,atl_9d8549708d87b2b4,169000,Titular,182.0,1.0,0.0019969983313091817,0.16375386,atl_9d8549708d87b2b4
B,2022,4,34,brusque,2,atl_4fe8fb5bed1351fe,165065,Titular,0.0,0.0,0.0007239057239057239,0.05936027,atl_4fe8fb5bed1351fe
B,2022,4,34,brusque,88,atl_0ef3bff01f036341,291540,Titular,0.0,0.0,0.0007239057239057239,0.05936027,atl_0ef3bff01f036341
B,2022,4,34,brusque,6,atl_480949787c245401,186040,Titular,75.0,0.0,0.0006294832381788904,0.05161763,atl_480949787c245401
B,2022,4,34,brusque,9,atl_1bfab5533d625308,401299,Titular,84.0,0.0,0.0006197822978644897,0.05082215,atl_1bfab5533d625308
B,2022,4,35,novorizontino,10,atl_c2fa1cf7e716d8d8,633725,Titular,41.0,0.0,0.0006690441071217412,0.05486162,atl_c2fa1cf7e716d8d8
B,2022,4,35,novorizontino,2,atl_c3855a8d0d357d07,352632,Titular,42.0,0.0,0.0006678097084001143,0.0547604,atl_c3855a8d0d357d07
B,2022,4,35,chapecoense,7,atl_bd21192d34396cb0,749433,Titular,102.0,0.0,0.0006012506012506013,0.04930255,atl_bd21192d34396cb0
B,2022,4,35,chapecoense,8,atl_0a2908f3b095f82a,321453,Titular,155.0,0.0,0.0005525997892410106,0.04531318,atl_0a2908f3b095f82a
B,2022,4,35,novorizontino,3,atl_4160b1fd9e2508a9,326727,Titular,180.0,0.0,0.0005322836205189146,0.04364726,atl_4160b1fd9e2508a9
B,2022,4,36,gremio,29,atl_e5df9289f8462eab,161625,Titular,75.0,1.0,0.0023686136729614993,0.19422632,atl_e5df9289f8462eab
B,2022,4,36,operario,8,atl_63d54e98d4f319d5,321820,Titular,240.0,1.0,0.0018404768404768406,0.1509191,atl_63d54e98d4f319d5
B,2022,4,36,operario,6,atl_12beb13041adfa11,304325,Titular,247.0,1.0,0.0018232300695486775,0.14950487,atl_12beb13041adfa11
B,2022,4,36,gremio,27,atl_1b5a316e4002fd87,727270,Titular,270.0,1.0,0.0017687699505881324,0.14503914,atl_1b5a316e4002fd87
B,2022,4,36,operario,7,atl_bd5176d819517bb9,179100,Titular,67.0,0.0,0.0006383648358957001,0.05234592,atl_bd5176d819517bb9
B,2022,4,37,ponte_preta,40,atl_6bff0f0c397b9624,355149,Titular,111.0,1.0,0.0022290554205447823,0.18278254,atl_6bff0f0c397b9624
B,2022,4,37,ponte_preta,10,atl_14981924eccf525a,292592,Titular,180.0,1.0,0.0020028718558130322,0.16423549,atl_14981924eccf525a
B,2022,4,37,vasco_da_gama,11,atl_1a694c5db4c07afc,523349,Titular,197.0,1.0,0.0019540213227444217,0.16022975,atl_1a694c5db4c07afc
B,2022,4,37,ponte_preta,9,atl_c478eb92bcc410c2,432201,Titular,246.0,1.0,0.0018256740776848017,0.14970527,atl_c478eb92bcc410c2
B,2022,4,37,vasco_da_gama,22,atl_9cc1613efff595e5,444827,Titular,0.0,0.0,0.0007239057239057239,0.05936027,atl_9cc1613efff595e5
B,2022,4,38,bahia,2,atl_abc110f9c4ae300b,565047,Titular,156.0,1.0,0.002076147655415948,0.17024411,atl_abc110f9c4ae300b
B,2022,4,38,bahia,10,atl_fd0fc6ffc1669f02,308495,Titular,172.0,1.0,0.002026715568382235,0.16619068,atl_fd0fc6ffc1669f02
B,2022,4,38,sampaio_correa,13,atl_79501c1a5283bedc,174017,Titular,180.0,1.0,0.0020028718558130322,0.16423549,atl_79501c1a5283bedc
B,2022,4,38,sampaio_correa,7,atl_44f36b62deba10f2,433799,Titular,225.0,1.0,0.00187855567165912,0.15404157,atl_44f36b62deba10f2
B,2022,4,38,sampaio_correa,2,atl_d0050dd11dfc8c02,320016,Titular,8.0,0.0,0.0007125056337654763,0.05842546,atl_d0050dd11dfc8c02
B,2022,4,39,cruzeiro_saf,25,atl_cb0fed2ef44817a6,383527,Titular,132.0,1.0,0.002154988705621617,0.17670907,atl_cb0fed2ef44817a6
B,2022,4,39,cruzeiro_saf,26,atl_d457b6562ff8f3f8,349619,Titular,249.0,1.0,0.0018183616314457437,0.14910565,atl_d457b6562ff8f3f8
B,2022,4,39,cruzeiro_saf,36,atl_cf347a9c5bf198f7,444618,Titular,270.0,1.0,0.0017687699505881324,0.14503914,atl_cf347a9c5bf198f7
B,2022,4,39,londrina,1,atl_554d7f3733891436,177903,Titular,0.0,0.0,0.0007239057239057239,0.05936027,atl_554d7f3733891436
B,2022,4,39,londrina,3,atl_fe28b92a784ee986,351605,Titular,0.0,0.0,0.0007239057239057239,0.05936027,atl_fe28b92a784ee986
B,2022,4,40,vila_nova,7,atl_52d9e342f1a09cad,344517,Titular,188.0,1.0,0.0019795826481872995,0.16232578,atl_52d9e342f1a09cad
B,2022,4,40,tombense,10,atl_817365742dda981d,305811,Titular,218.0,1.0,0.0018968702812713957,0.15554336,atl_817365742dda981d
B,2022,4,40,vila_nova,2,atl_0d474145872a55bc,345933,Titular,270.0,1.0,0.0017687699505881324,0.14503914,atl_0d474145872a55bc
B,2022,4,40,tombense,3,atl_c5783f1416ce96a6,293385,Titular,0.0,0.0,0.0007239057239057239,0.05936027,atl_c5783f1416ce96a6
B,2022,4,40,tombense,11,atl_3daa056e3e094ae7,456887,Titular,16.0,0.0,0.0007014590347923682,0.05751964,atl_3daa056e3e094ae7
B,2022,5,41,brusque,88,atl_0ef3bff01f036341,291540,Titular,60.0,1.0,0.0024508477633477634,0.20096952,atl_0ef3bff01f036341
B,2022,5,41,ponte_preta,40,atl_6bff0f0c397b9624,355149,Titular,200.0,1.0,0.0019606782106782105,0.16077561,atl_6bff0f0c397b9624
B,2022,5,41,ponte_preta,19,atl_67a835638bc6356c,600810,Titular,254.0,1.0,0.001820258285775527,0.14926118,atl_67a835638bc6356c
B,2022,5,41,ponte_preta,10,atl_14981924eccf525a,292592,Titular,270.0,1.0,0.0017824347369801913,0.14615965,atl_14981924eccf525a
B,2022,5,41,ponte_preta,9,atl_c478eb92bcc410c2,432201,Titular,336.0,1.0,0.0016417162051133342,0.13462073,atl_c478eb92bcc410c2
B,2022,5,42,sport,98,atl_d833492275361d9d,439695,Titular,214.0,1.0,0.0019222335398805985,0.15762315,atl_d833492275361d9d
B,2022,5,42,csa,29,atl_dadb4d91e57b3746,382612,Titular,229.0,1.0,0.0018826814094303804,0.15437988,atl_dadb4d91e57b3746
B,2022,5,42,csa,25,atl_9d8549708d87b2b4,169000,Titular,252.0,1.0,0.001825099398237696,0.14965815,atl_9d8549708d87b2b4
B,2022,5,42,csa,5,atl_518c2b6993e189a8,175223,Titular,274.0,1.0,0.00177322318795187,0.1454043,atl_518c2b6993e189a8
B,2022,5,42,sport,7,atl_8bccda153adf0fb1,175065,Titular,0.0,0.0,0.000744949494949495,0.06108586,atl_8bccda153adf0fb1
B,2022,5,44,novorizontino,5,atl_baedf75634968494,374851,Titular,254.0,1.0,0.001820258285775527,0.14926118,atl_baedf75634968494
B,2022,5,44,novorizontino,10,atl_c2fa1cf7e716d8d8,633725,Titular,104.0,0.0,0.0006166800454879926,0.05056776,atl_c2fa1cf7e716d8d8
B,2022,5,44,novorizontino,2,atl_c3855a8d0d357d07,352632,Titular,105.0,0.0,0.0006156607396276819,0.05048418,atl_c3855a8d0d357d07
B,2022,5,44,criciuma,9,atl_2df71f9af59d4e2a,307277,Titular,113.0,0.0,0.0006076260154563581,0.04982533,atl_2df71f9af59d4e2a
B,2022,5,44,novorizontino,4,atl_43aca2e9da0a643b,291797,Titular,135.0,0.0,0.0005865744054720433,0.0480991,atl_43aca2e9da0a643b
B,2022,5,45,bahia,2,atl_abc110f9c4ae300b,565047,Titular,218.0,2.0,0.003304282378098534,0.27095116,atl_abc110f9c4ae300b
B,2022,5,45,bahia,10,atl_fd0fc6ffc1669f02,308495,Titular,248.0,1.0,0.0018348592880678442,0.15045846,atl_fd0fc6ffc1669f02
B,2022,5,45,ituano,6,atl_83dd57f3650e4f51,188110,Titular,12.0,0.0,0.0007274897411616162,0.05965416,atl_83dd57f3650e4f51
B,2022,5,45,ituano,10,atl_810c90072ebd2bcd,147495,Titular,66.0,0.0,0.000658082592711568,0.05396277,atl_810c90072ebd2bcd
B,2022,5,45,ituano,5,atl_6f738d7d97f0c9a2,622068,Titular,72.0,0.0,0.0006511796284523558,0.05339673,atl_6f738d7d97f0c9a2
B,2022,5,46,vila_nova,1,atl_3486a99ece7d1ca8,351526,Titular,270.0,1.0,0.0017824347369801913,0.14615965,atl_3486a99ece7d1ca8
B,2022,5,46,vila_nova,7,atl_52d9e342f1a09cad,344517,Titular,271.0,1.0,0.0017801228890723052,0.14597008,atl_52d9e342f1a09cad
B,2022,5,46,londrina,5,atl_cdc4b3007f5d4f4b,174223,Titular,360.0,1.0,0.001595900869156683,0.13086387,atl_cdc4b3007f5d4f4b
B,2022,5,46,vila_nova,2,atl_0d474145872a55bc,345933,Titular,360.0,1.0,0.001595900869156683,0.13086387,atl_0d474145872a55bc
B,2022,5,46,londrina,10,atl_08c080b9548a8341,187597,Titular,0.0,0.0,0.000744949494949495,0.06108586,atl_08c080b9548a8341
B,2022,5,47,gremio,29,atl_e5df9289f8462eab,161625,Titular,157.0,1.0,0.0020890026597789155,0.17129822,atl_e5df9289f8462eab
B,2022,5,47,crb,20,atl_dce0738da0f39b3d,181172,Titular,250.0,1.0,0.0018299663299663298,0.15005724,atl_dce0738da0f39b3d
B,2022,5,47,crb,3,atl_7cd9d01ebec30030,167958,Titular,270.0,1.0,0.0017824347369801913,0.14615965,atl_7cd9d01ebec30030
B,2022,5,47,crb,5,atl_f90a8f255908592a,339273,Titular,341.0,1.0,0.0016319557044884036,0.13382037,atl_f90a8f255908592a
B,2022,5,47,crb,9,atl_350ce58577f70908,182466,Titular,360.0,1.0,0.001595900869156683,0.13086387,atl_350ce58577f70908
B,2022,5,48,sampaio_correa,11,atl_69bd4ef92b096673,183546,Titular,252.0,1.0,0.001825099398237696,0.14965815,atl_69bd4ef92b096673
B,2022,5,48,sampaio_correa,13,atl_79501c1a5283bedc,174017,Titular,270.0,1.0,0.0017824347369801913,0.14615965,atl_79501c1a5283bedc
B,2022,5,48,sampaio_correa,2,atl_44f36b62deba10f2,433799,Titular,315.0,1.0,0.0016840180950610398,0.13808948,atl_44f36b62deba10f2
B,2022,5,48,operario,6,atl_12beb13041adfa11,304325,Titular,337.0,1.0,0.0016397547759554928,0.13445989,atl_12beb13041adfa11
B,2022,5,48,operario,3,atl_555d3450a4c1e5e2,298995,Titular,0.0,0.0,0.000744949494949495,0.06108586,atl_555d3450a4c1e5e2
B,2022,5,49,tombense,8,atl_2de557902e699e6d,448024,Titular,164.0,1.0,0.0020669800413776317,0.16949236,atl_2de557902e699e6d
B,2022,5,49,tombense,11,atl_817365742dda981d,305811,Titular,281.0,1.0,0.0017573300223748367,0.14410106,atl_817365742dda981d
B,2022,5,49,vasco_da_gama,11,atl_1a694c5db4c07afc,523349,Titular,287.0,1.0,0.0017439323347836688,0.14300245,atl_1a694c5db4c07afc
B,2022,5,49,tombense,7,atl_89c51f04abfae26b,412193,Titular,311.0,1.0,0.0016923239796236096,0.13877057,atl_89c51f04abfae26b
B,2022,5,49,vasco_da_gama,10,atl_94269f03c975963b,150986,Titular,325.0,1.0,0.0016636057545148454,0.13641567,atl_94269f03c975963b
B,2022,5,50,cruzeiro_saf,25,atl_cb0fed2ef44817a6,383527,Titular,210.0,1.0,0.0019330630246123203,0.15851117,atl_cb0fed2ef44817a6
B,2022,5,50,cruzeiro_saf,14,atl_0f686e913bd13247,291997,Titular,253.0,1.0,0.0018226756274565038,0.1494594,atl_0f686e913bd13247
B,2022,5,50,cruzeiro_saf,26,atl_d457b6562ff8f3f8,349619,Titular,339.0,1.0,0.0016358459445467788,0.13413937,atl_d457b6562ff8f3f8
B,2022,5,50,cruzeiro_saf,6,atl_c1e2e1728df4f926,502230,Titular,45.0,0.0,0.00068343990362339,0.05604207,atl_c1e2e1728df4f926
B,2022,5,50,chapecoense,5,atl_ac01c67d84ab2827,581520,Titular,109.0,0.0,0.0006116169909273358,0.05015259,atl_ac01c67d84ab2827
B,2022,6,51,guarani,10,atl_1f85b5f88c773ffc,292205,Titular,262.0,3.0,0.004444249663597245,0.36442847,atl_1f85b5f88c773ffc
B,2022,6,51,ponte_preta,40,atl_6bff0f0c397b9624,355149,Titular,253.0,1.0,0.0018413256887929625,0.15098871,atl_6bff0f0c397b9624
B,2022,6,51,guarani,7,atl_9bdf70ce10daa991,360465,Titular,293.0,1.0,0.0017484467133179076,0.14337263,atl_9bdf70ce10daa991
B,2022,6,51,ponte_preta,19,atl_67a835638bc6356c,600810,Titular,316.0,1.0,0.0016991645142905647,0.13933149,atl_67a835638bc6356c
B,2022,6,51,ponte_preta,10,atl_14981924eccf525a,292592,Titular,360.0,1.0,0.0016122305158850008,0.1322029,atl_14981924eccf525a
B,2022,6,52,sampaio_correa,8,atl_92b62a0719c50c35,434877,Titular,170.0,1.0,0.0020694302144195534,0.16969328,atl_92b62a0719c50c35
B,2022,6,52,sampaio_correa,10,atl_c2d1993350b61679,368089,Titular,253.0,1.0,0.0018413256887929625,0.15098871,atl_c2d1993350b61679
B,2022,6,52,crb,2,atl_dce0738da0f39b3d,181172,Titular,295.0,1.0,0.001744048105234089,0.14301194,atl_dce0738da0f39b3d
B,2022,6,52,sampaio_correa,11,atl_69bd4ef92b096673,183546,Titular,342.0,1.0,0.0016466962513789795,0.13502909,atl_69bd4ef92b096673
B,2022,6,52,crb,7,atl_6d8cb3b581ba9adc,315979,Titular,351.0,1.0,0.0016292811323867225,0.13360105,atl_6d8cb3b581ba9adc
B,2022,6,53,tombense,11,atl_817365742dda981d,305811,Titular,371.0,1.0,0.0015918693957073487,0.13053329,atl_817365742dda981d
B,2022,6,53,sport,10,atl_d27ce23202b6a699,381047,Titular,0.0,0.0,0.0007730364873222016,0.06338899,atl_d27ce23202b6a699
B,2022,6,53,sport,29,atl_9d47006aea45264f,670174,Titular,81.0,0.0,0.0006652637584528414,0.05455163,atl_9d47006aea45264f
B,2022,6,53,sport,17,atl_92a51410bdcd0d91,177071,Titular,90.0,0.0,0.0006551156672222047,0.05371948,atl_92a51410bdcd0d91
B,2022,6,53,tombense,3,atl_c5783f1416ce96a6,293385,Titular,90.0,0.0,0.0006551156672222047,0.05371948,atl_c5783f1416ce96a6
B,2022,6,54,brusque,88,atl_0ef3bff01f036341,291540,Titular,116.0,1.0,0.002250841304644644,0.18456899,atl_0ef3bff01f036341
B,2022,6,54,chapecoense,8,atl_0a2908f3b095f82a,321453,Titular,263.0,1.0,0.0018171929798965934,0.14900982,atl_0a2908f3b095f82a
B,2022,6,54,brusque,40,atl_7dbc5a976d68a775,166649,Titular,0.0,0.0,0.0007730364873222016,0.06338899,atl_7dbc5a976d68a775
B,2022,6,54,brusque,2,atl_4fe8fb5bed1351fe,165065,Titular,144.0,0.0,0.0006001836081694112,0.04921506,atl_4fe8fb5bed1351fe
B,2022,6,54,brusque,19,atl_07f762f22259a169,340936,Titular,162.0,0.0,0.0005838644164064968,0.04787688,atl_07f762f22259a169
B,2022,6,55,novorizontino,5,atl_baedf75634968494,374851,Titular,317.0,2.0,0.0029210749616414944,0.23952815,atl_baedf75634968494
B,2022,6,55,novorizontino,3,atl_f0efe640866e62fb,356106,Titular,90.0,1.0,0.002350030921459493,0.19270254,atl_f0efe640866e62fb
B,2022,6,55,novorizontino,2,atl_518fecebbfee082a,455446,Titular,126.0,1.0,0.002214885373260544,0.1816206,atl_518fecebbfee082a
B,2022,6,55,ituano,9,atl_322cc5bea2cec34b,413041,Titular,404.0,1.0,0.001533759119094138,0.12576825,atl_322cc5bea2cec34b
B,2022,6,55,ituano,6,atl_83dd57f3650e4f51,188110,Titular,102.0,0.0,0.0006420568831579748,0.05264866,atl_83dd57f3650e4f51
B,2022,6,56,operario,6,atl_12beb13041adfa11,304325,Titular,427.0,1.0,0.0014957046857185553,0.12264778,atl_12beb13041adfa11
B,2022,6,56,criciuma,5,atl_c7809be851941ca1,337272,Titular,0.0,0.0,0.0007730364873222016,0.06338899,atl_c7809be851941ca1
B,2022,6,56,criciuma,9,atl_3554074410343200,184899,Titular,45.0,0.0,0.0007092077865341299,0.05815504,atl_3554074410343200
B,2022,6,56,criciuma,4,atl_179b7e2803c55283,184819,Titular,63.0,0.0,0.0006865332924708718,0.05629573,atl_179b7e2803c55283
B,2022,6,56,operario,8,atl_6de614f69e89874e,341345,Titular,95.0,0.0,0.0006496104935480686,0.05326806,atl_6de614f69e89874e
B,2022,6,57,csa,29,atl_dadb4d91e57b3746,382612,Titular,319.0,2.0,0.0029139416894518933,0.23894322,atl_dadb4d91e57b3746
B,2022,6,57,csa,15,atl_5456abee9c3eab66,422561,Titular,104.0,1.0,0.002295560006061425,0.18823592,atl_5456abee9c3eab66
B,2022,6,57,csa,5,atl_518c2b6993e189a8,175223,Titular,333.0,1.0,0.0016644876874683083,0.13648799,atl_518c2b6993e189a8
B,2022,6,57,vasco_da_gama,11,atl_1a694c5db4c07afc,523349,Titular,355.0,1.0,0.0016216587645159074,0.13297602,atl_1a694c5db4c07afc
B,2022,6,57,vasco_da_gama,10,atl_94269f03c975963b,150986,Titular,408.0,1.0,0.0015270024709924017,0.1252142,atl_94269f03c975963b
B,2022,6,58,bahia,2,atl_abc110f9c4ae300b,565047,Titular,300.0,2.0,0.002983147804576376,0.24461812,atl_abc110f9c4ae300b
B,2022,6,58,bahia,5,atl_dbd328c9fd45f7eb,315696,Titular,216.0,1.0,0.0019364779939400848,0.1587912,atl_dbd328c9fd45f7eb
B,2022,6,58,bahia,10,atl_fd0fc6ffc1669f02,308495,Titular,338.0,1.0,0.001654556376683891,0.13567362,atl_fd0fc6ffc1669f02
B,2022,6,58,bahia,6,atl_e3673ee3dc8325c2,422344,Titular,360.0,1.0,0.0016122305158850008,0.1322029,atl_e3673ee3dc8325c2
B,2022,6,58,londrina,5,atl_cdc4b3007f5d4f4b,174223,Titular,450.0,1.0,0.0014594928880643167,0.11967842,atl_cdc4b3007f5d4f4b
B,2022,6,59,gremio,29,atl_e5df9289f8462eab,161625,Titular,223.0,1.0,0.0019177292443445376,0.1572538,atl_e5df9289f8462eab
B,2022,6,59,cruzeiro_saf,25,atl_cb0fed2ef44817a6,383527,Titular,287.0,1.0,0.0017617766755541305,0.14446569,atl_cb0fed2ef44817a6
B,2022,6,59,cruzeiro_saf,14,atl_0f686e913bd13247,291997,Titular,343.0,1.0,0.0016447428750428243,0.13486892,atl_0f686e913bd13247
B,2022,6,59,cruzeiro_saf,26,atl_d457b6562ff8f3f8,349619,Titular,429.0,1.0,0.001492484654102369,0.12238374,atl_d457b6562ff8f3f8
B,2022,6,59,gremio,27,atl_1b5a316e4002fd87,727270,Titular,450.0,1.0,0.0014594928880643167,0.11967842,atl_1b5a316e4002fd87
B,2022,6,60,vila_nova,10,atl_87f9ff6fddc8c0f4,316763,Titular,295.0,1.0,0.001744048105234089,0.14301194,atl_87f9ff6fddc8c0f4
B,2022,6,60,vila_nova,7,atl_52d9e342f1a09cad,344517,Titular,355.0,1.0,0.0016216587645159074,0.13297602,atl_52d9e342f1a09cad
B,2022,6,60,vila_nova,1,atl_3486a99ece7d1ca8,351526,Titular,360.0,1.0,0.0016122305158850008,0.1322029,atl_3486a99ece7d1ca8
B,2022,6,60,vila_nova,2,atl_0d474145872a55bc,345933,Titular,450.0,1.0,0.0014594928880643167,0.11967842,atl_0d474145872a55bc
B,2022,6,60,vila_nova,6,atl_d953fadd152f9458,177998,Titular,30.0,0.0,0.0007292797050209449,0.05980094,atl_d953fadd152f9458
B,2022,7,62,csa,19,atl_3ded275cfc70a78e,184798,Titular,117.0,1.0,0.002279754388097107,0.18693986,atl_3ded275cfc70a78e
B,2022,7,62,csa,15,atl_5456abee9c3eab66,422561,Titular,194.0,1.0,0.0020268133392736527,0.16619869,atl_5456abee9c3eab66
B,2022,7,62,csa,80,atl_9d8549708d87b2b4,169000,Titular,342.0,1.0,0.0016705563627742459,0.13698562,atl_9d8549708d87b2b4
B,2022,7,62,operario,6,atl_12beb13041adfa11,304325,Titular,517.0,1.0,0.0013830958283735644,0.11341386,atl_12beb13041adfa11
B,2022,7,62,csa,2,atl_c2fec21695731300,529861,Titular,43.0,0.0,0.0007488185220182598,0.06140312,atl_c2fec21695731300
B,2022,7,63,nautico,11,atl_f168e096e1df4525,462610,Titular,145.0,1.0,0.0021807883061332016,0.17882464,atl_f168e096e1df4525
B,2022,7,63,nautico,5,atl_39a07a13aee6ad55,358911,Titular,225.0,1.0,0.0019401495964909172,0.15909227,atl_39a07a13aee6ad55
B,2022,7,63,cruzeiro_saf,5,atl_61bfa35fef5fdda6,409873,Titular,335.0,1.0,0.0016845610268933114,0.138134,atl_61bfa35fef5fdda6
B,2022,7,63,cruzeiro_saf,36,atl_cf347a9c5bf198f7,444618,Titular,362.0,1.0,0.00163179635435721,0.1338073,atl_cf347a9c5bf198f7
B,2022,7,63,cruzeiro_saf,25,atl_cb0fed2ef44817a6,383527,Titular,377.0,1.0,0.0016038864965289795,0.13151869,atl_cb0fed2ef44817a6
B,2022,7,64,crb,4,atl_9220edb0a3044fd0,188660,Titular,157.0,1.0,0.0021409565562494903,0.17555844,atl_9220edb0a3044fd0
B,2022,7,64,crb,2,atl_dce0738da0f39b3d,181172,Titular,385.0,1.0,0.0015893880875208078,0.13032982,atl_dce0738da0f39b3d
B,2022,7,64,crb,7,atl_6d8cb3b581ba9adc,315979,Titular,421.0,1.0,0.001527262168790353,0.1252355,atl_6d8cb3b581ba9adc
B,2022,7,64,crb,3,atl_7cd9d01ebec30030,167958,Titular,450.0,1.0,0.0014806404815325422,0.12141252,atl_7cd9d01ebec30030
B,2022,7,64,crb,6,atl_8b2fdbd01179d332,419442,Titular,521.0,1.0,0.0013776772355102009,0.11296953,atl_8b2fdbd01179d332
B,2022,7,65,gremio,29,atl_e5df9289f8462eab,161625,Titular,293.0,1.0,0.0017737811569431463,0.14545005,atl_e5df9289f8462eab
B,2022,7,65,ituano,11,atl_b36618bb7e0071c5,355362,Titular,447.0,1.0,0.0014853310004814308,0.12179714,atl_b36618bb7e0071c5
B,2022,7,65,ituano,9,atl_322cc5bea2cec34b,413041,Titular,484.0,1.0,0.0014294801396909705,0.11721737,atl_322cc5bea2cec34b
B,2022,7,65,gremio,27,atl_1b5a316e4002fd87,727270,Titular,540.0,1.0,0.001352508132169149,0.11090567,atl_1b5a316e4002fd87
B,2022,7,65,gremio,59,atl_37eaa6ae7370365d,590905,Titular,105.0,0.0,0.0006720800949684547,0.05511057,atl_37eaa6ae7370365d
B,2022,7,66,brusque,88,atl_0ef3bff01f036341,291540,Titular,173.0,1.0,0.0020900571433223104,0.17138469,atl_0ef3bff01f036341
B,2022,7,66,londrina,5,atl_cdc4b3007f5d4f4b,174223,Titular,540.0,1.0,0.001352508132169149,0.11090567,atl_cdc4b3007f5d4f4b
B,2022,7,66,londrina,4,atl_636c88e9ed84d6a7,188643,Titular,540.0,1.0,0.001352508132169149,0.11090567,atl_636c88e9ed84d6a7
B,2022,7,66,londrina,7,atl_54ba322a900531cf,310627,Titular,0.0,0.0,0.0008132169149118302,0.06668379,atl_54ba322a900531cf
B,2022,7,66,londrina,3,atl_c2f979073bbd3970,682166,Titular,0.0,0.0,0.0008132169149118302,0.06668379,atl_c2f979073bbd3970
B,2022,7,67,bahia,2,atl_abc110f9c4ae300b,565047,Titular,390.0,2.0,0.00270405444657968,0.22173246,atl_abc110f9c4ae300b
B,2022,7,67,bahia,5,atl_dbd328c9fd45f7eb,315696,Titular,279.0,1.0,0.0018056591238201733,0.14806405,atl_dbd328c9fd45f7eb
B,2022,7,67,bahia,10,atl_fd0fc6ffc1669f02,308495,Titular,415.0,1.0,0.00153727700268406,0.12605671,atl_fd0fc6ffc1669f02
B,2022,7,67,vasco_da_gama,11,atl_1a694c5db4c07afc,523349,Titular,445.0,1.0,0.0014884745581544075,0.12205491,atl_1a694c5db4c07afc
B,2022,7,67,bahia,6,atl_e3673ee3dc8325c2,422344,Titular,450.0,1.0,0.0014806404815325422,0.12141252,atl_e3673ee3dc8325c2
B,2022,7,68,sampaio_correa,9,atl_5aa871d709484161,338185,Titular,190.0,1.0,0.0020385629818201667,0.16716216,atl_5aa871d709484161
B,2022,7,68,sampaio_correa,10,atl_c2d1993350b61679,368089,Titular,327.0,1.0,0.001700856659559752,0.13947025,atl_c2d1993350b61679
B,2022,7,68,vila_nova,10,atl_87f9ff6fddc8c0f4,316763,Titular,385.0,1.0,0.0015893880875208078,0.13032982,atl_87f9ff6fddc8c0f4
B,2022,7,68,sampaio_correa,2,atl_44f36b62deba10f2,433799,Titular,405.0,1.0,0.0015542634889015635,0.12744961,atl_44f36b62deba10f2
B,2022,7,68,sampaio_correa,11,atl_69bd4ef92b096673,183546,Titular,432.0,1.0,0.0015092365423346728,0.1237574,atl_69bd4ef92b096673
B,2022,7,69,guarani,10,atl_1f85b5f88c773ffc,292205,Titular,352.0,3.0,0.003998366734103187,0.32786607,atl_1f85b5f88c773ffc
B,2022,7,69,tombense,7,atl_89c51f04abfae26b,412193,Titular,399.0,2.0,0.0026769838236439547,0.21951267,atl_89c51f04abfae26b
B,2022,7,69,guarani,98,atl_335511c91eb2bad8,424347,Titular,98.0,1.0,0.0023521880559463464,0.19287942,atl_335511c91eb2bad8
B,2022,7,69,guarani,34,atl_7d7e742dcb201d1e,310802,Titular,108.0,1.0,0.002313500752394597,0.18970706,atl_7d7e742dcb201d1e
B,2022,7,69,tombense,8,atl_2de557902e699e6d,448024,Titular,230.0,1.0,0.0019268609006245412,0.15800259,atl_2de557902e699e6d
B,2022,7,70,chapecoense,4,atl_57bb60157c4451f9,333824,Titular,54.0,1.0,0.002539004435841002,0.20819836,atl_57bb60157c4451f9
B,2022,7,70,chapecoense,18,atl_0a2908f3b095f82a,321453,Titular,353.0,1.0,0.001649013431953007,0.1352191,atl_0a2908f3b095f82a
B,2022,7,70,sport,46,atl_40fbc9435ae76d3a,554138,Titular,540.0,1.0,0.001352508132169149,0.11090567,atl_40fbc9435ae76d3a
B,2022,7,70,chapecoense,30,atl_2065633bf900267f,567402,Titular,54.0,0.0,0.0007339502842164531,0.06018392,atl_2065633bf900267f
B,2022,7,70,sport,10,atl_d27ce23202b6a699,381047,Titular,67.0,0.0,0.0007171224999222488,0.05880404,atl_d27ce23202b6a699
B,2022,8,71,guarani,10,atl_1f85b5f88c773ffc,292205,Titular,435.0,3.0,0.0036216204193555562,0.29697287,atl_1f85b5f88c773ffc
B,2022,8,71,guarani,98,atl_335511c91eb2bad8,424347,Titular,188.0,1.0,0.0020148475175834958,0.1652175,atl_335511c91eb2bad8
B,2022,8,71,guarani,7,atl_9bdf70ce10daa991,360465,Titular,417.0,1.0,0.0015116849423091002,0.12395817,atl_9bdf70ce10daa991
B,2022,8,71,vasco_da_gama,11,atl_1a694c5db4c07afc,523349,Titular,535.0,1.0,0.0013393382532342463,0.10982574,atl_1a694c5db4c07afc
B,2022,8,71,guarani,14,atl_25e6a15f23086716,178875,Titular,42.0,0.0,0.0007125739706594927,0.05843107,atl_25e6a15f23086716
B,2022,8,72,crb,9,atl_350ce58577f70908,182466,Titular,540.0,2.0,0.0022944375885552357,0.18814388,atl_350ce58577f70908
B,2022,8,72,crb,4,atl_9220edb0a3044fd0,188660,Titular,247.0,1.0,0.0018557096279751607,0.15216819,atl_9220edb0a3044fd0
B,2022,8,72,crb,2,atl_dce0738da0f39b3d,181172,Titular,430.0,1.0,0.0014905538624703709,0.12222542,atl_dce0738da0f39b3d
B,2022,8,72,crb,7,atl_6d8cb3b581ba9adc,315979,Titular,483.0,1.0,0.0014101882930798017,0.11563544,atl_6d8cb3b581ba9adc
B,2022,8,72,crb,3,atl_7cd9d01ebec30030,167958,Titular,540.0,1.0,0.001332899127016774,0.10929773,atl_7cd9d01ebec30030
B,2022,8,73,nautico,2,atl_02d62a800c3c4502,424585,Titular,90.0,1.0,0.0023495171052499066,0.1926604,atl_02d62a800c3c4502
B,2022,8,73,csa,19,atl_3ded275cfc70a78e,184798,Titular,173.0,1.0,0.0020597549659694576,0.16889991,atl_3ded275cfc70a78e
B,2022,8,73,nautico,11,atl_f168e096e1df4525,462610,Titular,210.0,1.0,0.0019524156226724577,0.16009808,atl_f168e096e1df4525
B,2022,8,73,csa,15,atl_5456abee9c3eab66,422561,Titular,250.0,1.0,0.00184828678946326,0.15155952,atl_5456abee9c3eab66
B,2022,8,73,nautico,4,atl_640fc0353b94e042,388312,Titular,405.0,1.0,0.0015317293835330884,0.12560181,atl_640fc0353b94e042
B,2022,8,74,tombense,7,atl_89c51f04abfae26b,412193,Titular,454.0,2.0,0.0025012736814438627,0.20510444,atl_89c51f04abfae26b
B,2022,8,74,brusque,68,atl_d886c2dcae0e2c37,370091,Titular,236.0,1.0,0.001883444418610659,0.15444244,atl_d886c2dcae0e2c37
B,2022,8,74,tombense,8,atl_2de557902e699e6d,448024,Titular,306.0,1.0,0.0017198698413119664,0.14102933,atl_2de557902e699e6d
B,2022,8,74,tombense,1,atl_eef699aef34aeae3,172028,Titular,450.0,1.0,0.0014591737811552052,0.11965225,atl_eef699aef34aeae3
B,2022,8,74,brusque,5,atl_896da3eec86671a6,183707,Titular,535.0,1.0,0.0013393382532342463,0.10982574,atl_896da3eec86671a6
B,2022,8,75,novorizontino,3,atl_f0efe640866e62fb,356106,Titular,180.0,1.0,0.0020385516060256546,0.16716123,atl_f0efe640866e62fb
B,2022,8,75,novorizontino,2,atl_518fecebbfee082a,455446,Titular,216.0,1.0,0.0019360545979014594,0.15875648,atl_518fecebbfee082a
B,2022,8,75,sport,46,atl_40fbc9435ae76d3a,554138,Titular,630.0,1.0,0.001226739019555261,0.1005926,atl_40fbc9435ae76d3a
B,2022,8,75,novorizontino,9,atl_6611ad4d57c99a74,298282,Titular,0.0,0.0,0.0007724301841948901,0.06333928,atl_6611ad4d57c99a74
B,2022,8,75,novorizontino,5,atl_164e1764843bad47,330362,Titular,34.0,0.0,0.0007232492361375375,0.05930644,atl_164e1764843bad47
B,2022,8,76,operario,5,atl_8636b06ce9f06034,309584,Titular,98.0,1.0,0.002318085438290042,0.19008301,atl_8636b06ce9f06034
B,2022,8,76,ituano,9,atl_b36618bb7e0071c5,355362,Titular,513.0,1.0,0.0013684255598197877,0.1122109,atl_b36618bb7e0071c5
B,2022,8,76,operario,6,atl_12beb13041adfa11,304325,Titular,607.0,1.0,0.0012522268221295799,0.1026826,atl_12beb13041adfa11
B,2022,8,76,operario,11,atl_aa2fff11b4299100,185301,Titular,119.0,0.0,0.0006239339129199435,0.05116258,atl_aa2fff11b4299100
B,2022,8,76,ituano,8,atl_7f8052acd8db694b,380640,Titular,125.0,0.0,0.000617944147355912,0.05067142,atl_7f8052acd8db694b
B,2022,8,77,gremio,29,atl_e5df9289f8462eab,161625,Titular,367.0,1.0,0.0015988640047260034,0.13110685,atl_e5df9289f8462eab
B,2022,8,77,gremio,16,atl_2b16b70931306009,320111,Titular,432.0,1.0,0.0014873552490315934,0.12196313,atl_2b16b70931306009
B,2022,8,77,criciuma,6,atl_127c6107d2f86526,363926,Titular,562.0,1.0,0.0013052872806943927,0.10703356,atl_127c6107d2f86526
B,2022,8,77,gremio,27,atl_1b5a316e4002fd87,727270,Titular,630.0,1.0,0.001226739019555261,0.1005926,atl_1b5a316e4002fd87
B,2022,8,77,gremio,9,atl_c9eedaca2c7c9aab,177087,Titular,89.0,0.0,0.0006557132293674788,0.05376848,atl_c9eedaca2c7c9aab
B,2022,8,78,bahia,2,atl_abc110f9c4ae300b,565047,Titular,480.0,2.0,0.0024349133592831075,0.1996629,atl_abc110f9c4ae300b
B,2022,8,78,ponte_preta,40,atl_6bff0f0c397b9624,355149,Titular,343.0,1.0,0.0016443832646470284,0.13483943,atl_6bff0f0c397b9624
B,2022,8,78,bahia,5,atl_dbd328c9fd45f7eb,315696,Titular,369.0,1.0,0.0015951842256587399,0.13080511,atl_dbd328c9fd45f7eb
B,2022,8,78,ponte_preta,9,atl_c478eb92bcc410c2,432201,Titular,488.0,1.0,0.0014030517126492358,0.11505024,atl_c478eb92bcc410c2
B,2022,8,78,bahia,6,atl_e3673ee3dc8325c2,422344,Titular,521.0,1.0,0.0013577033223285456,0.11133167,atl_e3673ee3dc8325c2
B,2022,8,79,sampaio_correa,15,atl_e0d3ad42c0d03528,184656,Titular,108.0,1.0,0.002279959033055008,0.18695664,atl_e0d3ad42c0d03528
B,2022,8,79,cruzeiro_saf,26,atl_d457b6562ff8f3f8,349619,Titular,609.0,2.0,0.002151681778266407,0.17643791,atl_d457b6562ff8f3f8
B,2022,8,79,sampaio_correa,11,atl_92b62a0719c50c35,434877,Titular,252.0,1.0,0.0018433711331083044,0.15115643,atl_92b62a0719c50c35
B,2022,8,79,sampaio_correa,9,atl_5aa871d709484161,338185,Titular,272.0,1.0,0.0017956154042713017,0.14724046,atl_5aa871d709484161
B,2022,8,79,cruzeiro_saf,5,atl_61bfa35fef5fdda6,409873,Titular,392.0,1.0,0.0015540527938312163,0.12743233,atl_61bfa35fef5fdda6
B,2022,8,80,vila_nova,2,atl_0d474145872a55bc,345933,Titular,495.0,2.0,0.002398206122711,0.1966529,atl_0d474145872a55bc
B,2022,8,80,chapecoense,4,atl_57bb60157c4451f9,333824,Titular,144.0,1.0,0.0021525079069836103,0.17650565,atl_57bb60157c4451f9
B,2022,8,80,chapecoense,20,atl_59ce4e633f7ddd33,324181,Titular,156.0,1.0,0.0021131327623436663,0.17327689,atl_59ce4e633f7ddd33
B,2022,8,80,chapecoense,18,atl_0a2908f3b095f82a,321453,Titular,443.0,1.0,0.001470005399891246,0.12054044,atl_0a2908f3b095f82a
B,2022,8,80,vila_nova,10,atl_87f9ff6fddc8c0f4,316763,Titular,475.0,1.0,0.0014217590688178922,0.11658424,atl_87f9ff6fddc8c0f4
B,2022,9,81,chapecoense,20,atl_59ce4e633f7ddd33,324181,Titular,235.0,2.0,0.003249660392517535,0.26647215,atl_59ce4e633f7ddd33
B,2022,9,81,ponte_preta,19,atl_67a835638bc6356c,600810,Titular,377.0,1.0,0.0015832387554166345,0.12982558,atl_67a835638bc6356c
B,2022,9,81,ponte_preta,10,atl_14981924eccf525a,292592,Titular,450.0,1.0,0.0014615793563161983,0.11984951,atl_14981924eccf525a
B,2022,9,81,chapecoense,18,atl_0a2908f3b095f82a,321453,Titular,503.0,1.0,0.0013843473464610052,0.11351648,atl_0a2908f3b095f82a
B,2022,9,81,ponte_preta,50,atl_1b93d2582891b2fb,465048,Titular,619.0,1.0,0.0012408403829315357,0.10174891,atl_1b93d2582891b2fb
B,2022,9,82,novorizontino,5,atl_baedf75634968494,374851,Titular,407.0,2.0,0.00263340726405776,0.2159394,atl_baedf75634968494
B,2022,9,82,novorizontino,9,atl_6611ad4d57c99a74,298282,Titular,57.0,1.0,0.0024928193689414515,0.20441119,atl_6611ad4d57c99a74
B,2022,9,82,novorizontino,2,atl_518fecebbfee082a,455446,Titular,285.0,1.0,0.0017687903038221507,0.1450408,atl_518fecebbfee082a
B,2022,9,82,csa,30,atl_6b65b40716ec72b5,347212,Titular,0.0,0.0,0.000777000777000777,0.06371406,atl_6b65b40716ec72b5
B,2022,9,82,novorizontino,11,atl_c4da53b1cbdf6369,383244,Titular,33.0,0.0,0.0007288937870551378,0.05976929,atl_c4da53b1cbdf6369
B,2022,9,83,crb,9,atl_350ce58577f70908,182466,Titular,630.0,3.0,0.002998672910177335,0.24589118,atl_350ce58577f70908
B,2022,9,83,crb,4,atl_9220edb0a3044fd0,188660,Titular,337.0,1.0,0.0016589013004783613,0.13602991,atl_9220edb0a3044fd0
B,2022,9,83,crb,2,atl_dce0738da0f39b3d,181172,Titular,498.0,1.0,0.0013912829544092068,0.1140852,atl_dce0738da0f39b3d
B,2022,9,83,crb,7,atl_6d8cb3b581ba9adc,315979,Titular,551.0,1.0,0.0013211231098957073,0.1083321,atl_6d8cb3b581ba9adc
B,2022,9,83,crb,3,atl_7cd9d01ebec30030,167958,Titular,630.0,1.0,0.001228761405752556,0.10075844,atl_7cd9d01ebec30030
B,2022,9,84,cruzeiro_saf,26,atl_d457b6562ff8f3f8,349619,Titular,699.0,2.0,0.0019920770546291815,0.16335032,atl_d457b6562ff8f3f8
B,2022,9,84,cruzeiro_saf,36,atl_cf347a9c5bf198f7,444618,Titular,542.0,1.0,0.0013325339620925032,0.10926778,atl_cf347a9c5bf198f7
B,2022,9,84,cruzeiro_saf,25,atl_cb0fed2ef44817a6,383527,Titular,554.0,1.0,0.0013173627974386987,0.10802375,atl_cb0fed2ef44817a6
B,2022,9,84,cruzeiro_saf,14,atl_0f686e913bd13247,291997,Titular,613.0,1.0,0.0012475295494163417,0.10229742,atl_0f686e913bd13247
B,2022,9,84,criciuma,6,atl_127c6107d2f86526,363926,Titular,652.0,1.0,0.0012052954761288094,0.09883423,atl_127c6107d2f86526
B,2022,9,85,nautico,18,atl_faa684b73648dc2d,672682,Titular,238.0,1.0,0.0018814368407864342,0.15427782,atl_faa684b73648dc2d
B,2022,9,85,ituano,5,atl_6f738d7d97f0c9a2,622068,Titular,245.0,1.0,0.0018637589107387764,0.15282823,atl_6f738d7d97f0c9a2
B,2022,9,85,nautico,11,atl_f168e096e1df4525,462610,Titular,255.0,1.0,0.00183907336225217,0.15080402,atl_f168e096e1df4525
B,2022,9,85,nautico,4,atl_640fc0353b94e042,388312,Titular,495.0,1.0,0.001395477777387325,0.11442918,atl_640fc0353b94e042
B,2022,9,85,ituano,9,atl_322cc5bea2cec34b,413041,Titular,574.0,1.0,0.001292830901769449,0.10601213,atl_322cc5bea2cec34b
B,2022,9,86,operario,10,atl_8636b06ce9f06034,309584,Titular,160.0,1.0,0.0021037884674248307,0.17251065,atl_8636b06ce9f06034
B,2022,9,86,londrina,8,atl_4a4d0805f0929dd0,522890,Titular,369.0,1.0,0.0015978140258922765,0.13102075,atl_4a4d0805f0929dd0
B,2022,9,86,operario,5,atl_0fd24f06513928ea,524492,Titular,551.0,1.0,0.0013211231098957073,0.1083321,atl_0fd24f06513928ea
B,2022,9,86,operario,6,atl_12beb13041adfa11,304325,Titular,669.0,1.0,0.001187767654833523,0.09739695,atl_12beb13041adfa11
B,2022,9,86,londrina,4,atl_636c88e9ed84d6a7,188643,Titular,678.0,1.0,0.0011786930292872566,0.09665283,atl_636c88e9ed84d6a7
B,2022,9,87,brusque,68,atl_d886c2dcae0e2c37,370091,Titular,317.0,1.0,0.00169951087943744,0.13935989,atl_d886c2dcae0e2c37
B,2022,9,87,brusque,2,atl_4fe8fb5bed1351fe,165065,Titular,355.0,1.0,0.0016239770625735537,0.13316612,atl_4fe8fb5bed1351fe
B,2022,9,87,vasco_da_gama,10,atl_94269f03c975963b,150986,Titular,542.0,1.0,0.0013325339620925032,0.10926778,atl_94269f03c975963b
B,2022,9,87,brusque,5,atl_896da3eec86671a6,183707,Titular,625.0,1.0,0.0012342225675559008,0.10120625,atl_896da3eec86671a6
B,2022,9,87,vasco_da_gama,11,atl_1a694c5db4c07afc,523349,Titular,625.0,1.0,0.0012342225675559008,0.10120625,atl_1a694c5db4c07afc
B,2022,9,88,guarani,10,atl_1f85b5f88c773ffc,292205,Titular,525.0,3.0,0.0033058540375613546,0.27108003,atl_1f85b5f88c773ffc
B,2022,9,88,sampaio_correa,15,atl_e0d3ad42c0d03528,184656,Titular,188.0,1.0,0.0020181691693319597,0.16548987,atl_e0d3ad42c0d03528
B,2022,9,88,guarani,98,atl_335511c91eb2bad8,424347,Titular,278.0,1.0,0.0017847048695377743,0.1463458,atl_335511c91eb2bad8
B,2022,9,88,sampaio_correa,9,atl_5aa871d709484161,338185,Titular,344.0,1.0,0.0016451426404033038,0.1349017,atl_5aa871d709484161
B,2022,9,88,sampaio_correa,10,atl_c2d1993350b61679,368089,Titular,401.0,1.0,0.0015410659139848929,0.1263674,atl_c2d1993350b61679
B,2022,9,89,bahia,2,atl_abc110f9c4ae300b,565047,Titular,570.0,3.0,0.003166822792991017,0.25967947,atl_abc110f9c4ae300b
B,2022,9,89,tombense,7,atl_89c51f04abfae26b,412193,Titular,529.0,2.0,0.0023211859946553823,0.19033725,atl_89c51f04abfae26b
B,2022,9,89,tombense,8,atl_2de557902e699e6d,448024,Titular,396.0,1.0,0.001549665612165612,0.12707258,atl_2de557902e699e6d
B,2022,9,89,bahia,10,atl_fd0fc6ffc1669f02,308495,Titular,505.0,1.0,0.0013815924263685456,0.11329058,atl_fd0fc6ffc1669f02
B,2022,9,89,tombense,1,atl_eef699aef34aeae3,172028,Titular,540.0,1.0,0.0013350965274042195,0.10947792,atl_eef699aef34aeae3
B,2022,9,90,vila_nova,2,atl_0d474145872a55bc,345933,Titular,585.0,2.0,0.002201382846544137,0.18051339,atl_0d474145872a55bc
B,2022,9,90,gremio,29,atl_e5df9289f8462eab,161625,Titular,457.0,1.0,0.0014508885982240213,0.11897287,atl_e5df9289f8462eab
B,2022,9,90,vila_nova,7,atl_52d9e342f1a09cad,344517,Titular,569.0,1.0,0.0012988778189900734,0.10650798,atl_52d9e342f1a09cad
B,2022,9,90,gremio,27,atl_1b5a316e4002fd87,727270,Titular,708.0,1.0,0.0011494208514076063,0.09425251,atl_1b5a316e4002fd87
B,2022,9,90,vila_nova,25,atl_e145f62b2d068202,351454,Titular,90.0,0.0,0.0006584752347464211,0.05399497,atl_e145f62b2d068202
B,2022,10,91,guarani,10,atl_1f85b5f88c773ffc,292205,Titular,615.0,3.0,0.0030560393992925586,0.25059523,atl_1f85b5f88c773ffc
B,2022,10,91,vila_nova,7,atl_52d9e342f1a09cad,344517,Titular,659.0,2.0,0.002077207877662815,0.17033105,atl_52d9e342f1a09cad
B,2022,10,91,guarani,98,atl_335511c91eb2bad8,424347,Titular,362.0,1.0,0.0016328119840037158,0.13389058,atl_335511c91eb2bad8
B,2022,10,91,guarani,32,atl_79973ceb0b7cc5ee,429655,Titular,383.0,1.0,0.0015939795359130272,0.13070632,atl_79973ceb0b7cc5ee
B,2022,10,91,guarani,16,atl_32d2db52aee422f8,508468,Titular,540.0,1.0,0.0013533499328953875,0.11097469,atl_32d2db52aee422f8
B,2022,10,92,crb,9,atl_350ce58577f70908,182466,Titular,720.0,3.0,0.0027930196149272154,0.22902761,atl_350ce58577f70908
B,2022,10,92,csa,15,atl_5456abee9c3eab66,422561,Titular,358.0,1.0,0.0016404241610853182,0.13451478,atl_5456abee9c3eab66
B,2022,10,92,csa,5,atl_518c2b6993e189a8,175223,Titular,399.0,1.0,0.0015656106009023392,0.12838007,atl_518c2b6993e189a8
B,2022,10,92,crb,2,atl_dce0738da0f39b3d,181172,Titular,573.0,1.0,0.001311727800756014,0.10756168,atl_dce0738da0f39b3d
B,2022,10,92,crb,7,atl_6d8cb3b581ba9adc,315979,Titular,626.0,1.0,0.0012499857284291322,0.10249883,atl_6d8cb3b581ba9adc
B,2022,10,93,ponte_preta,40,atl_6bff0f0c397b9624,355149,Titular,431.0,2.0,0.002585911847702688,0.21204477,atl_6bff0f0c397b9624
B,2022,10,93,ponte_preta,10,atl_14981924eccf525a,292592,Titular,528.0,2.0,0.002341910437948641,0.19203666,atl_14981924eccf525a
B,2022,10,93,ponte_preta,5,atl_1b93d2582891b2fb,465048,Titular,709.0,2.0,0.0019913018446742784,0.16328675,atl_1b93d2582891b2fb
B,2022,10,93,ponte_preta,19,atl_67a835638bc6356c,600810,Titular,467.0,1.0,0.0014555159567851117,0.11935231,atl_67a835638bc6356c
B,2022,10,93,ponte_preta,9,atl_c478eb92bcc410c2,432201,Titular,565.0,1.0,0.0013215811551278902,0.10836965,atl_c478eb92bcc410c2
B,2022,10,94,brusque,28,atl_5def5daa55a6fc96,342430,Titular,180.0,1.0,0.002069829309134122,0.169726,atl_5def5daa55a6fc96
B,2022,10,94,nautico,20,atl_9f69130327ef61b9,543706,Titular,184.0,1.0,0.0020577250441684253,0.16873345,atl_9f69130327ef61b9
B,2022,10,94,nautico,18,atl_faa684b73648dc2d,672682,Titular,310.0,1.0,0.001737634481742226,0.14248603,atl_faa684b73648dc2d
B,2022,10,94,brusque,68,atl_d886c2dcae0e2c37,370091,Titular,407.0,1.0,0.001551801466605516,0.12724772,atl_d886c2dcae0e2c37
B,2022,10,94,brusque,20,atl_adac56d904b1b2d9,299231,Titular,455.0,1.0,0.00147380516252482,0.12085202,atl_adac56d904b1b2d9
B,2022,10,95,novorizontino,3,atl_f0efe640866e62fb,356106,Titular,270.0,2.0,0.0031266025067677957,0.25638141,atl_f0efe640866e62fb
B,2022,10,95,sampaio_correa,15,atl_e0d3ad42c0d03528,184656,Titular,278.0,2.0,0.003094452352456559,0.25374509,atl_e0d3ad42c0d03528
B,2022,10,95,novorizontino,5,atl_baedf75634968494,374851,Titular,472.0,2.0,0.002476835319147328,0.2031005,atl_baedf75634968494
B,2022,10,95,novorizontino,9,atl_6611ad4d57c99a74,298282,Titular,122.0,1.0,0.002262835900661098,0.18555254,atl_6611ad4d57c99a74
B,2022,10,95,novorizontino,2,atl_518fecebbfee082a,455446,Titular,357.0,1.0,0.0016423383082977865,0.13467174,atl_518fecebbfee082a
B,2022,10,96,cruzeiro_saf,5,atl_61bfa35fef5fdda6,409873,Titular,437.0,2.0,0.0025693531805882634,0.21068696,atl_61bfa35fef5fdda6
B,2022,10,96,operario,11,atl_aa2fff11b4299100,185301,Titular,283.0,1.0,0.0017975529121471302,0.14739934,atl_aa2fff11b4299100
B,2022,10,96,operario,8,atl_63d54e98d4f319d5,321820,Titular,315.0,1.0,0.0017269741474984085,0.14161188,atl_63d54e98d4f319d5
B,2022,10,96,operario,7,atl_bd5176d819517bb9,179100,Titular,515.0,1.0,0.001386683675084929,0.11370806,atl_bd5176d819517bb9
B,2022,10,96,cruzeiro_saf,25,atl_cb0fed2ef44817a6,383527,Titular,644.0,1.0,0.0012303181208139886,0.10088609,atl_cb0fed2ef44817a6
B,2022,10,97,gremio,29,atl_e5df9289f8462eab,161625,Titular,518.0,1.0,0.0013825971809540304,0.11337297,atl_e5df9289f8462eab
B,2022,10,97,vasco_da_gama,10,atl_94269f03c975963b,150986,Titular,632.0,1.0,0.0012433603623773879,0.10195555,atl_94269f03c975963b
B,2022,10,97,vasco_da_gama,11,atl_1a694c5db4c07afc,523349,Titular,715.0,1.0,0.0011584229878281505,0.09499069,atl_1a694c5db4c07afc
B,2022,10,97,vasco_da_gama,1,atl_ce16ffd17fbf574a,178365,Titular,720.0,1.0,0.0011536753526321336,0.09460138,atl_ce16ffd17fbf574a
B,2022,10,97,gremio,3,atl_3b1eaa09dd2189d2,165322,Titular,810.0,1.0,0.0010744152139016817,0.08810205,atl_3b1eaa09dd2189d2
B,2022,10,98,bahia,2,atl_abc110f9c4ae300b,565047,Titular,660.0,3.0,0.0029374861467337957,0.24087386,atl_abc110f9c4ae300b
B,2022,10,98,bahia,5,atl_dbd328c9fd45f7eb,315696,Titular,455.0,2.0,0.0025209255813729873,0.2067159,atl_dbd328c9fd45f7eb
B,2022,10,98,bahia,10,atl_fd0fc6ffc1669f02,308495,Titular,595.0,1.0,0.001285373452247674,0.10540062,atl_fd0fc6ffc1669f02
B,2022,10,98,bahia,4,atl_1411c823835888d9,530656,Titular,720.0,1.0,0.0011536753526321336,0.09460138,atl_1411c823835888d9
B,2022,10,98,criciuma,6,atl_127c6107d2f86526,363926,Titular,742.0,1.0,0.0011332398793971038,0.09292567,atl_127c6107d2f86526
B,2022,10,99,tombense,7,atl_89c51f04abfae26b,412193,Titular,619.0,2.0,0.0021514601699832016,0.17641973,atl_89c51f04abfae26b
B,2022,10,99,tombense,4,atl_8fc5da13fd0cb103,382807,Titular,430.0,1.0,0.0015134235808722614,0.12410073,atl_8fc5da13fd0cb103
B,2022,10,99,tombense,3,atl_c5783f1416ce96a6,293385,Titular,450.0,1.0,0.0014815620318012663,0.12148809,atl_c5783f1416ce96a6
B,2022,10,99,ituano,10,atl_810c90072ebd2bcd,147495,Titular,481.0,1.0,0.001434744067493581,0.11764901,atl_810c90072ebd2bcd
B,2022,10,99,tombense,8,atl_2de557902e699e6d,448024,Titular,486.0,1.0,0.001427468489058015,0.11705242,atl_2de557902e699e6d
B,2022,10,100,chapecoense,4,atl_57bb60157c4451f9,333824,Titular,234.0,1.0,0.0019175530384348814,0.15723935,atl_57bb60157c4451f9
B,2022,10,100,chapecoense,33,atl_119279633b1bdb64,177152,Titular,540.0,1.0,0.0013533499328953875,0.11097469,atl_119279633b1bdb64
B,2022,10,100,londrina,4,atl_636c88e9ed84d6a7,188643,Titular,768.0,1.0,0.001110003099535649,0.09102025,atl_636c88e9ed84d6a7
B,2022,10,100,londrina,5,atl_cdc4b3007f5d4f4b,174223,Titular,810.0,1.0,0.0010744152139016817,0.08810205,atl_cdc4b3007f5d4f4b
B,2022,10,100,chapecoense,77,atl_6260a520a38c4b6d,176522,Titular,11.0,0.0,0.0007974245209612582,0.06538881,atl_6260a520a38c4b6d
B,2022,11,101,guarani,10,atl_1f85b5f88c773ffc,292205,Titular,699.0,3.0,0.002858838078664124,0.23442472,atl_1f85b5f88c773ffc
B,2022,11,101,operario,4,atl_555d3450a4c1e5e2,298995,Titular,152.0,1.0,0.00218979579189921,0.17956325,atl_555d3450a4c1e5e2
B,2022,11,101,operario,11,atl_aa2fff11b4299100,185301,Titular,373.0,1.0,0.0016354488617620674,0.13410681,atl_aa2fff11b4299100
B,2022,11,101,operario,8,atl_63d54e98d4f319d5,321820,Titular,397.0,1.0,0.0015916910326848215,0.13051866,atl_63d54e98d4f319d5
B,2022,11,101,guarani,32,atl_79973ceb0b7cc5ee,429655,Titular,458.0,1.0,0.0014903411861359969,0.12220798,atl_79973ceb0b7cc5ee
B,2022,11,102,chapecoense,20,atl_59ce4e633f7ddd33,324181,Titular,349.0,2.0,0.0028595369332370846,0.23448203,atl_59ce4e633f7ddd33
B,2022,11,102,chapecoense,38,atl_ac01c67d84ab2827,581520,Titular,486.0,1.0,0.0014480191240550558,0.11873757,atl_ac01c67d84ab2827
B,2022,11,102,csa,5,atl_518c2b6993e189a8,175223,Titular,489.0,1.0,0.0014436267505746057,0.11837739,atl_518c2b6993e189a8
B,2022,11,102,chapecoense,8,atl_289e2d510c0bd893,318694,Titular,560.0,1.0,0.001346930996526684,0.11044834,atl_289e2d510c0bd893
B,2022,11,102,chapecoense,33,atl_119279633b1bdb64,177152,Titular,630.0,1.0,0.001263492793202022,0.10360641,atl_119279633b1bdb64
B,2022,11,103,nautico,7,atl_a5095507ef0c1f74,344841,Titular,212.0,1.0,0.0020052624386492765,0.16443152,atl_a5095507ef0c1f74
B,2022,11,103,nautico,6,atl_9f69130327ef61b9,543706,Titular,271.0,1.0,0.0018518117461975162,0.15184856,atl_9f69130327ef61b9
B,2022,11,103,nautico,18,atl_faa684b73648dc2d,672682,Titular,400.0,1.0,0.0015863853959092054,0.1300836,atl_faa684b73648dc2d
B,2022,11,103,vasco_da_gama,16,atl_df2c723328a7e127,611858,Titular,537.0,1.0,0.0013768050687736596,0.11289802,atl_df2c723328a7e127
B,2022,11,103,vasco_da_gama,15,atl_5dd1f3a46f6e8a3f,559670,Titular,613.0,1.0,0.0012827914252635084,0.1051889,atl_5dd1f3a46f6e8a3f
B,2022,11,104,sampaio_correa,7,atl_92b62a0719c50c35,434877,Titular,347.0,2.0,0.0028662890865623195,0.23503571,atl_92b62a0719c50c35
B,2022,11,104,sampaio_correa,9,atl_5aa871d709484161,338185,Titular,519.0,1.0,0.0014011254723437535,0.11489229,atl_5aa871d709484161
B,2022,11,104,criciuma,2,atl_c475a3fde565b3c0,532649,Titular,625.0,1.0,0.0012691083167273643,0.10406688,atl_c475a3fde565b3c0
B,2022,11,104,sampaio_correa,11,atl_69bd4ef92b096673,183546,Titular,680.0,1.0,0.0012099549629815973,0.09921631,atl_69bd4ef92b096673
B,2022,11,104,sampaio_correa,2,atl_44f36b62deba10f2,433799,Titular,752.0,1.0,0.001140372888433135,0.09351058,atl_44f36b62deba10f2
B,2022,11,105,ponte_preta,40,atl_6bff0f0c397b9624,355149,Titular,496.0,2.0,0.0024374968436930568,0.19987474,atl_6bff0f0c397b9624
B,2022,11,105,ponte_preta,10,atl_14981924eccf525a,292592,Titular,618.0,2.0,0.0021715088160270883,0.17806372,atl_14981924eccf525a
B,2022,11,105,ponte_preta,5,atl_1b93d2582891b2fb,465048,Titular,790.0,2.0,0.0018819743072234765,0.15432189,atl_1b93d2582891b2fb
B,2022,11,105,ituano,11,atl_9e29334206d8985f,436143,Titular,530.0,1.0,0.0013861619964255193,0.11366528,atl_9e29334206d8985f
B,2022,11,105,ituano,10,atl_b36618bb7e0071c5,355362,Titular,550.0,1.0,0.001359758910779319,0.11150023,atl_b36618bb7e0071c5
B,2022,11,106,tombense,7,atl_89c51f04abfae26b,412193,Titular,706.0,2.0,0.0020130570947912807,0.16507068,atl_89c51f04abfae26b
B,2022,11,106,londrina,5,atl_cdc4b3007f5d4f4b,174223,Titular,900.0,2.0,0.0017341048973702033,0.1421966,atl_cdc4b3007f5d4f4b
B,2022,11,106,londrina,8,atl_4a4d0805f0929dd0,522890,Titular,459.0,1.0,0.0014887871285904951,0.12208054,atl_4a4d0805f0929dd0
B,2022,11,106,tombense,4,atl_8fc5da13fd0cb103,382807,Titular,520.0,1.0,0.0013997518199198873,0.11477965,atl_8fc5da13fd0cb103
B,2022,11,106,tombense,3,atl_c5783f1416ce96a6,293385,Titular,540.0,1.0,0.0013728335156906585,0.11257235,atl_c5783f1416ce96a6
B,2022,11,107,novorizontino,3,atl_f0efe640866e62fb,356106,Titular,360.0,2.0,0.0028229614608352147,0.23148284,atl_f0efe640866e62fb
B,2022,11,107,novorizontino,9,atl_6611ad4d57c99a74,298282,Titular,195.0,1.0,0.002054312023479547,0.16845359,atl_6611ad4d57c99a74
B,2022,11,107,novorizontino,11,atl_4eea828dfad21d18,335362,Titular,347.0,1.0,0.001685651542288412,0.13822343,atl_4eea828dfad21d18
B,2022,11,107,novorizontino,10,atl_c2fa1cf7e716d8d8,633725,Titular,475.0,1.0,0.001464355750070036,0.12007717,atl_c2fa1cf7e716d8d8
B,2022,11,107,gremio,29,atl_e5df9289f8462eab,161625,Titular,591.0,1.0,0.0013086588967170347,0.10731003,atl_e5df9289f8462eab
B,2022,11,108,bahia,2,atl_abc110f9c4ae300b,565047,Titular,750.0,3.0,0.0027421974850546276,0.22486019,atl_abc110f9c4ae300b
B,2022,11,108,sport,77,atl_b58f267300e36871,318493,Titular,341.0,1.0,0.0016976775937197204,0.13920956,atl_b58f267300e36871
B,2022,11,108,bahia,10,atl_fd0fc6ffc1669f02,308495,Titular,674.0,1.0,0.001216138719180822,0.09972337,atl_fd0fc6ffc1669f02
B,2022,11,108,sport,46,atl_40fbc9435ae76d3a,554138,Titular,898.0,1.0,0.001021278151872879,0.08374481,atl_40fbc9435ae76d3a
B,2022,11,108,bahia,19,atl_0e27550c19293fa7,459744,Titular,74.0,0.0,0.0007452035824360364,0.06110669,atl_0e27550c19293fa7
B,2022,11,109,cruzeiro_saf,5,atl_61bfa35fef5fdda6,409873,Titular,527.0,3.0,0.003337630824068437,0.27368573,atl_61bfa35fef5fdda6
B,2022,11,109,crb,4,atl_9220edb0a3044fd0,188660,Titular,395.0,2.0,0.002712566319908698,0.22243044,atl_9220edb0a3044fd0
B,2022,11,109,cruzeiro_saf,26,atl_d457b6562ff8f3f8,349619,Titular,789.0,3.0,0.0026592295239086772,0.21805682,atl_d457b6562ff8f3f8
B,2022,11,109,crb,9,atl_350ce58577f70908,182466,Titular,810.0,3.0,0.0026166006536780797,0.21456125,atl_350ce58577f70908
B,2022,11,109,crb,2,atl_dce0738da0f39b3d,181172,Titular,663.0,1.0,0.0012276413209959458,0.10066659,atl_dce0738da0f39b3d
B,2022,11,110,brusque,2,atl_4fe8fb5bed1351fe,165065,Titular,419.0,2.0,0.0026417267206945427,0.21662159,atl_4fe8fb5bed1351fe
B,2022,11,110,vila_nova,7,atl_52d9e342f1a09cad,344517,Titular,734.0,2.0,0.001967379948394072,0.16132516,atl_52d9e342f1a09cad
B,2022,11,110,brusque,28,atl_5def5daa55a6fc96,342430,Titular,270.0,1.0,0.001854216696517253,0.15204577,atl_5def5daa55a6fc96
B,2022,11,110,brusque,68,atl_d886c2dcae0e2c37,370091,Titular,470.0,1.0,0.0014719039755858607,0.12069613,atl_d886c2dcae0e2c37
B,2022,11,110,brusque,20,atl_adac56d904b1b2d9,299231,Titular,545.0,1.0,0.0013662649342758707,0.11203372,atl_adac56d904b1b2d9
B,2022,12,111,londrina,2,atl_9e5dadd7de567a57,369011,Titular,69.0,1.0,0.0024971448521536395,0.20476588,atl_9e5dadd7de567a57
B,2022,12,111,ponte_preta,40,atl_6bff0f0c397b9624,355149,Titular,573.0,2.0,0.002256174669967773,0.18500632,atl_6bff0f0c397b9624
B,2022,12,111,ponte_preta,10,atl_14981924eccf525a,292592,Titular,708.0,2.0,0.0020040359444332954,0.16433095,atl_14981924eccf525a
B,2022,12,111,londrina,4,atl_636c88e9ed84d6a7,188643,Titular,858.0,2.0,0.0017826770404089992,0.14617952,atl_636c88e9ed84d6a7
B,2022,12,111,ponte_preta,5,atl_1b93d2582891b2fb,465048,Titular,880.0,2.0,0.0017542575513590005,0.14384912,atl_1b93d2582891b2fb
B,2022,12,112,crb,4,atl_9220edb0a3044fd0,188660,Titular,485.0,2.0,0.00245774154403596,0.20153481,atl_9220edb0a3044fd0
B,2022,12,112,crb,9,atl_350ce58577f70908,182466,Titular,896.0,3.0,0.002450483825841992,0.20093967,atl_350ce58577f70908
B,2022,12,112,vila_nova,2,atl_0d474145872a55bc,345933,Titular,675.0,2.0,0.0020603195071280177,0.1689462,atl_0d474145872a55bc
B,2022,12,112,vila_nova,7,atl_52d9e342f1a09cad,344517,Titular,807.0,2.0,0.0018522382715190672,0.15188354,atl_52d9e342f1a09cad
B,2022,12,112,crb,6,atl_8b2fdbd01179d332,419442,Titular,857.0,2.0,0.001783990730195594,0.14628724,atl_8b2fdbd01179d332
B,2022,12,113,sport,22,atl_e29d2a9d6c05ba2f,302436,Titular,225.0,1.0,0.0019598281667247185,0.16070591,atl_e29d2a9d6c05ba2f
B,2022,12,113,sport,77,atl_b58f267300e36871,318493,Titular,412.0,1.0,0.0015579774351704176,0.12775415,atl_b58f267300e36871
B,2022,12,113,gremio,27,atl_1b5a316e4002fd87,727270,Titular,782.0,1.0,0.001108327161369283,0.09088283,atl_1b5a316e4002fd87
B,2022,12,113,sport,46,atl_40fbc9435ae76d3a,554138,Titular,988.0,1.0,0.0009548893957496108,0.07830093,atl_40fbc9435ae76d3a
B,2022,12,113,gremio,3,atl_3b1eaa09dd2189d2,165322,Titular,990.0,1.0,0.0009536076650170609,0.07819583,atl_3b1eaa09dd2189d2
B,2022,12,114,brusque,2,atl_4fe8fb5bed1351fe,165065,Titular,509.0,2.0,0.0023992818839201394,0.19674111,atl_4fe8fb5bed1351fe
B,2022,12,114,brusque,68,atl_d886c2dcae0e2c37,370091,Titular,524.0,2.0,0.002364136153198653,0.19385916,atl_d886c2dcae0e2c37
B,2022,12,114,ituano,11,atl_6f738d7d97f0c9a2,622068,Titular,329.0,1.0,0.0017139631132393495,0.14054498,atl_6f738d7d97f0c9a2
B,2022,12,114,ituano,10,atl_b36618bb7e0071c5,355362,Titular,617.0,1.0,0.0012720460348034205,0.10430777,atl_b36618bb7e0071c5
B,2022,12,114,ituano,9,atl_322cc5bea2cec34b,413041,Titular,697.0,1.0,0.0011870304267965087,0.09733649,atl_322cc5bea2cec34b
B,2022,12,115,novorizontino,3,atl_f0efe640866e62fb,356106,Titular,405.0,3.0,0.0037799728407463215,0.30995777,atl_f0efe640866e62fb
B,2022,12,115,guarani,10,atl_1f85b5f88c773ffc,292205,Titular,787.0,3.0,0.002658022860043062,0.21795787,atl_1f85b5f88c773ffc
B,2022,12,115,guarani,98,atl_335511c91eb2bad8,424347,Titular,452.0,2.0,0.0025429363664657783,0.20852078,atl_335511c91eb2bad8
B,2022,12,115,novorizontino,5,atl_baedf75634968494,374851,Titular,584.0,2.0,0.0022332799085566612,0.18312895,atl_baedf75634968494
B,2022,12,115,guarani,19,atl_6178bbc12cb6ceff,376828,Titular,140.0,1.0,0.0022201178451178452,0.18204966,atl_6178bbc12cb6ceff
B,2022,12,116,bahia,2,atl_abc110f9c4ae300b,565047,Titular,840.0,3.0,0.002552892105130911,0.20933715,atl_abc110f9c4ae300b
B,2022,12,116,operario,4,atl_555d3450a4c1e5e2,298995,Titular,235.0,1.0,0.0019331638379257426,0.15851943,atl_555d3450a4c1e5e2
B,2022,12,116,bahia,11,atl_ecb9230dae466c7f,385655,Titular,252.0,1.0,0.0018894619958449745,0.15493588,atl_ecb9230dae466c7f
B,2022,12,116,bahia,4,atl_1411c823835888d9,530656,Titular,810.0,2.0,0.0018479965044850542,0.15153571,atl_1411c823835888d9
B,2022,12,116,operario,11,atl_aa2fff11b4299100,185301,Titular,456.0,1.0,0.0014862713607483482,0.12187425,atl_aa2fff11b4299100
B,2022,12,117,cruzeiro_saf,5,atl_61bfa35fef5fdda6,409873,Titular,617.0,3.0,0.0030625563302376195,0.25112962,atl_61bfa35fef5fdda6
B,2022,12,117,cruzeiro_saf,26,atl_d457b6562ff8f3f8,349619,Titular,879.0,3.0,0.0024806928360227853,0.20341681,atl_d457b6562ff8f3f8
B,2022,12,117,vasco_da_gama,13,atl_aae5e82ac503fb48,317697,Titular,691.0,1.0,0.001193010428946617,0.09782686,atl_aae5e82ac503fb48
B,2022,12,117,vasco_da_gama,15,atl_5dd1f3a46f6e8a3f,559670,Titular,703.0,1.0,0.0011811100755406657,0.09685103,atl_5dd1f3a46f6e8a3f
B,2022,12,117,vasco_da_gama,10,atl_94269f03c975963b,150986,Titular,792.0,1.0,0.0010997487777673536,0.0901794,atl_94269f03c975963b
B,2022,12,118,nautico,20,atl_9f69130327ef61b9,543706,Titular,361.0,1.0,0.0016502618128634388,0.13532147,atl_9f69130327ef61b9
B,2022,12,118,nautico,5,atl_39a07a13aee6ad55,358911,Titular,379.0,1.0,0.0016164680556034366,0.13255038,atl_39a07a13aee6ad55
B,2022,12,118,nautico,8,atl_15b89d83485e77a2,551375,Titular,461.0,1.0,0.0014785384192252038,0.12124015,atl_15b89d83485e77a2
B,2022,12,118,sampaio_correa,10,atl_c2d1993350b61679,368089,Titular,550.0,1.0,0.0013532146865480198,0.1109636,atl_c2d1993350b61679
B,2022,12,118,sampaio_correa,9,atl_5aa871d709484161,338185,Titular,609.0,1.0,0.0012812222009697212,0.10506022,atl_5aa871d709484161
B,2022,12,119,tombense,7,atl_89c51f04abfae26b,412193,Titular,769.0,2.0,0.0019077032473407572,0.15643167,atl_89c51f04abfae26b
B,2022,12,119,csa,5,atl_518c2b6993e189a8,175223,Titular,579.0,1.0,0.0013168446903386662,0.10798126,atl_518c2b6993e189a8
B,2022,12,119,tombense,4,atl_8fc5da13fd0cb103,382807,Titular,610.0,1.0,0.0012800679467346134,0.10496557,atl_8fc5da13fd0cb103
B,2022,12,119,tombense,3,atl_c5783f1416ce96a6,293385,Titular,630.0,1.0,0.0012574118768809033,0.10310777,atl_c5783f1416ce96a6
B,2022,12,119,tombense,8,atl_2de557902e699e6d,448024,Titular,648.0,1.0,0.0012376963596475792,0.1014911,atl_2de557902e699e6d
B,2022,12,120,chapecoense,18,atl_0a2908f3b095f82a,321453,Titular,567.0,2.0,0.0022688616877932716,0.18604666,atl_0a2908f3b095f82a
B,2022,12,120,chapecoense,8,atl_289e2d510c0bd893,318694,Titular,617.0,1.0,0.0012720460348034205,0.10430777,atl_289e2d510c0bd893
B,2022,12,120,criciuma,10,atl_ce155b70c2cd7558,190389,Titular,636.0,1.0,0.0012507706169678,0.10256319,atl_ce155b70c2cd7558
B,2022,12,120,criciuma,2,atl_c475a3fde565b3c0,532649,Titular,702.0,1.0,0.001182092696235791,0.0969316,atl_c475a3fde565b3c0
B,2022,12,120,criciuma,5,atl_2bff6785d31e2912,377082,Titular,706.0,1.0,0.0011781719907756393,0.0966101,atl_2bff6785d31e2912
B,2022,13,121,guarani,10,atl_1f85b5f88c773ffc,292205,Titular,869.0,3.0,0.002491518295457828,0.2043045,atl_1f85b5f88c773ffc
B,2022,13,121,csa,5,atl_518c2b6993e189a8,175223,Titular,643.0,2.0,0.0021092638201940218,0.17295963,atl_518c2b6993e189a8
B,2022,13,121,csa,13,atl_97051d234b6c4bab,355730,Titular,502.0,1.0,0.00140807240167841,0.11546194,atl_97051d234b6c4bab
B,2022,13,121,csa,15,atl_5456abee9c3eab66,422561,Titular,509.0,1.0,0.001398303812172217,0.11466091,atl_5456abee9c3eab66
B,2022,13,121,guarani,32,atl_79973ceb0b7cc5ee,429655,Titular,638.0,1.0,0.0012397966137801114,0.10166332,atl_79973ceb0b7cc5ee
B,2022,13,122,crb,9,atl_350ce58577f70908,182466,Titular,986.0,3.0,0.002295348954563773,0.18821861,atl_350ce58577f70908
B,2022,13,122,crb,4,atl_9220edb0a3044fd0,188660,Titular,575.0,2.0,0.002242687019983039,0.18390034,atl_9220edb0a3044fd0
B,2022,13,122,ituano,3,atl_789145572e5e51a0,427213,Titular,180.0,1.0,0.0020748360977673043,0.17013656,atl_789145572e5e51a0
B,2022,13,122,ituano,7,atl_eabe50b478a200d7,502736,Titular,248.0,1.0,0.0018862146343339129,0.1546696,atl_eabe50b478a200d7
B,2022,13,122,crb,7,atl_6d8cb3b581ba9adc,315979,Titular,827.0,2.0,0.0018167961917722433,0.14897729,atl_6d8cb3b581ba9adc
B,2022,13,123,nautico,18,atl_faa684b73648dc2d,672682,Titular,473.0,2.0,0.002477788845305002,0.20317869,atl_faa684b73648dc2d
B,2022,13,123,sport,77,atl_b58f267300e36871,318493,Titular,482.0,2.0,0.0024550799862339784,0.20131656,atl_b58f267300e36871
B,2022,13,123,nautico,2,atl_494594498f1c16f0,604967,Titular,235.0,1.0,0.0019195762537166897,0.15740525,atl_494594498f1c16f0
B,2022,13,123,sport,22,atl_e29d2a9d6c05ba2f,302436,Titular,315.0,1.0,0.001731151590775174,0.14195443,atl_e29d2a9d6c05ba2f
B,2022,13,123,nautico,8,atl_15b89d83485e77a2,551375,Titular,523.0,1.0,0.0013791676896204954,0.11309175,atl_15b89d83485e77a2
B,2022,13,124,brusque,2,atl_4fe8fb5bed1351fe,165065,Titular,599.0,2.0,0.0021937111432955114,0.17988431,atl_4fe8fb5bed1351fe
B,2022,13,124,brusque,28,atl_5def5daa55a6fc96,342430,Titular,360.0,1.0,0.0016405680773043801,0.13452658,atl_5def5daa55a6fc96
B,2022,13,124,criciuma,10,atl_ce155b70c2cd7558,190389,Titular,723.0,1.0,0.0011536292285214773,0.0945976,atl_ce155b70c2cd7558
B,2022,13,124,criciuma,2,atl_c475a3fde565b3c0,532649,Titular,774.0,1.0,0.0011074478386827057,0.09081072,atl_c475a3fde565b3c0
B,2022,13,124,criciuma,6,atl_127c6107d2f86526,363926,Titular,1012.0,1.0,0.0009331273455567241,0.07651644,atl_127c6107d2f86526
B,2022,13,125,novorizontino,3,atl_f0efe640866e62fb,356106,Titular,495.0,3.0,0.003428028689931424,0.28109835,atl_f0efe640866e62fb
B,2022,13,125,tombense,7,atl_89c51f04abfae26b,412193,Titular,827.0,2.0,0.0018167961917722433,0.14897729,atl_89c51f04abfae26b
B,2022,13,125,novorizontino,2,atl_518fecebbfee082a,455446,Titular,475.0,1.0,0.0014470651758787352,0.11865934,atl_518fecebbfee082a
B,2022,13,125,tombense,3,atl_8fc5da13fd0cb103,382807,Titular,700.0,1.0,0.0011757404554014724,0.09641072,atl_8fc5da13fd0cb103
B,2022,13,125,tombense,8,atl_2de557902e699e6d,448024,Titular,738.0,1.0,0.0011396514915038504,0.09345142,atl_2de557902e699e6d
B,2022,13,126,londrina,8,atl_4a4d0805f0929dd0,522890,Titular,549.0,2.0,0.002298273161565078,0.1884584,atl_4a4d0805f0929dd0
B,2022,13,126,londrina,4,atl_636c88e9ed84d6a7,188643,Titular,948.0,2.0,0.0016649782779570212,0.13652822,atl_636c88e9ed84d6a7
B,2022,13,126,vasco_da_gama,13,atl_aae5e82ac503fb48,317697,Titular,774.0,1.0,0.0011074478386827057,0.09081072,atl_aae5e82ac503fb48
B,2022,13,126,vasco_da_gama,15,atl_5dd1f3a46f6e8a3f,559670,Titular,793.0,1.0,0.0010911744365674919,0.0894763,atl_5dd1f3a46f6e8a3f
B,2022,13,126,vasco_da_gama,10,atl_94269f03c975963b,150986,Titular,869.0,1.0,0.0010305979156185294,0.08450903,atl_94269f03c975963b
B,2022,13,127,sampaio_correa,15,atl_e0d3ad42c0d03528,184656,Titular,376.0,2.0,0.002752155874979186,0.22567678,atl_e0d3ad42c0d03528
B,2022,13,127,gremio,20,atl_acc2c4dfb64ef338,523883,Titular,330.0,1.0,0.0016998657186527311,0.13938899,atl_acc2c4dfb64ef338
B,2022,13,127,gremio,29,atl_e5df9289f8462eab,161625,Titular,651.0,1.0,0.0012257936980727775,0.10051508,atl_e5df9289f8462eab
B,2022,13,127,sampaio_correa,9,atl_5aa871d709484161,338185,Titular,680.0,1.0,0.0011956682597303108,0.0980448,atl_5aa871d709484161
B,2022,13,127,sampaio_correa,7,Ygor Catatau,537477,Titular,710.0,1.0,0.0011660235921336917,0.09561393,atl_7a53cf27f3c01bb1
B,2022,13,128,bahia,2,atl_abc110f9c4ae300b,565047,Titular,930.0,3.0,0.0023852367457914453,0.19558941,atl_abc110f9c4ae300b
B,2022,13,128,bahia,4,atl_1411c823835888d9,530656,Titular,900.0,2.0,0.0017220632474869762,0.14120919,atl_1411c823835888d9
B,2022,13,128,chapecoense,10,atl_77f17ca587c8617c,176512,Titular,358.0,1.0,0.0016443922453167445,0.13484016,atl_77f17ca587c8617c
B,2022,13,128,chapecoense,8,atl_289e2d510c0bd893,318694,Titular,683.0,1.0,0.0011926361339659906,0.09779616,atl_289e2d510c0bd893
B,2022,13,128,chapecoense,33,atl_119279633b1bdb64,177152,Titular,810.0,1.0,0.0010770141576196693,0.08831516,atl_119279633b1bdb64
B,2022,13,129,cruzeiro_saf,5,atl_61bfa35fef5fdda6,409873,Titular,707.0,3.0,0.002825922573721431,0.23172565,atl_61bfa35fef5fdda6
B,2022,13,129,cruzeiro_saf,26,atl_d457b6562ff8f3f8,349619,Titular,969.0,3.0,0.0023219118764341504,0.19039677,atl_d457b6562ff8f3f8
B,2022,13,129,ponte_preta,40,atl_6bff0f0c397b9624,355149,Titular,651.0,2.0,0.002094603428741761,0.17175748,atl_6bff0f0c397b9624
B,2022,13,129,cruzeiro_saf,14,atl_0f686e913bd13247,291997,Titular,859.0,2.0,0.0017740165904943097,0.14546936,atl_0f686e913bd13247
B,2022,13,129,ponte_preta,5,atl_1b93d2582891b2fb,465048,Titular,970.0,2.0,0.0016400602357018823,0.13448494,atl_1b93d2582891b2fb
B,2022,13,130,vila_nova,2,atl_0d474145872a55bc,345933,Titular,755.0,2.0,0.001921026730264356,0.15752419,atl_0d474145872a55bc
B,2022,13,130,vila_nova,7,atl_52d9e342f1a09cad,344517,Titular,870.0,2.0,0.0017597726616655233,0.14430136,atl_52d9e342f1a09cad
B,2022,13,130,operario,11,atl_aa2fff11b4299100,185301,Titular,546.0,1.0,0.0013488418226403126,0.11060503,atl_aa2fff11b4299100
B,2022,13,130,operario,8,atl_63d54e98d4f319d5,321820,Titular,549.0,1.0,0.0013449843150445822,0.11028871,atl_63d54e98d4f319d5
B,2022,13,130,operario,5,atl_bd5176d819517bb9,179100,Titular,777.0,1.0,0.0011048461601266774,0.09059739,atl_bd5176d819517bb9
B,2022,14,131,ponte_preta,10,atl_14981924eccf525a,292592,Titular,798.0,2.0,0.001867614414561641,0.15314438,atl_14981924eccf525a
B,2022,14,131,ponte_preta,5,atl_1b93d2582891b2fb,465048,Titular,1060.0,2.0,0.001553950968013468,0.12742398,atl_1b93d2582891b2fb
B,2022,14,131,ponte_preta,2,atl_d05a0dfeb5dc96a1,186564,Titular,448.0,1.0,0.0015022821836508547,0.12318714,atl_d05a0dfeb5dc96a1
B,2022,14,131,ponte_preta,19,atl_67a835638bc6356c,600810,Titular,537.0,1.0,0.0013733495757965383,0.11261467,atl_67a835638bc6356c
B,2022,14,131,sampaio_correa,10,atl_c2d1993350b61679,368089,Titular,621.0,1.0,0.0012704402409464855,0.1041761,atl_c2d1993350b61679
B,2022,14,132,gremio,16,atl_2b16b70931306009,320111,Titular,544.0,2.0,0.0023219956993304693,0.19040365,atl_2b16b70931306009
B,2022,14,132,csa,5,atl_518c2b6993e189a8,175223,Titular,722.0,2.0,0.0019837671932086826,0.16266891,atl_518c2b6993e189a8
B,2022,14,132,gremio,20,atl_acc2c4dfb64ef338,523883,Titular,390.0,1.0,0.0016001837192146182,0.13121506,atl_acc2c4dfb64ef338
B,2022,14,132,csa,13,atl_97051d234b6c4bab,355730,Titular,592.0,1.0,0.0013041790385540386,0.10694268,atl_97051d234b6c4bab
B,2022,14,132,csa,15,atl_5456abee9c3eab66,422561,Titular,599.0,1.0,0.0012958721656970065,0.10626152,atl_5456abee9c3eab66
B,2022,14,133,sport,77,atl_b58f267300e36871,318493,Titular,554.0,2.0,0.0022999653796024764,0.18859716,atl_b58f267300e36871
B,2022,14,133,brusque,68,atl_d886c2dcae0e2c37,370091,Titular,582.0,2.0,0.002240446867006479,0.18371664,atl_d886c2dcae0e2c37
B,2022,14,133,brusque,2,atl_4fe8fb5bed1351fe,165065,Titular,684.0,2.0,0.002047435397044772,0.1678897,atl_4fe8fb5bed1351fe
B,2022,14,133,brusque,26,atl_2e132ed0f429f570,565195,Titular,294.0,1.0,0.001793656813729232,0.14707986,atl_2e132ed0f429f570
B,2022,14,133,brusque,5,atl_896da3eec86671a6,183707,Titular,958.0,2.0,0.001662663587174904,0.13633841,atl_896da3eec86671a6
B,2022,14,134,vila_nova,2,atl_0d474145872a55bc,345933,Titular,845.0,2.0,0.00180235205211971,0.14779287,atl_0d474145872a55bc
B,2022,14,134,criciuma,10,atl_ce155b70c2cd7558,190389,Titular,813.0,1.0,0.0010846637548370221,0.08894243,atl_ce155b70c2cd7558
B,2022,14,134,criciuma,2,atl_c475a3fde565b3c0,532649,Titular,844.0,1.0,0.0010596454688251563,0.08689093,atl_c475a3fde565b3c0
B,2022,14,134,vila_nova,8,atl_09ff97acea7fc05d,305393,Titular,1058.0,1.0,0.0009140972465346664,0.07495597,atl_09ff97acea7fc05d
B,2022,14,134,criciuma,3,atl_6f74aae982d89632,177531,Titular,1080.0,1.0,0.0009013693101905128,0.07391228,atl_6f74aae982d89632
B,2022,14,135,cruzeiro_saf,26,atl_d457b6562ff8f3f8,349619,Titular,1059.0,3.0,0.0021963845478518347,0.18010353,atl_d457b6562ff8f3f8
B,2022,14,135,ituano,3,atl_789145572e5e51a0,427213,Titular,270.0,1.0,0.001849563000131182,0.15166417,atl_789145572e5e51a0
B,2022,14,135,ituano,8,atl_eabe50b478a200d7,502736,Titular,338.0,1.0,0.0016994791289988188,0.13935729,atl_eabe50b478a200d7
B,2022,14,135,cruzeiro_saf,14,atl_0f686e913bd13247,291997,Titular,949.0,2.0,0.001672990690200835,0.13718524,atl_0f686e913bd13247
B,2022,14,135,ituano,7,atl_7f8052acd8db694b,380640,Titular,359.0,1.0,0.0016579319093143307,0.13595042,atl_7f8052acd8db694b
B,2022,14,136,guarani,10,atl_1f85b5f88c773ffc,292205,Titular,959.0,3.0,0.00234692495551817,0.19244785,atl_1f85b5f88c773ffc
B,2022,14,136,londrina,8,atl_4a4d0805f0929dd0,522890,Titular,639.0,2.0,0.0021283261721694556,0.17452275,atl_4a4d0805f0929dd0
B,2022,14,136,guarani,19,atl_6178bbc12cb6ceff,376828,Titular,245.0,1.0,0.0019116288726188056,0.15675357,atl_6178bbc12cb6ceff
B,2022,14,136,londrina,5,atl_cdc4b3007f5d4f4b,174223,Titular,1080.0,2.0,0.001534280702595576,0.12581102,atl_cdc4b3007f5d4f4b
B,2022,14,136,guarani,7,atl_9bdf70ce10daa991,360465,Titular,590.0,1.0,0.0013065720276156058,0.10713891,atl_9bdf70ce10daa991
B,2022,14,137,operario,10,atl_72dcb517bd43826b,376246,Titular,275.0,1.0,0.0018376303356142066,0.15068569,atl_72dcb517bd43826b
B,2022,14,137,operario,8,atl_8636b06ce9f06034,309584,Titular,304.0,1.0,0.001771347649379366,0.14525051,atl_8636b06ce9f06034
B,2022,14,137,vasco_da_gama,16,atl_df2c723328a7e127,611858,Titular,615.0,1.0,0.0012772766906735517,0.10473669,atl_df2c723328a7e127
B,2022,14,137,operario,11,atl_aa2fff11b4299100,185301,Titular,621.0,1.0,0.0012704402409464855,0.1041761,atl_aa2fff11b4299100
B,2022,14,137,operario,7,atl_bd5176d819517bb9,179100,Titular,867.0,1.0,0.0010418167594008854,0.08542897,atl_bd5176d819517bb9
B,2022,14,138,bahia,79,atl_2d8d40072786e2fd,431101,Titular,90.0,1.0,0.002413836457798322,0.19793459,atl_2d8d40072786e2fd
B,2022,14,138,bahia,5,atl_dbd328c9fd45f7eb,315696,Titular,545.0,2.0,0.0023197736938765645,0.19022144,atl_dbd328c9fd45f7eb
B,2022,14,138,novorizontino,7,atl_f71fdb44d2c9ade5,363149,Titular,561.0,2.0,0.0022847912442045333,0.18735288,atl_f71fdb44d2c9ade5
B,2022,14,138,bahia,2,atl_abc110f9c4ae300b,565047,Titular,1003.0,3.0,0.0022782192349308115,0.18681398,atl_abc110f9c4ae300b
B,2022,14,138,novorizontino,5,atl_baedf75634968494,374851,Titular,640.0,2.0,0.002126459219386851,0.17436966,atl_baedf75634968494
B,2022,14,139,nautico,18,atl_faa684b73648dc2d,672682,Titular,563.0,2.0,0.0022804924836321823,0.18700038,atl_faa684b73648dc2d
B,2022,14,139,tombense,7,atl_89c51f04abfae26b,412193,Titular,917.0,2.0,0.0017107717079047353,0.14028328,atl_89c51f04abfae26b
B,2022,14,139,nautico,2,atl_9f69130327ef61b9,543706,Titular,483.0,1.0,0.001448792990947111,0.11880103,atl_9f69130327ef61b9
B,2022,14,139,tombense,8,atl_2de557902e699e6d,448024,Titular,775.0,1.0,0.0011169909883145177,0.09159326,atl_2de557902e699e6d
B,2022,14,139,tombense,5,atl_8fc5da13fd0cb103,382807,Titular,790.0,1.0,0.001104002721008535,0.09052822,atl_8fc5da13fd0cb103
B,2022,14,140,crb,4,atl_9220edb0a3044fd0,188660,Titular,665.0,3.0,0.0029391961460094504,0.24101408,atl_9220edb0a3044fd0
B,2022,14,140,crb,9,atl_350ce58577f70908,182466,Titular,1076.0,3.0,0.0021726925825514025,0.17816079,atl_350ce58577f70908
B,2022,14,140,crb,6,atl_8b2fdbd01179d332,419442,Titular,990.0,2.0,0.001626955375906718,0.13341034,atl_8b2fdbd01179d332
B,2022,14,140,chapecoense,10,atl_77f17ca587c8617c,176512,Titular,427.0,1.0,0.001536314466128382,0.12597779,atl_77f17ca587c8617c
B,2022,14,140,crb,15,atl_09226231ea7c9a51,307674,Titular,438.0,1.0,0.0015182979851823136,0.12450043,atl_09226231ea7c9a51
B,2022,15,141,guarani,19,atl_6178bbc12cb6ceff,376828,Titular,316.0,1.0,0.0017457539303234104,0.14315182,atl_6178bbc12cb6ceff
B,2022,15,141,ituano,3,atl_789145572e5e51a0,427213,Titular,360.0,1.0,0.0016564362873766312,0.13582778,atl_789145572e5e51a0
B,2022,15,141,ituano,8,atl_eabe50b478a200d7,502736,Titular,428.0,1.0,0.0015350594904567918,0.12587488,atl_eabe50b478a200d7
B,2022,15,141,ituano,10,atl_810c90072ebd2bcd,147495,Titular,581.0,1.0,0.0013177939011506964,0.1080591,atl_810c90072ebd2bcd
B,2022,15,141,guarani,7,atl_9bdf70ce10daa991,360465,Titular,661.0,1.0,0.0012269898425012083,0.10061317,atl_9bdf70ce10daa991
B,2022,15,142,crb,4,atl_9220edb0a3044fd0,188660,Titular,755.0,3.0,0.002728713312465261,0.22375449,atl_9220edb0a3044fd0
B,2022,15,142,crb,9,atl_350ce58577f70908,182466,Titular,1166.0,3.0,0.0020555433416229907,0.16855455,atl_350ce58577f70908
B,2022,15,142,tombense,7,atl_89c51f04abfae26b,412193,Titular,1003.0,2.0,0.0016131305436752512,0.1322767,atl_89c51f04abfae26b
B,2022,15,142,crb,6,atl_8b2fdbd01179d332,419442,Titular,1080.0,2.0,0.001534515953888546,0.12583031,atl_8b2fdbd01179d332
B,2022,15,142,crb,16,atl_f90a8f255908592a,339273,Titular,611.0,1.0,0.0012822099074202545,0.10514121,atl_f90a8f255908592a
B,2022,15,143,nautico,2,atl_9f69130327ef61b9,543706,Titular,573.0,2.0,0.0022595854679812698,0.18528601,atl_9f69130327ef61b9
B,2022,15,143,nautico,4,atl_1808161f4c211fc8,393400,Titular,147.0,1.0,0.0022017545705469905,0.18054387,atl_1808161f4c211fc8
B,2022,15,143,nautico,18,atl_faa684b73648dc2d,672682,Titular,653.0,2.0,0.0021028059038542086,0.17243008,atl_faa684b73648dc2d
B,2022,15,143,criciuma,5,atl_2bff6785d31e2912,377082,Titular,816.0,1.0,0.0010824735616595006,0.08876283,atl_2bff6785d31e2912
B,2022,15,143,criciuma,2,atl_c475a3fde565b3c0,532649,Titular,932.0,1.0,0.0009947871558267478,0.08157255,atl_c475a3fde565b3c0
B,2022,15,144,brusque,68,atl_d886c2dcae0e2c37,370091,Titular,627.0,3.0,0.003038629287616595,0.2491676,atl_d886c2dcae0e2c37
B,2022,15,144,brusque,2,atl_4fe8fb5bed1351fe,165065,Titular,743.0,3.0,0.002755056482014403,0.22591463,atl_4fe8fb5bed1351fe
B,2022,15,144,bahia,79,atl_2d8d40072786e2fd,431101,Titular,158.0,1.0,0.0021649471233190012,0.17752566,atl_2d8d40072786e2fd
B,2022,15,144,bahia,5,atl_dbd328c9fd45f7eb,315696,Titular,635.0,2.0,0.0021361543675276675,0.17516466,atl_dbd328c9fd45f7eb
B,2022,15,144,brusque,26,atl_2e132ed0f429f570,565195,Titular,384.0,1.0,0.0016114651664523786,0.13214014,atl_2e132ed0f429f570
B,2022,15,145,novorizontino,4,atl_f0efe640866e62fb,356106,Titular,585.0,3.0,0.0031562536471372374,0.2588128,atl_f0efe640866e62fb
B,2022,15,145,novorizontino,7,atl_f71fdb44d2c9ade5,363149,Titular,635.0,2.0,0.0021361543675276675,0.17516466,atl_f71fdb44d2c9ade5
B,2022,15,145,novorizontino,5,atl_baedf75634968494,374851,Titular,730.0,2.0,0.0019711668350763435,0.16163568,atl_baedf75634968494
B,2022,15,145,novorizontino,9,atl_6611ad4d57c99a74,298282,Titular,385.0,1.0,0.0016096443018575172,0.13199083,atl_6611ad4d57c99a74
B,2022,15,145,novorizontino,8,atl_4eea828dfad21d18,335362,Titular,482.0,1.0,0.0014506468504520396,0.11895304,atl_4eea828dfad21d18
B,2022,15,147,londrina,8,atl_4a4d0805f0929dd0,522890,Titular,729.0,2.0,0.001972770713705372,0.1617672,atl_4a4d0805f0929dd0
B,2022,15,147,londrina,4,atl_636c88e9ed84d6a7,188643,Titular,1038.0,2.0,0.0015764208108868026,0.12926651,atl_636c88e9ed84d6a7
B,2022,15,147,gremio,20,atl_acc2c4dfb64ef338,523883,Titular,469.0,1.0,0.0014701085729039245,0.1205489,atl_acc2c4dfb64ef338
B,2022,15,147,londrina,5,atl_cdc4b3007f5d4f4b,174223,Titular,1170.0,2.0,0.001451817489307726,0.11904903,atl_cdc4b3007f5d4f4b
B,2022,15,147,gremio,29,atl_e5df9289f8462eab,161625,Titular,831.0,1.0,0.0010702743855326093,0.0877625,atl_e5df9289f8462eab
B,2022,15,148,csa,5,atl_518c2b6993e189a8,175223,Titular,784.0,2.0,0.0018882672952834133,0.15483792,atl_518c2b6993e189a8
B,2022,15,148,csa,13,atl_97051d234b6c4bab,355730,Titular,682.0,1.0,0.001205190530578598,0.09882562,atl_97051d234b6c4bab
B,2022,15,148,csa,15,atl_5456abee9c3eab66,422561,Titular,689.0,1.0,0.0011980952120638376,0.09824381,atl_5456abee9c3eab66
B,2022,15,148,sampaio_correa,10,atl_c2d1993350b61679,368089,Titular,702.0,1.0,0.00118513744354734,0.09718127,atl_c2d1993350b61679
B,2022,15,148,sampaio_correa,9,atl_5aa871d709484161,338185,Titular,848.0,1.0,0.0010567768598990378,0.0866557,atl_5aa871d709484161
B,2022,15,149,cruzeiro_saf,5,atl_61bfa35fef5fdda6,409873,Titular,797.0,3.0,0.0026403509692705493,0.21650878,atl_61bfa35fef5fdda6
B,2022,15,149,cruzeiro_saf,26,atl_d457b6562ff8f3f8,349619,Titular,1149.0,3.0,0.0020767345100933306,0.17029223,atl_d457b6562ff8f3f8
B,2022,15,149,cruzeiro_saf,14,atl_0f686e913bd13247,291997,Titular,1039.0,2.0,0.0015753964958699822,0.12918251,atl_0f686e913bd13247
B,2022,15,149,cruzeiro_saf,42,atl_65d9471e34a1bfce,460818,Titular,509.0,1.0,0.0014118287484082288,0.11576996,atl_65d9471e34a1bfce
B,2022,15,149,sport,31,atl_74e75d25b22616e8,452427,Titular,979.0,1.0,0.0009631745822473988,0.07898032,atl_74e75d25b22616e8
B,2022,15,150,vila_nova,2,atl_0d474145872a55bc,345933,Titular,935.0,3.0,0.002386435684420838,0.19568773,atl_0d474145872a55bc
B,2022,15,150,ponte_preta,10,atl_14981924eccf525a,292592,Titular,888.0,2.0,0.0017467832904494976,0.14323623,atl_14981924eccf525a
B,2022,15,150,vila_nova,7,atl_52d9e342f1a09cad,344517,Titular,968.0,2.0,0.0016515907405612415,0.13543044,atl_52d9e342f1a09cad
B,2022,15,150,ponte_preta,3,atl_32c1d434638e09c7,544530,Titular,990.0,2.0,0.0016272048370093305,0.1334308,atl_32c1d434638e09c7
B,2022,15,150,ponte_preta,2,atl_d05a0dfeb5dc96a1,186564,Titular,504.0,1.0,0.0014188597680716163,0.1163465,atl_d05a0dfeb5dc96a1
B,2022,16,151,tombense,8,atl_2de557902e699e6d,448024,Titular,942.0,2.0,0.0016847882906927884,0.13815264,atl_2de557902e699e6d
B,2022,16,151,ponte_preta,10,atl_14981924eccf525a,292592,Titular,978.0,2.0,0.00164375149876793,0.13478762,atl_14981924eccf525a
B,2022,16,151,tombense,7,atl_89c51f04abfae26b,412193,Titular,1067.0,2.0,0.0015503922879253355,0.12713217,atl_89c51f04abfae26b
B,2022,16,151,ponte_preta,3,atl_32c1d434638e09c7,544530,Titular,1080.0,2.0,0.0015376358956829118,0.12608614,atl_32c1d434638e09c7
B,2022,16,151,ponte_preta,5,atl_1b93d2582891b2fb,465048,Titular,1150.0,2.0,0.001472402857684243,0.12073703,atl_1b93d2582891b2fb
B,2022,16,152,crb,4,atl_9220edb0a3044fd0,188660,Titular,845.0,3.0,0.0025497878923263946,0.20908261,atl_9220edb0a3044fd0
B,2022,16,152,guarani,10,atl_1f85b5f88c773ffc,292205,Titular,1049.0,3.0,0.0022139862589922537,0.18154687,atl_1f85b5f88c773ffc
B,2022,16,152,guarani,34,atl_7d7e742dcb201d1e,310802,Titular,190.0,1.0,0.0020716879930130446,0.16987842,atl_7d7e742dcb201d1e
B,2022,16,152,guarani,19,atl_6178bbc12cb6ceff,376828,Titular,395.0,1.0,0.0015971672795296098,0.13096772,atl_6178bbc12cb6ceff
B,2022,16,152,crb,6,atl_dce0738da0f39b3d,181172,Titular,930.0,1.0,0.0009996256749503502,0.08196931,atl_dce0738da0f39b3d
B,2022,16,153,novorizontino,4,atl_f0efe640866e62fb,356106,Titular,675.0,3.0,0.0029186933746204262,0.23933286,atl_f0efe640866e62fb
B,2022,16,153,novorizontino,5,atl_baedf75634968494,374851,Titular,775.0,3.0,0.0026897762471992165,0.22056165,atl_baedf75634968494
B,2022,16,153,nautico,2,atl_494594498f1c16f0,604967,Titular,406.0,2.0,0.00268152838319978,0.21988533,atl_494594498f1c16f0
B,2022,16,153,novorizontino,9,atl_6611ad4d57c99a74,298282,Titular,456.0,2.0,0.0025412810828232225,0.20838505,atl_6611ad4d57c99a74
B,2022,16,153,nautico,7,atl_9f69130327ef61b9,543706,Titular,663.0,2.0,0.002088963641598453,0.17129502,atl_9f69130327ef61b9
B,2022,16,154,brusque,68,atl_d886c2dcae0e2c37,370091,Titular,694.0,3.0,0.0028722485051750424,0.23552438,atl_d886c2dcae0e2c37
B,2022,16,154,brusque,2,atl_4fe8fb5bed1351fe,165065,Titular,815.0,3.0,0.002607957958311027,0.21385255,atl_4fe8fb5bed1351fe
B,2022,16,154,brusque,28,atl_5def5daa55a6fc96,342430,Titular,630.0,2.0,0.002149968774494691,0.17629744,atl_5def5daa55a6fc96
B,2022,16,154,operario,4,atl_d5071f8df050ef2d,431740,Titular,270.0,1.0,0.0018564476820506503,0.15222871,atl_d5071f8df050ef2d
B,2022,16,154,operario,11,atl_ebbd9fa31dac552d,502791,Titular,416.0,1.0,0.0015605509991037127,0.12796518,atl_ebbd9fa31dac552d
B,2022,16,155,criciuma,10,atl_ce155b70c2cd7558,190389,Titular,858.0,2.0,0.001789001999395435,0.14669816,atl_ce155b70c2cd7558
B,2022,16,155,ituano,3,atl_789145572e5e51a0,427213,Titular,450.0,1.0,0.0015046997001884217,0.12338538,atl_789145572e5e51a0
B,2022,16,155,ituano,8,atl_eabe50b478a200d7,502736,Titular,518.0,1.0,0.0014041893076414545,0.11514352,atl_eabe50b478a200d7
B,2022,16,155,ituano,10,atl_810c90072ebd2bcd,147495,Titular,640.0,1.0,0.0012539164168236848,0.10282115,atl_810c90072ebd2bcd
B,2022,16,155,ituano,11,atl_b36618bb7e0071c5,355362,Titular,806.0,1.0,0.0010945365353591124,0.089752,atl_b36618bb7e0071c5
B,2022,16,156,csa,29,atl_dadb4d91e57b3746,382612,Titular,449.0,2.0,0.0025600260433919922,0.20992214,atl_dadb4d91e57b3746
B,2022,16,156,csa,5,atl_518c2b6993e189a8,175223,Titular,874.0,2.0,0.0017681693705815145,0.14498989,atl_518c2b6993e189a8
B,2022,16,156,londrina,4,atl_636c88e9ed84d6a7,188643,Titular,1128.0,2.0,0.0014923001935988947,0.12236862,atl_636c88e9ed84d6a7
B,2022,16,156,londrina,5,atl_cdc4b3007f5d4f4b,174223,Titular,1260.0,2.0,0.0013803776790789776,0.11319097,atl_cdc4b3007f5d4f4b
B,2022,16,156,londrina,6,atl_4b84b3e96e9a50d0,171945,Titular,692.0,1.0,0.0011992153650830543,0.09833566,atl_4b84b3e96e9a50d0
B,2022,16,157,sport,77,atl_b58f267300e36871,318493,Titular,599.0,3.0,0.003120532042929027,0.25588363,atl_b58f267300e36871
B,2022,16,157,vasco_da_gama,16,atl_df2c723328a7e127,611858,Titular,795.0,2.0,0.0018760345290957535,0.15383483,atl_df2c723328a7e127
B,2022,16,157,vasco_da_gama,2,atl_1ee750b63901832c,646848,Titular,1247.0,2.0,0.0013906495221402409,0.11403326,atl_1ee750b63901832c
B,2022,16,157,sport,7,atl_8bccda153adf0fb1,175065,Titular,559.0,1.0,0.0013498250379405106,0.11068565,atl_8bccda153adf0fb1
B,2022,16,157,vasco_da_gama,15,atl_5dd1f3a46f6e8a3f,559670,Titular,1056.0,1.0,0.0009186791228656818,0.07533169,atl_5dd1f3a46f6e8a3f
B,2022,16,158,bahia,4,atl_1411c823835888d9,530656,Titular,1125.0,3.0,0.002110439824725539,0.17305607,atl_1411c823835888d9
B,2022,16,158,bahia,79,atl_2d8d40072786e2fd,431101,Titular,248.0,1.0,0.0019110490844639048,0.15670602,atl_2d8d40072786e2fd
B,2022,16,158,bahia,11,atl_ecb9230dae466c7f,385655,Titular,344.0,1.0,0.0016936785724869677,0.13888164,atl_ecb9230dae466c7f
B,2022,16,158,bahia,9,atl_d30af22413fe55dc,724385,Titular,509.0,1.0,0.0014167142865996044,0.11617057,atl_d30af22413fe55dc
B,2022,16,158,gremio,20,atl_acc2c4dfb64ef338,523883,Titular,537.0,1.0,0.0013784616346952756,0.11303385,atl_acc2c4dfb64ef338
B,2022,16,159,cruzeiro_saf,5,atl_61bfa35fef5fdda6,409873,Titular,887.0,3.0,0.002472577300056958,0.20275134,atl_61bfa35fef5fdda6
B,2022,16,159,cruzeiro_saf,26,atl_d457b6562ff8f3f8,349619,Titular,1239.0,3.0,0.0019720901179867746,0.16171139,atl_d457b6562ff8f3f8
B,2022,16,159,vila_nova,7,atl_52d9e342f1a09cad,344517,Titular,1058.0,2.0,0.0015593483409364576,0.12786656,atl_52d9e342f1a09cad
B,2022,16,159,vila_nova,8,atl_09ff97acea7fc05d,305393,Titular,1148.0,2.0,0.0014741897543561898,0.12088356,atl_09ff97acea7fc05d
B,2022,16,159,cruzeiro_saf,42,atl_65d9471e34a1bfce,460818,Titular,580.0,1.0,0.0013235784399805563,0.10853343,atl_65d9471e34a1bfce
B,2022,16,160,chapecoense,10,atl_77f17ca587c8617c,176512,Titular,489.0,1.0,0.0014453637160556124,0.11851982,atl_77f17ca587c8617c
B,2022,16,160,chapecoense,38,atl_ac01c67d84ab2827,581520,Titular,614.0,1.0,0.0012831819705377027,0.10522092,atl_ac01c67d84ab2827
B,2022,16,160,sampaio_correa,10,atl_c2d1993350b61679,368089,Titular,782.0,1.0,0.0011150270789227776,0.09143222,atl_c2d1993350b61679
B,2022,16,160,chapecoense,8,atl_289e2d510c0bd893,318694,Titular,825.0,1.0,0.0010788412944747175,0.08846499,atl_289e2d510c0bd893
B,2022,16,160,sampaio_correa,9,atl_5aa871d709484161,338185,Titular,928.0,1.0,0.0010010257109096645,0.08208411,atl_5aa871d709484161
B,2022,17,161,cruzeiro_saf,5,atl_61bfa35fef5fdda6,409873,Titular,935.0,3.0,0.0023909841216039757,0.1960607,atl_61bfa35fef5fdda6
B,2022,17,161,guarani,71,atl_763bc6bee2e02bbf,427774,Titular,127.0,1.0,0.0022823958763982534,0.18715646,atl_763bc6bee2e02bbf
B,2022,17,161,guarani,10,atl_1f85b5f88c773ffc,292205,Titular,1139.0,3.0,0.0020933875622341095,0.17165778,atl_1f85b5f88c773ffc
B,2022,17,161,cruzeiro_saf,26,atl_d457b6562ff8f3f8,349619,Titular,1329.0,3.0,0.0018759224792245517,0.15382564,atl_d457b6562ff8f3f8
B,2022,17,161,guarani,34,atl_7d7e742dcb201d1e,310802,Titular,280.0,1.0,0.0018346951467970575,0.150445,atl_7d7e742dcb201d1e
B,2022,17,162,csa,29,atl_dadb4d91e57b3746,382612,Titular,539.0,2.0,0.002339809638596444,0.19186439,atl_dadb4d91e57b3746
B,2022,17,162,ponte_preta,2,atl_d05a0dfeb5dc96a1,186564,Titular,650.0,2.0,0.002113967143044961,0.17334531,atl_d05a0dfeb5dc96a1
B,2022,17,162,csa,5,atl_518c2b6993e189a8,175223,Titular,964.0,2.0,0.0016605616219273942,0.13616605,atl_518c2b6993e189a8
B,2022,17,162,ponte_preta,10,atl_14981924eccf525a,292592,Titular,1068.0,2.0,0.001550422330677108,0.12713463,atl_14981924eccf525a
B,2022,17,162,ponte_preta,3,atl_32c1d434638e09c7,544530,Titular,1170.0,2.0,0.0014557258769471288,0.11936952,atl_32c1d434638e09c7
B,2022,17,163,sport,77,atl_b58f267300e36871,318493,Titular,674.0,4.0,0.0037743289731701065,0.30949498,atl_b58f267300e36871
B,2022,17,163,londrina,8,atl_4a4d0805f0929dd0,522890,Titular,819.0,2.0,0.0018431100943909818,0.15113503,atl_4a4d0805f0929dd0
B,2022,17,163,londrina,4,atl_636c88e9ed84d6a7,188643,Titular,1218.0,2.0,0.0014150536754957538,0.1160344,atl_636c88e9ed84d6a7
B,2022,17,163,londrina,5,atl_cdc4b3007f5d4f4b,174223,Titular,1350.0,2.0,0.0013140876835144352,0.10775519,atl_cdc4b3007f5d4f4b
B,2022,17,163,sport,7,atl_8bccda153adf0fb1,175065,Titular,649.0,1.0,0.0012454849560502219,0.10212977,atl_8bccda153adf0fb1
B,2022,17,164,vasco_da_gama,16,atl_df2c723328a7e127,611858,Titular,885.0,2.0,0.0017552795772575488,0.14393293,atl_df2c723328a7e127
B,2022,17,164,criciuma,10,atl_ce155b70c2cd7558,190389,Titular,948.0,2.0,0.0016789103691310118,0.13767065,atl_ce155b70c2cd7558
B,2022,17,164,vasco_da_gama,2,atl_1ee750b63901832c,646848,Titular,1337.0,2.0,0.0013233871608610262,0.10851775,atl_1ee750b63901832c
B,2022,17,164,criciuma,5,atl_2bff6785d31e2912,377082,Titular,996.0,1.0,0.0009565923893727974,0.07844058,atl_2bff6785d31e2912
B,2022,17,164,vasco_da_gama,15,atl_5dd1f3a46f6e8a3f,559670,Titular,1146.0,1.0,0.0008694181133060175,0.07129229,atl_5dd1f3a46f6e8a3f
B,2022,17,165,brusque,68,atl_d886c2dcae0e2c37,370091,Titular,784.0,3.0,0.0026721668337240695,0.21911768,atl_d886c2dcae0e2c37
B,2022,17,165,novorizontino,9,atl_6611ad4d57c99a74,298282,Titular,516.0,2.0,0.0023927777701788435,0.19620778,atl_6611ad4d57c99a74
B,2022,17,165,novorizontino,14,atl_3cff56bbe317e0c7,509608,Titular,106.0,1.0,0.002361488802808094,0.19364208,atl_3cff56bbe317e0c7
B,2022,17,165,brusque,28,atl_5def5daa55a6fc96,342430,Titular,720.0,2.0,0.001992673946312873,0.16339926,atl_5def5daa55a6fc96
B,2022,17,165,novorizontino,7,atl_f71fdb44d2c9ade5,363149,Titular,770.0,2.0,0.001914222216143075,0.15696622,atl_f71fdb44d2c9ade5
B,2022,17,166,crb,4,atl_9220edb0a3044fd0,188660,Titular,935.0,3.0,0.0023909841216039757,0.1960607,atl_9220edb0a3044fd0
B,2022,17,166,crb,18,atl_6d8cb3b581ba9adc,315979,Titular,948.0,3.0,0.0023695181039376416,0.19430048,atl_6d8cb3b581ba9adc
B,2022,17,166,crb,6,atl_6e923ed322f50d50,526644,Titular,257.0,1.0,0.0018904388566733223,0.15501599,atl_6e923ed322f50d50
B,2022,17,166,operario,4,atl_d5071f8df050ef2d,431740,Titular,360.0,1.0,0.001664025830815936,0.13645012,atl_d5071f8df050ef2d
B,2022,17,166,operario,10,atl_72dcb517bd43826b,376246,Titular,365.0,1.0,0.0016544071843950345,0.13566139,atl_72dcb517bd43826b
B,2022,17,167,nautico,3,atl_494594498f1c16f0,604967,Titular,496.0,2.0,0.002440825516567977,0.20014769,atl_494594498f1c16f0
B,2022,17,167,nautico,9,atl_109fb63706baaa3e,311336,Titular,113.0,1.0,0.0023345223727597145,0.19143083,atl_109fb63706baaa3e
B,2022,17,167,nautico,2,atl_9f69130327ef61b9,543706,Titular,753.0,2.0,0.001940193307662973,0.15909585,atl_9f69130327ef61b9
B,2022,17,167,nautico,18,atl_faa684b73648dc2d,672682,Titular,806.0,2.0,0.0018614565195265735,0.15263943,atl_faa684b73648dc2d
B,2022,17,167,gremio,27,atl_1b5a316e4002fd87,727270,Titular,1006.0,2.0,0.0016142511384473473,0.13236859,atl_1b5a316e4002fd87
B,2022,17,168,ituano,8,atl_eabe50b478a200d7,502736,Titular,608.0,2.0,0.002194099471571936,0.17991616,atl_eabe50b478a200d7
B,2022,17,168,ituano,10,atl_7f8052acd8db694b,380640,Titular,435.0,1.0,0.0015305478229964758,0.12550492,atl_7f8052acd8db694b
B,2022,17,168,sampaio_correa,10,atl_c2d1993350b61679,368089,Titular,860.0,1.0,0.001052251628310077,0.08628463,atl_c2d1993350b61679
B,2022,17,168,ituano,5,atl_450a096b6627475f,170563,Titular,962.0,1.0,0.000978838724009374,0.08026478,atl_450a096b6627475f
B,2022,17,168,sampaio_correa,11,atl_69bd4ef92b096673,183546,Titular,989.0,1.0,0.0009610894657499697,0.07880934,atl_69bd4ef92b096673
B,2022,17,169,chapecoense,20,atl_59ce4e633f7ddd33,324181,Titular,441.0,2.0,0.0025834880069093573,0.21184602,atl_59ce4e633f7ddd33
B,2022,17,169,tombense,8,atl_2de557902e699e6d,448024,Titular,1032.0,3.0,0.002239596745758293,0.18364693,atl_2de557902e699e6d
B,2022,17,169,tombense,7,atl_89c51f04abfae26b,412193,Titular,1148.0,2.0,0.001475159110741326,0.12096305,atl_89c51f04abfae26b
B,2022,17,169,chapecoense,10,atl_77f17ca587c8617c,176512,Titular,572.0,1.0,0.001334946095617262,0.10946558,atl_77f17ca587c8617c
B,2022,17,169,tombense,2,atl_830479a6cacf7f2c,404381,Titular,1343.0,2.0,0.0013190787924588741,0.10816446,atl_830479a6cacf7f2c
B,2022,17,170,vila_nova,15,atl_dba18bd93f4f27b9,530995,Titular,635.0,2.0,0.0021419050348032644,0.17563621,atl_dba18bd93f4f27b9
B,2022,17,170,bahia,4,atl_1411c823835888d9,530656,Titular,1215.0,3.0,0.002000619367056388,0.16405079,atl_1411c823835888d9
B,2022,17,170,bahia,79,atl_2d8d40072786e2fd,431101,Titular,338.0,1.0,0.0017077114731523925,0.14003234,atl_2d8d40072786e2fd
B,2022,17,170,vila_nova,4,atl_b54e1b8dbe3b47c3,320951,Titular,438.0,1.0,0.0015256526807054423,0.12510352,atl_b54e1b8dbe3b47c3
B,2022,17,170,vila_nova,7,atl_52d9e342f1a09cad,344517,Titular,1148.0,2.0,0.001475159110741326,0.12096305,atl_52d9e342f1a09cad
B,2022,18,171,bahia,11,atl_ecb9230dae466c7f,385655,Titular,415.0,2.0,0.0026485198174606246,0.21717863,atl_ecb9230dae466c7f
B,2022,18,171,guarani,71,atl_763bc6bee2e02bbf,427774,Titular,198.0,1.0,0.0020392487578459475,0.1672184,atl_763bc6bee2e02bbf
B,2022,18,171,bahia,4,atl_1411c823835888d9,530656,Titular,1305.0,3.0,0.0018966180792113416,0.15552268,atl_1411c823835888d9
B,2022,18,171,bahia,13,atl_7b45f9ef364c9b4f,609797,Titular,279.0,1.0,0.0018272087714717217,0.14983112,atl_7b45f9ef364c9b4f
B,2022,18,171,guarani,34,atl_7d7e742dcb201d1e,310802,Titular,370.0,1.0,0.0016360869344557141,0.13415913,atl_7d7e742dcb201d1e
B,2022,18,172,brusque,2,atl_4fe8fb5bed1351fe,165065,Titular,860.0,4.0,0.003252496788953288,0.26670474,atl_4fe8fb5bed1351fe
B,2022,18,172,brusque,26,atl_2e132ed0f429f570,565195,Titular,529.0,2.0,0.002355097796867319,0.19311802,atl_2e132ed0f429f570
B,2022,18,172,crb,8,atl_6d8cb3b581ba9adc,315979,Titular,1038.0,3.0,0.00222587492391188,0.18252174,atl_6d8cb3b581ba9adc
B,2022,18,172,brusque,5,atl_896da3eec86671a6,183707,Titular,1228.0,3.0,0.0019811317320465693,0.1624528,atl_896da3eec86671a6
B,2022,18,172,crb,9,atl_350ce58577f70908,182466,Titular,1256.0,3.0,0.0019495419322189474,0.15986244,atl_350ce58577f70908
B,2022,18,173,nautico,7,atl_109fb63706baaa3e,311336,Titular,201.0,2.0,0.0034570551112360504,0.28347852,atl_109fb63706baaa3e
B,2022,18,173,nautico,2,atl_b1f7606b4db6b68e,543705,Titular,72.0,1.0,0.0024884539038050194,0.20405322,atl_b1f7606b4db6b68e
B,2022,18,173,nautico,3,atl_494594498f1c16f0,604967,Titular,586.0,2.0,0.00223148769150688,0.18298199,atl_494594498f1c16f0
B,2022,18,173,chapecoense,18,atl_0a2908f3b095f82a,321453,Titular,650.0,2.0,0.002107300550414323,0.17279865,atl_0a2908f3b095f82a
B,2022,18,173,nautico,18,atl_faa684b73648dc2d,672682,Titular,896.0,2.0,0.0017359567571464695,0.14234845,atl_faa684b73648dc2d
B,2022,18,174,ponte_preta,2,atl_d05a0dfeb5dc96a1,186564,Titular,724.0,2.0,0.0019798983929546336,0.16235167,atl_d05a0dfeb5dc96a1
B,2022,18,174,criciuma,10,atl_ce155b70c2cd7558,190389,Titular,1038.0,2.0,0.0015756798653943247,0.12920575,atl_ce155b70c2cd7558
B,2022,18,174,ponte_preta,10,atl_14981924eccf525a,292592,Titular,1132.0,2.0,0.001484923794715975,0.12176375,atl_14981924eccf525a
B,2022,18,174,ponte_preta,5,atl_1b93d2582891b2fb,465048,Titular,1240.0,2.0,0.001392756110906018,0.114206,atl_1b93d2582891b2fb
B,2022,18,174,criciuma,6,atl_127c6107d2f86526,363926,Titular,1457.0,2.0,0.0012383217337641652,0.10154238,atl_127c6107d2f86526
B,2022,18,175,ituano,10,atl_eabe50b478a200d7,502736,Titular,698.0,2.0,0.0020228678071589914,0.16587516,atl_eabe50b478a200d7
B,2022,18,175,londrina,8,atl_4a4d0805f0929dd0,522890,Titular,879.0,2.0,0.0017573572392867813,0.14410329,atl_4a4d0805f0929dd0
B,2022,18,175,ituano,8,atl_7f8052acd8db694b,380640,Titular,525.0,1.0,0.0013886786663185086,0.11387165,atl_7f8052acd8db694b
B,2022,18,175,londrina,4,atl_636c88e9ed84d6a7,188643,Titular,1308.0,2.0,0.0013403736908055705,0.10991064,atl_636c88e9ed84d6a7
B,2022,18,175,londrina,5,atl_cdc4b3007f5d4f4b,174223,Titular,1440.0,2.0,0.0012491730066889028,0.10243219,atl_cdc4b3007f5d4f4b
B,2022,18,176,operario,10,atl_72dcb517bd43826b,376246,Titular,429.0,2.0,0.0026086067093395817,0.21390575,atl_72dcb517bd43826b
B,2022,18,176,sport,11,atl_14ae3705ec09bb17,749414,Titular,344.0,1.0,0.0016864877167967669,0.13829199,atl_14ae3705ec09bb17
B,2022,18,176,operario,4,atl_d5071f8df050ef2d,431740,Titular,450.0,1.0,0.0014983111926068118,0.12286152,atl_d5071f8df050ef2d
B,2022,18,176,operario,8,atl_8636b06ce9f06034,309584,Titular,467.0,1.0,0.0014719706649187912,0.12070159,atl_8636b06ce9f06034
B,2022,18,176,operario,11,atl_aa2fff11b4299100,185301,Titular,711.0,1.0,0.0011753886316899019,0.09638187,atl_aa2fff11b4299100
B,2022,18,177,tombense,8,atl_2de557902e699e6d,448024,Titular,1122.0,3.0,0.002110601499985494,0.17306932,atl_2de557902e699e6d
B,2022,18,177,gremio,27,atl_1b5a316e4002fd87,727270,Titular,1092.0,2.0,0.0015222334377992912,0.12482314,atl_1b5a316e4002fd87
B,2022,18,177,gremio,17,atl_e653de567a6c869f,526885,Titular,1132.0,2.0,0.001484923794715975,0.12176375,atl_e653de567a6c869f
B,2022,18,177,tombense,7,atl_89c51f04abfae26b,412193,Titular,1238.0,2.0,0.0013943588221958984,0.11433742,atl_89c51f04abfae26b
B,2022,18,177,tombense,2,atl_830479a6cacf7f2c,404381,Titular,1411.0,2.0,0.0012681295829285566,0.10398663,atl_830479a6cacf7f2c
B,2022,18,178,vasco_da_gama,24,atl_8d4a9aad6e42dd6a,461723,Titular,0.0,1.0,0.0028467912659529424,0.23343688,atl_8d4a9aad6e42dd6a
B,2022,18,178,vasco_da_gama,2,atl_1ee750b63901832c,646848,Titular,1427.0,2.0,0.0012576002246893988,0.10312322,atl_1ee750b63901832c
B,2022,18,178,sampaio_correa,10,atl_c2d1993350b61679,368089,Titular,950.0,1.0,0.0009816521606734285,0.08049548,atl_c2d1993350b61679
B,2022,18,178,sampaio_correa,7,Ygor Catatau,537477,Titular,1069.0,1.0,0.0009071992561991531,0.07439034,atl_7a53cf27f3c01bb1
B,2022,18,178,sampaio_correa,11,atl_69bd4ef92b096673,183546,Titular,1074.0,1.0,0.0009043174288287619,0.07415403,atl_69bd4ef92b096673
B,2022,18,179,cruzeiro_saf,5,atl_61bfa35fef5fdda6,409873,Titular,996.0,3.0,0.0022883660648238447,0.18764602,atl_61bfa35fef5fdda6
B,2022,18,179,novorizontino,9,atl_6611ad4d57c99a74,298282,Titular,599.0,2.0,0.00220509156776749,0.18081751,atl_6611ad4d57c99a74
B,2022,18,179,novorizontino,14,atl_3cff56bbe317e0c7,509608,Titular,179.0,1.0,0.002096311683323227,0.17189756,atl_3cff56bbe317e0c7
B,2022,18,179,cruzeiro_saf,26,atl_d457b6562ff8f3f8,349619,Titular,1419.0,3.0,0.0017839476982680934,0.14628371,atl_d457b6562ff8f3f8
B,2022,18,179,novorizontino,7,atl_f71fdb44d2c9ade5,363149,Titular,860.0,2.0,0.0017819085536591702,0.1461165,atl_f71fdb44d2c9ade5
B,2022,18,180,vila_nova,15,atl_dba18bd93f4f27b9,530995,Titular,725.0,2.0,0.001978282149368548,0.16221914,atl_dba18bd93f4f27b9
B,2022,18,180,csa,5,atl_518c2b6993e189a8,175223,Titular,1009.0,2.0,0.0016059613207266212,0.13168883,atl_518c2b6993e189a8
B,2022,18,180,vila_nova,7,atl_52d9e342f1a09cad,344517,Titular,1228.0,2.0,0.0014024280283428654,0.1149991,atl_52d9e342f1a09cad
B,2022,18,180,vila_nova,8,atl_09ff97acea7fc05d,305393,Titular,1318.0,2.0,0.001333000898226882,0.10930607,atl_09ff97acea7fc05d
B,2022,18,180,csa,13,atl_97051d234b6c4bab,355730,Titular,862.0,1.0,0.0010450775572514472,0.08569636,atl_97051d234b6c4bab
B,2022,19,181,nautico,10,atl_109fb63706baaa3e,311336,Titular,255.0,2.0,0.00321023683915142,0.26323942,atl_109fb63706baaa3e
B,2022,19,181,nautico,3,atl_494594498f1c16f0,604967,Titular,676.0,2.0,0.002060993889081056,0.1690015,atl_494594498f1c16f0
B,2022,19,181,nautico,18,atl_faa684b73648dc2d,672682,Titular,978.0,2.0,0.0016398706451686885,0.13446939,atl_faa684b73648dc2d
B,2022,19,181,ponte_preta,27,atl_9c5bf44c4e086551,186135,Titular,1096.0,2.0,0.0015186270761649886,0.12452742,atl_9c5bf44c4e086551
B,2022,19,181,ponte_preta,39,atl_0608f46e64f2b066,652912,Titular,507.0,1.0,0.0014138319896318987,0.11593422,atl_0608f46e64f2b066
B,2022,19,182,cruzeiro_saf,25,atl_cb0fed2ef44817a6,383527,Titular,1345.0,3.0,0.0018556795737448898,0.15216573,atl_cb0fed2ef44817a6
B,2022,19,182,csa,13,atl_97051d234b6c4bab,355730,Titular,952.0,2.0,0.0016692347200821776,0.13687725,atl_97051d234b6c4bab
B,2022,19,182,csa,5,atl_518c2b6993e189a8,175223,Titular,1099.0,2.0,0.001515777869643103,0.12429379,atl_518c2b6993e189a8
B,2022,19,182,csa,15,atl_5456abee9c3eab66,422561,Titular,1034.0,1.0,0.0009281152630764811,0.07610545,atl_5456abee9c3eab66
B,2022,19,182,cruzeiro_saf,44,atl_b077b34586ca3993,531705,Titular,0.0,0.0,0.000847457627118644,0.06949153,atl_b077b34586ca3993
B,2022,19,183,vila_nova,2,atl_0d474145872a55bc,345933,Titular,1025.0,3.0,0.002245068074465129,0.18409558,atl_0d474145872a55bc
B,2022,19,183,sport,11,atl_14ae3705ec09bb17,749414,Titular,404.0,1.0,0.0015749212539373032,0.12914354,atl_14ae3705ec09bb17
B,2022,19,183,sport,22,atl_e29d2a9d6c05ba2f,302436,Titular,405.0,1.0,0.0015731810094578144,0.12900084,atl_e29d2a9d6c05ba2f
B,2022,19,183,vila_nova,8,atl_09ff97acea7fc05d,305393,Titular,1408.0,2.0,0.00127029812031411,0.10416445,atl_09ff97acea7fc05d
B,2022,19,183,sport,7,atl_8bccda153adf0fb1,175065,Titular,829.0,1.0,0.0010712782645292114,0.08784482,atl_8bccda153adf0fb1
B,2022,19,184,brusque,2,atl_4fe8fb5bed1351fe,165065,Titular,950.0,4.0,0.0030508474576271187,0.25016949,atl_4fe8fb5bed1351fe
B,2022,19,184,brusque,26,atl_2e132ed0f429f570,565195,Titular,612.0,2.0,0.002179612242409462,0.1787282,atl_2e132ed0f429f570
B,2022,19,184,brusque,5,atl_896da3eec86671a6,183707,Titular,1318.0,3.0,0.0018832391713747645,0.15442561,atl_896da3eec86671a6
B,2022,19,184,gremio,27,atl_1b5a316e4002fd87,727270,Titular,1182.0,2.0,0.0014409802696547691,0.11816038,atl_1b5a316e4002fd87
B,2022,19,184,gremio,17,atl_e653de567a6c869f,526885,Titular,1196.0,2.0,0.0014290853853533736,0.117185,atl_e653de567a6c869f
B,2022,19,185,novorizontino,3,atl_f0efe640866e62fb,356106,Titular,765.0,4.0,0.0034970188249480805,0.28675554,atl_f0efe640866e62fb
B,2022,19,185,operario,8,atl_72dcb517bd43826b,376246,Titular,501.0,2.0,0.0024213075060532684,0.19854722,atl_72dcb517bd43826b
B,2022,19,185,novorizontino,9,atl_6611ad4d57c99a74,298282,Titular,665.0,2.0,0.002080453917218302,0.17059722,atl_6611ad4d57c99a74
B,2022,19,185,novorizontino,4,atl_43aca2e9da0a643b,291797,Titular,990.0,2.0,0.0016266636332612897,0.13338642,atl_43aca2e9da0a643b
B,2022,19,185,novorizontino,21,atl_353529efd4f3c24a,430405,Titular,421.0,1.0,0.0015458510462099044,0.12675979,atl_353529efd4f3c24a
B,2022,19,186,sampaio_correa,11,atl_92b62a0719c50c35,434877,Titular,493.0,2.0,0.00244081451516548,0.20014679,atl_92b62a0719c50c35
B,2022,19,186,sampaio_correa,6,atl_5f3c701e5c5f63cc,170254,Titular,301.0,1.0,0.0017774392179267442,0.14575002,atl_5f3c701e5c5f63cc
B,2022,19,186,sampaio_correa,13,atl_79501c1a5283bedc,174017,Titular,360.0,1.0,0.0016554986204178163,0.13575089,atl_79501c1a5283bedc
B,2022,19,186,londrina,8,atl_4a4d0805f0929dd0,522890,Titular,969.0,2.0,0.0016499175041247937,0.13529324,atl_4a4d0805f0929dd0
B,2022,19,186,londrina,4,atl_636c88e9ed84d6a7,188643,Titular,1398.0,2.0,0.0012769909449732992,0.10471326,atl_636c88e9ed84d6a7
B,2022,19,187,ituano,8,atl_eabe50b478a200d7,502736,Titular,788.0,2.0,0.001881777029160964,0.15430572,atl_eabe50b478a200d7
B,2022,19,187,vasco_da_gama,16,atl_df2c723328a7e127,611858,Titular,971.0,2.0,0.001647674244431898,0.13510929,atl_df2c723328a7e127
B,2022,19,187,ituano,7,atl_b36618bb7e0071c5,355362,Titular,974.0,2.0,0.001644320769036175,0.1348343,atl_b36618bb7e0071c5
B,2022,19,187,ituano,3,atl_789145572e5e51a0,427213,Titular,563.0,1.0,0.001339349777572269,0.10982668,atl_789145572e5e51a0
B,2022,19,187,vasco_da_gama,2,atl_1ee750b63901832c,646848,Titular,1495.0,2.0,0.0012149016609319908,0.09962194,atl_1ee750b63901832c
B,2022,19,188,bahia,11,atl_ecb9230dae466c7f,385655,Titular,494.0,2.0,0.002438358967363503,0.19994544,atl_ecb9230dae466c7f
B,2022,19,188,crb,5,atl_6d8cb3b581ba9adc,315979,Titular,1121.0,3.0,0.0021121090768410375,0.17319294,atl_6d8cb3b581ba9adc
B,2022,19,188,crb,9,atl_350ce58577f70908,182466,Titular,1346.0,3.0,0.0018546743302054831,0.1520833,atl_350ce58577f70908
B,2022,19,188,bahia,4,atl_1411c823835888d9,530656,Titular,1395.0,3.0,0.0018067170520101963,0.1481508,atl_1411c823835888d9
B,2022,19,188,bahia,13,atl_7b45f9ef364c9b4f,609797,Titular,369.0,1.0,0.0016383530650855259,0.13434495,atl_7b45f9ef364c9b4f
B,2022,19,189,tombense,10,atl_8aab3e7d2ff08e21,292740,Titular,156.0,1.0,0.002170318313352625,0.1779661,atl_8aab3e7d2ff08e21
B,2022,19,189,criciuma,10,atl_ce155b70c2cd7558,190389,Titular,1128.0,3.0,0.0021030275267563403,0.17244826,atl_ce155b70c2cd7558
B,2022,19,189,tombense,8,atl_2de557902e699e6d,448024,Titular,1212.0,3.0,0.0019998415967052113,0.16398701,atl_2de557902e699e6d
B,2022,19,189,tombense,7,atl_89c51f04abfae26b,412193,Titular,1312.0,3.0,0.0018894750626707074,0.15493696,atl_89c51f04abfae26b
B,2022,19,189,criciuma,5,atl_2bff6785d31e2912,377082,Titular,1041.0,1.0,0.0009238992949768475,0.07575974,atl_2bff6785d31e2912
B,2022,19,190,chapecoense,18,atl_0a2908f3b095f82a,321453,Titular,735.0,3.0,0.002772250051465038,0.2273245,atl_0a2908f3b095f82a
B,2022,19,190,guarani,34,atl_7d7e742dcb201d1e,310802,Titular,460.0,1.0,0.0014830508474576272,0.12161017,atl_7d7e742dcb201d1e
B,2022,19,190,chapecoense,33,atl_119279633b1bdb64,177152,Titular,1170.0,2.0,0.0014513346188977975,0.11900944,atl_119279633b1bdb64
B,2022,19,190,guarani,19,atl_6178bbc12cb6ceff,376828,Titular,545.0,1.0,0.001362419917281648,0.11171843,atl_6178bbc12cb6ceff
B,2022,19,190,guarani,7,atl_9bdf70ce10daa991,360465,Titular,700.0,1.0,0.0011864406779661016,0.09728814,atl_9bdf70ce10daa991
B,2022,20,191,brusque,26,atl_2e132ed0f429f570,565195,Titular,702.0,2.0,0.002014413939280694,0.16518194,atl_2e132ed0f429f570
B,2022,20,191,brusque,5,atl_896da3eec86671a6,183707,Titular,1408.0,3.0,0.0017931475655216952,0.1470381,atl_896da3eec86671a6
B,2022,20,191,brusque,7,atl_61c401e7acbc23ce,315074,Titular,544.0,1.0,0.0013614229454170445,0.11163668,atl_61c401e7acbc23ce
B,2022,20,191,guarani,34,atl_7d7e742dcb201d1e,310802,Titular,550.0,1.0,0.0013536433857289471,0.11099876,atl_7d7e742dcb201d1e
B,2022,20,191,guarani,19,atl_6178bbc12cb6ceff,376828,Titular,635.0,1.0,0.001252269211467308,0.10268608,atl_6178bbc12cb6ceff
B,2022,20,192,novorizontino,4,atl_f0efe640866e62fb,356106,Titular,855.0,4.0,0.0032629708893102544,0.26756361,atl_f0efe640866e62fb
B,2022,20,192,novorizontino,2,atl_518fecebbfee082a,455446,Titular,520.0,2.0,0.002373848583348426,0.19465558,atl_518fecebbfee082a
B,2022,20,192,crb,25,atl_6d8cb3b581ba9adc,315979,Titular,1200.0,3.0,0.0020125444441267027,0.16502864,atl_6d8cb3b581ba9adc
B,2022,20,192,novorizontino,9,atl_b2b40462ee3704a5,311813,Titular,807.0,2.0,0.0018525826740745175,0.15191178,atl_b2b40462ee3704a5
B,2022,20,192,crb,9,atl_350ce58577f70908,182466,Titular,1436.0,3.0,0.0017672136131277865,0.14491152,atl_350ce58577f70908
B,2022,20,193,nautico,18,atl_faa684b73648dc2d,672682,Titular,1038.0,2.0,0.0015743339109332863,0.12909538,atl_faa684b73648dc2d
B,2022,20,193,londrina,8,atl_4a4d0805f0929dd0,522890,Titular,1059.0,2.0,0.0015531273604973666,0.12735644,atl_4a4d0805f0929dd0
B,2022,20,193,londrina,5,atl_cdc4b3007f5d4f4b,174223,Titular,1620.0,2.0,0.0011421346957619786,0.09365505,atl_cdc4b3007f5d4f4b
B,2022,20,193,nautico,4,atl_30040a6307a3af5d,170272,Titular,849.0,1.0,0.0010536141994183798,0.08639636,atl_30040a6307a3af5d
B,2022,20,193,nautico,8,atl_a0607e056b423c2c,182944,Titular,0.0,0.0,0.0008426511100307892,0.06909739,atl_a0607e056b423c2c
B,2022,20,194,csa,29,atl_dadb4d91e57b3746,382612,Titular,677.0,2.0,0.0020572009813214906,0.16869048,atl_dadb4d91e57b3746
B,2022,20,194,criciuma,10,atl_ce155b70c2cd7558,190389,Titular,1218.0,3.0,0.0019914584138622784,0.16329959,atl_ce155b70c2cd7558
B,2022,20,194,csa,6,atl_f29a2581d408cf45,630830,Titular,242.0,1.0,0.001915533093012661,0.15707371,atl_f29a2581d408cf45
B,2022,20,194,csa,13,atl_97051d234b6c4bab,355730,Titular,1042.0,2.0,0.0015702500356779472,0.1287605,atl_97051d234b6c4bab
B,2022,20,194,csa,5,atl_518c2b6993e189a8,175223,Titular,1189.0,2.0,0.001433585290121607,0.11755399,atl_518c2b6993e189a8
B,2022,20,195,chapecoense,4,atl_57bb60157c4451f9,333824,Titular,414.0,1.0,0.0015550607822925541,0.12751498,atl_57bb60157c4451f9
B,2022,20,195,chapecoense,33,atl_119279633b1bdb64,177152,Titular,1260.0,2.0,0.0013757531562587468,0.11281176,atl_119279633b1bdb64
B,2022,20,195,ituano,8,atl_7f8052acd8db694b,380640,Titular,622.0,1.0,0.0012667785695324371,0.10387584,atl_7f8052acd8db694b
B,2022,20,195,ituano,3,atl_789145572e5e51a0,427213,Titular,653.0,1.0,0.001232719475295225,0.101083,atl_789145572e5e51a0
B,2022,20,195,chapecoense,9,atl_69b1748b9010311a,419436,Titular,845.0,1.0,0.0010567476245467618,0.08665331,atl_69b1748b9010311a
B,2022,20,196,operario,10,atl_72dcb517bd43826b,376246,Titular,591.0,2.0,0.0022193634784742388,0.18198781,atl_72dcb517bd43826b
B,2022,20,196,tombense,10,atl_8aab3e7d2ff08e21,292740,Titular,246.0,1.0,0.001905262138090341,0.1562315,atl_8aab3e7d2ff08e21
B,2022,20,196,tombense,8,atl_2de557902e699e6d,448024,Titular,1302.0,3.0,0.001898626834081795,0.1556874,atl_2de557902e699e6d
B,2022,20,196,operario,9,atl_a60349b425bb19fc,441065,Titular,419.0,1.0,0.00154660016867834,0.12682121,atl_a60349b425bb19fc
B,2022,20,196,operario,8,atl_8636b06ce9f06034,309584,Titular,610.0,1.0,0.0012804734729868418,0.10499882,atl_8636b06ce9f06034
B,2022,20,197,ponte_preta,5,atl_1b93d2582891b2fb,465048,Titular,1420.0,3.0,0.0017819403932371847,0.14611911,atl_1b93d2582891b2fb
B,2022,20,197,ponte_preta,27,atl_9c5bf44c4e086551,186135,Titular,1186.0,2.0,0.0014361361536271615,0.11776316,atl_9c5bf44c4e086551
B,2022,20,197,gremio,27,atl_1b5a316e4002fd87,727270,Titular,1263.0,2.0,0.001373412112884512,0.11261979,atl_1b5a316e4002fd87
B,2022,20,197,gremio,17,atl_e653de567a6c869f,526885,Titular,1277.0,2.0,0.0013625917585905428,0.11173252,atl_e653de567a6c869f
B,2022,20,197,ponte_preta,3,atl_32c1d434638e09c7,544530,Titular,1286.0,2.0,0.0013557253947454617,0.11116948,atl_32c1d434638e09c7
B,2022,20,198,sport,22,atl_e29d2a9d6c05ba2f,302436,Titular,477.0,2.0,0.0024783270778049073,0.20322282,atl_e29d2a9d6c05ba2f
B,2022,20,198,sampaio_correa,6,atl_5f3c701e5c5f63cc,170254,Titular,370.0,1.0,0.0016337075345004535,0.13396402,atl_5f3c701e5c5f63cc
B,2022,20,198,sport,7,atl_8bccda153adf0fb1,175065,Titular,919.0,1.0,0.0010016388689326246,0.08213439,atl_8bccda153adf0fb1
B,2022,20,198,sampaio_correa,10,atl_c2d1993350b61679,368089,Titular,1039.0,1.0,0.0009235383723296911,0.07573015,atl_c2d1993350b61679
B,2022,20,198,sport,31,atl_74e75d25b22616e8,452427,Titular,1089.0,1.0,0.0008944780081909342,0.0733472,atl_74e75d25b22616e8
B,2022,20,199,bahia,11,atl_ecb9230dae466c7f,385655,Titular,564.0,2.0,0.0022756819126084535,0.18660592,atl_ecb9230dae466c7f
B,2022,20,199,cruzeiro_saf,5,atl_61bfa35fef5fdda6,409873,Titular,1062.0,3.0,0.0021903492669752846,0.17960864,atl_61bfa35fef5fdda6
B,2022,20,199,bahia,5,atl_dbd328c9fd45f7eb,315696,Titular,724.0,2.0,0.001978207152790355,0.16221299,atl_dbd328c9fd45f7eb
B,2022,20,199,cruzeiro_saf,25,atl_cb0fed2ef44817a6,383527,Titular,1435.0,3.0,0.0017681269018167414,0.14498641,atl_cb0fed2ef44817a6
B,2022,20,199,bahia,13,atl_7b45f9ef364c9b4f,609797,Titular,459.0,1.0,0.0014820912982433728,0.12153149,atl_7b45f9ef364c9b4f
B,2022,20,200,vila_nova,2,atl_0d474145872a55bc,345933,Titular,1115.0,3.0,0.002118467835922845,0.17371436,atl_0d474145872a55bc
B,2022,20,200,vasco_da_gama,23,atl_243733f337379a15,372403,Titular,292.0,1.0,0.001794602973504286,0.14715744,atl_243733f337379a15
B,2022,20,200,vasco_da_gama,2,atl_1ee750b63901832c,646848,Titular,1585.0,3.0,0.001640923527585321,0.13455573,atl_1ee750b63901832c
B,2022,20,200,vasco_da_gama,16,atl_df2c723328a7e127,611858,Titular,1061.0,2.0,0.0015511374471591252,0.12719327,atl_df2c723328a7e127
B,2022,20,200,vasco_da_gama,15,atl_5dd1f3a46f6e8a3f,559670,Titular,1208.0,2.0,0.0014176379127724791,0.11624631,atl_5dd1f3a46f6e8a3f
B,2022,21,201,ponte_preta,5,atl_1b93d2582891b2fb,465048,Titular,1510.0,3.0,0.0017029909673291748,0.13964526,atl_1b93d2582891b2fb
B,2022,21,201,ponte_preta,27,atl_9c5bf44c4e086551,186135,Titular,1276.0,2.0,0.0013643084709074557,0.11187329,atl_9c5bf44c4e086551
B,2022,21,201,operario,8,atl_bd5176d819517bb9,179100,Titular,1304.0,2.0,0.0013431329514033488,0.1101369,atl_bd5176d819517bb9
B,2022,21,201,operario,10,atl_8636b06ce9f06034,309584,Titular,676.0,1.0,0.0012100440853160216,0.09922361,atl_8636b06ce9f06034
B,2022,21,201,operario,5,atl_0fd24f06513928ea,524492,Titular,737.0,1.0,0.001150373358392596,0.09433062,atl_0fd24f06513928ea
B,2022,21,202,ituano,5,atl_eabe50b478a200d7,502736,Titular,853.0,2.0,0.0017908439352044652,0.1468492,atl_eabe50b478a200d7
B,2022,21,202,ituano,11,atl_582aa60ad579ed00,539977,Titular,296.0,1.0,0.001787703322024675,0.14659167,atl_582aa60ad579ed00
B,2022,21,202,csa,6,atl_f29a2581d408cf45,630830,Titular,332.0,1.0,0.001710350774437069,0.14024876,atl_f29a2581d408cf45
B,2022,21,202,ituano,7,atl_b36618bb7e0071c5,355362,Titular,1045.0,2.0,0.001568292455878085,0.12859998,atl_b36618bb7e0071c5
B,2022,21,202,csa,5,atl_518c2b6993e189a8,175223,Titular,1269.0,2.0,0.001369707091199345,0.11231598,atl_518c2b6993e189a8
B,2022,21,203,guarani,19,atl_6178bbc12cb6ceff,376828,Titular,680.0,1.0,0.0012059422409590181,0.09888726,atl_6178bbc12cb6ceff
B,2022,21,203,guarani,7,atl_9bdf70ce10daa991,360465,Titular,821.0,1.0,0.001077223197828646,0.0883323,atl_9bdf70ce10daa991
B,2022,21,203,guarani,32,atl_79973ceb0b7cc5ee,429655,Titular,848.0,1.0,0.0010556467687920187,0.08656304,atl_79973ceb0b7cc5ee
B,2022,21,203,sport,7,atl_8bccda153adf0fb1,175065,Titular,1009.0,1.0,0.0009430164641031421,0.07732735,atl_8bccda153adf0fb1
B,2022,21,203,guarani,31,atl_9b25372db780c18d,315023,Titular,1040.0,1.0,0.0009240336651504164,0.07577076,atl_9b25372db780c18d
B,2022,21,204,brusque,21,atl_4fe8fb5bed1351fe,165065,Titular,1029.0,4.0,0.002892748099628281,0.23720534,atl_4fe8fb5bed1351fe
B,2022,21,204,brusque,66,atl_d886c2dcae0e2c37,370091,Titular,851.0,3.0,0.0025336875235615407,0.20776238,atl_d886c2dcae0e2c37
B,2022,21,204,cruzeiro_saf,5,atl_61bfa35fef5fdda6,409873,Titular,1152.0,3.0,0.0020720410679973614,0.16990737,atl_61bfa35fef5fdda6
B,2022,21,204,brusque,26,atl_2e132ed0f429f570,565195,Titular,779.0,2.0,0.0018944580487346688,0.15534556,atl_2e132ed0f429f570
B,2022,21,204,cruzeiro_saf,25,atl_cb0fed2ef44817a6,383527,Titular,1493.0,3.0,0.001717517232479499,0.14083641,atl_cb0fed2ef44817a6
B,2022,21,205,novorizontino,3,atl_f0efe640866e62fb,356106,Titular,945.0,4.0,0.003060907850748541,0.25099444,atl_f0efe640866e62fb
B,2022,21,205,novorizontino,9,atl_6611ad4d57c99a74,298282,Titular,755.0,3.0,0.0027274994775550927,0.22365496,atl_6611ad4d57c99a74
B,2022,21,205,vila_nova,2,atl_0d474145872a55bc,345933,Titular,1205.0,3.0,0.002007631580253162,0.16462579,atl_0d474145872a55bc
B,2022,21,205,novorizontino,19,atl_b2b40462ee3704a5,311813,Titular,897.0,2.0,0.0017344394018121985,0.14222403,atl_b2b40462ee3704a5
B,2022,21,205,novorizontino,7,atl_f71fdb44d2c9ade5,363149,Titular,1040.0,2.0,0.0015733843145010658,0.12901751,atl_f71fdb44d2c9ade5
B,2022,21,206,criciuma,10,atl_ce155b70c2cd7558,190389,Titular,1308.0,3.0,0.0018932587634577663,0.15524722,atl_ce155b70c2cd7558
B,2022,21,206,londrina,8,atl_4a4d0805f0929dd0,522890,Titular,1149.0,2.0,0.0014693825617535727,0.12048937,atl_4a4d0805f0929dd0
B,2022,21,206,criciuma,2,atl_380df224c145e892,188472,Titular,610.0,1.0,0.0012819926525510282,0.1051234,atl_380df224c145e892
B,2022,21,206,londrina,4,atl_636c88e9ed84d6a7,188643,Titular,1488.0,2.0,0.0012188188351768818,0.09994314,atl_636c88e9ed84d6a7
B,2022,21,206,criciuma,8,atl_47392d25c7da296f,379541,Titular,1672.0,2.0,0.0011155671474823395,0.09147651,atl_47392d25c7da296f
B,2022,21,207,crb,4,atl_9220edb0a3044fd0,188660,Titular,949.0,3.0,0.0023623270147216297,0.19371082,atl_9220edb0a3044fd0
B,2022,21,207,crb,5,atl_6d8cb3b581ba9adc,315979,Titular,1290.0,3.0,0.0019122971197383471,0.15680836,atl_6d8cb3b581ba9adc
B,2022,21,207,crb,9,atl_350ce58577f70908,182466,Titular,1526.0,3.0,0.0016895418777550055,0.13854243,atl_350ce58577f70908
B,2022,21,207,vasco_da_gama,2,atl_1ee750b63901832c,646848,Titular,1675.0,3.0,0.001573798549117996,0.12905148,atl_1ee750b63901832c
B,2022,21,207,vasco_da_gama,8,atl_df2c723328a7e127,611858,Titular,1151.0,2.0,0.001467602570764168,0.12034341,atl_df2c723328a7e127
B,2022,21,208,nautico,11,atl_109fb63706baaa3e,311336,Titular,345.0,2.0,0.0028674696382622973,0.23513251,atl_109fb63706baaa3e
B,2022,21,208,bahia,11,atl_ecb9230dae466c7f,385655,Titular,609.0,2.0,0.0021848618975037343,0.17915868,atl_ecb9230dae466c7f
B,2022,21,208,nautico,3,atl_1808161f4c211fc8,393400,Titular,237.0,1.0,0.0019308166137471387,0.15832696,atl_1808161f4c211fc8
B,2022,21,208,bahia,5,atl_dbd328c9fd45f7eb,315696,Titular,814.0,2.0,0.001843996837390899,0.15120774,atl_dbd328c9fd45f7eb
B,2022,21,208,bahia,4,atl_1411c823835888d9,530656,Titular,1485.0,3.0,0.0017244392162879805,0.14140402,atl_1411c823835888d9
B,2022,21,209,tombense,8,atl_2de557902e699e6d,448024,Titular,1392.0,3.0,0.0018092028775537215,0.14835464,atl_2de557902e699e6d
B,2022,21,209,tombense,10,atl_8aab3e7d2ff08e21,292740,Titular,331.0,1.0,0.0017124089582811568,0.14041753,atl_8aab3e7d2ff08e21
B,2022,21,209,sampaio_correa,6,atl_5f3c701e5c5f63cc,170254,Titular,460.0,1.0,0.0014823040045121264,0.12154893,atl_5f3c701e5c5f63cc
B,2022,21,209,tombense,7,atl_3836099510840481,308283,Titular,798.0,1.0,0.0010963111281445618,0.08989751,atl_3836099510840481
B,2022,21,209,sampaio_correa,10,atl_c2d1993350b61679,368089,Titular,1129.0,1.0,0.0008735493212594483,0.07163104,atl_c2d1993350b61679
B,2022,21,210,chapecoense,20,atl_59ce4e633f7ddd33,324181,Titular,568.0,2.0,0.0022687376819584657,0.18603649,atl_59ce4e633f7ddd33
B,2022,21,210,chapecoense,12,atl_1696541fe8db3638,532045,Titular,143.0,1.0,0.0022130821840305463,0.18147274,atl_1696541fe8db3638
B,2022,21,210,chapecoense,33,atl_119279633b1bdb64,177152,Titular,1350.0,3.0,0.001850276672611698,0.15172269,atl_119279633b1bdb64
B,2022,21,210,gremio,17,atl_e653de567a6c869f,526885,Titular,1336.0,2.0,0.0013197232267601533,0.1082173,atl_e653de567a6c869f
B,2022,21,210,gremio,27,atl_1b5a316e4002fd87,727270,Titular,1353.0,2.0,0.0013076156742210692,0.10722449,atl_1b5a316e4002fd87
B,2022,22,211,guarani,34,atl_7d7e742dcb201d1e,310802,Titular,640.0,2.0,0.002130072604493546,0.17466595,atl_7d7e742dcb201d1e
B,2022,22,211,guarani,98,atl_335511c91eb2bad8,424347,Titular,665.0,2.0,0.0020843628919507665,0.17091776,atl_335511c91eb2bad8
B,2022,22,211,guarani,83,atl_ce3b1895ae9f8eb1,528144,Titular,270.0,1.0,0.0018549126871722633,0.15210284,atl_ce3b1895ae9f8eb1
B,2022,22,211,gremio,17,atl_e653de567a6c869f,526885,Titular,1413.0,2.0,0.0012693584783704352,0.1040874,atl_e653de567a6c869f
B,2022,22,211,gremio,27,atl_1b5a316e4002fd87,727270,Titular,1430.0,2.0,0.0012581776005816802,0.10317056,atl_1b5a316e4002fd87
B,2022,22,212,crb,25,atl_6d8cb3b581ba9adc,315979,Titular,1380.0,4.0,0.0023554695580439585,0.1931485,atl_6d8cb3b581ba9adc
B,2022,22,212,crb,9,atl_350ce58577f70908,182466,Titular,1595.0,3.0,0.0016364118229702353,0.13418577,atl_350ce58577f70908
B,2022,22,212,ponte_preta,5,atl_1b93d2582891b2fb,465048,Titular,1600.0,3.0,0.0016325156043441155,0.13386628,atl_1b93d2582891b2fb
B,2022,22,212,ponte_preta,19,atl_67a835638bc6356c,600810,Titular,1057.0,2.0,0.0015595907316137718,0.12788644,atl_67a835638bc6356c
B,2022,22,212,ponte_preta,22,atl_c1f542be8e7e4832,460331,Titular,553.0,1.0,0.0013563938928040293,0.1112243,atl_c1f542be8e7e4832
B,2022,22,213,sport,88,atl_79acc5f240077c2e,502079,Titular,82.0,1.0,0.002454094105021723,0.20123572,atl_79acc5f240077c2e
B,2022,22,213,criciuma,2,atl_c7809be851941ca1,337272,Titular,95.0,1.0,0.002400475242222929,0.19683897,atl_c7809be851941ca1
B,2022,22,213,criciuma,10,atl_ce155b70c2cd7558,190389,Titular,1398.0,3.0,0.0018062606792005494,0.14811338,atl_ce155b70c2cd7558
B,2022,22,213,criciuma,11,atl_37e5a66bc391b1e2,311146,Titular,295.0,1.0,0.0017965820995253369,0.14731973,atl_37e5a66bc391b1e2
B,2022,22,213,criciuma,6,atl_127c6107d2f86526,363926,Titular,1579.0,3.0,0.001649005660953652,0.13521846,atl_127c6107d2f86526
B,2022,22,214,brusque,66,atl_d886c2dcae0e2c37,370091,Titular,916.0,4.0,0.003127318339775877,0.2564401,atl_d886c2dcae0e2c37
B,2022,22,214,brusque,26,atl_2e132ed0f429f570,565195,Titular,869.0,2.0,0.0017737638927119378,0.14544864,atl_2e132ed0f429f570
B,2022,22,214,brusque,5,atl_896da3eec86671a6,183707,Titular,1588.0,3.0,0.0016418978779323002,0.13463563,atl_896da3eec86671a6
B,2022,22,214,sampaio_correa,13,atl_79501c1a5283bedc,174017,Titular,450.0,1.0,0.001503455546444887,0.12328335,atl_79501c1a5283bedc
B,2022,22,214,brusque,7,atl_61c401e7acbc23ce,315074,Titular,703.0,1.0,0.0011872674722548983,0.09735593,atl_61c401e7acbc23ce
B,2022,22,215,novorizontino,3,atl_f0efe640866e62fb,356106,Titular,1035.0,4.0,0.002884874768158073,0.23655973,atl_f0efe640866e62fb
B,2022,22,215,novorizontino,9,atl_6611ad4d57c99a74,298282,Titular,845.0,3.0,0.00254890912202427,0.20901055,atl_6611ad4d57c99a74
B,2022,22,215,novorizontino,14,atl_3cff56bbe317e0c7,509608,Titular,314.0,1.0,0.0017546471365143031,0.14388107,atl_3cff56bbe317e0c7
B,2022,22,215,novorizontino,4,atl_43aca2e9da0a643b,291797,Titular,1170.0,2.0,0.001454061538396792,0.11923305,atl_43aca2e9da0a643b
B,2022,22,215,londrina,4,atl_636c88e9ed84d6a7,188643,Titular,1578.0,2.0,0.0011685672613679706,0.09582252,atl_636c88e9ed84d6a7
B,2022,22,216,nautico,5,atl_1808161f4c211fc8,393400,Titular,327.0,1.0,0.0017270650170769562,0.14161933,atl_1808161f4c211fc8
B,2022,22,216,nautico,3,atl_9bc10e979b4ffa67,299676,Titular,459.0,1.0,0.001489345953204007,0.12212637,atl_9bc10e979b4ffa67
B,2022,22,216,operario,5,atl_bd5176d819517bb9,179100,Titular,1394.0,2.0,0.0012820922751439507,0.10513157,atl_bd5176d819517bb9
B,2022,22,216,operario,4,atl_d5071f8df050ef2d,431740,Titular,649.0,1.0,0.0012430659435358074,0.10193141,atl_d5071f8df050ef2d
B,2022,22,216,operario,10,atl_8636b06ce9f06034,309584,Titular,766.0,1.0,0.0011281854416450574,0.09251121,atl_8636b06ce9f06034
B,2022,22,217,chapecoense,33,atl_119279633b1bdb64,177152,Titular,1440.0,3.0,0.0017671560665580633,0.1449068,atl_119279633b1bdb64
B,2022,22,217,vasco_da_gama,2,atl_1ee750b63901832c,646848,Titular,1765.0,3.0,0.0015135906265442132,0.12411443,atl_1ee750b63901832c
B,2022,22,217,vasco_da_gama,8,atl_df2c723328a7e127,611858,Titular,1241.0,2.0,0.0013947632217821038,0.11437058,atl_df2c723328a7e127
B,2022,22,217,vasco_da_gama,15,atl_5dd1f3a46f6e8a3f,559670,Titular,1343.0,2.0,0.0013175706831918843,0.1080408,atl_5dd1f3a46f6e8a3f
B,2022,22,217,vasco_da_gama,4,atl_a202fba54a672f10,170178,Titular,1665.0,2.0,0.0011216086693407125,0.09197191,atl_a202fba54a672f10
B,2022,22,218,csa,19,atl_9fbfb397b0f8c857,507566,Titular,45.0,1.0,0.0026207023286653995,0.21489759,atl_9fbfb397b0f8c857
B,2022,22,218,csa,13,atl_97051d234b6c4bab,355730,Titular,1132.0,3.0,0.0021006634614722077,0.1722544,atl_97051d234b6c4bab
B,2022,22,218,bahia,5,atl_dbd328c9fd45f7eb,315696,Titular,904.0,2.0,0.001729546131853734,0.14182278,atl_dbd328c9fd45f7eb
B,2022,22,218,bahia,4,atl_1411c823835888d9,530656,Titular,1575.0,3.0,0.0016521844670470567,0.13547913,atl_1411c823835888d9
B,2022,22,218,csa,5,atl_518c2b6993e189a8,175223,Titular,1345.0,2.0,0.0013161424222886953,0.10792368,atl_518c2b6993e189a8
B,2022,22,219,cruzeiro_saf,5,atl_61bfa35fef5fdda6,409873,Titular,1242.0,4.0,0.0025420681797489334,0.20844959,atl_61bfa35fef5fdda6
B,2022,22,219,tombense,7,atl_89c51f04abfae26b,412193,Titular,1376.0,3.0,0.0018274428406837115,0.14985031,atl_89c51f04abfae26b
B,2022,22,219,tombense,8,atl_2de557902e699e6d,448024,Titular,1470.0,3.0,0.0017402450604683465,0.14270009,atl_2de557902e699e6d
B,2022,22,219,cruzeiro_saf,25,atl_cb0fed2ef44817a6,383527,Titular,1579.0,3.0,0.001649005660953652,0.13521846,atl_cb0fed2ef44817a6
B,2022,22,219,cruzeiro_saf,26,atl_d457b6562ff8f3f8,349619,Titular,1624.0,3.0,0.0016140691003402273,0.13235367,atl_d457b6562ff8f3f8
B,2022,22,220,vila_nova,23,atl_42341c2993549b01,298432,Titular,115.0,1.0,0.002322411006703484,0.1904377,atl_42341c2993549b01
B,2022,22,220,ituano,8,atl_eabe50b478a200d7,502736,Titular,943.0,2.0,0.0016828016418036333,0.13798973,atl_eabe50b478a200d7
B,2022,22,220,ituano,11,atl_582aa60ad579ed00,539977,Titular,365.0,1.0,0.0016511939527429397,0.1353979,atl_582aa60ad579ed00
B,2022,22,220,ituano,7,atl_b36618bb7e0071c5,355362,Titular,1114.0,2.0,0.00150451224852704,0.12337,atl_b36618bb7e0071c5
B,2022,22,220,vila_nova,4,atl_b54e1b8dbe3b47c3,320951,Titular,618.0,1.0,0.0012775337827572832,0.10475777,atl_b54e1b8dbe3b47c3
B,2022,23,221,vasco_da_gama,23,atl_243733f337379a15,372403,Titular,364.0,2.0,0.0028024834479338455,0.22980364,atl_243733f337379a15
B,2022,23,221,ponte_preta,4,atl_e23ce9f74e0b8ef7,378323,Titular,180.0,1.0,0.0020902142632571214,0.17139757,atl_e23ce9f74e0b8ef7
B,2022,23,221,ponte_preta,5,atl_1b93d2582891b2fb,465048,Titular,1690.0,3.0,0.0015622583100524394,0.12810518,atl_1b93d2582891b2fb
B,2022,23,221,ponte_preta,19,atl_67a835638bc6356c,600810,Titular,1136.0,2.0,0.0014800401583220308,0.12136329,atl_67a835638bc6356c
B,2022,23,221,vasco_da_gama,2,atl_1ee750b63901832c,646848,Titular,1855.0,3.0,0.0014528007214500392,0.11912966,atl_1ee750b63901832c
B,2022,23,222,brusque,26,atl_2e132ed0f429f570,565195,Titular,923.0,3.0,0.0024043188327581466,0.19715414,atl_2e132ed0f429f570
B,2022,23,222,csa,19,atl_9fbfb397b0f8c857,507566,Titular,127.0,1.0,0.002266899041490977,0.18588572,atl_9fbfb397b0f8c857
B,2022,23,222,csa,13,atl_97051d234b6c4bab,355730,Titular,1222.0,3.0,0.00198684419222697,0.16292122,atl_97051d234b6c4bab
B,2022,23,222,brusque,5,atl_896da3eec86671a6,183707,Titular,1678.0,3.0,0.0015708657938543814,0.128811,atl_896da3eec86671a6
B,2022,23,222,csa,5,atl_518c2b6993e189a8,175223,Titular,1435.0,2.0,0.0012513414465192985,0.10261,atl_518c2b6993e189a8
B,2022,23,223,crb,22,atl_6d8cb3b581ba9adc,315979,Titular,1434.0,4.0,0.0022861146323758237,0.1874614,atl_6d8cb3b581ba9adc
B,2022,23,223,crb,16,atl_f90a8f255908592a,339273,Titular,690.0,2.0,0.0020347442848864224,0.16684903,atl_f90a8f255908592a
B,2022,23,223,crb,9,atl_350ce58577f70908,182466,Titular,1685.0,3.0,0.0015658332718603398,0.12839833,atl_350ce58577f70908
B,2022,23,223,nautico,18,atl_faa684b73648dc2d,672682,Titular,1103.0,2.0,0.0015105088577759467,0.12386173,atl_faa684b73648dc2d
B,2022,23,223,nautico,3,atl_9bc10e979b4ffa67,299676,Titular,549.0,1.0,0.001354953001920727,0.11110615,atl_9bc10e979b4ffa67
B,2022,23,224,guarani,34,atl_7d7e742dcb201d1e,310802,Titular,730.0,2.0,0.0019685737390364574,0.16142305,atl_7d7e742dcb201d1e
B,2022,23,224,guarani,98,atl_335511c91eb2bad8,424347,Titular,730.0,2.0,0.0019685737390364574,0.16142305,atl_335511c91eb2bad8
B,2022,23,224,criciuma,4,atl_a0edc1f3379b664b,541170,Titular,270.0,1.0,0.0018459035052140812,0.15136409,atl_a0edc1f3379b664b
B,2022,23,224,criciuma,10,atl_ce155b70c2cd7558,190389,Titular,1488.0,3.0,0.001720998842562798,0.14112191,atl_ce155b70c2cd7558
B,2022,23,224,guarani,83,atl_ce3b1895ae9f8eb1,528144,Titular,360.0,1.0,0.0016527275569940029,0.13552366,atl_ce3b1895ae9f8eb1
B,2022,23,225,sport,88,atl_79acc5f240077c2e,502079,Titular,127.0,1.0,0.002266899041490977,0.18588572,atl_79acc5f240077c2e
B,2022,23,225,ituano,8,atl_eabe50b478a200d7,502736,Titular,1021.0,3.0,0.0022494054562885225,0.18445125,atl_eabe50b478a200d7
B,2022,23,225,ituano,11,atl_582aa60ad579ed00,539977,Titular,443.0,1.0,0.0015072594899415085,0.12359528,atl_582aa60ad579ed00
B,2022,23,225,ituano,3,atl_789145572e5e51a0,427213,Titular,833.0,1.0,0.0010662758432219374,0.08743462,atl_789145572e5e51a0
B,2022,23,225,ituano,12,atl_62c5a87fcf7e95a2,335765,Titular,0.0,0.0,0.0008426913980296851,0.06910069,atl_62c5a87fcf7e95a2
B,2022,23,226,cruzeiro_saf,5,atl_61bfa35fef5fdda6,409873,Titular,1332.0,4.0,0.0024133983073225127,0.19789866,atl_61bfa35fef5fdda6
B,2022,23,226,cruzeiro_saf,77,atl_b78ed18878b8608b,299778,Titular,115.0,1.0,0.002311131217910313,0.18951276,atl_b78ed18878b8608b
B,2022,23,226,cruzeiro_saf,25,atl_cb0fed2ef44817a6,383527,Titular,1662.0,3.0,0.0015824910726248114,0.12976427,atl_cb0fed2ef44817a6
B,2022,23,226,cruzeiro_saf,26,atl_d457b6562ff8f3f8,349619,Titular,1714.0,3.0,0.0015453232606209768,0.12671651,atl_d457b6562ff8f3f8
B,2022,23,226,cruzeiro_saf,14,atl_0f686e913bd13247,291997,Titular,1489.0,2.0,0.0012173683755730732,0.09982421,atl_0f686e913bd13247
B,2022,23,227,operario,5,atl_bd5176d819517bb9,179100,Titular,1484.0,2.0,0.0012204363402292552,0.10007578,atl_bd5176d819517bb9
B,2022,23,227,gremio,17,atl_e653de567a6c869f,526885,Titular,1503.0,2.0,0.0012088595601671705,0.09912648,atl_e653de567a6c869f
B,2022,23,227,gremio,27,atl_1b5a316e4002fd87,727270,Titular,1520.0,2.0,0.0011986859896113082,0.09829225,atl_1b5a316e4002fd87
B,2022,23,227,operario,10,atl_8636b06ce9f06034,309584,Titular,811.0,1.0,0.0010841691068000324,0.08890187,atl_8636b06ce9f06034
B,2022,23,227,gremio,3,atl_3b1eaa09dd2189d2,165322,Titular,1935.0,2.0,0.0009943924841950072,0.08154018,atl_3b1eaa09dd2189d2
B,2022,23,228,bahia,5,atl_dbd328c9fd45f7eb,315696,Titular,994.0,2.0,0.0016207133192870432,0.13289849,atl_dbd328c9fd45f7eb
B,2022,23,228,bahia,4,atl_1411c823835888d9,530656,Titular,1665.0,3.0,0.0015802982443486571,0.12958446,atl_1411c823835888d9
B,2022,23,228,sampaio_correa,6,atl_5f3c701e5c5f63cc,170254,Titular,533.0,1.0,0.0013759396892689666,0.11282705,atl_5f3c701e5c5f63cc
B,2022,23,228,sampaio_correa,13,atl_79501c1a5283bedc,174017,Titular,540.0,1.0,0.001366678556745041,0.11206764,atl_79501c1a5283bedc
B,2022,23,228,bahia,13,atl_7b45f9ef364c9b4f,609797,Titular,712.0,1.0,0.0011727274744346885,0.09616365,atl_7b45f9ef364c9b4f
B,2022,23,229,vila_nova,2,atl_0d474145872a55bc,345933,Titular,1295.0,3.0,0.0019060421721531157,0.15629546,atl_0d474145872a55bc
B,2022,23,229,tombense,3,atl_c5783f1416ce96a6,293385,Titular,654.0,1.0,0.0012316687166506433,0.10099683,atl_c5783f1416ce96a6
B,2022,23,229,vila_nova,4,atl_b54e1b8dbe3b47c3,320951,Titular,708.0,1.0,0.0011766106779924194,0.09648208,atl_b54e1b8dbe3b47c3
B,2022,23,229,tombense,7,atl_3836099510840481,308283,Titular,978.0,1.0,0.0009616682672630869,0.0788568,atl_3836099510840481
B,2022,23,229,vila_nova,8,atl_3116e39d13dbc9d6,388303,Titular,20.0,0.0,0.0008102801904131587,0.06644298,atl_3116e39d13dbc9d6
B,2022,23,230,novorizontino,3,atl_f0efe640866e62fb,356106,Titular,1125.0,4.0,0.0027208281224706727,0.22310791,atl_f0efe640866e62fb
B,2022,23,230,novorizontino,5,atl_baedf75634968494,374851,Titular,923.0,3.0,0.0024043188327581466,0.19715414,atl_baedf75634968494
B,2022,23,230,novorizontino,9,atl_6611ad4d57c99a74,298282,Titular,935.0,3.0,0.002384213030672364,0.19550547,atl_6611ad4d57c99a74
B,2022,23,230,chapecoense,66,atl_a0281abfb7101b59,439721,Titular,214.0,1.0,0.001990680250721068,0.16323578,atl_a0281abfb7101b59
B,2022,23,230,chapecoense,33,atl_119279633b1bdb64,177152,Titular,1530.0,3.0,0.0016853919699580506,0.13820214,atl_119279633b1bdb64
B,2022,24,231,guarani,34,atl_7d7e742dcb201d1e,310802,Titular,820.0,2.0,0.001832184560720024,0.15023913,atl_7d7e742dcb201d1e
B,2022,24,231,guarani,98,atl_335511c91eb2bad8,424347,Titular,820.0,2.0,0.001832184560720024,0.15023913,atl_335511c91eb2bad8
B,2022,24,231,guarani,32,atl_79973ceb0b7cc5ee,429655,Titular,947.0,2.0,0.0016713777609885499,0.13705298,atl_79973ceb0b7cc5ee
B,2022,24,231,guarani,83,atl_ce3b1895ae9f8eb1,528144,Titular,450.0,1.0,0.001493140652789928,0.12243753,atl_ce3b1895ae9f8eb1
B,2022,24,231,nautico,18,atl_faa684b73648dc2d,672682,Titular,1160.0,2.0,0.0014569178434641155,0.11946726,atl_faa684b73648dc2d
B,2022,24,232,crb,6,atl_8b2fdbd01179d332,419442,Titular,1093.0,2.0,0.0015181943629318465,0.12449194,atl_8b2fdbd01179d332
B,2022,24,232,crb,3,atl_7cd9d01ebec30030,167958,Titular,1421.0,2.0,0.001258971171343275,0.10323564,atl_7cd9d01ebec30030
B,2022,24,232,gremio,17,atl_e653de567a6c869f,526885,Titular,1587.0,2.0,0.001158832592309742,0.09502427,atl_e653de567a6c869f
B,2022,24,232,gremio,27,atl_1b5a316e4002fd87,727270,Titular,1610.0,2.0,0.0011462007678438065,0.09398846,atl_1b5a316e4002fd87
B,2022,24,232,crb,10,atl_64177243b4f228a7,183844,Titular,910.0,1.0,0.0010060167518797388,0.08249337,atl_64177243b4f228a7
B,2022,24,233,sport,8,atl_b58f267300e36871,318493,Titular,790.0,4.0,0.0034251811008918073,0.28086485,atl_b58f267300e36871
B,2022,24,233,csa,15,atl_5456abee9c3eab66,422561,Titular,1094.0,2.0,0.0015172419197932445,0.12441384,atl_5456abee9c3eab66
B,2022,24,233,sport,3,atl_4fb70cea490aa9b3,378811,Titular,497.0,1.0,0.0014227518757777649,0.11666565,atl_4fb70cea490aa9b3
B,2022,24,233,csa,97,atl_a7e338192c18e204,533963,Titular,1076.0,1.0,0.0009000530584710861,0.07380435,atl_a7e338192c18e204
B,2022,24,233,sport,95,atl_d844f04cbb04c8d7,345455,Titular,0.0,0.0,0.000836967240300863,0.06863131,atl_d844f04cbb04c8d7
B,2022,24,234,brusque,26,atl_2e132ed0f429f570,565195,Titular,1007.0,3.0,0.002268403198507254,0.18600906,atl_2e132ed0f429f570
B,2022,24,234,ponte_preta,62,atl_d990f402850d1f87,183975,Titular,222.0,1.0,0.001964658753670958,0.16110202,atl_d990f402850d1f87
B,2022,24,234,ponte_preta,4,atl_e23ce9f74e0b8ef7,378323,Titular,270.0,1.0,0.0018421865196758852,0.15105929,atl_e23ce9f74e0b8ef7
B,2022,24,234,brusque,5,atl_896da3eec86671a6,183707,Titular,1768.0,3.0,0.0015072679101192379,0.12359597,atl_896da3eec86671a6
B,2022,24,234,ponte_preta,5,atl_1b93d2582891b2fb,465048,Titular,1780.0,3.0,0.0014993349211186104,0.12294546,atl_1b93d2582891b2fb
B,2022,24,235,novorizontino,5,atl_baedf75634968494,374851,Titular,1013.0,3.0,0.0022594075480174697,0.18527142,atl_baedf75634968494
B,2022,24,235,novorizontino,9,atl_6611ad4d57c99a74,298282,Titular,1025.0,3.0,0.0022416286033773323,0.18381355,atl_6611ad4d57c99a74
B,2022,24,235,criciuma,2,atl_c7809be851941ca1,337272,Titular,176.0,1.0,0.00209834855051839,0.17206458,atl_c7809be851941ca1
B,2022,24,235,novorizontino,4,atl_43aca2e9da0a643b,291797,Titular,1350.0,3.0,0.0018478289838650983,0.15152198,atl_43aca2e9da0a643b
B,2022,24,235,criciuma,4,atl_a0edc1f3379b664b,541170,Titular,360.0,1.0,0.0016493995583144554,0.13525076,atl_a0edc1f3379b664b
B,2022,24,236,sampaio_correa,8,atl_92b62a0719c50c35,434877,Titular,683.0,2.0,0.002044364852198167,0.16763792,atl_92b62a0719c50c35
B,2022,24,236,sampaio_correa,6,atl_5f3c701e5c5f63cc,170254,Titular,623.0,1.0,0.001263119875467882,0.10357583,atl_5f3c701e5c5f63cc
B,2022,24,236,sampaio_correa,13,atl_79501c1a5283bedc,174017,Titular,630.0,1.0,0.0012552952390711785,0.10293421,atl_79501c1a5283bedc
B,2022,24,236,operario,5,atl_bd5176d819517bb9,179100,Titular,1550.0,2.0,0.0011797481073904544,0.09673934,atl_bd5176d819517bb9
B,2022,24,236,operario,10,atl_8636b06ce9f06034,309584,Titular,866.0,1.0,0.0010384213910325268,0.08515055,atl_8636b06ce9f06034
B,2022,24,237,tombense,11,atl_2de557902e699e6d,448024,Titular,1535.0,3.0,0.001679844530786453,0.13774725,atl_2de557902e699e6d
B,2022,24,237,vasco_da_gama,2,atl_1ee750b63901832c,646848,Titular,1945.0,3.0,0.001398152809877477,0.11464853,atl_1ee750b63901832c
B,2022,24,237,vasco_da_gama,8,atl_df2c723328a7e127,611858,Titular,1421.0,2.0,0.001258971171343275,0.10323564,atl_df2c723328a7e127
B,2022,24,237,tombense,3,atl_c5783f1416ce96a6,293385,Titular,744.0,1.0,0.0011402601448154595,0.09350133,atl_c5783f1416ce96a6
B,2022,24,237,vasco_da_gama,4,atl_a202fba54a672f10,170178,Titular,1845.0,2.0,0.0010313362985716126,0.08456958,atl_a202fba54a672f10
B,2022,24,238,ituano,8,atl_eabe50b478a200d7,502736,Titular,1111.0,3.0,0.0021219637617321116,0.17400103,atl_eabe50b478a200d7
B,2022,24,238,bahia,4,atl_1411c823835888d9,530656,Titular,1755.0,3.0,0.0015159572594902137,0.1243085,atl_1411c823835888d9
B,2022,24,238,ituano,11,atl_582aa60ad579ed00,539977,Titular,503.0,1.0,0.0014142408974580575,0.11596775,atl_582aa60ad579ed00
B,2022,24,238,bahia,79,atl_2d8d40072786e2fd,431101,Titular,865.0,1.0,0.0010391821393043454,0.08521294,atl_2d8d40072786e2fd
B,2022,24,238,bahia,19,atl_0e27550c19293fa7,459744,Titular,874.0,1.0,0.0010323752693962385,0.08465477,atl_0e27550c19293fa7
B,2022,24,239,cruzeiro_saf,77,atl_b78ed18878b8608b,299778,Titular,176.0,2.0,0.0035776384913467924,0.29336636,atl_b78ed18878b8608b
B,2022,24,239,cruzeiro_saf,5,atl_61bfa35fef5fdda6,409873,Titular,1422.0,4.0,0.0022988988658430966,0.18850971,atl_61bfa35fef5fdda6
B,2022,24,239,cruzeiro_saf,25,atl_cb0fed2ef44817a6,383527,Titular,1740.0,3.0,0.0015261087589957284,0.12514092,atl_cb0fed2ef44817a6
B,2022,24,239,cruzeiro_saf,26,atl_d457b6562ff8f3f8,349619,Titular,1804.0,3.0,0.0014837168490236248,0.12166478,atl_d457b6562ff8f3f8
B,2022,24,239,chapecoense,4,atl_57bb60157c4451f9,333824,Titular,504.0,1.0,0.0014128322909864857,0.11585225,atl_57bb60157c4451f9
B,2022,24,240,vila_nova,2,atl_0d474145872a55bc,345933,Titular,1368.0,3.0,0.001830023351258261,0.15006191,atl_0d474145872a55bc
B,2022,24,240,vila_nova,7,atl_52d9e342f1a09cad,344517,Titular,1391.0,2.0,0.001278944272951048,0.10487343,atl_52d9e342f1a09cad
B,2022,24,240,vila_nova,8,atl_09ff97acea7fc05d,305393,Titular,1692.0,2.0,0.0011033228194116933,0.09047247,atl_09ff97acea7fc05d
B,2022,24,240,vila_nova,4,atl_b54e1b8dbe3b47c3,320951,Titular,798.0,1.0,0.0010928225116721352,0.08961145,atl_b54e1b8dbe3b47c3
B,2022,24,240,londrina,4,atl_636c88e9ed84d6a7,188643,Titular,1758.0,2.0,0.0010710733481622814,0.08782801,atl_636c88e9ed84d6a7
B,2022,25,241,ponte_preta,19,atl_67a835638bc6356c,600810,Titular,1181.0,3.0,0.002033238499229942,0.16672556,atl_67a835638bc6356c
B,2022,25,241,guarani,10,atl_1f85b5f88c773ffc,292205,Titular,1255.0,3.0,0.0019475065055302178,0.15969553,atl_1f85b5f88c773ffc
B,2022,25,241,guarani,98,atl_335511c91eb2bad8,424347,Titular,865.0,2.0,0.001771336203080976,0.14524957,atl_335511c91eb2bad8
B,2022,25,241,ponte_preta,62,atl_d990f402850d1f87,183975,Titular,306.0,1.0,0.0017591487806520249,0.1442502,atl_d990f402850d1f87
B,2022,25,241,guarani,34,atl_7d7e742dcb201d1e,310802,Titular,910.0,2.0,0.001714804196599668,0.14061394,atl_7d7e742dcb201d1e
B,2022,25,242,csa,90,atl_88c4b0a886aa15e7,162905,Titular,235.0,1.0,0.001929080159463309,0.15818457,atl_88c4b0a886aa15e7
B,2022,25,242,csa,29,atl_dadb4d91e57b3746,382612,Titular,857.0,2.0,0.001781778863084401,0.14610587,atl_dadb4d91e57b3746
B,2022,25,242,csa,15,atl_5456abee9c3eab66,422561,Titular,1184.0,2.0,0.001435792112354829,0.11773495,atl_5456abee9c3eab66
B,2022,25,242,vasco_da_gama,15,atl_5dd1f3a46f6e8a3f,559670,Titular,1442.0,2.0,0.0012450432117433225,0.10209354,atl_5dd1f3a46f6e8a3f
B,2022,25,242,vasco_da_gama,8,atl_df2c723328a7e127,611858,Titular,1511.0,2.0,0.0012023241756367639,0.09859058,atl_df2c723328a7e127
B,2022,25,243,vila_nova,11,atl_87ec6a412dc67c6f,441092,Titular,123.0,1.0,0.0022758810870072746,0.18662225,atl_87ec6a412dc67c6f
B,2022,25,243,vila_nova,2,atl_0d474145872a55bc,345933,Titular,1433.0,3.0,0.0017681706762573885,0.14499,atl_0d474145872a55bc
B,2022,25,243,nautico,6,atl_1808161f4c211fc8,393400,Titular,417.0,1.0,0.0015462092881194463,0.12678916,atl_1808161f4c211fc8
B,2022,25,243,nautico,3,atl_9bc10e979b4ffa67,299676,Titular,696.0,1.0,0.0011855133087002776,0.09721209,atl_9bc10e979b4ffa67
B,2022,25,243,vila_nova,8,atl_09ff97acea7fc05d,305393,Titular,1782.0,2.0,0.001059541593867455,0.08688241,atl_09ff97acea7fc05d
B,2022,25,245,ituano,4,atl_44678ad24e45ecea,158972,Titular,79.0,1.0,0.002448832326779848,0.20080425,atl_44678ad24e45ecea
B,2022,25,245,novorizontino,5,atl_baedf75634968494,374851,Titular,1091.0,3.0,0.002148255133378713,0.17615692,atl_baedf75634968494
B,2022,25,245,novorizontino,9,atl_6611ad4d57c99a74,298282,Titular,1115.0,3.0,0.0021163305988888743,0.17353911,atl_6611ad4d57c99a74
B,2022,25,245,ituano,8,atl_eabe50b478a200d7,502736,Titular,1201.0,3.0,0.0020093321088803834,0.16476523,atl_eabe50b478a200d7
B,2022,25,245,ituano,7,atl_b36618bb7e0071c5,355362,Titular,1226.0,3.0,0.0019802282254956735,0.16237871,atl_b36618bb7e0071c5
B,2022,25,246,bahia,5,atl_dbd328c9fd45f7eb,315696,Titular,1103.0,2.0,0.0015083430550252852,0.12368413,atl_dbd328c9fd45f7eb
B,2022,25,246,bahia,4,atl_1411c823835888d9,530656,Titular,1845.0,3.0,0.0014575155297251736,0.11951627,atl_1411c823835888d9
B,2022,25,246,londrina,5,atl_cdc4b3007f5d4f4b,174223,Titular,1980.0,3.0,0.0013781749666151339,0.11301035,atl_cdc4b3007f5d4f4b
B,2022,25,246,londrina,4,atl_636c88e9ed84d6a7,188643,Titular,1848.0,2.0,0.0010297589085202436,0.08444023,atl_636c88e9ed84d6a7
B,2022,25,246,bahia,79,atl_2d8d40072786e2fd,431101,Titular,955.0,1.0,0.0009744837918938365,0.07990767,atl_2d8d40072786e2fd
B,2022,25,247,cruzeiro_saf,77,atl_b78ed18878b8608b,299778,Titular,250.0,2.0,0.003223831889607376,0.26435421,atl_b78ed18878b8608b
B,2022,25,247,cruzeiro_saf,5,atl_61bfa35fef5fdda6,409873,Titular,1512.0,4.0,0.002195762384296984,0.18005252,atl_61bfa35fef5fdda6
B,2022,25,247,cruzeiro_saf,25,atl_cb0fed2ef44817a6,383527,Titular,1825.0,3.0,0.0014700532977228095,0.12054437,atl_cb0fed2ef44817a6
B,2022,25,247,cruzeiro_saf,26,atl_d457b6562ff8f3f8,349619,Titular,1894.0,3.0,0.0014276833405202725,0.11707003,atl_d457b6562ff8f3f8
B,2022,25,247,gremio,17,atl_e653de567a6c869f,526885,Titular,1657.0,2.0,0.0011209429379719666,0.09191732,atl_e653de567a6c869f
B,2022,25,248,crb,9,atl_350ce58577f70908,182466,Titular,1775.0,3.0,0.0015023621614090252,0.1231937,atl_350ce58577f70908
B,2022,25,248,crb,3,atl_7cd9d01ebec30030,167958,Titular,1511.0,2.0,0.0012023241756367639,0.09859058,atl_7cd9d01ebec30030
B,2022,25,248,sampaio_correa,6,atl_5f3c701e5c5f63cc,170254,Titular,697.0,1.0,0.0011845229049336108,0.09713088,atl_5f3c701e5c5f63cc
B,2022,25,248,sampaio_correa,13,atl_79501c1a5283bedc,174017,Titular,720.0,1.0,0.0011621917354143706,0.09529972,atl_79501c1a5283bedc
B,2022,25,248,crb,10,atl_64177243b4f228a7,183844,Titular,989.0,1.0,0.0009522323151145279,0.07808305,atl_64177243b4f228a7
B,2022,25,249,sport,8,atl_b58f267300e36871,318493,Titular,864.0,4.0,0.0032389104964849944,0.26559066,atl_b58f267300e36871
B,2022,25,249,tombense,8,atl_2de557902e699e6d,448024,Titular,1608.0,3.0,0.0016213823136648634,0.13295335,atl_2de557902e699e6d
B,2022,25,249,sport,3,atl_4fb70cea490aa9b3,378811,Titular,587.0,1.0,0.0013043918281559633,0.10696013,atl_4fb70cea490aa9b3
B,2022,25,249,tombense,4,atl_7d3f800dc2bbda03,184174,Titular,1491.0,2.0,0.0012144017665522513,0.09958094,atl_7d3f800dc2bbda03
B,2022,25,249,tombense,3,atl_c5783f1416ce96a6,293385,Titular,834.0,1.0,0.0010628740009036971,0.08715567,atl_c5783f1416ce96a6
B,2022,25,250,brusque,26,atl_2e132ed0f429f570,565195,Titular,1083.0,3.0,0.002159111760711012,0.17704716,atl_2e132ed0f429f570
B,2022,25,250,chapecoense,12,atl_1696541fe8db3638,532045,Titular,229.0,1.0,0.0019449573624218549,0.1594865,atl_1696541fe8db3638
B,2022,25,250,chapecoense,33,atl_119279633b1bdb64,177152,Titular,1620.0,3.0,0.0016122046779271377,0.13220078,atl_119279633b1bdb64
B,2022,25,250,brusque,5,atl_896da3eec86671a6,183707,Titular,1858.0,3.0,0.001449480032741956,0.11885736,atl_896da3eec86671a6
B,2022,25,250,brusque,7,atl_61c401e7acbc23ce,315074,Titular,932.0,1.0,0.0009901354170429694,0.0811911,atl_61c401e7acbc23ce
B,2022,26,251,guarani,10,atl_1f85b5f88c773ffc,292205,Titular,1345.0,4.0,0.0023951277858425494,0.19640048,atl_1f85b5f88c773ffc
B,2022,26,251,guarani,34,atl_7d7e742dcb201d1e,310802,Titular,1000.0,2.0,0.0016126738432530022,0.13223926,atl_7d7e742dcb201d1e
B,2022,26,251,tombense,8,atl_2de557902e699e6d,448024,Titular,1666.0,3.0,0.001578490657839106,0.12943623,atl_2de557902e699e6d
B,2022,26,251,guarani,32,atl_79973ceb0b7cc5ee,429655,Titular,1127.0,2.0,0.0014867921111736346,0.12191695,atl_79973ceb0b7cc5ee
B,2022,26,251,tombense,11,atl_8aab3e7d2ff08e21,292740,Titular,456.0,1.0,0.0014843208837651712,0.12171431,atl_8aab3e7d2ff08e21
B,2022,26,252,crb,6,atl_8b2fdbd01179d332,419442,Titular,1183.0,3.0,0.002031497780677067,0.16658282,atl_8b2fdbd01179d332
B,2022,26,252,criciuma,2,atl_380df224c145e892,188472,Titular,700.0,2.0,0.002015842304066253,0.16529907,atl_380df224c145e892
B,2022,26,252,criciuma,6,atl_127c6107d2f86526,363926,Titular,1849.0,4.0,0.001881230636389742,0.15426091,atl_127c6107d2f86526
B,2022,26,252,crb,7,atl_d1fa367b58911e26,360467,Titular,364.0,1.0,0.0016423735704623884,0.13467463,atl_d1fa367b58911e26
B,2022,26,252,criciuma,3,atl_a0edc1f3379b664b,541170,Titular,450.0,1.0,0.0014936955419784248,0.12248303,atl_a0edc1f3379b664b
B,2022,26,253,sport,8,atl_b58f267300e36871,318493,Titular,929.0,4.0,0.003092379821469212,0.25357515,atl_b58f267300e36871
B,2022,26,253,sport,88,atl_79acc5f240077c2e,502079,Titular,187.0,1.0,0.0020655178528085935,0.16937246,atl_79acc5f240077c2e
B,2022,26,253,chapecoense,33,atl_119279633b1bdb64,177152,Titular,1710.0,4.0,0.001999552382298418,0.1639633,atl_119279633b1bdb64
B,2022,26,253,chapecoense,71,atl_fc1a09fb0c935177,369403,Titular,284.0,1.0,0.0018099627103054894,0.14841694,atl_fc1a09fb0c935177
B,2022,26,253,sport,3,atl_4fb70cea490aa9b3,378811,Titular,677.0,1.0,0.0012056166226673778,0.09886056,atl_4fb70cea490aa9b3
B,2022,26,254,brusque,26,atl_2e132ed0f429f570,565195,Titular,1172.0,3.0,0.0020448628976552055,0.16767876,atl_2e132ed0f429f570
B,2022,26,254,londrina,5,atl_cdc4b3007f5d4f4b,174223,Titular,2070.0,3.0,0.0013303543832215966,0.10908906,atl_cdc4b3007f5d4f4b
B,2022,26,254,londrina,4,atl_636c88e9ed84d6a7,188643,Titular,1938.0,2.0,0.0009922111422803542,0.08136131,atl_636c88e9ed84d6a7
B,2022,26,254,brusque,7,atl_61c401e7acbc23ce,315074,Titular,1002.0,1.0,0.0009447475132353553,0.0774693,atl_61c401e7acbc23ce
B,2022,26,254,brusque,29,atl_c739d71a88e1dab5,529687,Titular,1.0,0.0,0.0008363488320948175,0.0685806,atl_c739d71a88e1dab5
B,2022,26,255,novorizontino,9,atl_6611ad4d57c99a74,298282,Titular,1205.0,3.0,0.0020052849060876853,0.16443336,atl_6611ad4d57c99a74
B,2022,26,255,novorizontino,4,atl_43aca2e9da0a643b,291797,Titular,1530.0,3.0,0.0016842417560982775,0.13810782,atl_43aca2e9da0a643b
B,2022,26,255,ponte_preta,62,atl_d990f402850d1f87,183975,Titular,396.0,1.0,0.0015837173715173031,0.12986482,atl_d990f402850d1f87
B,2022,26,255,ponte_preta,4,atl_e23ce9f74e0b8ef7,378323,Titular,450.0,1.0,0.0014936955419784248,0.12248303,atl_e23ce9f74e0b8ef7
B,2022,26,255,novorizontino,7,atl_f71fdb44d2c9ade5,363149,Titular,1337.0,2.0,0.0013168267636796426,0.10797979,atl_f71fdb44d2c9ade5
B,2022,26,256,operario,11,atl_72dcb517bd43826b,376246,Titular,674.0,2.0,0.0020604861711069023,0.16895987,atl_72dcb517bd43826b
B,2022,26,256,csa,90,atl_88c4b0a886aa15e7,162905,Titular,307.0,1.0,0.0017583776516474643,0.14418697,atl_88c4b0a886aa15e7
B,2022,26,256,csa,29,atl_dadb4d91e57b3746,382612,Titular,947.0,2.0,0.001671742062805462,0.13708285,atl_dadb4d91e57b3746
B,2022,26,256,csa,5,atl_518c2b6993e189a8,175223,Titular,1584.0,3.0,0.001640600175086134,0.13452921,atl_518c2b6993e189a8
B,2022,26,256,csa,15,atl_5456abee9c3eab66,422561,Titular,1274.0,2.0,0.0013635911865160673,0.11181448,atl_5456abee9c3eab66
B,2022,26,257,ituano,8,atl_eabe50b478a200d7,502736,Titular,1291.0,3.0,0.0019089954019427713,0.15653762,atl_eabe50b478a200d7
B,2022,26,257,ituano,9,atl_b36618bb7e0071c5,355362,Titular,1308.0,3.0,0.0018910457770351236,0.15506575,atl_b36618bb7e0071c5
B,2022,26,257,gremio,3,atl_3b1eaa09dd2189d2,165322,Titular,2070.0,3.0,0.0013303543832215966,0.10908906,atl_3b1eaa09dd2189d2
B,2022,26,257,ituano,11,atl_810c90072ebd2bcd,147495,Titular,801.0,1.0,0.0010907077362640304,0.08943803,atl_810c90072ebd2bcd
B,2022,26,257,gremio,17,atl_e653de567a6c869f,526885,Titular,1724.0,2.0,0.0010876846964386255,0.08919015,atl_e653de567a6c869f
B,2022,26,258,bahia,4,atl_1411c823835888d9,530656,Titular,1935.0,3.0,0.0014041111970757715,0.11513712,atl_1411c823835888d9
B,2022,26,258,vasco_da_gama_s_a_f,2,atl_1ee750b63901832c,646848,Titular,2035.0,3.0,0.001348722195218739,0.11059522,atl_1ee750b63901832c
B,2022,26,258,vasco_da_gama_s_a_f,8,atl_df2c723328a7e127,611858,Titular,1601.0,2.0,0.001151361620599478,0.09441165,atl_df2c723328a7e127
B,2022,26,258,vasco_da_gama_s_a_f,4,atl_a202fba54a672f10,170178,Titular,2025.0,2.0,0.0009580240652988133,0.07855797,atl_a202fba54a672f10
B,2022,26,258,bahia,79,atl_2d8d40072786e2fd,431101,Titular,1038.0,1.0,0.0009226337873078697,0.07565597,atl_2d8d40072786e2fd
B,2022,26,259,cruzeiro_saf,5,atl_61bfa35fef5fdda6,409873,Titular,1602.0,4.0,0.002102288660741914,0.17238767,atl_61bfa35fef5fdda6
B,2022,26,259,cruzeiro_saf,14,atl_0f686e913bd13247,291997,Titular,1759.0,3.0,0.0015135063146876951,0.12410752,atl_0f686e913bd13247
B,2022,26,259,cruzeiro_saf,25,atl_cb0fed2ef44817a6,383527,Titular,1915.0,3.0,0.0014157394471550739,0.11609063,atl_cb0fed2ef44817a6
B,2022,26,259,nautico,13,atl_1808161f4c211fc8,393400,Titular,507.0,1.0,0.0014091467377154953,0.11555003,atl_1808161f4c211fc8
B,2022,26,259,cruzeiro_saf,9,atl_78d71ed9a27a06d3,404399,Titular,513.0,1.0,0.0014008003601969435,0.11486563,atl_78d71ed9a27a06d3
B,2022,26,260,vila_nova,11,atl_87ec6a412dc67c6f,441092,Titular,185.0,1.0,0.0020715485618678885,0.16986698,atl_87ec6a412dc67c6f
B,2022,26,260,vila_nova,2,atl_0d474145872a55bc,345933,Titular,1523.0,3.0,0.0016900695822439464,0.13858571,atl_0d474145872a55bc
B,2022,26,260,sampaio_correa,10,atl_c2d1993350b61679,368089,Titular,1527.0,2.0,0.0011933945559346342,0.09785835,atl_c2d1993350b61679
B,2022,26,260,vila_nova,8,atl_09ff97acea7fc05d,305393,Titular,1858.0,2.0,0.001025873946089696,0.08412166,atl_09ff97acea7fc05d
B,2022,26,260,vila_nova,4,atl_b54e1b8dbe3b47c3,320951,Titular,978.0,1.0,0.0009600884742080539,0.07872725,atl_b54e1b8dbe3b47c3
B,2022,27,261,ponte_preta,19,atl_67a835638bc6356c,600810,Titular,1246.0,4.0,0.002533424970277916,0.20774085,atl_67a835638bc6356c
B,2022,27,261,bahia,4,atl_1411c823835888d9,530656,Titular,2025.0,4.0,0.001751825741823858,0.14364971,atl_1411c823835888d9
B,2022,27,261,ponte_preta,62,atl_d990f402850d1f87,183975,Titular,486.0,1.0,0.001443569977794363,0.11837274,atl_d990f402850d1f87
B,2022,27,261,ponte_preta,5,atl_1b93d2582891b2fb,465048,Titular,1908.0,3.0,0.0014216611287812468,0.11657621,atl_1b93d2582891b2fb
B,2022,27,261,bahia,5,atl_dbd328c9fd45f7eb,315696,Titular,1218.0,2.0,0.001410570429630525,0.11566678,atl_dbd328c9fd45f7eb
B,2022,27,262,csa,29,atl_dadb4d91e57b3746,382612,Titular,1032.0,3.0,0.002234569189363735,0.18323467,atl_dadb4d91e57b3746
B,2022,27,262,csa,17,atl_88c4b0a886aa15e7,162905,Titular,368.0,1.0,0.001639815666019864,0.13446488,atl_88c4b0a886aa15e7
B,2022,27,262,csa,5,atl_518c2b6993e189a8,175223,Titular,1674.0,3.0,0.0015746826118239383,0.12912397,atl_518c2b6993e189a8
B,2022,27,262,csa,20,atl_a7e338192c18e204,533963,Titular,1195.0,2.0,0.001429710913336426,0.11723629,atl_a7e338192c18e204
B,2022,27,262,nautico,18,atl_faa684b73648dc2d,672682,Titular,1205.0,2.0,0.0014213255120851859,0.11654869,atl_faa684b73648dc2d
B,2022,27,263,sport,8,atl_b58f267300e36871,318493,Titular,997.0,4.0,0.0029548162979994934,0.24229494,atl_b58f267300e36871
B,2022,27,263,novorizontino,5,atl_baedf75634968494,374851,Titular,1145.0,4.0,0.002688972643225071,0.22049576,atl_baedf75634968494
B,2022,27,263,novorizontino,9,atl_b2b40462ee3704a5,311813,Titular,979.0,2.0,0.001638512507170549,0.13435803,atl_b2b40462ee3704a5
B,2022,27,263,novorizontino,4,atl_43aca2e9da0a643b,291797,Titular,1620.0,3.0,0.001614792451936435,0.13241298,atl_43aca2e9da0a643b
B,2022,27,263,novorizontino,7,atl_f71fdb44d2c9ade5,363149,Titular,1408.0,2.0,0.0012701048208098753,0.1041486,atl_f71fdb44d2c9ade5
B,2022,27,264,criciuma,2,atl_380df224c145e892,188472,Titular,790.0,2.0,0.001878573641942048,0.15404304,atl_380df224c145e892
B,2022,27,264,criciuma,11,atl_37e5a66bc391b1e2,311146,Titular,483.0,1.0,0.0014479755830165229,0.118734,atl_37e5a66bc391b1e2
B,2022,27,264,gremio,3,atl_3b1eaa09dd2189d2,165322,Titular,2160.0,3.0,0.0012869774428967075,0.10553215,atl_3b1eaa09dd2189d2
B,2022,27,264,criciuma,4,atl_1ccf08389b4c55e6,406610,Titular,688.0,1.0,0.001198114476519564,0.09824539,atl_1ccf08389b4c55e6
B,2022,27,264,gremio,20,atl_acc2c4dfb64ef338,523883,Titular,779.0,1.0,0.001112869427760158,0.09125529,atl_acc2c4dfb64ef338
B,2022,27,265,operario,11,atl_72dcb517bd43826b,376246,Titular,759.0,2.0,0.0019248292280422891,0.157836,atl_72dcb517bd43826b
B,2022,27,265,ituano,9,atl_b36618bb7e0071c5,355362,Titular,1367.0,3.0,0.0018336154248019508,0.15035646,atl_b36618bb7e0071c5
B,2022,27,265,operario,9,atl_a60349b425bb19fc,441065,Titular,519.0,1.0,0.0013968204103093642,0.11453927,atl_a60349b425bb19fc
B,2022,27,265,operario,7,atl_9bb86a37d546d20f,189041,Titular,555.0,1.0,0.0013491563963082863,0.11063082,atl_9bb86a37d546d20f
B,2022,27,265,ituano,11,atl_582aa60ad579ed00,539977,Titular,622.0,1.0,0.0012685917986677737,0.10402453,atl_582aa60ad579ed00
B,2022,27,266,crb,6,atl_8b2fdbd01179d332,419442,Titular,1263.0,3.0,0.0019417810539451175,0.15922605,atl_8b2fdbd01179d332
B,2022,27,266,crb,3,atl_7cd9d01ebec30030,167958,Titular,1601.0,3.0,0.0016293955250381922,0.13361043,atl_7cd9d01ebec30030
B,2022,27,266,crb,9,atl_350ce58577f70908,182466,Titular,1900.0,3.0,0.0014263999992105176,0.1169648,atl_350ce58577f70908
B,2022,27,266,crb,14,atl_8db14c2ddef146fb,295845,Titular,533.0,1.0,0.0013778896399857135,0.11298695,atl_8db14c2ddef146fb
B,2022,27,266,londrina,4,atl_636c88e9ed84d6a7,188643,Titular,2028.0,3.0,0.0013541772144403648,0.11104253,atl_636c88e9ed84d6a7
B,2022,27,267,vasco_da_gama_s_a_f,25,atl_cf3818fea11a3adb,611036,Titular,98.0,1.0,0.0023802006657278295,0.19517645,atl_cf3818fea11a3adb
B,2022,27,267,guarani,10,atl_1f85b5f88c773ffc,292205,Titular,1408.0,4.0,0.00231832285015998,0.19010247,atl_1f85b5f88c773ffc
B,2022,27,267,vasco_da_gama_s_a_f,2,atl_1ee750b63901832c,646848,Titular,2125.0,4.0,0.001685089523087711,0.13817734,atl_1ee750b63901832c
B,2022,27,267,guarani,98,atl_335511c91eb2bad8,424347,Titular,948.0,2.0,0.00167359115891246,0.13723448,atl_335511c91eb2bad8
B,2022,27,267,guarani,34,atl_7d7e742dcb201d1e,310802,Titular,1090.0,2.0,0.0015241257849718504,0.12497831,atl_7d7e742dcb201d1e
B,2022,27,268,cruzeiro_saf,5,atl_61bfa35fef5fdda6,409873,Titular,1692.0,4.0,0.002017956203515165,0.16547241,atl_61bfa35fef5fdda6
B,2022,27,268,cruzeiro_saf,42,atl_65d9471e34a1bfce,460818,Titular,842.0,2.0,0.0018057824128951132,0.14807416,atl_65d9471e34a1bfce
B,2022,27,268,cruzeiro_saf,17,atl_b754aabf9b65c0f0,318679,Titular,426.0,1.0,0.0015371058294873024,0.12604268,atl_b754aabf9b65c0f0
B,2022,27,268,cruzeiro_saf,14,atl_0f686e913bd13247,291997,Titular,1842.0,3.0,0.00146172502054024,0.11986145,atl_0f686e913bd13247
B,2022,27,268,cruzeiro_saf,25,atl_cb0fed2ef44817a6,383527,Titular,2005.0,3.0,0.0013666107776867233,0.11206208,atl_cb0fed2ef44817a6
B,2022,27,269,brusque,66,atl_d886c2dcae0e2c37,370091,Titular,1058.0,4.0,0.0028391270847915543,0.23280842,atl_d886c2dcae0e2c37
B,2022,27,269,brusque,26,atl_2e132ed0f429f570,565195,Titular,1230.0,3.0,0.001978820808153319,0.16226331,atl_2e132ed0f429f570
B,2022,27,269,tombense,8,atl_2de557902e699e6d,448024,Titular,1711.0,3.0,0.0015483310710561926,0.12696315,atl_2de557902e699e6d
B,2022,27,269,tombense,7,atl_937312a7dca8a77d,415027,Titular,1814.0,3.0,0.0014794122723013146,0.12131181,atl_937312a7dca8a77d
B,2022,27,269,brusque,5,atl_896da3eec86671a6,183707,Titular,1948.0,3.0,0.0013984313717750171,0.11467137,atl_896da3eec86671a6
B,2022,27,270,vila_nova,11,atl_87ec6a412dc67c6f,441092,Titular,252.0,1.0,0.0018927659549271836,0.15520681,atl_87ec6a412dc67c6f
B,2022,27,270,chapecoense,12,atl_1696541fe8db3638,532045,Titular,311.0,1.0,0.001755067815172925,0.14391556,atl_1696541fe8db3638
B,2022,27,270,chapecoense,4,atl_57bb60157c4451f9,333824,Titular,594.0,1.0,0.0013010603273356874,0.10668695,atl_57bb60157c4451f9
B,2022,27,270,chapecoense,3,atl_14bf700a97ae8371,174360,Titular,1980.0,2.0,0.0009771612895585653,0.08012723,atl_14bf700a97ae8371
B,2022,27,270,vila_nova,4,atl_b54e1b8dbe3b47c3,320951,Titular,1068.0,1.0,0.0009077551008324248,0.07443592,atl_b54e1b8dbe3b47c3
B,2022,28,271,guarani,10,atl_1f85b5f88c773ffc,292205,Titular,1498.0,4.0,0.0022111535063111727,0.18131459,atl_1f85b5f88c773ffc
B,2022,28,271,guarani,32,atl_79973ceb0b7cc5ee,429655,Titular,1205.0,3.0,0.0020046244607681654,0.16437921,atl_79973ceb0b7cc5ee
B,2022,28,271,guarani,34,atl_7d7e742dcb201d1e,310802,Titular,1180.0,2.0,0.0014392170866724537,0.1180158,atl_7d7e742dcb201d1e
B,2022,28,271,guarani,31,atl_9b25372db780c18d,315023,Titular,1452.0,2.0,0.0012386704434476036,0.10157098,atl_9b25372db780c18d
B,2022,28,271,guarani,83,atl_ce3b1895ae9f8eb1,528144,Titular,795.0,1.0,0.001094891664563492,0.08978112,atl_ce3b1895ae9f8eb1
B,2022,28,272,sport,8,atl_b58f267300e36871,318493,Titular,1058.0,4.0,0.002835612776386215,0.23252025,atl_b58f267300e36871
B,2022,28,272,sport,88,atl_79acc5f240077c2e,502079,Titular,254.0,1.0,0.0018804836944426027,0.15419966,atl_79acc5f240077c2e
B,2022,28,272,crb,6,atl_8b2fdbd01179d332,419442,Titular,1353.0,3.0,0.001844514142261048,0.15125016,atl_8b2fdbd01179d332
B,2022,28,272,crb,3,atl_7cd9d01ebec30030,167958,Titular,1691.0,3.0,0.0015599656346917947,0.12791718,atl_7cd9d01ebec30030
B,2022,28,272,crb,7,atl_d1fa367b58911e26,360467,Titular,421.0,1.0,0.00153950565212782,0.12623946,atl_d1fa367b58911e26
B,2022,28,273,ituano,10,atl_eabe50b478a200d7,502736,Titular,1371.0,3.0,0.0018267689500853672,0.14979505,atl_eabe50b478a200d7
B,2022,28,273,ituano,9,atl_b36618bb7e0071c5,355362,Titular,1426.0,3.0,0.0017746026508877063,0.14551742,atl_b36618bb7e0071c5
B,2022,28,273,nautico,18,atl_faa684b73648dc2d,672682,Titular,1272.0,2.0,0.0013644947548587597,0.11188857,atl_faa684b73648dc2d
B,2022,28,273,nautico,13,atl_1808161f4c211fc8,393400,Titular,597.0,1.0,0.0012925111263534389,0.10598591,atl_1808161f4c211fc8
B,2022,28,273,ituano,11,atl_582aa60ad579ed00,539977,Titular,667.0,1.0,0.0012149826097769686,0.09962857,atl_582aa60ad579ed00
B,2022,28,274,brusque,66,atl_d886c2dcae0e2c37,370091,Titular,1148.0,4.0,0.0026807552825301715,0.21982193,atl_d886c2dcae0e2c37
B,2022,28,274,vasco_da_gama_s_a_f,25,atl_cf3818fea11a3adb,611036,Titular,157.0,1.0,0.002158119795448588,0.17696582,atl_cf3818fea11a3adb
B,2022,28,274,brusque,26,atl_2e132ed0f429f570,565195,Titular,1289.0,3.0,0.0019105001149299732,0.15666101,atl_2e132ed0f429f570
B,2022,28,274,vasco_da_gama_s_a_f,2,atl_1ee750b63901832c,646848,Titular,2215.0,4.0,0.001627213519561592,0.13343151,atl_1ee750b63901832c
B,2022,28,274,brusque,7,atl_61c401e7acbc23ce,315074,Titular,1047.0,2.0,0.0015629506823592258,0.12816196,atl_61c401e7acbc23ce
B,2022,28,275,novorizontino,4,atl_f0efe640866e62fb,356106,Titular,1261.0,4.0,0.0025087363461724715,0.20571638,atl_f0efe640866e62fb
B,2022,28,275,csa,29,atl_dadb4d91e57b3746,382612,Titular,1122.0,3.0,0.0021072038875522333,0.17279072,atl_dadb4d91e57b3746
B,2022,28,275,csa,19,atl_9fbfb397b0f8c857,507566,Titular,214.0,1.0,0.0019858329210220202,0.1628383,atl_9fbfb397b0f8c857
B,2022,28,275,novorizontino,9,atl_6611ad4d57c99a74,298282,Titular,1285.0,3.0,0.0019147813476805167,0.15701207,atl_6611ad4d57c99a74
B,2022,28,275,novorizontino,3,atl_d319008c8b843bb2,386746,Titular,1093.0,2.0,0.0015178183964907233,0.12446111,atl_d319008c8b843bb2
B,2022,28,276,operario,11,atl_72dcb517bd43826b,376246,Titular,834.0,2.0,0.0018125072755695068,0.1486256,atl_72dcb517bd43826b
B,2022,28,276,londrina,5,atl_cdc4b3007f5d4f4b,174223,Titular,2160.0,4.0,0.0016608589118833543,0.13619043,atl_cdc4b3007f5d4f4b
B,2022,28,276,londrina,4,atl_636c88e9ed84d6a7,188643,Titular,2118.0,3.0,0.0013055327370548977,0.10705368,atl_636c88e9ed84d6a7
B,2022,28,276,operario,9,atl_a60349b425bb19fc,441065,Titular,594.0,1.0,0.0012960554895884116,0.10627655,atl_a60349b425bb19fc
B,2022,28,276,operario,8,atl_63d54e98d4f319d5,321820,Titular,741.0,1.0,0.001142534009355135,0.09368779,atl_63d54e98d4f319d5
B,2022,28,277,vila_nova,11,atl_87ec6a412dc67c6f,441092,Titular,318.0,1.0,0.0017333553858309564,0.14213514,atl_87ec6a412dc67c6f
B,2022,28,277,vila_nova,2,atl_0d474145872a55bc,345933,Titular,1583.0,3.0,0.0016408471942437456,0.13454947,atl_0d474145872a55bc
B,2022,28,277,gremio,3,atl_3b1eaa09dd2189d2,165322,Titular,2250.0,3.0,0.0012428671656762626,0.10191511,atl_3b1eaa09dd2189d2
B,2022,28,277,gremio,17,atl_e653de567a6c869f,526885,Titular,1814.0,2.0,0.0010448939955098194,0.08568131,atl_e653de567a6c869f
B,2022,28,277,vila_nova,8,atl_09ff97acea7fc05d,305393,Titular,1943.0,2.0,0.0009897194865369308,0.081157,atl_09ff97acea7fc05d
B,2022,28,278,bahia,4,atl_1411c823835888d9,530656,Titular,2115.0,4.0,0.0016894396579769494,0.13853405,atl_1411c823835888d9
B,2022,28,278,tombense,18,atl_2de557902e699e6d,448024,Titular,1801.0,3.0,0.0014853910063492926,0.12180206,atl_2de557902e699e6d
B,2022,28,278,tombense,9,atl_937312a7dca8a77d,415027,Titular,1883.0,3.0,0.0014342780971924977,0.1176108,atl_937312a7dca8a77d
B,2022,28,278,bahia,5,atl_dbd328c9fd45f7eb,315696,Titular,1308.0,2.0,0.001337325611509802,0.1096607,atl_dbd328c9fd45f7eb
B,2022,28,278,tombense,4,atl_7d3f800dc2bbda03,184174,Titular,1761.0,2.0,0.001069387308982628,0.08768976,atl_7d3f800dc2bbda03
B,2022,28,279,cruzeiro_saf,5,atl_61bfa35fef5fdda6,409873,Titular,1782.0,4.0,0.0019359705107842781,0.15874958,atl_61bfa35fef5fdda6
B,2022,28,279,criciuma,7,atl_127c6107d2f86526,363926,Titular,1939.0,4.0,0.0018113508428084144,0.14853077,atl_127c6107d2f86526
B,2022,28,279,criciuma,2,atl_380df224c145e892,188472,Titular,880.0,2.0,0.0017520903663838566,0.14367141,atl_380df224c145e892
B,2022,28,279,cruzeiro_saf,14,atl_0f686e913bd13247,291997,Titular,1932.0,3.0,0.0014053802243461028,0.11524118,atl_0f686e913bd13247
B,2022,28,279,criciuma,11,atl_37e5a66bc391b1e2,311146,Titular,573.0,1.0,0.0013214209744731801,0.10835652,atl_37e5a66bc391b1e2
B,2022,28,280,chapecoense,18,atl_0a2908f3b095f82a,321453,Titular,804.0,3.0,0.0026210772282283146,0.21492833,atl_0a2908f3b095f82a
B,2022,28,280,ponte_preta,19,atl_67a835638bc6356c,600810,Titular,1336.0,4.0,0.0024062552862798054,0.19731293,atl_67a835638bc6356c
B,2022,28,280,ponte_preta,11,atl_2d76a967e08d0f5b,647148,Titular,93.0,1.0,0.002391036603051808,0.196065,atl_2d76a967e08d0f5b
B,2022,28,280,chapecoense,33,atl_119279633b1bdb64,177152,Titular,1800.0,4.0,0.0019208194372216185,0.15750719,atl_119279633b1bdb64
B,2022,28,280,ponte_preta,5,atl_1b93d2582891b2fb,465048,Titular,1998.0,4.0,0.001768568737233676,0.14502264,atl_1b93d2582891b2fb
B,2022,29,281,sport,8,atl_b58f267300e36871,318493,Titular,1103.0,4.0,0.002755126379293463,0.22592036,atl_b58f267300e36871
B,2022,29,281,ponte_preta,19,atl_67a835638bc6356c,600810,Titular,1406.0,4.0,0.002317139342081543,0.19000543,atl_67a835638bc6356c
B,2022,29,281,sport,7,atl_8bccda153adf0fb1,175065,Titular,1614.0,3.0,0.0016161152251690735,0.13252145,atl_8bccda153adf0fb1
B,2022,29,281,ponte_preta,10,atl_14981924eccf525a,292592,Titular,1762.0,3.0,0.001510374706457746,0.12385073,atl_14981924eccf525a
B,2022,29,281,ponte_preta,4,atl_e23ce9f74e0b8ef7,378323,Titular,630.0,1.0,0.001253511138059665,0.10278791,atl_e23ce9f74e0b8ef7
B,2022,29,282,crb,7,atl_d1fa367b58911e26,360467,Titular,479.0,2.0,0.002468301926463147,0.20240076,atl_d1fa367b58911e26
B,2022,29,282,csa,29,atl_dadb4d91e57b3746,382612,Titular,1207.0,3.0,0.0020014455688385597,0.16411854,atl_dadb4d91e57b3746
B,2022,29,282,crb,6,atl_8b2fdbd01179d332,419442,Titular,1398.0,3.0,0.0018000356090660807,0.14760292,atl_8b2fdbd01179d332
B,2022,29,282,csa,19,atl_9fbfb397b0f8c857,507566,Titular,304.0,1.0,0.0017617756044868425,0.1444656,atl_9fbfb397b0f8c857
B,2022,29,282,csa,90,atl_88c4b0a886aa15e7,162905,Titular,433.0,1.0,0.0015181860514548997,0.12449126,atl_88c4b0a886aa15e7
B,2022,29,283,brusque,66,atl_d886c2dcae0e2c37,370091,Titular,1220.0,4.0,0.0025677137127950124,0.21055252,atl_d886c2dcae0e2c37
B,2022,29,283,nautico,23,atl_109fb63706baaa3e,311336,Titular,570.0,2.0,0.002258380921502263,0.18518724,atl_109fb63706baaa3e
B,2022,29,283,brusque,26,atl_2e132ed0f429f570,565195,Titular,1379.0,3.0,0.0018182371399720176,0.14909545,atl_2e132ed0f429f570
B,2022,29,283,brusque,88,atl_0ef3bff01f036341,291540,Titular,423.0,1.0,0.0015346344377111824,0.12584002,atl_0ef3bff01f036341
B,2022,29,283,nautico,18,atl_faa684b73648dc2d,672682,Titular,1341.0,2.0,0.0013125842400909403,0.10763191,atl_faa684b73648dc2d
B,2022,29,284,bahia,13,atl_7b45f9ef364c9b4f,609797,Titular,855.0,2.0,0.0017833709121825986,0.14623641,atl_7b45f9ef364c9b4f
B,2022,29,284,criciuma,2,atl_380df224c145e892,188472,Titular,970.0,2.0,0.0016438555006853205,0.13479615,atl_380df224c145e892
B,2022,29,284,bahia,4,atl_1411c823835888d9,530656,Titular,2205.0,4.0,0.0016327052073964589,0.13388183,atl_1411c823835888d9
B,2022,29,284,bahia,5,atl_dbd328c9fd45f7eb,315696,Titular,1398.0,2.0,0.0012731652191819921,0.10439955,atl_dbd328c9fd45f7eb
B,2022,29,284,criciuma,11,atl_37e5a66bc391b1e2,311146,Titular,635.0,1.0,0.0012479890625616047,0.1023351,atl_37e5a66bc391b1e2
B,2022,29,285,ituano,5,atl_6f738d7d97f0c9a2,622068,Titular,607.0,2.0,0.0021828975483355203,0.1789976,atl_6f738d7d97f0c9a2
B,2022,29,285,tombense,5,atl_1466976c1b29f47a,454527,Titular,298.0,1.0,0.0017750220376032849,0.14555181,atl_1466976c1b29f47a
B,2022,29,285,ituano,8,atl_eabe50b478a200d7,502736,Titular,1461.0,3.0,0.0017422068261129123,0.14286096,atl_eabe50b478a200d7
B,2022,29,285,tombense,7,atl_937312a7dca8a77d,415027,Titular,1973.0,3.0,0.001381507313387554,0.1132836,atl_937312a7dca8a77d
B,2022,29,285,tombense,8,atl_8aab3e7d2ff08e21,292740,Titular,609.0,1.0,0.0012772475978425801,0.1047343,atl_8aab3e7d2ff08e21
B,2022,29,286,chapecoense,18,atl_0a2908f3b095f82a,321453,Titular,849.0,3.0,0.002532592724986969,0.2076726,atl_0a2908f3b095f82a
B,2022,29,286,chapecoense,33,atl_119279633b1bdb64,177152,Titular,1890.0,4.0,0.0018478943874508037,0.15152734,atl_119279633b1bdb64
B,2022,29,286,londrina,5,atl_cdc4b3007f5d4f4b,174223,Titular,2250.0,4.0,0.0016059882130936077,0.13169103,atl_cdc4b3007f5d4f4b
B,2022,29,286,chapecoense,71,atl_fc1a09fb0c935177,369403,Titular,437.0,1.0,0.0015117050010751561,0.12395981,atl_fc1a09fb0c935177
B,2022,29,286,chapecoense,12,atl_1696541fe8db3638,532045,Titular,479.0,1.0,0.0014468514668104406,0.11864182,atl_1696541fe8db3638
B,2022,29,287,vasco_da_gama_s_a_f,2,atl_1ee750b63901832c,646848,Titular,2296.0,5.0,0.0019372201666693208,0.15885205,atl_1ee750b63901832c
B,2022,29,287,vasco_da_gama_s_a_f,25,atl_cf3818fea11a3adb,611036,Titular,233.0,1.0,0.00193242508322977,0.15845886,atl_cf3818fea11a3adb
B,2022,29,287,vasco_da_gama_s_a_f,8,atl_df2c723328a7e127,611858,Titular,1871.0,3.0,0.0014409395132886635,0.11815704,atl_df2c723328a7e127
B,2022,29,287,vasco_da_gama_s_a_f,3,atl_4937b2d90f81f196,165709,Titular,602.0,1.0,0.0012853607858506547,0.10539958,atl_4937b2d90f81f196
B,2022,29,287,gremio,3,atl_3b1eaa09dd2189d2,165322,Titular,2340.0,3.0,0.0012029815443688103,0.09864449,atl_3b1eaa09dd2189d2
B,2022,29,288,novorizontino,5,atl_baedf75634968494,374851,Titular,1235.0,4.0,0.0025455144587939026,0.20873219,atl_baedf75634968494
B,2022,29,288,novorizontino,4,atl_f0efe640866e62fb,356106,Titular,1320.0,4.0,0.0024266305417623194,0.1989837,atl_f0efe640866e62fb
B,2022,29,288,sampaio_correa,10,atl_c2d1993350b61679,368089,Titular,1645.0,3.0,0.0015927587813554412,0.13060622,atl_c2d1993350b61679
B,2022,29,288,novorizontino,14,atl_3cff56bbe317e0c7,509608,Titular,451.0,1.0,0.00148945066877752,0.12213495,atl_3cff56bbe317e0c7
B,2022,29,288,novorizontino,3,atl_d319008c8b843bb2,386746,Titular,1183.0,2.0,0.0014358096173543798,0.11773639,atl_d319008c8b843bb2
B,2022,29,289,cruzeiro_saf,5,atl_61bfa35fef5fdda6,409873,Titular,1872.0,4.0,0.0018619171947754727,0.15267721,atl_61bfa35fef5fdda6
B,2022,29,289,operario,11,atl_72dcb517bd43826b,376246,Titular,904.0,2.0,0.001721130759264545,0.14113272,atl_72dcb517bd43826b
B,2022,29,289,cruzeiro_saf,14,atl_0f686e913bd13247,291997,Titular,1999.0,3.0,0.0013671338879581516,0.11210498,atl_0f686e913bd13247
B,2022,29,289,cruzeiro_saf,26,atl_d457b6562ff8f3f8,349619,Titular,2254.0,3.0,0.0012405474168509154,0.10172489,atl_d457b6562ff8f3f8
B,2022,29,289,operario,9,atl_a60349b425bb19fc,441065,Titular,669.0,1.0,0.001211691690339967,0.09935872,atl_a60349b425bb19fc
B,2022,29,290,guarani,10,atl_1f85b5f88c773ffc,292205,Titular,1572.0,4.0,0.002131499800196632,0.17478298,atl_1f85b5f88c773ffc
B,2022,29,290,guarani,32,atl_79973ceb0b7cc5ee,429655,Titular,1295.0,3.0,0.0019033245604498168,0.15607261,atl_79973ceb0b7cc5ee
B,2022,29,290,guarani,31,atl_9b25372db780c18d,315023,Titular,1520.0,3.0,0.0016913205871323868,0.13868829,atl_9b25372db780c18d
B,2022,29,290,vila_nova,11,atl_87ec6a412dc67c6f,441092,Titular,399.0,1.0,0.0015756035439459636,0.12919949,atl_87ec6a412dc67c6f
B,2022,29,290,vila_nova,2,atl_0d474145872a55bc,345933,Titular,1673.0,3.0,0.00157223542844336,0.12892331,atl_0d474145872a55bc
B,2022,30,291,ponte_preta,19,atl_67a835638bc6356c,600810,Titular,1483.0,4.0,0.002226945487164784,0.18260953,atl_67a835638bc6356c
B,2022,30,291,ponte_preta,5,atl_1b93d2582891b2fb,465048,Titular,2043.0,5.0,0.0021297809284497706,0.17464204,atl_1b93d2582891b2fb
B,2022,30,291,ituano,5,atl_6f738d7d97f0c9a2,622068,Titular,697.0,2.0,0.0020184067677926206,0.16550935,atl_6f738d7d97f0c9a2
B,2022,30,291,ponte_preta,2,atl_d05a0dfeb5dc96a1,186564,Titular,901.0,2.0,0.0017245059964652156,0.14140949,atl_d05a0dfeb5dc96a1
B,2022,30,291,ponte_preta,10,atl_14981924eccf525a,292592,Titular,1844.0,3.0,0.0014573519202422214,0.11950286,atl_14981924eccf525a
B,2022,30,292,crb,7,atl_d1fa367b58911e26,360467,Titular,569.0,2.0,0.002260086904628407,0.18532713,atl_d1fa367b58911e26
B,2022,30,292,crb,3,atl_7cd9d01ebec30030,167958,Titular,1851.0,4.0,0.0018783636329424782,0.15402582,atl_7cd9d01ebec30030
B,2022,30,292,crb,6,atl_8b2fdbd01179d332,419442,Titular,1488.0,3.0,0.00171832640897775,0.14090277,atl_8b2fdbd01179d332
B,2022,30,292,crb,9,atl_350ce58577f70908,182466,Titular,2170.0,4.0,0.0016539449067594632,0.13562348,atl_350ce58577f70908
B,2022,30,292,cruzeiro_saf,42,atl_65d9471e34a1bfce,460818,Titular,968.0,2.0,0.0016457989789153726,0.13495552,atl_65d9471e34a1bfce
B,2022,30,293,sport,8,atl_b58f267300e36871,318493,Titular,1167.0,4.0,0.002649089922644131,0.21722537,atl_b58f267300e36871
B,2022,30,293,bahia,11,atl_ecb9230dae466c7f,385655,Titular,694.0,2.0,0.002023478141581044,0.16592521,atl_ecb9230dae466c7f
B,2022,30,293,sport,3,atl_4fb70cea490aa9b3,378811,Titular,932.0,2.0,0.0016871738135808428,0.13834825,atl_4fb70cea490aa9b3
B,2022,30,293,bahia,4,atl_1411c823835888d9,530656,Titular,2295.0,4.0,0.0015799759932192366,0.12955803,atl_1411c823835888d9
B,2022,30,293,sport,7,atl_8bccda153adf0fb1,175065,Titular,1704.0,3.0,0.0015499241837784786,0.12709378,atl_8bccda153adf0fb1
B,2022,30,294,brusque,21,atl_4fe8fb5bed1351fe,165065,Titular,1061.0,4.0,0.002828976874470062,0.2319761,atl_4fe8fb5bed1351fe
B,2022,30,294,brusque,26,atl_2e132ed0f429f570,565195,Titular,1469.0,3.0,0.001734907517037972,0.14226242,atl_2e132ed0f429f570
B,2022,30,294,vila_nova,2,atl_0d474145872a55bc,345933,Titular,1738.0,3.0,0.001526377525043685,0.12516296,atl_0d474145872a55bc
B,2022,30,294,brusque,88,atl_0ef3bff01f036341,291540,Titular,489.0,1.0,0.0014317825086428383,0.11740617,atl_0ef3bff01f036341
B,2022,30,294,vila_nova,11,atl_87ec6a412dc67c6f,441092,Titular,489.0,1.0,0.0014317825086428383,0.11740617,atl_87ec6a412dc67c6f
B,2022,30,295,novorizontino,5,atl_baedf75634968494,374851,Titular,1325.0,4.0,0.002419744055368639,0.19841901,atl_baedf75634968494
B,2022,30,295,novorizontino,4,atl_f0efe640866e62fb,356106,Titular,1410.0,4.0,0.002312059110496213,0.18958885,atl_f0efe640866e62fb
B,2022,30,295,novorizontino,10,atl_c2fa1cf7e716d8d8,633725,Titular,1093.0,2.0,0.001516655932861122,0.12436579,atl_c2fa1cf7e716d8d8
B,2022,30,295,gremio,3,atl_3b1eaa09dd2189d2,165322,Titular,2430.0,4.0,0.001507178464521422,0.12358863,atl_3b1eaa09dd2189d2
B,2022,30,295,novorizontino,14,atl_3cff56bbe317e0c7,509608,Titular,511.0,1.0,0.0014006260148840427,0.11485133,atl_3cff56bbe317e0c7
B,2022,30,296,guarani,10,atl_1f85b5f88c773ffc,292205,Titular,1645.0,4.0,0.002058756597225066,0.16881804,atl_1f85b5f88c773ffc
B,2022,30,296,operario,9,atl_a60349b425bb19fc,441065,Titular,749.0,2.0,0.001934373819894129,0.15861865,atl_a60349b425bb19fc
B,2022,30,296,guarani,32,atl_79973ceb0b7cc5ee,429655,Titular,1385.0,3.0,0.0018122190456486829,0.14860196,atl_79973ceb0b7cc5ee
B,2022,30,296,guarani,31,atl_9b25372db780c18d,315023,Titular,1610.0,3.0,0.0016189729388851977,0.13275578,atl_9b25372db780c18d
B,2022,30,296,operario,11,atl_72dcb517bd43826b,376246,Titular,994.0,2.0,0.0016171572296169792,0.13260689,atl_72dcb517bd43826b
B,2022,30,297,nautico,23,atl_109fb63706baaa3e,311336,Titular,649.0,2.0,0.0021027266327656806,0.17242358,atl_109fb63706baaa3e
B,2022,30,297,vasco_da_gama_s_a_f,25,atl_cf3818fea11a3adb,611036,Titular,291.0,1.0,0.0017901806587203124,0.14679481,atl_cf3818fea11a3adb
B,2022,30,297,vasco_da_gama_s_a_f,26,atl_ff7855b5393ccca0,456006,Titular,461.0,1.0,0.0014734993767406524,0.12082695,atl_ff7855b5393ccca0
B,2022,30,297,vasco_da_gama_s_a_f,8,atl_df2c723328a7e127,611858,Titular,1961.0,3.0,0.001388067005708154,0.11382149,atl_df2c723328a7e127
B,2022,30,297,vasco_da_gama_s_a_f,3,atl_4937b2d90f81f196,165709,Titular,689.0,1.0,0.0011909444079459773,0.09765744,atl_4937b2d90f81f196
B,2022,30,298,criciuma,2,atl_380df224c145e892,188472,Titular,1060.0,3.0,0.002189764680158825,0.1795607,atl_380df224c145e892
B,2022,30,298,sampaio_correa,10,atl_c2d1993350b61679,368089,Titular,1712.0,3.0,0.00154431867135975,0.12663413,atl_c2d1993350b61679
B,2022,30,298,criciuma,7,atl_247d5865f8729748,441692,Titular,695.0,1.0,0.0011849647707512694,0.09716711,atl_247d5865f8729748
B,2022,30,298,criciuma,11,atl_37e5a66bc391b1e2,311146,Titular,725.0,1.0,0.0011559452253451159,0.09478751,atl_37e5a66bc391b1e2
B,2022,30,298,criciuma,4,atl_179b7e2803c55283,184819,Titular,897.0,1.0,0.0010136241238709856,0.08311718,atl_179b7e2803c55283
B,2022,30,299,tombense,8,atl_2de557902e699e6d,448024,Titular,1892.0,4.0,0.0018461676007724777,0.15138574,atl_2de557902e699e6d
B,2022,30,299,londrina,5,atl_cdc4b3007f5d4f4b,174223,Titular,2340.0,4.0,0.0015549411623407628,0.12750518,atl_cdc4b3007f5d4f4b
B,2022,30,299,londrina,4,atl_636c88e9ed84d6a7,188643,Titular,2298.0,3.0,0.0012208838102386588,0.10011247,atl_636c88e9ed84d6a7
B,2022,30,299,tombense,2,atl_830479a6cacf7f2c,404381,Titular,1765.0,2.0,0.0010666811925155704,0.08746786,atl_830479a6cacf7f2c
B,2022,30,299,tombense,4,atl_7d3f800dc2bbda03,184174,Titular,1851.0,2.0,0.001027661803933546,0.08426827,atl_7d3f800dc2bbda03
B,2022,30,300,chapecoense,18,atl_0a2908f3b095f82a,321453,Titular,939.0,3.0,0.0023738936073994213,0.19465928,atl_0a2908f3b095f82a
B,2022,30,300,csa,29,atl_dadb4d91e57b3746,382612,Titular,1283.0,3.0,0.0019158905782657135,0.15710303,atl_dadb4d91e57b3746
B,2022,30,300,csa,5,atl_518c2b6993e189a8,175223,Titular,1845.0,4.0,0.0018831696806173846,0.15441991,atl_518c2b6993e189a8
B,2022,30,300,chapecoense,33,atl_119279633b1bdb64,177152,Titular,1980.0,4.0,0.0017806584278418414,0.14601399,atl_119279633b1bdb64
B,2022,30,300,csa,17,atl_88c4b0a886aa15e7,162905,Titular,478.0,1.0,0.0014478864018893324,0.11872668,atl_88c4b0a886aa15e7
B,2022,31,301,novorizontino,5,atl_baedf75634968494,374851,Titular,1415.0,4.0,0.0023084847343221786,0.18929575,atl_baedf75634968494
B,2022,31,301,novorizontino,4,atl_f0efe640866e62fb,356106,Titular,1500.0,4.0,0.0022103741331134857,0.18125068,atl_f0efe640866e62fb
B,2022,31,301,novorizontino,2,atl_518fecebbfee082a,455446,Titular,636.0,2.0,0.002130940375199799,0.17473711,atl_518fecebbfee082a
B,2022,31,301,novorizontino,9,atl_b2b40462ee3704a5,311813,Titular,1114.0,3.0,0.002119422717612746,0.17379266,atl_b2b40462ee3704a5
B,2022,31,301,novorizontino,11,atl_353529efd4f3c24a,430405,Titular,663.0,2.0,0.002081468844563174,0.17068045,atl_353529efd4f3c24a
B,2022,31,302,csa,5,atl_518c2b6993e189a8,175223,Titular,1935.0,4.0,0.0018155023680603579,0.14887119,atl_518c2b6993e189a8
B,2022,31,302,csa,90,atl_88c4b0a886aa15e7,162905,Titular,523.0,1.0,0.001388805734337216,0.11388207,atl_88c4b0a886aa15e7
B,2022,31,302,tombense,7,atl_937312a7dca8a77d,415027,Titular,2036.0,3.0,0.0013488754993008563,0.11060779,atl_937312a7dca8a77d
B,2022,31,302,tombense,8,atl_8aab3e7d2ff08e21,292740,Titular,705.0,1.0,0.001179044204337736,0.09668162,atl_8aab3e7d2ff08e21
B,2022,31,302,tombense,4,atl_8fc5da13fd0cb103,382807,Titular,1621.0,2.0,0.0011413240293385062,0.09358857,atl_8fc5da13fd0cb103
B,2022,31,303,sampaio_correa,15,atl_e0d3ad42c0d03528,184656,Titular,599.0,2.0,0.00220268268082527,0.18061998,atl_e0d3ad42c0d03528
B,2022,31,303,nautico,18,atl_faa684b73648dc2d,672682,Titular,1412.0,3.0,0.0017890942814994622,0.14670573,atl_faa684b73648dc2d
B,2022,31,303,nautico,1,atl_11b2cb14bf99acbe,343441,Titular,360.0,1.0,0.0016520328677057813,0.1354667,atl_11b2cb14bf99acbe
B,2022,31,303,sampaio_correa,10,atl_c2d1993350b61679,368089,Titular,1786.0,3.0,0.0014963903176845896,0.12270401,atl_c2d1993350b61679
B,2022,31,303,nautico,13,atl_1808161f4c211fc8,393400,Titular,867.0,1.0,0.0010393184098222178,0.08522411,atl_1808161f4c211fc8
B,2022,31,304,chapecoense,71,atl_fc1a09fb0c935177,369403,Titular,527.0,2.0,0.0023571063935997776,0.19328272,atl_fc1a09fb0c935177
B,2022,31,304,criciuma,2,atl_380df224c145e892,188472,Titular,1150.0,3.0,0.002073180767410286,0.17000082,atl_380df224c145e892
B,2022,31,304,chapecoense,33,atl_119279633b1bdb64,177152,Titular,2070.0,4.0,0.0017201355121505726,0.14105111,atl_119279633b1bdb64
B,2022,31,304,chapecoense,12,atl_1696541fe8db3638,532045,Titular,659.0,1.0,0.00122583974652888,0.10051886,atl_1696541fe8db3638
B,2022,31,304,chapecoense,10,atl_3b2cc18113a1b101,345876,Titular,749.0,1.0,0.0011375086198774796,0.09327571,atl_3b2cc18113a1b101
B,2022,31,305,brusque,66,atl_d886c2dcae0e2c37,370091,Titular,1310.0,5.0,0.00299488854487678,0.24558086,atl_d886c2dcae0e2c37
B,2022,31,305,brusque,21,atl_4fe8fb5bed1351fe,165065,Titular,1127.0,4.0,0.0027171163283509353,0.22280354,atl_4fe8fb5bed1351fe
B,2022,31,305,ituano,4,atl_44678ad24e45ecea,158972,Titular,188.0,1.0,0.0020650410846322267,0.16933337,atl_44678ad24e45ecea
B,2022,31,305,ituano,8,atl_eabe50b478a200d7,502736,Titular,1540.0,3.0,0.0016768373854053782,0.13750067,atl_eabe50b478a200d7
B,2022,31,305,brusque,88,atl_0ef3bff01f036341,291540,Titular,568.0,1.0,0.0013302886387892995,0.10908367,atl_0ef3bff01f036341
B,2022,31,306,ponte_preta,19,atl_67a835638bc6356c,600810,Titular,1544.0,4.0,0.002162792693848812,0.177349,atl_67a835638bc6356c
B,2022,31,306,ponte_preta,5,atl_1b93d2582891b2fb,465048,Titular,2125.0,5.0,0.002065046958562656,0.16933385,atl_1b93d2582891b2fb
B,2022,31,306,londrina,5,atl_cdc4b3007f5d4f4b,174223,Titular,2430.0,4.0,0.0015087878041730278,0.1237206,atl_cdc4b3007f5d4f4b
B,2022,31,306,ponte_preta,10,atl_14981924eccf525a,292592,Titular,1934.0,3.0,0.0014054019171022892,0.11524296,atl_14981924eccf525a
B,2022,31,306,londrina,4,atl_636c88e9ed84d6a7,188643,Titular,2388.0,3.0,0.0011844696212697271,0.09712651,atl_636c88e9ed84d6a7
B,2022,31,307,sport,8,atl_b58f267300e36871,318493,Titular,1223.0,4.0,0.0025657273744787994,0.21038964,atl_b58f267300e36871
B,2022,31,307,sport,7,atl_8bccda153adf0fb1,175065,Titular,1794.0,3.0,0.0014911718684511646,0.12227609,atl_8bccda153adf0fb1
B,2022,31,307,gremio,3,atl_3b1eaa09dd2189d2,165322,Titular,2520.0,4.0,0.001463823929214229,0.12003356,atl_3b1eaa09dd2189d2
B,2022,31,307,gremio,15,atl_76c1afcba16aea3f,164040,Titular,537.0,1.0,0.0013700561872969836,0.11234461,atl_76c1afcba16aea3f
B,2022,31,307,gremio,33,atl_a60a6b51bf66345e,161745,Titular,620.0,1.0,0.0012685252377026535,0.10401907,atl_a60a6b51bf66345e
B,2022,31,308,bahia,7,atl_55d946f4df29e947,518590,Titular,731.0,2.0,0.0019664892495751193,0.16125212,atl_55d946f4df29e947
B,2022,31,308,operario,9,atl_a60349b425bb19fc,441065,Titular,839.0,2.0,0.0018078777193629362,0.14824597,atl_a60349b425bb19fc
B,2022,31,308,operario,11,atl_72dcb517bd43826b,376246,Titular,1039.0,2.0,0.0015729358455016061,0.12898074,atl_72dcb517bd43826b
B,2022,31,308,bahia,4,atl_1411c823835888d9,530656,Titular,2385.0,4.0,0.0015323217560578757,0.12565038,atl_1411c823835888d9
B,2022,31,308,bahia,6,atl_e3673ee3dc8325c2,422344,Titular,902.0,1.0,0.0010133725151404934,0.08309655,atl_e3673ee3dc8325c2
B,2022,31,309,cruzeiro_saf,22,atl_d157b3908820f15f,568151,Titular,164.0,1.0,0.002139681123835801,0.17545385,atl_d157b3908820f15f
B,2022,31,309,cruzeiro_saf,5,atl_61bfa35fef5fdda6,409873,Titular,1941.0,4.0,0.001811039846877088,0.14850527,atl_61bfa35fef5fdda6
B,2022,31,309,vasco_da_gama_s_a_f,25,atl_cf3818fea11a3adb,611036,Titular,364.0,1.0,0.0016443845673923287,0.13483953,atl_cf3818fea11a3adb
B,2022,31,309,vasco_da_gama_s_a_f,26,atl_ff7855b5393ccca0,456006,Titular,526.0,1.0,0.0013847448988566979,0.11354908,atl_ff7855b5393ccca0
B,2022,31,309,vasco_da_gama_s_a_f,8,atl_df2c723328a7e127,611858,Titular,2051.0,3.0,0.0013409440479133562,0.10995741,atl_df2c723328a7e127
B,2022,31,310,crb,6,atl_8b2fdbd01179d332,419442,Titular,1569.0,4.0,0.002136659384353297,0.17520607,atl_8b2fdbd01179d332
B,2022,31,310,crb,7,atl_d1fa367b58911e26,360467,Titular,636.0,2.0,0.002130940375199799,0.17473711,atl_d1fa367b58911e26
B,2022,31,310,crb,3,atl_7cd9d01ebec30030,167958,Titular,1941.0,4.0,0.001811039846877088,0.14850527,atl_7cd9d01ebec30030
B,2022,31,310,crb,9,atl_350ce58577f70908,182466,Titular,2260.0,4.0,0.0016017203863141203,0.13134107,atl_350ce58577f70908
B,2022,31,310,vila_nova,2,atl_0d474145872a55bc,345933,Titular,1828.0,3.0,0.0014693935851490428,0.12049027,atl_0d474145872a55bc
B,2022,32,311,ponte_preta,19,atl_67a835638bc6356c,600810,Titular,1634.0,4.0,0.0020717092804831585,0.16988016,atl_67a835638bc6356c
B,2022,32,311,ponte_preta,5,atl_1b93d2582891b2fb,465048,Titular,2215.0,5.0,0.00199669525029505,0.16372901,atl_1b93d2582891b2fb
B,2022,32,311,cruzeiro_saf,5,atl_61bfa35fef5fdda6,409873,Titular,2031.0,4.0,0.0017467513253856422,0.14323361,atl_61bfa35fef5fdda6
B,2022,32,311,ponte_preta,9,atl_14981924eccf525a,292592,Titular,2017.0,3.0,0.0013591686946964883,0.11145183,atl_14981924eccf525a
B,2022,32,311,cruzeiro_saf,14,atl_0f686e913bd13247,291997,Titular,2269.0,3.0,0.001235474035590849,0.10130887,atl_0f686e913bd13247
B,2022,32,312,guarani,31,atl_9b25372db780c18d,315023,Titular,1733.0,4.0,0.0019798601005602597,0.16234853,atl_9b25372db780c18d
B,2022,32,312,guarani,10,atl_1f85b5f88c773ffc,292205,Titular,1735.0,4.0,0.001978088413669378,0.16220325,atl_1f85b5f88c773ffc
B,2022,32,312,csa,5,atl_518c2b6993e189a8,175223,Titular,2025.0,4.0,0.0017509020216043803,0.14357397,atl_518c2b6993e189a8
B,2022,32,312,guarani,32,atl_79973ceb0b7cc5ee,429655,Titular,1565.0,3.0,0.0016566719634629834,0.1358471,atl_79973ceb0b7cc5ee
B,2022,32,312,guarani,34,atl_7d7e742dcb201d1e,310802,Titular,1373.0,2.0,0.0012925934888153021,0.10599267,atl_7d7e742dcb201d1e
B,2022,32,313,nautico,23,atl_109fb63706baaa3e,311336,Titular,732.0,2.0,0.0019651198088888482,0.16113982,atl_109fb63706baaa3e
B,2022,32,313,nautico,18,atl_faa684b73648dc2d,672682,Titular,1481.0,3.0,0.001726919537885442,0.1416074,atl_faa684b73648dc2d
B,2022,32,313,nautico,1,atl_11b2cb14bf99acbe,343441,Titular,450.0,1.0,0.00149581853110638,0.12265712,atl_11b2cb14bf99acbe
B,2022,32,313,sport,7,atl_8bccda153adf0fb1,175065,Titular,1884.0,3.0,0.00143499480056672,0.11766957,atl_8bccda153adf0fb1
B,2022,32,313,nautico,6,atl_38bf059bc74dcb19,303237,Titular,1213.0,2.0,0.0014133260972277063,0.11589274,atl_38bf059bc74dcb19
B,2022,32,314,brusque,66,atl_d886c2dcae0e2c37,370091,Titular,1400.0,5.0,0.0028531724234479266,0.23396014,atl_d886c2dcae0e2c37
B,2022,32,314,brusque,21,atl_4fe8fb5bed1351fe,165065,Titular,1217.0,4.0,0.002574855914124089,0.21113818,atl_4fe8fb5bed1351fe
B,2022,32,314,criciuma,2,atl_380df224c145e892,188472,Titular,1240.0,3.0,0.0019661078187075062,0.16122084,atl_380df224c145e892
B,2022,32,314,criciuma,8,atl_47392d25c7da296f,379541,Titular,2190.0,3.0,0.0012717574738108032,0.10428411,atl_47392d25c7da296f
B,2022,32,314,brusque,88,atl_0ef3bff01f036341,291540,Titular,658.0,1.0,0.001227139554880018,0.10062544,atl_0ef3bff01f036341
B,2022,32,315,crb,6,atl_8b2fdbd01179d332,419442,Titular,1659.0,4.0,0.002047720057689236,0.16791304,atl_8b2fdbd01179d332
B,2022,32,315,crb,3,atl_7cd9d01ebec30030,167958,Titular,2031.0,4.0,0.0017467513253856422,0.14323361,atl_7cd9d01ebec30030
B,2022,32,315,ituano,10,atl_b36618bb7e0071c5,355362,Titular,1513.0,3.0,0.001699467265052688,0.13935632,atl_b36618bb7e0071c5
B,2022,32,315,ituano,8,atl_eabe50b478a200d7,502736,Titular,1630.0,3.0,0.0016061162462681037,0.13170153,atl_eabe50b478a200d7
B,2022,32,315,crb,9,atl_350ce58577f70908,182466,Titular,2339.0,4.0,0.0015572481875840297,0.12769435,atl_350ce58577f70908
B,2022,32,316,operario,11,atl_72dcb517bd43826b,376246,Titular,1114.0,2.0,0.0015000171031914874,0.1230014,atl_72dcb517bd43826b
B,2022,32,316,vila_nova,2,atl_0d474145872a55bc,345933,Titular,1918.0,3.0,0.0014148170407572624,0.116015,atl_0d474145872a55bc
B,2022,32,316,operario,7,atl_57c57f6188710a8f,545775,Titular,788.0,1.0,0.0011032823016700784,0.09046915,atl_57c57f6188710a8f
B,2022,32,316,vila_nova,8,atl_09ff97acea7fc05d,305393,Titular,2064.0,2.0,0.0009442385353163263,0.07742756,atl_09ff97acea7fc05d
B,2022,32,316,operario,2,atl_474caf681d87f447,322785,Titular,2169.0,2.0,0.0009070916465159463,0.07438152,atl_474caf681d87f447
B,2022,32,317,vasco_da_gama_s_a_f,66,atl_41237f74389ec350,591665,Titular,209.0,1.0,0.0020042702461933156,0.16435016,atl_41237f74389ec350
B,2022,32,317,vasco_da_gama_s_a_f,25,atl_cf3818fea11a3adb,611036,Titular,441.0,1.0,0.0015101249782689275,0.12383025,atl_cf3818fea11a3adb
B,2022,32,317,londrina,5,atl_cdc4b3007f5d4f4b,174223,Titular,2520.0,4.0,0.0014639164253480333,0.12004115,atl_cdc4b3007f5d4f4b
B,2022,32,317,vasco_da_gama_s_a_f,8,atl_df2c723328a7e127,611858,Titular,2141.0,3.0,0.00129535312553997,0.10621896,atl_df2c723328a7e127
B,2022,32,317,vasco_da_gama_s_a_f,26,atl_ff7855b5393ccca0,456006,Titular,616.0,1.0,0.0012733222263002337,0.10441242,atl_ff7855b5393ccca0
B,2022,32,318,gremio,16,atl_2b16b70931306009,320111,Titular,668.0,2.0,0.002072797606636182,0.1699694,atl_2b16b70931306009
B,2022,32,318,sampaio_correa,10,atl_c2d1993350b61679,368089,Titular,1841.0,3.0,0.0014613530989111751,0.11983095,atl_c2d1993350b61679
B,2022,32,318,gremio,5,atl_793a5da637017996,293712,Titular,521.0,1.0,0.0013917998085710684,0.11412758,atl_793a5da637017996
B,2022,32,318,sampaio_correa,13,atl_79501c1a5283bedc,174017,Titular,755.0,1.0,0.001132292911992877,0.09284802,atl_79501c1a5283bedc
B,2022,32,318,gremio,17,atl_e653de567a6c869f,526885,Titular,2137.0,2.0,0.0009180992053663484,0.07528413,atl_e653de567a6c869f
B,2022,32,319,tombense,17,atl_89c51f04abfae26b,412193,Titular,1493.0,4.0,0.002218277774486232,0.18189878,atl_89c51f04abfae26b
B,2022,32,319,novorizontino,14,atl_3cff56bbe317e0c7,509608,Titular,594.0,2.0,0.0022130051229900007,0.18146642,atl_3cff56bbe317e0c7
B,2022,32,319,novorizontino,5,atl_baedf75634968494,374851,Titular,1505.0,4.0,0.00220500129902796,0.18081011,atl_baedf75634968494
B,2022,32,319,novorizontino,4,atl_f0efe640866e62fb,356106,Titular,1590.0,4.0,0.0021153242127038567,0.17345659,atl_f0efe640866e62fb
B,2022,32,319,novorizontino,2,atl_518fecebbfee082a,455446,Titular,706.0,2.0,0.0020074855759129855,0.16461382,atl_518fecebbfee082a
B,2022,32,320,chapecoense,71,atl_fc1a09fb0c935177,369403,Titular,617.0,2.0,0.002167437425739535,0.17772987,atl_fc1a09fb0c935177
B,2022,32,320,chapecoense,33,atl_119279633b1bdb64,177152,Titular,2160.0,4.0,0.0016620404528387444,0.13628732,atl_119279633b1bdb64
B,2022,32,320,bahia,4,atl_1411c823835888d9,530656,Titular,2475.0,4.0,0.0014860596990087598,0.1218569,atl_1411c823835888d9
B,2022,32,320,bahia,5,atl_dbd328c9fd45f7eb,315696,Titular,1578.0,2.0,0.001165075844346035,0.09553622,atl_dbd328c9fd45f7eb
B,2022,32,320,chapecoense,12,atl_1696541fe8db3638,532045,Titular,749.0,1.0,0.0011377322694564138,0.09329405,atl_1696541fe8db3638
B,2022,33,321,guarani,10,atl_1f85b5f88c773ffc,292205,Titular,1780.0,4.0,0.0019374088619602602,0.15886753,atl_1f85b5f88c773ffc
B,2022,33,321,londrina,14,atl_6a5c3882fa9f94c0,344194,Titular,481.0,1.0,0.0014447423091431123,0.11846887,atl_6a5c3882fa9f94c0
B,2022,33,321,londrina,5,atl_cdc4b3007f5d4f4b,174223,Titular,2610.0,4.0,0.0014203511914049497,0.1164688,atl_cdc4b3007f5d4f4b
B,2022,33,321,guarani,8,atl_8808ef5622ebf69a,465413,Titular,545.0,1.0,0.001356260483511381,0.11121336,atl_8808ef5622ebf69a
B,2022,33,321,guarani,34,atl_7d7e742dcb201d1e,310802,Titular,1463.0,2.0,0.0012314275115992833,0.10097706,atl_7d7e742dcb201d1e
B,2022,33,322,crb,4,atl_9220edb0a3044fd0,188660,Titular,1003.0,4.0,0.002938983503173249,0.24099665,atl_9220edb0a3044fd0
B,2022,33,322,chapecoense,71,atl_fc1a09fb0c935177,369403,Titular,673.0,3.0,0.002913292587612441,0.23888999,atl_fc1a09fb0c935177
B,2022,33,322,crb,5,atl_6d8cb3b581ba9adc,315979,Titular,1493.0,4.0,0.002216403514936976,0.18174509,atl_6d8cb3b581ba9adc
B,2022,33,322,crb,17,atl_f90a8f255908592a,339273,Titular,699.0,2.0,0.0020160902462630467,0.1653194,atl_f90a8f255908592a
B,2022,33,322,crb,6,atl_8b2fdbd01179d332,419442,Titular,1749.0,4.0,0.00196411391963957,0.16105734,atl_8b2fdbd01179d332
B,2022,33,323,tombense,7,atl_89c51f04abfae26b,412193,Titular,1552.0,4.0,0.002152676513289178,0.17651947,atl_89c51f04abfae26b
B,2022,33,323,tombense,8,atl_2de557902e699e6d,448024,Titular,2039.0,4.0,0.0017397763707244559,0.14266166,atl_2de557902e699e6d
B,2022,33,323,nautico,18,atl_faa684b73648dc2d,672682,Titular,1544.0,3.0,0.0016718650710711316,0.13709294,atl_faa684b73648dc2d
B,2022,33,323,tombense,5,atl_1466976c1b29f47a,454527,Titular,486.0,1.0,0.001437416029684983,0.11786811,atl_1466976c1b29f47a
B,2022,33,323,nautico,1,atl_11b2cb14bf99acbe,343441,Titular,540.0,1.0,0.0013627809666051857,0.11174804,atl_11b2cb14bf99acbe
B,2022,33,324,brusque,66,atl_d886c2dcae0e2c37,370091,Titular,1490.0,5.0,0.0027222573895826097,0.22322511,atl_d886c2dcae0e2c37
B,2022,33,324,brusque,21,atl_4fe8fb5bed1351fe,165065,Titular,1274.0,4.0,0.0024900181540413718,0.20418149,atl_4fe8fb5bed1351fe
B,2022,33,324,sport,30,atl_a5b15dce3c856389,779885,Titular,304.0,1.0,0.0017628012503350663,0.1445497,atl_a5b15dce3c856389
B,2022,33,324,sport,7,atl_8bccda153adf0fb1,175065,Titular,1974.0,3.0,0.0013812822171662866,0.11326514,atl_8bccda153adf0fb1
B,2022,33,324,brusque,5,atl_896da3eec86671a6,183707,Titular,2447.0,3.0,0.0011595833747096685,0.09508584,atl_896da3eec86671a6
B,2022,33,325,novorizontino,5,atl_baedf75634968494,374851,Titular,1550.0,5.0,0.0026425815635460455,0.21669169,atl_baedf75634968494
B,2022,33,325,novorizontino,14,atl_3cff56bbe317e0c7,509608,Titular,684.0,2.0,0.002041631930126177,0.16741382,atl_3cff56bbe317e0c7
B,2022,33,325,novorizontino,9,atl_6611ad4d57c99a74,298282,Titular,1375.0,3.0,0.001822555842810343,0.14944958,atl_6611ad4d57c99a74
B,2022,33,325,novorizontino,4,atl_43aca2e9da0a643b,291797,Titular,1754.0,3.0,0.0015161012445738212,0.1243203,atl_43aca2e9da0a643b
B,2022,33,325,novorizontino,11,atl_068d0118cac233fd,308427,Titular,1814.0,3.0,0.001476790062778476,0.12109679,atl_068d0118cac233fd
B,2022,33,326,vasco_da_gama_s_a_f,23,atl_243733f337379a15,372403,Titular,446.0,2.0,0.0025552771725892106,0.20953273,atl_243733f337379a15
B,2022,33,326,operario,1,atl_4b1200978b40d036,317624,Titular,90.0,1.0,0.0024021901784227005,0.19697959,atl_4b1200978b40d036
B,2022,33,326,operario,11,atl_72dcb517bd43826b,376246,Titular,1171.0,2.0,0.0014466141264329103,0.11862236,atl_72dcb517bd43826b
B,2022,33,326,vasco_da_gama_s_a_f,21,atl_f2212adf7d1c15c5,716623,Titular,563.0,1.0,0.0013332946427745938,0.10933016,atl_f2212adf7d1c15c5
B,2022,33,326,vasco_da_gama_s_a_f,8,atl_df2c723328a7e127,611858,Titular,2231.0,3.0,0.0012512970359829343,0.10260636,atl_df2c723328a7e127
B,2022,33,327,csa,16,atl_0cf6a9f3d9753004,352216,Titular,133.0,1.0,0.0022390082231743967,0.18359867,atl_0cf6a9f3d9753004
B,2022,33,327,csa,29,atl_dadb4d91e57b3746,382612,Titular,1373.0,3.0,0.0018245019782538137,0.14960916,atl_dadb4d91e57b3746
B,2022,33,327,gremio,3,atl_3b1eaa09dd2189d2,165322,Titular,2610.0,4.0,0.0014203511914049497,0.1164688,atl_3b1eaa09dd2189d2
B,2022,33,327,gremio,15,atl_76c1afcba16aea3f,164040,Titular,603.0,1.0,0.0012849430691472287,0.10536533,atl_76c1afcba16aea3f
B,2022,33,327,gremio,33,atl_a60a6b51bf66345e,161745,Titular,686.0,1.0,0.001195018722824109,0.09799154,atl_a60a6b51bf66345e
B,2022,33,328,ponte_preta,19,atl_67a835638bc6356c,600810,Titular,1679.0,4.0,0.002027210741289304,0.16623128,atl_67a835638bc6356c
B,2022,33,328,ponte_preta,5,atl_1b93d2582891b2fb,465048,Titular,2305.0,5.0,0.0019312984689017444,0.15836647,atl_1b93d2582891b2fb
B,2022,33,328,ponte_preta,4,atl_e23ce9f74e0b8ef7,378323,Titular,855.0,2.0,0.001783979487283685,0.14628632,atl_e23ce9f74e0b8ef7
B,2022,33,328,sampaio_correa,3,atl_3b053e99055131ce,178927,Titular,437.0,1.0,0.0015125850643216577,0.12403198,atl_3b053e99055131ce
B,2022,33,328,sampaio_correa,10,atl_c2d1993350b61679,368089,Titular,1916.0,3.0,0.0014144421379426297,0.11598426,atl_c2d1993350b61679
B,2022,33,329,cruzeiro_saf,5,atl_61bfa35fef5fdda6,409873,Titular,2121.0,4.0,0.0016853461294427292,0.13819838,atl_61bfa35fef5fdda6
B,2022,33,329,ituano,8,atl_eabe50b478a200d7,502736,Titular,1702.0,3.0,0.0015519038171068998,0.12725611,atl_eabe50b478a200d7
B,2022,33,329,cruzeiro_saf,42,atl_65d9471e34a1bfce,460818,Titular,1085.0,2.0,0.001525105492283529,0.12505865,atl_65d9471e34a1bfce
B,2022,33,329,cruzeiro_saf,26,atl_d457b6562ff8f3f8,349619,Titular,2614.0,3.0,0.0010973963408058424,0.0899865,atl_d457b6562ff8f3f8
B,2022,33,329,ituano,11,atl_582aa60ad579ed00,539977,Titular,839.0,1.0,0.0010584706536739307,0.08679459,atl_582aa60ad579ed00
B,2022,33,330,criciuma,2,atl_380df224c145e892,188472,Titular,1330.0,3.0,0.0018673727897646959,0.15312457,atl_380df224c145e892
B,2022,33,330,vila_nova,2,atl_0d474145872a55bc,345933,Titular,2008.0,3.0,0.0013625567006656273,0.11172965,atl_0d474145872a55bc
B,2022,33,330,vila_nova,11,atl_87ec6a412dc67c6f,441092,Titular,590.0,1.0,0.001300268078228801,0.10662198,atl_87ec6a412dc67c6f
B,2022,33,330,criciuma,8,atl_47392d25c7da296f,379541,Titular,2254.0,3.0,0.0012408468428719657,0.10174944,atl_47392d25c7da296f
B,2022,33,330,criciuma,3,atl_6f74aae982d89632,177531,Titular,2520.0,3.0,0.0011315537103541036,0.0927874,atl_6f74aae982d89632
B,2022,34,331,ponte_preta,19,atl_67a835638bc6356c,600810,Titular,1740.0,4.0,0.0019735535587260705,0.16183139,atl_67a835638bc6356c
B,2022,34,331,ponte_preta,5,atl_1b93d2582891b2fb,465048,Titular,2395.0,5.0,0.00187245594872069,0.15354139,atl_1b93d2582891b2fb
B,2022,34,331,ponte_preta,4,atl_e23ce9f74e0b8ef7,378323,Titular,945.0,2.0,0.0016752664162950847,0.13737185,atl_e23ce9f74e0b8ef7
B,2022,34,331,vila_nova,2,atl_0d474145872a55bc,345933,Titular,2086.0,3.0,0.001322799679638978,0.10846957,atl_0d474145872a55bc
B,2022,34,331,ponte_preta,100,atl_14981924eccf525a,292592,Titular,2197.0,3.0,0.0012683574236360391,0.10400531,atl_14981924eccf525a
B,2022,34,332,sampaio_correa,15,atl_e0d3ad42c0d03528,184656,Titular,679.0,2.0,0.002053231528029175,0.16836499,atl_e0d3ad42c0d03528
B,2022,34,332,csa,5,atl_518c2b6993e189a8,175223,Titular,2115.0,4.0,0.0016905391860598078,0.13862421,atl_518c2b6993e189a8
B,2022,34,332,sampaio_correa,10,atl_c2d1993350b61679,368089,Titular,1988.0,3.0,0.0013749035255411566,0.11274209,atl_c2d1993350b61679
B,2022,34,332,csa,17,atl_88c4b0a886aa15e7,162905,Titular,694.0,1.0,0.0011899162240757097,0.09757313,atl_88c4b0a886aa15e7
B,2022,34,332,csa,20,atl_a7e338192c18e204,533963,Titular,1613.0,2.0,0.0011456507200882145,0.09394336,atl_a7e338192c18e204
B,2022,34,333,sport,88,atl_79acc5f240077c2e,502079,Titular,348.0,1.0,0.0016754244947481101,0.13738481,atl_79acc5f240077c2e
B,2022,34,333,sport,30,atl_a5b15dce3c856389,779885,Titular,380.0,1.0,0.0016144999676663608,0.132389,atl_a5b15dce3c856389
B,2022,34,333,cruzeiro_saf,42,atl_65d9471e34a1bfce,460818,Titular,1130.0,2.0,0.0014851288168996302,0.12178056,atl_65d9471e34a1bfce
B,2022,34,333,cruzeiro_saf,9,atl_78d71ed9a27a06d3,404399,Titular,1131.0,2.0,0.0014842182535538917,0.1217059,atl_78d71ed9a27a06d3
B,2022,34,333,cruzeiro_saf,17,atl_b754aabf9b65c0f0,318679,Titular,532.0,1.0,0.001376705398785269,0.11288984,atl_b754aabf9b65c0f0
B,2022,34,334,nautico,3,atl_3df507b5332f5e2c,450056,Titular,286.0,1.0,0.0018075826610005057,0.14822178,atl_3df507b5332f5e2c
B,2022,34,334,criciuma,2,atl_380df224c145e892,188472,Titular,1420.0,3.0,0.0017816458185137486,0.14609496,atl_380df224c145e892
B,2022,34,334,criciuma,6,atl_127c6107d2f86526,363926,Titular,2036.0,4.0,0.0017432018815246046,0.14294255,atl_127c6107d2f86526
B,2022,34,334,nautico,18,atl_faa684b73648dc2d,672682,Titular,1618.0,3.0,0.001615089693836826,0.13243735,atl_faa684b73648dc2d
B,2022,34,334,criciuma,11,atl_37e5a66bc391b1e2,311146,Titular,1072.0,2.0,0.0015399236460218813,0.12627374,atl_37e5a66bc391b1e2
B,2022,34,335,guarani,10,atl_1f85b5f88c773ffc,292205,Titular,1843.0,4.0,0.0018867946954956882,0.15471717,atl_1f85b5f88c773ffc
B,2022,34,335,guarani,98,atl_335511c91eb2bad8,424347,Titular,1076.0,2.0,0.0015360152103720795,0.12595325,atl_335511c91eb2bad8
B,2022,34,335,guarani,8,atl_8808ef5622ebf69a,465413,Titular,621.0,1.0,0.001267404078096697,0.10392713,atl_8808ef5622ebf69a
B,2022,34,335,guarani,34,atl_7d7e742dcb201d1e,310802,Titular,1553.0,2.0,0.0011791329622729651,0.0966889,atl_7d7e742dcb201d1e
B,2022,34,335,guarani,21,atl_5c248f1512402a9c,354923,Titular,905.0,1.0,0.0010112170615988593,0.0829198,atl_5c248f1512402a9c
B,2022,34,336,gremio,3,atl_3b1eaa09dd2189d2,165322,Titular,2700.0,4.0,0.0013814874911082492,0.11328197,atl_3b1eaa09dd2189d2
B,2022,34,336,londrina,5,atl_cdc4b3007f5d4f4b,174223,Titular,2700.0,4.0,0.0013814874911082492,0.11328197,atl_cdc4b3007f5d4f4b
B,2022,34,336,gremio,15,atl_76c1afcba16aea3f,164040,Titular,669.0,1.0,0.0012153635342569695,0.09965981,atl_76c1afcba16aea3f
B,2022,34,336,gremio,33,atl_a60a6b51bf66345e,161745,Titular,771.0,1.0,0.0011178284591238374,0.09166193,atl_a60a6b51bf66345e
B,2022,34,336,londrina,4,atl_636c88e9ed84d6a7,188643,Titular,2568.0,3.0,0.0011149804340112117,0.0914284,atl_636c88e9ed84d6a7
B,2022,34,337,novorizontino,5,atl_baedf75634968494,374851,Titular,1629.0,5.0,0.0025461531101674015,0.20878456,atl_baedf75634968494
B,2022,34,337,novorizontino,14,atl_3cff56bbe317e0c7,509608,Titular,763.0,2.0,0.0019166745617944555,0.15716731,atl_3cff56bbe317e0c7
B,2022,34,337,novorizontino,11,atl_068d0118cac233fd,308427,Titular,1859.0,4.0,0.0018739974444876631,0.15366779,atl_068d0118cac233fd
B,2022,34,337,novorizontino,4,atl_43aca2e9da0a643b,291797,Titular,1844.0,3.0,0.0014593685885436849,0.11966822,atl_43aca2e9da0a643b
B,2022,34,337,vasco_da_gama_s_a_f,25,atl_cf3818fea11a3adb,611036,Titular,556.0,1.0,0.0013454166397219673,0.11032416,atl_cf3818fea11a3adb
B,2022,34,338,brusque,21,atl_4fe8fb5bed1351fe,165065,Titular,1334.0,4.0,0.0024104470946272613,0.19765666,atl_4fe8fb5bed1351fe
B,2022,34,338,bahia,13,atl_7b45f9ef364c9b4f,609797,Titular,988.0,2.0,0.0016268548195876326,0.1334021,atl_7b45f9ef364c9b4f
B,2022,34,338,bahia,4,atl_1411c823835888d9,530656,Titular,2655.0,4.0,0.0014011917500939453,0.11489772,atl_1411c823835888d9
B,2022,34,338,brusque,88,atl_0ef3bff01f036341,291540,Titular,735.0,1.0,0.0011504129324262328,0.09433386,atl_0ef3bff01f036341
B,2022,34,338,brusque,5,atl_896da3eec86671a6,183707,Titular,2537.0,3.0,0.001126361531625419,0.09236165,atl_896da3eec86671a6
B,2022,34,339,tombense,5,atl_1466976c1b29f47a,454527,Titular,563.0,2.0,0.002277290659968389,0.18673783,atl_1466976c1b29f47a
B,2022,34,339,crb,5,atl_6d8cb3b581ba9adc,315979,Titular,1561.0,4.0,0.0021449587440787953,0.17588662,atl_6d8cb3b581ba9adc
B,2022,34,339,tombense,7,atl_89c51f04abfae26b,412193,Titular,1610.0,4.0,0.00209514690594616,0.17180205,atl_89c51f04abfae26b
B,2022,34,339,tombense,8,atl_2de557902e699e6d,448024,Titular,2129.0,4.0,0.001681536695148877,0.13788601,atl_2de557902e699e6d
B,2022,34,339,tombense,11,atl_937312a7dca8a77d,415027,Titular,2194.0,3.0,0.0012697698483839634,0.10412113,atl_937312a7dca8a77d
B,2022,34,340,chapecoense,71,atl_fc1a09fb0c935177,369403,Titular,763.0,3.0,0.0027084401991657936,0.2220921,atl_fc1a09fb0c935177
B,2022,34,340,operario,9,atl_a60349b425bb19fc,441065,Titular,919.0,2.0,0.0017059619249798431,0.13988888,atl_a60349b425bb19fc
B,2022,34,340,chapecoense,33,atl_119279633b1bdb64,177152,Titular,2250.0,4.0,0.0016075490805623263,0.13181902,atl_119279633b1bdb64
B,2022,34,340,operario,11,atl_72dcb517bd43826b,376246,Titular,1234.0,2.0,0.0013960553469125707,0.11447654,atl_72dcb517bd43826b
B,2022,34,340,chapecoense,8,atl_289e2d510c0bd893,318694,Titular,1643.0,2.0,0.0011296126792097049,0.09262824,atl_289e2d510c0bd893
B,2022,35,341,crb,17,atl_f90a8f255908592a,339273,Titular,787.0,3.0,0.0026598830182260873,0.21811041,atl_f90a8f255908592a
B,2022,35,341,crb,5,atl_6d8cb3b581ba9adc,315979,Titular,1642.0,4.0,0.0020650184147791664,0.16933151,atl_6d8cb3b581ba9adc
B,2022,35,341,crb,6,atl_8b2fdbd01179d332,419442,Titular,1839.0,4.0,0.0018910942473095232,0.15506973,atl_8b2fdbd01179d332
B,2022,35,341,guarani,10,atl_1f85b5f88c773ffc,292205,Titular,1902.0,4.0,0.0018414943565599395,0.15100254,atl_1f85b5f88c773ffc
B,2022,35,341,guarani,18,atl_7150d8609f5c90a2,672172,Titular,362.0,1.0,0.001651124645541734,0.13539222,atl_7150d8609f5c90a2
B,2022,35,342,csa,5,atl_518c2b6993e189a8,175223,Titular,2205.0,4.0,0.001635219757655074,0.13408802,atl_518c2b6993e189a8
B,2022,35,342,csa,4,atl_68b4765c1e4519aa,368444,Titular,507.0,1.0,0.0014133758137606501,0.11589682,atl_68b4765c1e4519aa
B,2022,35,342,londrina,5,atl_cdc4b3007f5d4f4b,174223,Titular,2790.0,4.0,0.0013444587977072871,0.11024562,atl_cdc4b3007f5d4f4b
B,2022,35,342,csa,17,atl_88c4b0a886aa15e7,162905,Titular,784.0,1.0,0.0011084652994213199,0.09089415,atl_88c4b0a886aa15e7
B,2022,35,342,londrina,4,atl_636c88e9ed84d6a7,188643,Titular,2658.0,3.0,0.001083999190771683,0.08888793,atl_636c88e9ed84d6a7
B,2022,35,343,sport,30,atl_a5b15dce3c856389,779885,Titular,460.0,1.0,0.0014825723379760154,0.12157093,atl_a5b15dce3c856389
B,2022,35,343,sport,91,atl_d19dd8329860275e,436949,Titular,569.0,1.0,0.0013314026608577873,0.10917502,atl_d19dd8329860275e
B,2022,35,343,sport,7,atl_8bccda153adf0fb1,175065,Titular,2154.0,3.0,0.0012898528426740674,0.10576793,atl_8bccda153adf0fb1
B,2022,35,343,vasco_da_gama_s_a_f,25,atl_cf3818fea11a3adb,611036,Titular,646.0,1.0,0.0012419454140113217,0.10183952,atl_cf3818fea11a3adb
B,2022,35,343,vasco_da_gama_s_a_f,8,atl_df2c723328a7e127,611858,Titular,2411.0,3.0,0.0011759771365362332,0.09643013,atl_df2c723328a7e127
B,2022,35,344,ituano,5,atl_eabe50b478a200d7,502736,Titular,1788.0,4.0,0.0019332471348151112,0.15852627,atl_eabe50b478a200d7
B,2022,35,344,criciuma,2,atl_380df224c145e892,188472,Titular,1495.0,3.0,0.0017159245335623932,0.14070581,atl_380df224c145e892
B,2022,35,344,ituano,10,atl_b36618bb7e0071c5,355362,Titular,1599.0,3.0,0.001630904928278692,0.1337342,atl_b36618bb7e0071c5
B,2022,35,344,criciuma,11,atl_37e5a66bc391b1e2,311146,Titular,1162.0,2.0,0.0014580441904073252,0.11955962,atl_37e5a66bc391b1e2
B,2022,35,344,criciuma,8,atl_47392d25c7da296f,379541,Titular,2409.0,3.0,0.001176785646083525,0.09649642,atl_47392d25c7da296f
B,2022,35,345,novorizontino,5,atl_baedf75634968494,374851,Titular,1719.0,5.0,0.0024440150718598353,0.20040924,atl_baedf75634968494
B,2022,35,345,novorizontino,2,atl_518fecebbfee082a,455446,Titular,782.0,2.0,0.0018902257757074685,0.15499851,atl_518fecebbfee082a
B,2022,35,345,novorizontino,10,atl_c2fa1cf7e716d8d8,633725,Titular,1316.0,3.0,0.0018850602667714617,0.15457494,atl_c2fa1cf7e716d8d8
B,2022,35,345,novorizontino,4,atl_43aca2e9da0a643b,291797,Titular,1927.0,4.0,0.0018225255230560258,0.14944709,atl_43aca2e9da0a643b
B,2022,35,345,novorizontino,11,atl_068d0118cac233fd,308427,Titular,1935.0,4.0,0.0018165377595305851,0.1489561,atl_068d0118cac233fd
B,2022,35,346,brusque,21,atl_4fe8fb5bed1351fe,165065,Titular,1424.0,4.0,0.0022989965927531055,0.18851772,atl_4fe8fb5bed1351fe
B,2022,35,346,brusque,26,atl_2e132ed0f429f570,565195,Titular,1527.0,3.0,0.001688835443738024,0.13848451,atl_2e132ed0f429f570
B,2022,35,346,operario,9,atl_a60349b425bb19fc,441065,Titular,964.0,2.0,0.0016552386915689719,0.13572957,atl_a60349b425bb19fc
B,2022,35,346,operario,11,atl_72dcb517bd43826b,376246,Titular,1324.0,2.0,0.00132854684454878,0.10894084,atl_72dcb517bd43826b
B,2022,35,346,brusque,11,atl_00fc7528f150303c,451258,Titular,1749.0,2.0,0.0010774875253254667,0.08835398,atl_00fc7528f150303c
B,2022,35,347,gremio,33,atl_a60a6b51bf66345e,161745,Titular,833.0,2.0,0.0018179065599827266,0.14906834,atl_a60a6b51bf66345e
B,2022,35,347,bahia,13,atl_7b45f9ef364c9b4f,609797,Titular,1078.0,2.0,0.0015356587100487798,0.12592401,atl_7b45f9ef364c9b4f
B,2022,35,347,bahia,4,atl_1411c823835888d9,530656,Titular,2745.0,4.0,0.0013631030645476039,0.11177445,atl_1411c823835888d9
B,2022,35,347,gremio,3,atl_3b1eaa09dd2189d2,165322,Titular,2790.0,4.0,0.0013444587977072871,0.11024562,atl_3b1eaa09dd2189d2
B,2022,35,347,gremio,15,atl_76c1afcba16aea3f,164040,Titular,731.0,1.0,0.0011561896380641549,0.09480755,atl_76c1afcba16aea3f
B,2022,35,348,sampaio_correa,5,atl_92b62a0719c50c35,434877,Titular,885.0,2.0,0.0017496530284887904,0.14347155,atl_92b62a0719c50c35
B,2022,35,348,sampaio_correa,10,atl_c2d1993350b61679,368089,Titular,2068.0,3.0,0.001333048849087607,0.10931001,atl_c2d1993350b61679
B,2022,35,348,sampaio_correa,2,atl_44f36b62deba10f2,433799,Titular,2602.0,3.0,0.0011035684862852916,0.09049262,atl_44f36b62deba10f2
B,2022,35,348,chapecoense,8,atl_289e2d510c0bd893,318694,Titular,1733.0,2.0,0.0010852079912480855,0.08898706,atl_289e2d510c0bd893
B,2022,35,348,sampaio_correa,13,atl_79501c1a5283bedc,174017,Titular,902.0,1.0,0.0010151707877724498,0.083244,atl_79501c1a5283bedc
B,2022,35,349,ponte_preta,14,atl_ddd3b2a8bcfdac85,413248,Titular,145.0,1.0,0.0022066192937317437,0.18094278,atl_ddd3b2a8bcfdac85
B,2022,35,349,tombense,5,atl_1466976c1b29f47a,454527,Titular,644.0,2.0,0.0021182425213784745,0.17369589,atl_1466976c1b29f47a
B,2022,35,349,tombense,7,atl_89c51f04abfae26b,412193,Titular,1678.0,4.0,0.002030885878997693,0.16653264,atl_89c51f04abfae26b
B,2022,35,349,ponte_preta,19,atl_67a835638bc6356c,600810,Titular,1812.0,4.0,0.001913178825457169,0.15688066,atl_67a835638bc6356c
B,2022,35,349,ponte_preta,5,atl_1b93d2582891b2fb,465048,Titular,2485.0,5.0,0.0018168406849102092,0.14898094,atl_1b93d2582891b2fb
B,2022,35,350,cruzeiro_saf,44,atl_b077b34586ca3993,531705,Titular,65.0,1.0,0.002519060963640663,0.206563,atl_b077b34586ca3993
B,2022,35,350,cruzeiro_saf,5,atl_61bfa35fef5fdda6,409873,Titular,2211.0,4.0,0.0016316006803603744,0.13379126,atl_61bfa35fef5fdda6
B,2022,35,350,cruzeiro_saf,9,atl_78d71ed9a27a06d3,404399,Titular,1221.0,2.0,0.0014080589450650638,0.11546083,atl_78d71ed9a27a06d3
B,2022,35,350,vila_nova,2,atl_0d474145872a55bc,345933,Titular,2176.0,3.0,0.0012792486713217395,0.10489839,atl_0d474145872a55bc
B,2022,35,350,vila_nova,8,atl_09ff97acea7fc05d,305393,Titular,2297.0,3.0,0.0012239075596914462,0.10036042,atl_09ff97acea7fc05d
B,2022,36,351,ponte_preta,14,atl_ddd3b2a8bcfdac85,413248,Titular,214.0,1.0,0.00198952841550047,0.16314133,atl_ddd3b2a8bcfdac85
B,2022,36,351,ponte_preta,19,atl_67a835638bc6356c,600810,Titular,1894.0,4.0,0.0018465009560013933,0.15141308,atl_67a835638bc6356c
B,2022,36,351,ponte_preta,5,atl_1b93d2582891b2fb,465048,Titular,2575.0,5.0,0.0017627718011926294,0.14454729,atl_1b93d2582891b2fb
B,2022,36,351,ponte_preta,2,atl_d05a0dfeb5dc96a1,186564,Titular,1014.0,2.0,0.0015987604284460604,0.13109836,atl_d05a0dfeb5dc96a1
B,2022,36,351,csa,5,atl_518c2b6993e189a8,175223,Titular,2295.0,4.0,0.001581582571974002,0.12968977,atl_518c2b6993e189a8
B,2022,36,352,crb,17,atl_f90a8f255908592a,339273,Titular,877.0,3.0,0.002484040151537644,0.20369129,atl_f90a8f255908592a
B,2022,36,352,operario,3,atl_306e062a7ff3150c,425437,Titular,114.0,1.0,0.002313555844735074,0.18971158,atl_306e062a7ff3150c
B,2022,36,352,crb,6,atl_8b2fdbd01179d332,419442,Titular,1929.0,4.0,0.001819894313984082,0.14923133,atl_8b2fdbd01179d332
B,2022,36,352,operario,2,atl_2a4c509c1bd75415,312907,Titular,377.0,1.0,0.0016197528947176005,0.13281974,atl_2a4c509c1bd75415
B,2022,36,352,operario,9,atl_a60349b425bb19fc,441065,Titular,1009.0,2.0,0.0016040578453726544,0.13153274,atl_a60349b425bb19fc
B,2022,36,353,nautico,23,atl_109fb63706baaa3e,311336,Titular,753.0,2.0,0.001931782353285982,0.15840615,atl_109fb63706baaa3e
B,2022,36,353,nautico,5,atl_39a07a13aee6ad55,358911,Titular,780.0,2.0,0.001891033819271356,0.15506477,atl_39a07a13aee6ad55
B,2022,36,353,gremio,4,atl_f816f76e0820c90d,554626,Titular,450.0,1.0,0.0014952876722814058,0.12261359,atl_f816f76e0820c90d
B,2022,36,353,nautico,3,atl_3df507b5332f5e2c,450056,Titular,466.0,1.0,0.0014705210027612168,0.12058272,atl_3df507b5332f5e2c
B,2022,36,353,nautico,9,atl_75daf8e93ab352b8,621112,Titular,467.0,1.0,0.0014690002985184442,0.12045802,atl_75daf8e93ab352b8
B,2022,36,354,novorizontino,10,atl_c2fa1cf7e716d8d8,633725,Titular,1394.0,4.0,0.0023339616096448444,0.19138485,atl_c2fa1cf7e716d8d8
B,2022,36,354,brusque,21,atl_4fe8fb5bed1351fe,165065,Titular,1502.0,4.0,0.002208053590742925,0.18106039,atl_4fe8fb5bed1351fe
B,2022,36,354,novorizontino,4,atl_43aca2e9da0a643b,291797,Titular,2017.0,4.0,0.0017562667018940546,0.14401387,atl_43aca2e9da0a643b
B,2022,36,354,novorizontino,11,atl_068d0118cac233fd,308427,Titular,2020.0,4.0,0.0017541759082013236,0.14384242,atl_068d0118cac233fd
B,2022,36,354,brusque,7,atl_61c401e7acbc23ce,315074,Titular,1139.0,2.0,0.0014768293402485269,0.12110001,atl_61c401e7acbc23ce
B,2022,36,355,ituano,4,atl_44678ad24e45ecea,158972,Titular,300.0,2.0,0.0030256541108341696,0.24810364,atl_44678ad24e45ecea
B,2022,36,355,ituano,10,atl_cb8114e7ad021824,337472,Titular,182.0,1.0,0.0020828787223861225,0.17079606,atl_cb8114e7ad021824
B,2022,36,355,ituano,5,atl_eabe50b478a200d7,502736,Titular,1878.0,4.0,0.0018589248480518654,0.15243184,atl_eabe50b478a200d7
B,2022,36,355,sampaio_correa,10,atl_c2d1993350b61679,368089,Titular,2149.0,4.0,0.0016687517133512025,0.13683764,atl_c2d1993350b61679
B,2022,36,355,ituano,9,atl_b36618bb7e0071c5,355362,Titular,1659.0,3.0,0.001584309073027946,0.12991334,atl_b36618bb7e0071c5
B,2022,36,356,sport,91,atl_d19dd8329860275e,436949,Titular,659.0,2.0,0.0020884584026465364,0.17125359,atl_d19dd8329860275e
B,2022,36,356,sport,88,atl_79acc5f240077c2e,502079,Titular,413.0,1.0,0.0015558853106980674,0.1275826,atl_79acc5f240077c2e
B,2022,36,356,sport,30,atl_a5b15dce3c856389,779885,Titular,550.0,1.0,0.0013528793225403195,0.1109361,atl_a5b15dce3c856389
B,2022,36,356,londrina,5,atl_cdc4b3007f5d4f4b,174223,Titular,2880.0,4.0,0.0013078471268246556,0.10724346,atl_cdc4b3007f5d4f4b
B,2022,36,356,sport,7,atl_8bccda153adf0fb1,175065,Titular,2244.0,3.0,0.0012465463879983002,0.1022168,atl_8bccda153adf0fb1
B,2022,36,357,criciuma,2,atl_380df224c145e892,188472,Titular,1585.0,3.0,0.0016405387475622712,0.13452418,atl_380df224c145e892
B,2022,36,357,criciuma,11,atl_37e5a66bc391b1e2,311146,Titular,1252.0,2.0,0.0013815772195589814,0.11328933,atl_37e5a66bc391b1e2
B,2022,36,357,vasco_da_gama_s_a_f,25,atl_cf3818fea11a3adb,611036,Titular,736.0,1.0,0.0011492906866240578,0.09424184,atl_cf3818fea11a3adb
B,2022,36,357,vasco_da_gama_s_a_f,8,atl_df2c723328a7e127,611858,Titular,2501.0,3.0,0.0011397944980564264,0.09346315,atl_df2c723328a7e127
B,2022,36,357,vasco_da_gama_s_a_f,21,atl_f2212adf7d1c15c5,716623,Titular,820.0,1.0,0.0010761540065661634,0.08824463,atl_f2212adf7d1c15c5
B,2022,36,358,bahia,20,atl_2ccc28abd1e5f5c7,442105,Titular,199.0,1.0,0.0020322221583223684,0.16664222,atl_2ccc28abd1e5f5c7
B,2022,36,358,vila_nova,11,atl_87ec6a412dc67c6f,441092,Titular,722.0,2.0,0.0019807882885984744,0.16242464,atl_87ec6a412dc67c6f
B,2022,36,358,bahia,4,atl_1411c823835888d9,530656,Titular,2835.0,4.0,0.0013254942394804604,0.10869053,atl_1411c823835888d9
B,2022,36,358,vila_nova,2,atl_0d474145872a55bc,345933,Titular,2260.0,3.0,0.0012393200321258462,0.10162424,atl_0d474145872a55bc
B,2022,36,358,vila_nova,8,atl_09ff97acea7fc05d,305393,Titular,2387.0,3.0,0.001184801970442444,0.09715376,atl_09ff97acea7fc05d
B,2022,36,359,guarani,31,atl_9b25372db780c18d,315023,Titular,1771.0,5.0,0.002386844248642596,0.19572123,atl_9b25372db780c18d
B,2022,36,359,guarani,10,atl_1f85b5f88c773ffc,292205,Titular,1961.0,4.0,0.0017962305114454838,0.1472909,atl_1f85b5f88c773ffc
B,2022,36,359,guarani,18,atl_7150d8609f5c90a2,672172,Titular,452.0,1.0,0.0014921463116253524,0.122356,atl_7150d8609f5c90a2
B,2022,36,359,cruzeiro_saf,42,atl_65d9471e34a1bfce,460818,Titular,1220.0,2.0,0.0014072809817833347,0.11539704,atl_65d9471e34a1bfce
B,2022,36,359,cruzeiro_saf,14,atl_0f686e913bd13247,291997,Titular,2584.0,3.0,0.0011091190948986172,0.09094777,atl_0f686e913bd13247
B,2022,36,360,chapecoense,71,atl_fc1a09fb0c935177,369403,Titular,853.0,4.0,0.003267201248091157,0.2679105,atl_fc1a09fb0c935177
B,2022,36,360,tombense,15,atl_1466976c1b29f47a,454527,Titular,719.0,2.0,0.0019856630751987985,0.16282437,atl_1466976c1b29f47a
B,2022,36,360,tombense,18,atl_2de557902e699e6d,448024,Titular,2309.0,4.0,0.0015736999959655876,0.1290434,atl_2de557902e699e6d
B,2022,36,360,chapecoense,33,atl_119279633b1bdb64,177152,Titular,2340.0,4.0,0.0015565222847420195,0.12763483,atl_119279633b1bdb64
B,2022,36,360,tombense,9,atl_937312a7dca8a77d,415027,Titular,2347.0,3.0,0.0012014482924718425,0.09851876,atl_937312a7dca8a77d
B,2022,37,361,ponte_preta,19,atl_67a835638bc6356c,600810,Titular,1969.0,4.0,0.0017907975959892252,0.1468454,atl_67a835638bc6356c
B,2022,37,361,criciuma,6,atl_127c6107d2f86526,363926,Titular,2127.0,4.0,0.0016830906983240949,0.13801344,atl_127c6107d2f86526
B,2022,37,361,criciuma,11,atl_37e5a66bc391b1e2,311146,Titular,1342.0,2.0,0.0013145924345805628,0.10779658,atl_37e5a66bc391b1e2
B,2022,37,361,ponte_preta,9,atl_14981924eccf525a,292592,Titular,2279.0,3.0,0.0012311908112621075,0.10095765,atl_14981924eccf525a
B,2022,37,361,ponte_preta,22,atl_c1f542be8e7e4832,460331,Titular,1539.0,2.0,0.0011875817873945053,0.09738171,atl_c1f542be8e7e4832
B,2022,37,362,vila_nova,11,atl_87ec6a412dc67c6f,441092,Titular,767.0,2.0,0.0019111912111265956,0.15671768,atl_87ec6a412dc67c6f
B,2022,37,362,vila_nova,10,atl_f176e6a9647f2e32,463027,Titular,782.0,2.0,0.0018888293794831488,0.15488401,atl_f176e6a9647f2e32
B,2022,37,362,csa,5,atl_518c2b6993e189a8,175223,Titular,2380.0,4.0,0.0015352358557282628,0.12588934,atl_518c2b6993e189a8
B,2022,37,362,vila_nova,1,atl_3486a99ece7d1ca8,351526,Titular,540.0,1.0,0.0013668069850936507,0.11207817,atl_3486a99ece7d1ca8
B,2022,37,362,csa,20,atl_a7e338192c18e204,533963,Titular,1804.0,2.0,0.0010509892641047728,0.08618112,atl_a7e338192c18e204
B,2022,37,363,sport,91,atl_d19dd8329860275e,436949,Titular,718.0,2.0,0.001988078213873068,0.16302241,atl_d19dd8329860275e
B,2022,37,363,sport,30,atl_a5b15dce3c856389,779885,Titular,619.0,1.0,0.0012703121219815876,0.10416559,atl_a5b15dce3c856389
B,2022,37,363,operario,11,atl_72dcb517bd43826b,376246,Titular,1487.0,2.0,0.0012186609282825347,0.0999302,atl_72dcb517bd43826b
B,2022,37,363,sport,7,atl_8bccda153adf0fb1,175065,Titular,2334.0,3.0,0.001207296847035073,0.09899834,atl_8bccda153adf0fb1
B,2022,37,363,operario,7,atl_9bb86a37d546d20f,189041,Titular,809.0,1.0,0.0010859276275763151,0.08904607,atl_9bb86a37d546d20f
B,2022,37,364,crb,5,atl_6d8cb3b581ba9adc,315979,Titular,1732.0,4.0,0.001980949491262275,0.16243786,atl_6d8cb3b581ba9adc
B,2022,37,364,crb,10,atl_26b06572a565a900,527028,Titular,403.0,1.0,0.0015741741578044258,0.12908228,atl_26b06572a565a900
B,2022,37,364,brusque,11,atl_00fc7528f150303c,451258,Titular,1839.0,3.0,0.001462795752243436,0.11994925,atl_00fc7528f150303c
B,2022,37,364,brusque,7,atl_61c401e7acbc23ce,315074,Titular,1211.0,2.0,0.0014152421183503195,0.11604985,atl_61c401e7acbc23ce
B,2022,37,364,crb,15,atl_09226231ea7c9a51,307674,Titular,1584.0,2.0,0.0011619382267261979,0.09527893,atl_09226231ea7c9a51
B,2022,37,365,novorizontino,5,atl_baedf75634968494,374851,Titular,1809.0,5.0,0.002347977160891034,0.19253413,atl_baedf75634968494
B,2022,37,365,novorizontino,10,atl_c2fa1cf7e716d8d8,633725,Titular,1462.0,4.0,0.0022535572194176336,0.18479169,atl_c2fa1cf7e716d8d8
B,2022,37,365,cruzeiro_saf,44,atl_b077b34586ca3993,531705,Titular,142.0,1.0,0.002214142156538001,0.18155966,atl_b077b34586ca3993
B,2022,37,365,cruzeiro_saf,5,atl_61bfa35fef5fdda6,409873,Titular,2301.0,5.0,0.0019355513261325944,0.15871521,atl_61bfa35fef5fdda6
B,2022,37,365,novorizontino,14,atl_3cff56bbe317e0c7,509608,Titular,808.0,2.0,0.0018512838413588658,0.15180527,atl_3cff56bbe317e0c7
B,2022,37,366,ituano,4,atl_44678ad24e45ecea,158972,Titular,390.0,2.0,0.0027207632185364005,0.22310258,atl_44678ad24e45ecea
B,2022,37,366,ituano,10,atl_cb8114e7ad021824,337472,Titular,242.0,1.0,0.0019157402486487825,0.1570907,atl_cb8114e7ad021824
B,2022,37,366,ituano,5,atl_eabe50b478a200d7,502736,Titular,1958.0,4.0,0.001798811743082749,0.14750256,atl_eabe50b478a200d7
B,2022,37,366,ituano,9,atl_b36618bb7e0071c5,355362,Titular,1724.0,3.0,0.0015384349210869589,0.12615166,atl_b36618bb7e0071c5
B,2022,37,366,londrina,5,atl_cdc4b3007f5d4f4b,174223,Titular,2970.0,4.0,0.0012742015171462238,0.10448452,atl_cdc4b3007f5d4f4b
B,2022,37,367,sampaio_correa,15,atl_e0d3ad42c0d03528,184656,Titular,804.0,2.0,0.0018569626261483103,0.15227094,atl_e0d3ad42c0d03528
B,2022,37,367,sampaio_correa,10,atl_c2d1993350b61679,368089,Titular,2229.0,4.0,0.0016201829477821169,0.132855,atl_c2d1993350b61679
B,2022,37,367,vasco_da_gama_s_a_f,8,atl_df2c723328a7e127,611858,Titular,2591.0,3.0,0.0011069166174368802,0.09076716,atl_df2c723328a7e127
B,2022,37,367,vasco_da_gama_s_a_f,25,atl_cf3818fea11a3adb,611036,Titular,796.0,1.0,0.00109682042013688,0.08993927,atl_cf3818fea11a3adb
B,2022,37,367,sampaio_correa,2,atl_44f36b62deba10f2,433799,Titular,2772.0,3.0,0.001045684371790158,0.08574612,atl_44f36b62deba10f2
B,2022,37,368,guarani,31,atl_9b25372db780c18d,315023,Titular,1816.0,6.0,0.0027726594406292733,0.22735807,atl_9b25372db780c18d
B,2022,37,368,bahia,20,atl_2ccc28abd1e5f5c7,442105,Titular,253.0,1.0,0.00188775466732722,0.15479588,atl_2ccc28abd1e5f5c7
B,2022,37,368,guarani,10,atl_1f85b5f88c773ffc,292205,Titular,2051.0,4.0,0.0017332337375528801,0.14212517,atl_1f85b5f88c773ffc
B,2022,37,368,guarani,32,atl_79973ceb0b7cc5ee,429655,Titular,1641.0,3.0,0.001598075322044557,0.13104218,atl_79973ceb0b7cc5ee
B,2022,37,368,bahia,4,atl_1411c823835888d9,530656,Titular,2925.0,4.0,0.001290942850948145,0.10585731,atl_1411c823835888d9
B,2022,37,369,tombense,5,atl_1466976c1b29f47a,454527,Titular,804.0,2.0,0.0018569626261483103,0.15227094,atl_1466976c1b29f47a
B,2022,37,369,tombense,8,atl_2de557902e699e6d,448024,Titular,2399.0,4.0,0.001525173944290237,0.12506426,atl_2de557902e699e6d
B,2022,37,369,gremio,4,atl_f816f76e0820c90d,554626,Titular,524.0,1.0,0.0013881633442357389,0.11382939,atl_f816f76e0820c90d
B,2022,37,369,tombense,150,atl_937312a7dca8a77d,415027,Titular,2413.0,3.0,0.0011745551886362502,0.09631353,atl_937312a7dca8a77d
B,2022,37,369,gremio,5,atl_793a5da637017996,293712,Titular,724.0,1.0,0.001161339268380226,0.09522982,atl_793a5da637017996
B,2022,37,370,chapecoense,71,atl_fc1a09fb0c935177,369403,Titular,943.0,4.0,0.0030640881943848905,0.25125523,atl_fc1a09fb0c935177
B,2022,37,370,nautico,5,atl_39a07a13aee6ad55,358911,Titular,870.0,2.0,0.0017675031127718224,0.14493526,atl_39a07a13aee6ad55
B,2022,37,370,chapecoense,33,atl_119279633b1bdb64,177152,Titular,2430.0,4.0,0.0015090372916373369,0.12374106,atl_119279633b1bdb64
B,2022,37,370,nautico,3,atl_3df507b5332f5e2c,450056,Titular,556.0,1.0,0.0013460977883498074,0.11038002,atl_3df507b5332f5e2c
B,2022,37,370,chapecoense,7,atl_ca2338a246799190,546794,Titular,1520.0,2.0,0.001198752111137325,0.09829767,atl_ca2338a246799190
B,2022,38,371,guarani,31,atl_9b25372db780c18d,315023,Titular,1906.0,6.0,0.002669606464545442,0.21890773,atl_9b25372db780c18d
B,2022,38,371,guarani,18,atl_7150d8609f5c90a2,672172,Titular,516.0,1.0,0.0014006625528507229,0.11485433,atl_7150d8609f5c90a2
B,2022,38,371,chapecoense,7,atl_ca2338a246799190,546794,Titular,1594.0,2.0,0.0011571505031978675,0.09488634,atl_ca2338a246799190
B,2022,38,371,chapecoense,8,atl_289e2d510c0bd893,318694,Titular,1963.0,2.0,0.0009837893437662747,0.08067073,atl_289e2d510c0bd893
B,2022,38,371,chapecoense,10,atl_3b2cc18113a1b101,345876,Titular,992.0,1.0,0.0009538023818340043,0.0782118,atl_3b2cc18113a1b101
B,2022,38,372,crb,5,atl_6d8cb3b581ba9adc,315979,Titular,1802.0,4.0,0.001921404497696062,0.15755517,atl_6d8cb3b581ba9adc
B,2022,38,372,crb,6,atl_8b2fdbd01179d332,419442,Titular,2019.0,4.0,0.0017558845389822684,0.14398253,atl_8b2fdbd01179d332
B,2022,38,372,bahia,20,atl_2ccc28abd1e5f5c7,442105,Titular,315.0,1.0,0.001746102029075257,0.14318037,atl_2ccc28abd1e5f5c7
B,2022,38,372,bahia,13,atl_7b45f9ef364c9b4f,609797,Titular,1130.0,2.0,0.001486547947052966,0.12189693,atl_7b45f9ef364c9b4f
B,2022,38,372,crb,9,atl_350ce58577f70908,182466,Titular,2673.0,4.0,0.0013939719992739786,0.1143057,atl_350ce58577f70908
B,2022,38,373,nautico,6,atl_9f69130327ef61b9,543706,Titular,845.0,2.0,0.001801541378212888,0.14772639,atl_9f69130327ef61b9
B,2022,38,373,ponte_preta,19,atl_67a835638bc6356c,600810,Titular,2038.0,4.0,0.0017427396192656952,0.14290465,atl_67a835638bc6356c
B,2022,38,373,ponte_preta,5,atl_1b93d2582891b2fb,465048,Titular,2665.0,5.0,0.0017134512333953664,0.140503,atl_1b93d2582891b2fb
B,2022,38,373,nautico,5,atl_39a07a13aee6ad55,358911,Titular,956.0,2.0,0.0016641985945716582,0.13646428,atl_39a07a13aee6ad55
B,2022,38,373,ponte_preta,4,atl_e23ce9f74e0b8ef7,378323,Titular,1215.0,2.0,0.001412870643554714,0.11585539,atl_e23ce9f74e0b8ef7
B,2022,38,374,tombense,7,atl_89c51f04abfae26b,412193,Titular,1788.0,4.0,0.0019331613433987475,0.15851923,atl_89c51f04abfae26b
B,2022,38,374,tombense,18,atl_2de557902e699e6d,448024,Titular,2482.0,4.0,0.0014832572614675837,0.1216271,atl_2de557902e699e6d
B,2022,38,374,criciuma,11,atl_37e5a66bc391b1e2,311146,Titular,1432.0,2.0,0.0012541786509815396,0.10284265,atl_37e5a66bc391b1e2
B,2022,38,374,tombense,9,atl_937312a7dca8a77d,415027,Titular,2496.0,3.0,0.0011425477816075882,0.09368892,atl_937312a7dca8a77d
B,2022,38,374,tombense,3,atl_8fc5da13fd0cb103,382807,Titular,1775.0,2.0,0.0010650871005258612,0.08733714,atl_8fc5da13fd0cb103
B,2022,38,375,ituano,8,atl_eabe50b478a200d7,502736,Titular,2048.0,4.0,0.0017358999818274468,0.1423438,atl_eabe50b478a200d7
B,2022,38,375,ituano,11,atl_582aa60ad579ed00,539977,Titular,1110.0,2.0,0.0015050143811778474,0.12341118,atl_582aa60ad579ed00
B,2022,38,375,ituano,9,atl_b36618bb7e0071c5,355362,Titular,1795.0,3.0,0.0014915351432228036,0.12230588,atl_b36618bb7e0071c5
B,2022,38,375,vasco_da_gama_s_a_f,8,atl_df2c723328a7e127,611858,Titular,2681.0,3.0,0.00107609970251378,0.08824018,atl_df2c723328a7e127
B,2022,38,375,vasco_da_gama_s_a_f,15,atl_5dd1f3a46f6e8a3f,559670,Titular,2156.0,2.0,0.000912301639192897,0.07480873,atl_5dd1f3a46f6e8a3f
B,2022,38,376,novorizontino,5,atl_baedf75634968494,374851,Titular,1863.0,5.0,0.002294994986752575,0.18818959,atl_baedf75634968494
B,2022,38,376,novorizontino,10,atl_c2fa1cf7e716d8d8,633725,Titular,1516.0,4.0,0.002193984699254134,0.17990675,atl_c2fa1cf7e716d8d8
B,2022,38,376,novorizontino,9,atl_6611ad4d57c99a74,298282,Titular,1420.0,3.0,0.0017828506008835076,0.14619375,atl_6611ad4d57c99a74
B,2022,38,376,novorizontino,11,atl_068d0118cac233fd,308427,Titular,2182.0,4.0,0.0016491697068218994,0.13523192,atl_068d0118cac233fd
B,2022,38,376,novorizontino,4,atl_43aca2e9da0a643b,291797,Titular,2197.0,4.0,0.0016399974615114328,0.13447979,atl_43aca2e9da0a643b
B,2022,38,377,brusque,66,atl_d886c2dcae0e2c37,370091,Titular,1565.0,5.0,0.002626185546584181,0.21534721,atl_d886c2dcae0e2c37
B,2022,38,377,brusque,21,atl_4fe8fb5bed1351fe,165065,Titular,1562.0,4.0,0.0021450403267198517,0.17589331,atl_4fe8fb5bed1351fe
B,2022,38,377,brusque,26,atl_2e132ed0f429f570,565195,Titular,1627.0,3.0,0.0016093432786536599,0.13196615,atl_2e132ed0f429f570
B,2022,38,377,gremio,59,atl_37eaa6ae7370365d,590905,Titular,385.0,1.0,0.0016079922640636546,0.13185537,atl_37eaa6ae7370365d
B,2022,38,377,brusque,11,atl_00fc7528f150303c,451258,Titular,1926.0,3.0,0.0014109947047388023,0.11570157,atl_00fc7528f150303c
B,2022,38,378,sampaio_correa,15,atl_e0d3ad42c0d03528,184656,Titular,865.0,2.0,0.0017751451675431021,0.1455619,atl_e0d3ad42c0d03528
B,2022,38,378,sampaio_correa,8,atl_92b62a0719c50c35,434877,Titular,996.0,2.0,0.0016197013059467476,0.13281551,atl_92b62a0719c50c35
B,2022,38,378,sampaio_correa,13,atl_79501c1a5283bedc,174017,Titular,1172.0,2.0,0.0014492064316365637,0.11883493,atl_79501c1a5283bedc
B,2022,38,378,sampaio_correa,2,atl_44f36b62deba10f2,433799,Titular,2842.0,3.0,0.0010242588730389988,0.08398923,atl_44f36b62deba10f2
B,2022,38,378,sampaio_correa,11,atl_69bd4ef92b096673,183546,Titular,2179.0,2.0,0.0009044692622979971,0.07416648,atl_69bd4ef92b096673
B,2022,38,379,cruzeiro_saf,5,atl_61bfa35fef5fdda6,409873,Titular,2373.0,5.0,0.0018875994269740113,0.15478315,atl_61bfa35fef5fdda6
B,2022,38,379,csa,5,atl_518c2b6993e189a8,175223,Titular,2470.0,4.0,0.001489250220099776,0.12211852,atl_518c2b6993e189a8
B,2022,38,379,cruzeiro_saf,9,atl_78d71ed9a27a06d3,404399,Titular,1325.0,2.0,0.0013277113170938818,0.10887233,atl_78d71ed9a27a06d3
B,2022,38,379,cruzeiro_saf,42,atl_65d9471e34a1bfce,460818,Titular,1400.0,2.0,0.001275301659840176,0.10457474,atl_65d9471e34a1bfce
B,2022,38,379,cruzeiro_saf,14,atl_0f686e913bd13247,291997,Titular,2674.0,3.0,0.0010784729532754677,0.08843478,atl_0f686e913bd13247
B,2022,38,380,sport,91,atl_d19dd8329860275e,436949,Titular,783.0,2.0,0.0018885994962559115,0.15486516,atl_d19dd8329860275e
B,2022,38,380,sport,5,atl_60267bbddd07a81d,338491,Titular,1265.0,2.0,0.0013728459794313508,0.11257337,atl_60267bbddd07a81d
B,2022,38,380,vila_nova,1,atl_3486a99ece7d1ca8,351526,Titular,630.0,1.0,0.0012593567731825968,0.10326726,atl_3486a99ece7d1ca8
B,2022,38,380,vila_nova,2,atl_0d474145872a55bc,345933,Titular,2350.0,3.0,0.0012010782995425734,0.09848842,atl_0d474145872a55bc
B,2022,38,380,sport,30,atl_a5b15dce3c856389,779885,Titular,709.0,1.0,0.0011770662975155784,0.09651944,atl_a5b15dce3c856389
B,2023,1,1,avai,98,atl_dadb4d91e57b3746,382612,Titular,1463.0,3.0,0.001743881111530844,0.14299825,atl_dadb4d91e57b3746
B,2023,1,1,guarani,27,atl_26b06572a565a900,527028,Titular,469.0,1.0,0.001468770507672907,0.12043918,atl_26b06572a565a900
B,2023,1,1,avai,10,atl_8ffeda81e108efb4,172189,Titular,0.0,0.0,0.0008464772438700939,0.06941113,atl_8ffeda81e108efb4
B,2023,1,1,avai,5,atl_c0cd995de28c1763,184600,Titular,0.0,0.0,0.0008464772438700939,0.06941113,atl_c0cd995de28c1763
B,2023,1,1,guarani,12,atl_d2aed1e35124ccce,186142,Titular,0.0,0.0,0.0008464772438700939,0.06941113,atl_d2aed1e35124ccce
B,2023,1,2,novorizontino,9,atl_6611ad4d57c99a74,298282,Titular,1507.0,3.0,0.0017056495375859725,0.13986326,atl_6611ad4d57c99a74
B,2023,1,2,novorizontino,11,atl_b36618bb7e0071c5,355362,Titular,1862.0,3.0,0.0014492966223264383,0.11884232,atl_b36618bb7e0071c5
B,2023,1,2,novorizontino,5,atl_518c2b6993e189a8,175223,Titular,2560.0,4.0,0.0014455028176258323,0.11853123,atl_518c2b6993e189a8
B,2023,1,2,novorizontino,22,atl_fbaaeba59862b526,447189,Titular,1832.0,2.0,0.0010391246234712896,0.08520822,atl_fbaaeba59862b526
B,2023,1,2,vila_nova,10,atl_a7e338192c18e204,533963,Titular,1940.0,2.0,0.0009931305827602652,0.08143671,atl_a7e338192c18e204
B,2023,1,3,criciuma,10,atl_ce155b70c2cd7558,190389,Titular,1578.0,3.0,0.0016473718103633527,0.13508449,atl_ce155b70c2cd7558
B,2023,1,3,criciuma,6,atl_127c6107d2f86526,363926,Titular,2217.0,4.0,0.0016279862428910737,0.13349487,atl_127c6107d2f86526
B,2023,1,3,criciuma,2,atl_380df224c145e892,188472,Titular,1698.0,3.0,0.0015574334039740888,0.12770954,atl_380df224c145e892
B,2023,1,3,criciuma,8,atl_47392d25c7da296f,379541,Titular,2577.0,3.0,0.001112524739010415,0.09122703,atl_47392d25c7da296f
B,2023,1,3,criciuma,3,atl_6f74aae982d89632,177531,Titular,3060.0,3.0,0.0009615838825660244,0.07884988,atl_6f74aae982d89632
B,2023,1,4,ceara,14,atl_b78ed18878b8608b,299778,Titular,320.0,2.0,0.0029551690511403013,0.24232386,atl_b78ed18878b8608b
B,2023,1,4,ituano,9,atl_b2b40462ee3704a5,311813,Titular,1308.0,3.0,0.0018933841935481455,0.1552575,atl_b2b40462ee3704a5
B,2023,1,4,ceara,5,atl_eabe50b478a200d7,502736,Titular,2115.0,4.0,0.0016914870447170352,0.13870194,atl_eabe50b478a200d7
B,2023,1,4,ituano,11,atl_57c57f6188710a8f,545775,Titular,1302.0,2.0,0.001344749512727551,0.11026946,atl_57c57f6188710a8f
B,2023,1,4,ceara,31,atl_37e5a66bc391b1e2,311146,Titular,1522.0,2.0,0.0011984365093645139,0.09827179,atl_37e5a66bc391b1e2
B,2023,1,5,mirassol,5,atl_9b25372db780c18d,315023,Titular,1951.0,6.0,0.0026206603924663592,0.21489415,atl_9b25372db780c18d
B,2023,1,5,chapecoense,3,atl_119279633b1bdb64,177152,Titular,2481.0,5.0,0.0018192682394951515,0.14918,atl_119279633b1bdb64
B,2023,1,5,chapecoense,9,atl_ddd3b2a8bcfdac85,413248,Titular,293.0,1.0,0.0017947523605738298,0.14716969,atl_ddd3b2a8bcfdac85
B,2023,1,5,chapecoense,2,atl_518fecebbfee082a,455446,Titular,867.0,2.0,0.0017726690723738456,0.14535886,atl_518fecebbfee082a
B,2023,1,5,chapecoense,7,atl_72dcb517bd43826b,376246,Titular,1573.0,2.0,0.001168952543142811,0.09585411,atl_72dcb517bd43826b
B,2023,1,6,vitoria,10,atl_1f85b5f88c773ffc,292205,Titular,2128.0,4.0,0.0016831197191533665,0.13801582,atl_1f85b5f88c773ffc
B,2023,1,6,ponte_preta,8,atl_67a835638bc6356c,600810,Titular,2128.0,4.0,0.0016831197191533665,0.13801582,atl_67a835638bc6356c
B,2023,1,6,vitoria,8,atl_79973ceb0b7cc5ee,429655,Titular,1707.0,3.0,0.0015510822935818065,0.12718875,atl_79973ceb0b7cc5ee
B,2023,1,6,vitoria,13,atl_640fc0353b94e042,388312,Titular,585.0,1.0,0.0013117406653779236,0.10756273,atl_640fc0353b94e042
B,2023,1,6,ponte_preta,15,atl_0fb8d0aa0ad0a4b9,377697,Titular,2591.0,3.0,0.0011074858045729689,0.09081384,atl_0fb8d0aa0ad0a4b9
B,2023,1,7,sampaio_correa,5,atl_baedf75634968494,374851,Titular,1937.0,5.0,0.0022253748961571797,0.18248074,atl_baedf75634968494
B,2023,1,7,atletico,9,atl_d19dd8329860275e,436949,Titular,844.0,2.0,0.0018030049270350052,0.1478464,atl_d19dd8329860275e
B,2023,1,7,sampaio_correa,11,atl_d833492275361d9d,439695,Titular,349.0,1.0,0.001676370579428795,0.13746239,atl_d833492275361d9d
B,2023,1,7,sampaio_correa,13,atl_79501c1a5283bedc,174017,Titular,1262.0,2.0,0.0013752773109733524,0.11277274,atl_79501c1a5283bedc
B,2023,1,7,atletico,8,atl_15b89d83485e77a2,551375,Titular,608.0,1.0,0.0012845113916381292,0.10532993,atl_15b89d83485e77a2
B,2023,1,8,juventude,12,atl_70b6be1afdc56cc9,177092,Titular,0.0,0.0,0.0008464772438700939,0.06941113,atl_70b6be1afdc56cc9
B,2023,1,8,juventude,10,atl_55853c3fa0092d29,180137,Titular,0.0,0.0,0.0008464772438700939,0.06941113,atl_55853c3fa0092d29
B,2023,1,8,botafogo,8,atl_2ba22b4e4043aea4,190417,Titular,0.0,0.0,0.0008464772438700939,0.06941113,atl_2ba22b4e4043aea4
B,2023,1,8,juventude,16,atl_697ba9685a345304,302192,Titular,0.0,0.0,0.0008464772438700939,0.06941113,atl_697ba9685a345304
B,2023,1,8,botafogo,4,atl_8be75c5f0baf8af2,320478,Titular,0.0,0.0,0.0008464772438700939,0.06941113,atl_8be75c5f0baf8af2
B,2023,1,9,londrina,2,atl_e29d2a9d6c05ba2f,302436,Titular,629.0,2.0,0.0021463583896678892,0.17600139,atl_e29d2a9d6c05ba2f
B,2023,1,9,abc,1,atl_4b1200978b40d036,317624,Titular,180.0,1.0,0.0020929979734338926,0.17162583,atl_4b1200978b40d036
B,2023,1,9,londrina,7,atl_d1fa367b58911e26,360467,Titular,746.0,2.0,0.0019448143033186573,0.15947477,atl_d1fa367b58911e26
B,2023,1,9,londrina,5,atl_cdc4b3007f5d4f4b,174223,Titular,3060.0,4.0,0.0012424827589705189,0.10188359,atl_cdc4b3007f5d4f4b
B,2023,1,9,londrina,4,atl_57bb60157c4451f9,333824,Titular,771.0,1.0,0.0011197786167860323,0.09182185,atl_57bb60157c4451f9
B,2023,1,10,crb,9,atl_350ce58577f70908,182466,Titular,2763.0,4.0,0.0013555742022479458,0.11115708,atl_350ce58577f70908
B,2023,1,10,crb,23,atl_636c88e9ed84d6a7,188643,Titular,2838.0,3.0,0.0010255358364095407,0.08409394,atl_636c88e9ed84d6a7
B,2023,1,10,sport,46,atl_40fbc9435ae76d3a,554138,Titular,3172.0,3.0,0.0009322545266707645,0.07644487,atl_40fbc9435ae76d3a
B,2023,1,10,sport,33,atl_0c36ffdc5e22050b,188424,Titular,0.0,0.0,0.0008464772438700939,0.06941113,atl_0c36ffdc5e22050b
B,2023,1,10,crb,11,atl_ae3dd06a21dea7a9,306019,Titular,0.0,0.0,0.0008464772438700939,0.06941113,atl_ae3dd06a21dea7a9
B,2023,2,11,ponte_preta,8,atl_67a835638bc6356c,600810,Titular,2173.0,5.0,0.002028220097341687,0.16631405,atl_67a835638bc6356c
B,2023,2,11,criciuma,10,atl_ce155b70c2cd7558,190389,Titular,1668.0,3.0,0.0015781514392040267,0.12940842,atl_ce155b70c2cd7558
B,2023,2,11,criciuma,22,atl_127c6107d2f86526,363926,Titular,2307.0,4.0,0.0015751451087261596,0.1291619,atl_127c6107d2f86526
B,2023,2,11,criciuma,2,atl_380df224c145e892,188472,Titular,1788.0,3.0,0.0014953812588261932,0.12262126,atl_380df224c145e892
B,2023,2,11,criciuma,8,atl_47392d25c7da296f,379541,Titular,2622.0,3.0,0.001095910416461989,0.08986465,atl_47392d25c7da296f
B,2023,2,12,atletico,10,atl_55d946f4df29e947,518590,Titular,827.0,2.0,0.0018247417635224793,0.14962882,atl_55d946f4df29e947
B,2023,2,12,crb,6,atl_8b2fdbd01179d332,419442,Titular,2109.0,4.0,0.0016946846761956038,0.13896414,atl_8b2fdbd01179d332
B,2023,2,12,atletico,9,atl_d19dd8329860275e,436949,Titular,934.0,2.0,0.0016885859973461157,0.13846405,atl_d19dd8329860275e
B,2023,2,12,crb,4,atl_4fb70cea490aa9b3,378811,Titular,1061.0,2.0,0.001551205842533203,0.12719888,atl_4fb70cea490aa9b3
B,2023,2,12,crb,9,atl_350ce58577f70908,182466,Titular,2840.0,4.0,0.0013237821317947096,0.10855013,atl_350ce58577f70908
B,2023,2,13,mirassol,5,atl_9b25372db780c18d,315023,Titular,2012.0,6.0,0.002556302675236596,0.20961682,atl_9b25372db780c18d
B,2023,2,13,avai,98,atl_dadb4d91e57b3746,382612,Titular,1553.0,3.0,0.001666552518360609,0.13665731,atl_dadb4d91e57b3746
B,2023,2,13,avai,99,atl_5456abee9c3eab66,422561,Titular,1480.0,2.0,0.0012229456162597626,0.10028154,atl_5456abee9c3eab66
B,2023,2,13,mirassol,8,atl_4eea828dfad21d18,335362,Titular,2139.0,2.0,0.0009175567715779954,0.07523966,atl_4eea828dfad21d18
B,2023,2,13,avai,94,atl_9bdf70ce10daa991,360465,Titular,1131.0,1.0,0.0008715096996899632,0.0714638,atl_9bdf70ce10daa991
B,2023,2,14,sampaio_correa,5,atl_baedf75634968494,374851,Titular,1982.0,5.0,0.0021842998872660473,0.17911259,atl_baedf75634968494
B,2023,2,14,botafogo,2,atl_9f69130327ef61b9,543706,Titular,951.0,2.0,0.0016688024260470915,0.1368418,atl_9f69130327ef61b9
B,2023,2,14,sampaio_correa,11,atl_d833492275361d9d,439695,Titular,394.0,1.0,0.0015899690382486912,0.13037746,atl_d833492275361d9d
B,2023,2,14,sampaio_correa,13,atl_79501c1a5283bedc,174017,Titular,1352.0,2.0,0.0013074688553965064,0.10721245,atl_79501c1a5283bedc
B,2023,2,14,botafogo,10,atl_647559a411906702,303589,Titular,45.0,0.0,0.0007732703122831743,0.06340817,atl_647559a411906702
B,2023,2,15,novorizontino,9,atl_6611ad4d57c99a74,298282,Titular,1569.0,3.0,0.0016536647270151425,0.13560051,atl_6611ad4d57c99a74
B,2023,2,15,novorizontino,4,atl_43aca2e9da0a643b,291797,Titular,2344.0,4.0,0.0015546527145549683,0.12748152,atl_43aca2e9da0a643b
B,2023,2,15,novorizontino,5,atl_518c2b6993e189a8,175223,Titular,2635.0,4.0,0.0014103452377015407,0.11564831,atl_518c2b6993e189a8
B,2023,2,15,novorizontino,11,atl_b36618bb7e0071c5,355362,Titular,1952.0,3.0,0.0013953639152505424,0.11441984,atl_b36618bb7e0071c5
B,2023,2,15,novorizontino,8,atl_79acc5f240077c2e,502079,Titular,541.0,1.0,0.0013654489146919596,0.11196681,atl_79acc5f240077c2e
B,2023,2,16,sport,5,atl_60267bbddd07a81d,338491,Titular,1355.0,2.0,0.0013053543505090728,0.10703906,atl_60267bbddd07a81d
B,2023,2,16,vila_nova,10,atl_a7e338192c18e204,533963,Titular,2011.0,2.0,0.0009643298766206013,0.07907505,atl_a7e338192c18e204
B,2023,2,16,sport,46,atl_40fbc9435ae76d3a,554138,Titular,3262.0,3.0,0.0009094716427948777,0.07457667,atl_40fbc9435ae76d3a
B,2023,2,16,vila_nova,11,atl_c4da53b1cbdf6369,383244,Titular,1186.0,1.0,0.0008430796679681673,0.06913253,atl_c4da53b1cbdf6369
B,2023,2,16,sport,10,atl_fcb531da245c122a,330015,Titular,0.0,0.0,0.0008428646403886601,0.0691149,atl_fcb531da245c122a
B,2023,2,17,guarani,9,atl_df3378fb78f86873,374375,Titular,75.0,1.0,0.0024720562090336175,0.20270861,atl_df3378fb78f86873
B,2023,2,17,ceara,8,atl_09ff97acea7fc05d,305393,Titular,2432.0,4.0,0.001507991923667916,0.12365534,atl_09ff97acea7fc05d
B,2023,2,17,guarani,27,atl_26b06572a565a900,527028,Titular,559.0,1.0,0.0013422401512694334,0.11006369,atl_26b06572a565a900
B,2023,2,17,ceara,11,atl_ac70e64bf6d2d509,441070,Titular,0.0,0.0,0.0008428646403886601,0.0691149,atl_ac70e64bf6d2d509
B,2023,2,17,ceara,70,atl_53f8b141e78b38e7,541189,Titular,0.0,0.0,0.0008428646403886601,0.0691149,atl_53f8b141e78b38e7
B,2023,2,18,chapecoense,2,atl_518fecebbfee082a,455446,Titular,934.0,3.0,0.0023859360670811227,0.19564676,atl_518fecebbfee082a
B,2023,2,18,londrina,2,atl_e29d2a9d6c05ba2f,302436,Titular,696.0,2.0,0.0020246089633731857,0.16601793,atl_e29d2a9d6c05ba2f
B,2023,2,18,londrina,7,atl_d1fa367b58911e26,360467,Titular,836.0,2.0,0.0018124493414628218,0.14862085,atl_d1fa367b58911e26
B,2023,2,18,chapecoense,3,atl_119279633b1bdb64,177152,Titular,2571.0,5.0,0.0017653638294348193,0.14475983,atl_119279633b1bdb64
B,2023,2,18,chapecoense,9,atl_ddd3b2a8bcfdac85,413248,Titular,383.0,1.0,0.0016097761270603963,0.13200164,atl_ddd3b2a8bcfdac85
B,2023,2,19,ituano,11,atl_57c57f6188710a8f,545775,Titular,1392.0,2.0,0.0012798268077137051,0.1049458,atl_57c57f6188710a8f
B,2023,2,19,tombense,3,atl_6afde0c1e7bf09e2,339225,Titular,774.0,1.0,0.0011157239561964912,0.09148936,atl_6afde0c1e7bf09e2
B,2023,2,19,ituano,10,atl_8808ef5622ebf69a,465413,Titular,950.0,1.0,0.0009802981518581585,0.08038445,atl_8808ef5622ebf69a
B,2023,2,19,ituano,5,atl_289e2d510c0bd893,318694,Titular,2053.0,2.0,0.0009484654603189698,0.07777417,atl_289e2d510c0bd893
B,2023,2,19,tombense,4,atl_7d3f800dc2bbda03,184174,Titular,2211.0,2.0,0.0008931878717057653,0.07324141,atl_7d3f800dc2bbda03
B,2023,2,20,vitoria,2,atl_52c2933b02b80fdc,294382,Titular,90.0,1.0,0.002409207322363271,0.197555,atl_52c2933b02b80fdc
B,2023,2,20,abc,15,atl_8fd856580da7ec21,330690,Titular,90.0,1.0,0.002409207322363271,0.197555,atl_8fd856580da7ec21
B,2023,2,20,abc,1,atl_4b1200978b40d036,317624,Titular,270.0,1.0,0.0018460160002523765,0.15137331,atl_4b1200978b40d036
B,2023,2,20,vitoria,8,atl_79973ceb0b7cc5ee,429655,Titular,1797.0,3.0,0.0014895221245948323,0.12214081,atl_79973ceb0b7cc5ee
B,2023,2,20,vitoria,13,atl_640fc0353b94e042,388312,Titular,655.0,1.0,0.0012306773335015843,0.10091554,atl_640fc0353b94e042
B,2023,3,21,ituano,4,atl_44678ad24e45ecea,158972,Titular,435.0,2.0,0.0025906617583698385,0.21243426,atl_44678ad24e45ecea
B,2023,3,21,guarani,23,atl_a516feda88cfcf4f,442409,Titular,141.0,1.0,0.0022188279938780016,0.1819439,atl_a516feda88cfcf4f
B,2023,3,21,guarani,9,atl_df3378fb78f86873,374375,Titular,143.0,1.0,0.0022119265071163284,0.18137797,atl_df3378fb78f86873
B,2023,3,21,guarani,27,atl_26b06572a565a900,527028,Titular,627.0,2.0,0.002149306782675953,0.17624316,atl_26b06572a565a900
B,2023,3,21,ituano,9,atl_b2b40462ee3704a5,311813,Titular,1431.0,3.0,0.0017722779617171409,0.14532679,atl_b2b40462ee3704a5
B,2023,3,22,juventude,53,atl_50f25fc4daaef02b,425933,Titular,71.0,1.0,0.002490838430955865,0.20424875,atl_50f25fc4daaef02b
B,2023,3,22,juventude,44,atl_1643ff6385932f7d,539820,Titular,1780.0,2.0,0.0010623985719630698,0.08711668,atl_1643ff6385932f7d
B,2023,3,22,vila_nova,10,atl_a7e338192c18e204,533963,Titular,2087.0,2.0,0.0009363234418538071,0.07677852,atl_a7e338192c18e204
B,2023,3,22,juventude,3,atl_1ccf08389b4c55e6,406610,Titular,1028.0,1.0,0.0009308041518820675,0.07632594,atl_1ccf08389b4c55e6
B,2023,3,22,juventude,77,atl_94269f03c975963b,150986,Titular,2519.0,2.0,0.0008023414190380256,0.065792,atl_94269f03c975963b
B,2023,3,23,criciuma,22,atl_127c6107d2f86526,363926,Titular,2397.0,4.0,0.0015264993938818774,0.12517295,atl_127c6107d2f86526
B,2023,3,23,criciuma,2,atl_380df224c145e892,188472,Titular,1878.0,3.0,0.001439137402891421,0.11800927,atl_380df224c145e892
B,2023,3,23,criciuma,8,atl_47392d25c7da296f,379541,Titular,2712.0,3.0,0.0010654634944196138,0.08736801,atl_47392d25c7da296f
B,2023,3,23,criciuma,3,atl_6f74aae982d89632,177531,Titular,3240.0,3.0,0.0009150451187368446,0.0750337,atl_6f74aae982d89632
B,2023,3,23,avai,23,atl_4db7df2f4c23062f,313001,Titular,0.0,0.0,0.0008445374881515983,0.06925207,atl_4db7df2f4c23062f
B,2023,3,24,crb,6,atl_8b2fdbd01179d332,419442,Titular,2199.0,4.0,0.001638484158605335,0.1343557,atl_8b2fdbd01179d332
B,2023,3,24,crb,3,atl_7cd9d01ebec30030,167958,Titular,2374.0,4.0,0.0015387156381613777,0.12617468,atl_7cd9d01ebec30030
B,2023,3,24,crb,9,atl_350ce58577f70908,182466,Titular,2930.0,4.0,0.0012892911790308452,0.10572188,atl_350ce58577f70908
B,2023,3,24,botafogo,4,atl_40d924c2ac162921,547120,Titular,28.0,0.0,0.0007997514092344681,0.06557962,atl_40d924c2ac162921
B,2023,3,24,crb,11,atl_ae3dd06a21dea7a9,306019,Titular,66.0,0.0,0.0007460578517240268,0.06117674,atl_ae3dd06a21dea7a9
B,2023,3,25,novorizontino,16,atl_1ad94fb418c75d62,405127,Titular,293.0,1.0,0.001793529311570995,0.1470694,atl_1ad94fb418c75d62
B,2023,3,25,novorizontino,9,atl_6611ad4d57c99a74,298282,Titular,1643.0,3.0,0.0015969522837497895,0.13095009,atl_6611ad4d57c99a74
B,2023,3,25,novorizontino,4,atl_43aca2e9da0a643b,291797,Titular,2434.0,4.0,0.0015072490606938646,0.12359442,atl_43aca2e9da0a643b
B,2023,3,25,novorizontino,5,atl_518c2b6993e189a8,175223,Titular,2725.0,4.0,0.0013712461221940461,0.11244218,atl_518c2b6993e189a8
B,2023,3,25,novorizontino,11,atl_b36618bb7e0071c5,355362,Titular,2034.0,3.0,0.0013505401515689814,0.11074429,atl_b36618bb7e0071c5
B,2023,3,26,vitoria,2,atl_52c2933b02b80fdc,294382,Titular,180.0,1.0,0.0020915716824644105,0.17150888,atl_52c2933b02b80fdc
B,2023,3,26,londrina,2,atl_e29d2a9d6c05ba2f,302436,Titular,786.0,2.0,0.001883568230230015,0.15445259,atl_e29d2a9d6c05ba2f
B,2023,3,26,londrina,7,atl_d1fa367b58911e26,360467,Titular,916.0,2.0,0.0017106417684151123,0.14027263,atl_d1fa367b58911e26
B,2023,3,26,vitoria,4,atl_44711503fa74b702,408944,Titular,427.0,1.0,0.001534270489833656,0.12581018,atl_44711503fa74b702
B,2023,3,26,londrina,5,atl_cdc4b3007f5d4f4b,174223,Titular,3240.0,5.0,0.0014498044770256148,0.11888397,atl_cdc4b3007f5d4f4b
B,2023,3,27,mirassol,5,atl_9b25372db780c18d,315023,Titular,2085.0,6.0,0.0024844366514799997,0.20372381,atl_9b25372db780c18d
B,2023,3,27,sampaio_correa,8,atl_f999a2d02c77c1c3,310743,Titular,180.0,1.0,0.0020915716824644105,0.17150888,atl_f999a2d02c77c1c3
B,2023,3,27,sampaio_correa,3,atl_fc3101e6cc8c8d69,462684,Titular,180.0,1.0,0.0020915716824644105,0.17150888,atl_fc3101e6cc8c8d69
B,2023,3,27,sampaio_correa,13,atl_79501c1a5283bedc,174017,Titular,1442.0,2.0,0.0012473062533860963,0.10227911,atl_79501c1a5283bedc
B,2023,3,27,sampaio_correa,11,atl_69bd4ef92b096673,183546,Titular,2224.0,2.0,0.0008892322849030099,0.07291705,atl_69bd4ef92b096673
B,2023,3,28,chapecoense,9,atl_ddd3b2a8bcfdac85,413248,Titular,473.0,2.0,0.0024894848346102764,0.20413776,atl_ddd3b2a8bcfdac85
B,2023,3,28,chapecoense,2,atl_518fecebbfee082a,455446,Titular,1024.0,3.0,0.002245583165404068,0.18413782,atl_518fecebbfee082a
B,2023,3,28,chapecoense,6,atl_b2f855a3d2a8ad13,363313,Titular,180.0,1.0,0.0020915716824644105,0.17150888,atl_b2f855a3d2a8ad13
B,2023,3,28,chapecoense,32,atl_a653baa54d00c872,393448,Titular,180.0,1.0,0.0020915716824644105,0.17150888,atl_a653baa54d00c872
B,2023,3,28,ponte_preta,8,atl_67a835638bc6356c,600810,Titular,2246.0,5.0,0.0019746062432905312,0.16191771,atl_67a835638bc6356c
B,2023,3,29,tombense,3,atl_d880c426e26e6158,508857,Titular,90.0,1.0,0.0024106249899589816,0.19767125,atl_d880c426e26e6158
B,2023,3,29,atletico,9,atl_d19dd8329860275e,436949,Titular,1016.0,2.0,0.0015978026016331128,0.13101981,atl_d19dd8329860275e
B,2023,3,29,atletico,8,atl_15b89d83485e77a2,551375,Titular,788.0,1.0,0.0011042459193135086,0.09054817,atl_15b89d83485e77a2
B,2023,3,29,tombense,4,atl_7d3f800dc2bbda03,184174,Titular,2301.0,2.0,0.0008647871274815419,0.07091254,atl_7d3f800dc2bbda03
B,2023,3,29,atletico,4,atl_ebeb13bf700b7f90,431199,Titular,25.0,0.0,0.0008043214172872364,0.06595436,atl_ebeb13bf700b7f90
B,2023,3,30,abc,15,atl_8fd856580da7ec21,330690,Titular,180.0,1.0,0.0020915716824644105,0.17150888,atl_8fd856580da7ec21
B,2023,3,30,ceara,8,atl_09ff97acea7fc05d,305393,Titular,2477.0,5.0,0.001821386880777897,0.14935372,atl_09ff97acea7fc05d
B,2023,3,30,abc,1,atl_4b1200978b40d036,317624,Titular,360.0,1.0,0.0016538008652044174,0.13561167,atl_4b1200978b40d036
B,2023,3,30,ceara,77,atl_acc2c4dfb64ef338,523883,Titular,940.0,1.0,0.0009876866278304161,0.0809903,atl_acc2c4dfb64ef338
B,2023,3,30,abc,30,atl_1997ec30ffd93421,402630,Titular,0.0,0.0,0.0008445374881515983,0.06925207,atl_1997ec30ffd93421
B,2023,4,31,ponte_preta,8,atl_67a835638bc6356c,600810,Titular,2326.0,5.0,0.0019216312059651105,0.15757376,atl_67a835638bc6356c
B,2023,4,31,ponte_preta,4,atl_e23ce9f74e0b8ef7,378323,Titular,1295.0,3.0,0.0019111586562993886,0.15671501,atl_e23ce9f74e0b8ef7
B,2023,4,31,ponte_preta,27,atl_9c5bf44c4e086551,186135,Titular,2695.0,3.0,0.0010737182435234436,0.0880449,atl_9c5bf44c4e086551
B,2023,4,31,ponte_preta,15,atl_0fb8d0aa0ad0a4b9,377697,Titular,2861.0,3.0,0.001020687232388397,0.08369635,atl_0fb8d0aa0ad0a4b9
B,2023,4,31,botafogo,3,atl_789145572e5e51a0,427213,Titular,2013.0,2.0,0.0009671825658803829,0.07930897,atl_789145572e5e51a0
B,2023,4,32,chapecoense,9,atl_ddd3b2a8bcfdac85,413248,Titular,549.0,2.0,0.002316996938090946,0.18999375,atl_ddd3b2a8bcfdac85
B,2023,4,32,chapecoense,2,atl_518fecebbfee082a,455446,Titular,1114.0,3.0,0.0021254831400603484,0.17428962,atl_518fecebbfee082a
B,2023,4,32,chapecoense,3,atl_119279633b1bdb64,177152,Titular,2751.0,6.0,0.0019780159298853897,0.16219731,atl_119279633b1bdb64
B,2023,4,32,chapecoense,6,atl_b2f855a3d2a8ad13,363313,Titular,270.0,1.0,0.001857830893581042,0.15234213,atl_b2f855a3d2a8ad13
B,2023,4,32,chapecoense,32,atl_a653baa54d00c872,393448,Titular,270.0,1.0,0.001857830893581042,0.15234213,atl_a653baa54d00c872
B,2023,4,33,vila_nova,2,atl_135d75d2a05d4ef4,415195,Titular,135.0,1.0,0.002252802815838429,0.18472983,atl_135d75d2a05d4ef4
B,2023,4,33,avai,98,atl_dadb4d91e57b3746,382612,Titular,1643.0,3.0,0.0016008071806147468,0.13126619,atl_dadb4d91e57b3746
B,2023,4,33,vila_nova,10,atl_a7e338192c18e204,533963,Titular,2132.0,2.0,0.0009234535668911103,0.07572319,atl_a7e338192c18e204
B,2023,4,33,avai,39,atl_67b3092e84257e57,523897,Titular,29.0,0.0,0.0008138559320555809,0.06673619,atl_67b3092e84257e57
B,2023,4,33,vila_nova,9,atl_eac2eff87c55e77b,383352,Titular,1295.0,1.0,0.0007969525281656838,0.06535011,atl_eac2eff87c55e77b
B,2023,4,34,abc,1,atl_4b1200978b40d036,317624,Titular,450.0,2.0,0.002558452408481476,0.2097931,atl_4b1200978b40d036
B,2023,4,34,ituano,4,atl_44678ad24e45ecea,158972,Titular,525.0,2.0,0.002371248573714539,0.19444238,atl_44678ad24e45ecea
B,2023,4,34,ituano,8,atl_f90a8f255908592a,339273,Titular,1005.0,3.0,0.002279421786084653,0.18691259,atl_f90a8f255908592a
B,2023,4,34,abc,8,atl_61a6ac864cbffe09,325913,Titular,225.0,1.0,0.0019731445352515896,0.16179785,atl_61a6ac864cbffe09
B,2023,4,34,abc,11,atl_a6f45333b6501499,431346,Titular,239.0,1.0,0.0019357642598882305,0.15873267,atl_a6f45333b6501499
B,2023,4,35,mirassol,5,atl_9b25372db780c18d,315023,Titular,2149.0,6.0,0.002427531063819329,0.19905755,atl_9b25372db780c18d
B,2023,4,35,mirassol,7,atl_71ce1f6c06c71ff1,326622,Titular,187.0,1.0,0.0020822849898943264,0.17074737,atl_71ce1f6c06c71ff1
B,2023,4,35,mirassol,9,atl_34ecc5aadbaf76ea,583756,Titular,188.0,1.0,0.002079258412874131,0.17049919,atl_34ecc5aadbaf76ea
B,2023,4,35,novorizontino,9,atl_6611ad4d57c99a74,298282,Titular,1701.0,3.0,0.0015586232567275794,0.12780711,atl_6611ad4d57c99a74
B,2023,4,35,novorizontino,4,atl_43aca2e9da0a643b,291797,Titular,2516.0,4.0,0.0014690085504169106,0.1204587,atl_43aca2e9da0a643b
B,2023,4,36,sport,5,atl_60267bbddd07a81d,338491,Titular,1445.0,2.0,0.0012496297110834974,0.10246964,atl_60267bbddd07a81d
B,2023,4,36,tombense,4,atl_7d3f800dc2bbda03,184174,Titular,2391.0,3.0,0.0011866239322232454,0.09730316,atl_7d3f800dc2bbda03
B,2023,4,36,sport,7,atl_8bccda153adf0fb1,175065,Titular,2514.0,3.0,0.0011381983371126086,0.09333226,atl_8bccda153adf0fb1
B,2023,4,36,tombense,3,atl_6afde0c1e7bf09e2,339225,Titular,864.0,1.0,0.0010487755044409108,0.08599959,atl_6afde0c1e7bf09e2
B,2023,4,36,sport,46,atl_40fbc9435ae76d3a,554138,Titular,3352.0,3.0,0.00089058405712809,0.07302789,atl_40fbc9435ae76d3a
B,2023,4,37,vitoria,2,atl_52c2933b02b80fdc,294382,Titular,259.0,1.0,0.00188475597899526,0.15454999,atl_52c2933b02b80fdc
B,2023,4,37,ceara,6,atl_6f27226dd5d3f780,328312,Titular,270.0,1.0,0.001857830893581042,0.15234213,atl_6f27226dd5d3f780
B,2023,4,37,vitoria,10,atl_1f85b5f88c773ffc,292205,Titular,2194.0,4.0,0.0016445916065543438,0.13485651,atl_1f85b5f88c773ffc
B,2023,4,37,vitoria,4,atl_44711503fa74b702,408944,Titular,517.0,1.0,0.0014066172940584093,0.11534262,atl_44711503fa74b702
B,2023,4,37,vitoria,8,atl_79973ceb0b7cc5ee,429655,Titular,1975.0,3.0,0.0013860726416393544,0.11365796,atl_79973ceb0b7cc5ee
B,2023,4,38,guarani,23,atl_a516feda88cfcf4f,442409,Titular,206.0,2.0,0.003442676753622383,0.28229949,atl_a516feda88cfcf4f
B,2023,4,38,juventude,53,atl_50f25fc4daaef02b,425933,Titular,161.0,1.0,0.002164190299632984,0.1774636,atl_50f25fc4daaef02b
B,2023,4,38,guarani,27,atl_26b06572a565a900,527028,Titular,684.0,2.0,0.002052812320994428,0.16833061,atl_26b06572a565a900
B,2023,4,38,guarani,9,atl_df3378fb78f86873,374375,Titular,220.0,1.0,0.0019868469278575035,0.16292145,atl_df3378fb78f86873
B,2023,4,38,juventude,16,atl_697ba9685a345304,302192,Titular,260.0,1.0,0.0018822760369176347,0.15434664,atl_697ba9685a345304
B,2023,4,39,londrina,2,atl_e29d2a9d6c05ba2f,302436,Titular,876.0,3.0,0.002493117578530089,0.20443564,atl_e29d2a9d6c05ba2f
B,2023,4,39,londrina,8,atl_4a138cd1251dd009,300738,Titular,259.0,1.0,0.00188475597899526,0.15454999,atl_4a138cd1251dd009
B,2023,4,39,londrina,7,atl_d1fa367b58911e26,360467,Titular,948.0,2.0,0.0016785426713103607,0.1376405,atl_d1fa367b58911e26
B,2023,4,39,criciuma,22,atl_127c6107d2f86526,363926,Titular,2487.0,4.0,0.0014832707693529972,0.1216282,atl_127c6107d2f86526
B,2023,4,39,londrina,5,atl_cdc4b3007f5d4f4b,174223,Titular,3330.0,5.0,0.0014178928950541521,0.11626722,atl_cdc4b3007f5d4f4b
B,2023,4,40,sampaio_correa,8,atl_f999a2d02c77c1c3,310743,Titular,270.0,2.0,0.0031565321922823407,0.25883564,atl_f999a2d02c77c1c3
B,2023,4,40,crb,6,atl_8b2fdbd01179d332,419442,Titular,2289.0,4.0,0.001588572889228183,0.13026298,atl_8b2fdbd01179d332
B,2023,4,40,crb,4,atl_4fb70cea490aa9b3,378811,Titular,1151.0,2.0,0.0014721561405556646,0.1207168,atl_4fb70cea490aa9b3
B,2023,4,40,crb,9,atl_350ce58577f70908,182466,Titular,3020.0,4.0,0.0012586732352435801,0.10321121,atl_350ce58577f70908
B,2023,4,40,sampaio_correa,11,atl_69bd4ef92b096673,183546,Titular,2314.0,2.0,0.0008637277143061132,0.07082567,atl_69bd4ef92b096673
B,2023,5,41,ponte_preta,8,atl_67a835638bc6356c,600810,Titular,2416.0,5.0,0.0018610780337852922,0.1526084,atl_67a835638bc6356c
B,2023,5,41,ponte_preta,4,atl_e23ce9f74e0b8ef7,378323,Titular,1385.0,3.0,0.0018179859663225,0.14907485,atl_e23ce9f74e0b8ef7
B,2023,5,41,ceara,6,atl_6f27226dd5d3f780,328312,Titular,326.0,1.0,0.0017274861337989254,0.14165386,atl_6f27226dd5d3f780
B,2023,5,41,ponte_preta,15,atl_0fb8d0aa0ad0a4b9,377697,Titular,2951.0,3.0,0.000993017544629937,0.08142744,atl_0fb8d0aa0ad0a4b9
B,2023,5,41,ceara,77,atl_acc2c4dfb64ef338,523883,Titular,1069.0,1.0,0.0009094350200878982,0.07457367,atl_acc2c4dfb64ef338
B,2023,5,42,londrina,2,atl_e29d2a9d6c05ba2f,302436,Titular,966.0,3.0,0.0023375876852100358,0.19168219,atl_e29d2a9d6c05ba2f
B,2023,5,42,londrina,8,atl_4a138cd1251dd009,300738,Titular,334.0,1.0,0.0017109155234027724,0.14029507,atl_4a138cd1251dd009
B,2023,5,42,atletico,8,atl_15b89d83485e77a2,551375,Titular,961.0,2.0,0.0016611249462819388,0.13621225,atl_15b89d83485e77a2
B,2023,5,42,londrina,7,atl_d1fa367b58911e26,360467,Titular,1023.0,2.0,0.0015935020003400608,0.13066716,atl_d1fa367b58911e26
B,2023,5,42,atletico,9,atl_d19dd8329860275e,436949,Titular,1151.0,2.0,0.0014699597495565794,0.1205367,atl_d19dd8329860275e
B,2023,5,43,ituano,4,atl_44678ad24e45ecea,158972,Titular,615.0,2.0,0.002176595108984675,0.1784808,atl_44678ad24e45ecea
B,2023,5,43,ituano,5,atl_f90a8f255908592a,339273,Titular,1095.0,3.0,0.0021485288692902273,0.17617937,atl_f90a8f255908592a
B,2023,5,43,criciuma,33,atl_69ed1a3518adaa3b,298361,Titular,351.0,1.0,0.0016767374224652318,0.13749247,atl_69ed1a3518adaa3b
B,2023,5,43,ituano,9,atl_b2b40462ee3704a5,311813,Titular,1589.0,3.0,0.0016404516737759274,0.13451704,atl_b2b40462ee3704a5
B,2023,5,43,criciuma,22,atl_127c6107d2f86526,363926,Titular,2577.0,4.0,0.0014387076849261982,0.11797403,atl_127c6107d2f86526
B,2023,5,44,botafogo,6,atl_3578edd1a996da30,387314,Titular,332.0,1.0,0.00171502830110326,0.14063232,atl_3578edd1a996da30
B,2023,5,44,vitoria,2,atl_52c2933b02b80fdc,294382,Titular,347.0,1.0,0.001684655899076638,0.13814178,atl_52c2933b02b80fdc
B,2023,5,44,vitoria,10,atl_1f85b5f88c773ffc,292205,Titular,2249.0,4.0,0.001610368696441583,0.13205023,atl_1f85b5f88c773ffc
B,2023,5,44,botafogo,2,atl_9f69130327ef61b9,543706,Titular,1041.0,2.0,0.0015748887388175941,0.12914088,atl_9f69130327ef61b9
B,2023,5,44,vitoria,8,atl_79973ceb0b7cc5ee,429655,Titular,2065.0,3.0,0.001336024774470921,0.10955403,atl_79973ceb0b7cc5ee
B,2023,5,45,mirassol,5,atl_9b25372db780c18d,315023,Titular,2223.0,6.0,0.002360228992478117,0.19353878,atl_9b25372db780c18d
B,2023,5,45,vila_nova,2,atl_135d75d2a05d4ef4,415195,Titular,210.0,1.0,0.002009723304954806,0.16479731,atl_135d75d2a05d4ef4
B,2023,5,45,mirassol,7,atl_71ce1f6c06c71ff1,326622,Titular,277.0,1.0,0.001836426700795254,0.15058699,atl_71ce1f6c06c71ff1
B,2023,5,45,vila_nova,10,atl_a7e338192c18e204,533963,Titular,2207.0,2.0,0.0008965288313697497,0.07351536,atl_a7e338192c18e204
B,2023,5,45,mirassol,9,atl_09890e19902c6781,525399,Titular,26.0,0.0,0.000811603700604396,0.0665515,atl_09890e19902c6781
B,2023,5,46,guarani,9,atl_df3378fb78f86873,374375,Titular,284.0,2.0,0.0030955402379055008,0.2538343,atl_df3378fb78f86873
B,2023,5,46,guarani,23,atl_a516feda88cfcf4f,442409,Titular,296.0,2.0,0.0030488738021581816,0.25000765,atl_a516feda88cfcf4f
B,2023,5,46,guarani,5,atl_a69736a9baa555a2,344228,Titular,440.0,1.0,0.0015179824962956515,0.12447456,atl_a69736a9baa555a2
B,2023,5,46,sport,5,atl_60267bbddd07a81d,338491,Titular,1510.0,2.0,0.0012074146997601554,0.09900801,atl_60267bbddd07a81d
B,2023,5,46,sport,7,atl_8bccda153adf0fb1,175065,Titular,2604.0,3.0,0.0011040282044194306,0.09053031,atl_8bccda153adf0fb1
B,2023,5,47,sampaio_correa,8,atl_f999a2d02c77c1c3,310743,Titular,346.0,2.0,0.0028686803150329934,0.23523179,atl_f999a2d02c77c1c3
B,2023,5,47,juventude,53,atl_50f25fc4daaef02b,425933,Titular,251.0,1.0,0.0019000047223940244,0.15580039,atl_50f25fc4daaef02b
B,2023,5,47,juventude,16,atl_697ba9685a345304,302192,Titular,350.0,1.0,0.0016787100547269555,0.13765422,atl_697ba9685a345304
B,2023,5,47,juventude,44,atl_1643ff6385932f7d,539820,Titular,1942.0,3.0,0.0014033184056174907,0.11507211,atl_1643ff6385932f7d
B,2023,5,47,sampaio_correa,11,atl_69bd4ef92b096673,183546,Titular,2371.0,2.0,0.0008453164564674024,0.06931595,atl_69bd4ef92b096673
B,2023,5,48,chapecoense,2,atl_518fecebbfee082a,455446,Titular,1204.0,4.0,0.002597948090679526,0.21303174,atl_518fecebbfee082a
B,2023,5,48,chapecoense,70,atl_7f8052acd8db694b,380640,Titular,1161.0,3.0,0.00206315686123896,0.16917886,atl_7f8052acd8db694b
B,2023,5,48,chapecoense,3,atl_119279633b1bdb64,177152,Titular,2841.0,6.0,0.0019236466765991955,0.15773903,atl_119279633b1bdb64
B,2023,5,48,chapecoense,6,atl_b2f855a3d2a8ad13,363313,Titular,360.0,1.0,0.0016591901703696655,0.13605359,atl_b2f855a3d2a8ad13
B,2023,5,48,chapecoense,32,atl_a653baa54d00c872,393448,Titular,360.0,1.0,0.0016591901703696655,0.13605359,atl_a653baa54d00c872
B,2023,5,49,tombense,3,atl_d880c426e26e6158,508857,Titular,180.0,2.0,0.0035689758037028125,0.29265602,atl_d880c426e26e6158
B,2023,5,49,avai,23,atl_4db7df2f4c23062f,313001,Titular,90.0,1.0,0.0024184805873184952,0.19831541,atl_4db7df2f4c23062f
B,2023,5,49,avai,7,atl_f176e6a9647f2e32,463027,Titular,957.0,2.0,0.001665685344212706,0.1365862,atl_f176e6a9647f2e32
B,2023,5,49,tombense,4,atl_7d3f800dc2bbda03,184174,Titular,2481.0,3.0,0.0011495818673324094,0.09426571,atl_7d3f800dc2bbda03
B,2023,5,49,avai,39,atl_67b3092e84257e57,523897,Titular,74.0,0.0,0.0007437344015991504,0.06098622,atl_67b3092e84257e57
B,2023,5,50,abc,1,atl_4b1200978b40d036,317624,Titular,540.0,2.0,0.0023335611024210695,0.19135201,atl_4b1200978b40d036
B,2023,5,50,crb,4,atl_4fb70cea490aa9b3,378811,Titular,1241.0,3.0,0.0019683535591716902,0.16140499,atl_4fb70cea490aa9b3
B,2023,5,50,abc,11,atl_a6f45333b6501499,431346,Titular,284.0,1.0,0.0018200300338238678,0.14924246,atl_a6f45333b6501499
B,2023,5,50,crb,6,atl_8b2fdbd01179d332,419442,Titular,2379.0,4.0,0.0015376531943445335,0.12608756,atl_8b2fdbd01179d332
B,2023,5,50,crb,9,atl_350ce58577f70908,182466,Titular,3093.0,4.0,0.0012320911624040946,0.10103148,atl_350ce58577f70908
B,2023,6,51,sampaio_correa,8,atl_f999a2d02c77c1c3,310743,Titular,436.0,2.0,0.002596073347735822,0.21287801,atl_f999a2d02c77c1c3
B,2023,6,51,sampaio_correa,2,atl_76f975324c8b6971,366093,Titular,156.0,1.0,0.0021797631912815994,0.17874058,atl_76f975324c8b6971
B,2023,6,51,guarani,27,atl_26b06572a565a900,527028,Titular,793.0,2.0,0.0018792920753911285,0.15410195,atl_26b06572a565a900
B,2023,6,51,guarani,5,atl_a69736a9baa555a2,344228,Titular,530.0,1.0,0.0013882763626026499,0.11383866,atl_a69736a9baa555a2
B,2023,6,51,sampaio_correa,13,atl_79501c1a5283bedc,174017,Titular,1532.0,2.0,0.0011958290617523275,0.09805798,atl_79501c1a5283bedc
B,2023,6,52,vila_nova,2,atl_135d75d2a05d4ef4,415195,Titular,268.0,2.0,0.003163964392553033,0.25944508,atl_135d75d2a05d4ef4
B,2023,6,52,criciuma,10,atl_ce155b70c2cd7558,190389,Titular,1746.0,3.0,0.0015271258474980984,0.12522432,atl_ce155b70c2cd7558
B,2023,6,52,criciuma,33,atl_69ed1a3518adaa3b,298361,Titular,441.0,1.0,0.0015195798655480651,0.12460555,atl_69ed1a3518adaa3b
B,2023,6,52,criciuma,22,atl_127c6107d2f86526,363926,Titular,2667.0,4.0,0.00139877633516916,0.11469966,atl_127c6107d2f86526
B,2023,6,52,criciuma,2,atl_380df224c145e892,188472,Titular,2124.0,3.0,0.0013071359197716194,0.10718515,atl_380df224c145e892
B,2023,6,53,chapecoense,80,atl_331fc0ba6e7155d6,520331,Titular,60.0,1.0,0.002553436881215588,0.20938182,atl_331fc0ba6e7155d6
B,2023,6,53,chapecoense,2,atl_518fecebbfee082a,455446,Titular,1294.0,4.0,0.0024693002527763266,0.20248262,atl_518fecebbfee082a
B,2023,6,53,avai,23,atl_4db7df2f4c23062f,313001,Titular,180.0,1.0,0.0021028303727657783,0.17243209,atl_4db7df2f4c23062f
B,2023,6,53,chapecoense,3,atl_119279633b1bdb64,177152,Titular,2931.0,6.0,0.001874067226313241,0.15367351,atl_119279633b1bdb64
B,2023,6,53,chapecoense,25,atl_536a7f9fe4605853,716645,Titular,318.0,1.0,0.001748074148509449,0.14334208,atl_536a7f9fe4605853
B,2023,6,54,ituano,8,atl_da959a5ff27b726c,406069,Titular,199.0,1.0,0.0020456718933916014,0.1677451,atl_da959a5ff27b726c
B,2023,6,54,ituano,5,atl_f90a8f255908592a,339273,Titular,1183.0,3.0,0.0020379825629713187,0.16711457,atl_f90a8f255908592a
B,2023,6,54,ituano,4,atl_44678ad24e45ecea,158972,Titular,705.0,2.0,0.002016534982141684,0.16535587,atl_44678ad24e45ecea
B,2023,6,54,ituano,9,atl_b2b40462ee3704a5,311813,Titular,1668.0,3.0,0.0015820685671036575,0.12972962,atl_b2b40462ee3704a5
B,2023,6,54,sport,5,atl_60267bbddd07a81d,338491,Titular,1597.0,2.0,0.0011587623526374484,0.09501851,atl_60267bbddd07a81d
B,2023,6,55,novorizontino,9,atl_6611ad4d57c99a74,298282,Titular,1820.0,4.0,0.0019094502816727284,0.15657492,atl_6611ad4d57c99a74
B,2023,6,55,novorizontino,6,atl_1ad94fb418c75d62,405127,Titular,399.0,1.0,0.001590572473282235,0.13042694,atl_1ad94fb418c75d62
B,2023,6,55,crb,3,atl_7cd9d01ebec30030,167958,Titular,2462.0,4.0,0.0014955856358814077,0.12263802,atl_7cd9d01ebec30030
B,2023,6,55,novorizontino,4,atl_43aca2e9da0a643b,291797,Titular,2696.0,4.0,0.0013860840592868366,0.11365889,atl_43aca2e9da0a643b
B,2023,6,55,novorizontino,5,atl_518c2b6993e189a8,175223,Titular,2995.0,4.0,0.0012675034773907668,0.10393529,atl_518c2b6993e189a8
B,2023,6,56,atletico,9,atl_6b67e9c150b457fc,652687,Titular,370.0,1.0,0.0016435915557249763,0.13477451,atl_6b67e9c150b457fc
B,2023,6,56,atletico,8,atl_15b89d83485e77a2,551375,Titular,1051.0,2.0,0.0015666825618831266,0.12846797,atl_15b89d83485e77a2
B,2023,6,56,vitoria,2,atl_52c2933b02b80fdc,294382,Titular,437.0,1.0,0.0015260668660413332,0.12513748,atl_52c2933b02b80fdc
B,2023,6,56,vitoria,8,atl_79973ceb0b7cc5ee,429655,Titular,2152.0,3.0,0.0012933350880394907,0.10605348,atl_79973ceb0b7cc5ee
B,2023,6,56,vitoria,4,atl_44711503fa74b702,408944,Titular,697.0,1.0,0.0011945903537850704,0.09795641,atl_44711503fa74b702
B,2023,6,57,ceara,14,atl_b78ed18878b8608b,299778,Titular,430.0,2.0,0.0026128222080437948,0.21425142,atl_b78ed18878b8608b
B,2023,6,57,ceara,15,atl_ad0be9a2181b5938,409030,Titular,90.0,1.0,0.0024236011075944564,0.19873529,atl_ad0be9a2181b5938
B,2023,6,57,tombense,6,atl_b077b34586ca3993,531705,Titular,277.0,1.0,0.001840314869344568,0.15090582,atl_b077b34586ca3993
B,2023,6,57,tombense,11,atl_a6c774fc407ead2b,534970,Titular,290.0,1.0,0.001810031206937632,0.14842256,atl_a6c774fc407ead2b
B,2023,6,57,tombense,8,atl_cd4a8129a28dcfd9,461293,Titular,333.0,1.0,0.0017165962226659416,0.14076089,atl_cd4a8129a28dcfd9
B,2023,6,58,mirassol,5,atl_9b25372db780c18d,315023,Titular,2295.0,7.0,0.0026582914681505293,0.2179799,atl_9b25372db780c18d
B,2023,6,58,mirassol,8,atl_71ce1f6c06c71ff1,326622,Titular,340.0,1.0,0.0017022912541437253,0.13958788,atl_71ce1f6c06c71ff1
B,2023,6,58,juventude,16,atl_697ba9685a345304,302192,Titular,431.0,1.0,0.0015359018834379477,0.12594395,atl_697ba9685a345304
B,2023,6,58,juventude,44,atl_1643ff6385932f7d,539820,Titular,2014.0,3.0,0.0013643296155452383,0.11187503,atl_1643ff6385932f7d
B,2023,6,58,mirassol,7,atl_00fc7528f150303c,451258,Titular,2183.0,3.0,0.0012783915965265485,0.10482811,atl_00fc7528f150303c
B,2023,6,59,londrina,8,atl_4a138cd1251dd009,300738,Titular,357.0,2.0,0.0028353846598374905,0.23250154,atl_4a138cd1251dd009
B,2023,6,59,ponte_preta,4,atl_e23ce9f74e0b8ef7,378323,Titular,1475.0,4.0,0.002242999824547205,0.18392599,atl_e23ce9f74e0b8ef7
B,2023,6,59,ponte_preta,5,atl_1b93d2582891b2fb,465048,Titular,2831.0,5.0,0.0016301184789795046,0.13366972,atl_1b93d2582891b2fb
B,2023,6,59,londrina,150,atl_cdc4b3007f5d4f4b,174223,Titular,3465.0,6.0,0.0016216707827189734,0.132977,atl_cdc4b3007f5d4f4b
B,2023,6,59,londrina,100,atl_d1fa367b58911e26,360467,Titular,1113.0,2.0,0.0015064628973842091,0.12352996,atl_d1fa367b58911e26
B,2023,6,60,abc,1,atl_4b1200978b40d036,317624,Titular,630.0,2.0,0.0021503757995404685,0.17633082,atl_4b1200978b40d036
B,2023,6,60,abc,3,atl_b910aedef3809b5d,300856,Titular,180.0,1.0,0.0021028303727657783,0.17243209,atl_b910aedef3809b5d
B,2023,6,60,abc,11,atl_a6f45333b6501499,431346,Titular,347.0,1.0,0.001688222731382207,0.13843426,atl_a6f45333b6501499
B,2023,6,60,botafogo,6,atl_3578edd1a996da30,387314,Titular,422.0,1.0,0.0015508944180918972,0.12717334,atl_3578edd1a996da30
B,2023,6,60,botafogo,11,atl_d60e767fced389b6,621114,Titular,62.0,0.0,0.0007649904866205148,0.06272922,atl_d60e767fced389b6
B,2023,7,61,ponte_preta,4,atl_e23ce9f74e0b8ef7,378323,Titular,1565.0,4.0,0.002147753310070779,0.17611577,atl_e23ce9f74e0b8ef7
B,2023,7,61,ponte_preta,8,atl_67a835638bc6356c,600810,Titular,2498.0,6.0,0.0021464678403256034,0.17601036,atl_67a835638bc6356c
B,2023,7,61,guarani,27,atl_26b06572a565a900,527028,Titular,871.0,2.0,0.0017761565173567899,0.14564483,atl_26b06572a565a900
B,2023,7,61,guarani,12,atl_d2aed1e35124ccce,186142,Titular,315.0,1.0,0.001760871883798968,0.14439149,atl_d2aed1e35124ccce
B,2023,7,61,ponte_preta,19,atl_8d8cae40e13d21e4,674534,Titular,334.0,1.0,0.001720756097477409,0.141102,atl_8d8cae40e13d21e4
B,2023,7,62,atletico,3,atl_8541ba1aedd4bcf8,348257,Titular,196.0,1.0,0.002061940496115171,0.16907912,atl_8541ba1aedd4bcf8
B,2023,7,62,avai,23,atl_4db7df2f4c23062f,313001,Titular,270.0,1.0,0.0018637799809041026,0.15282996,atl_4db7df2f4c23062f
B,2023,7,62,avai,7,atl_f176e6a9647f2e32,463027,Titular,1019.0,2.0,0.0016031011094773924,0.13145429,atl_f176e6a9647f2e32
B,2023,7,62,atletico,9,atl_6b67e9c150b457fc,652687,Titular,427.0,1.0,0.0015481236087337205,0.12694614,atl_6b67e9c150b457fc
B,2023,7,62,atletico,8,atl_15b89d83485e77a2,551375,Titular,1141.0,2.0,0.001483918699144521,0.12168133,atl_15b89d83485e77a2
B,2023,7,63,ceara,15,atl_ad0be9a2181b5938,409030,Titular,180.0,2.0,0.0035810449783767045,0.29364569,atl_ad0be9a2181b5938
B,2023,7,63,ceara,14,atl_b78ed18878b8608b,299778,Titular,507.0,2.0,0.0024181833021808927,0.19829103,atl_b78ed18878b8608b
B,2023,7,63,ceara,95,atl_e1125573fb09ee77,421180,Titular,279.0,1.0,0.0018422472211760705,0.15106427,atl_e1125573fb09ee77
B,2023,7,63,ceara,5,atl_eabe50b478a200d7,502736,Titular,2267.0,4.0,0.001602858903251232,0.13143443,atl_eabe50b478a200d7
B,2023,7,63,criciuma,10,atl_ce155b70c2cd7558,190389,Titular,1809.0,3.0,0.0014877048875254046,0.1219918,atl_ce155b70c2cd7558
B,2023,7,64,ituano,9,atl_b2b40462ee3704a5,311813,Titular,1745.0,4.0,0.0019755503720695587,0.16199513,atl_b2b40462ee3704a5
B,2023,7,64,ituano,5,atl_f90a8f255908592a,339273,Titular,1273.0,3.0,0.0019374566188923626,0.15887144,atl_f90a8f255908592a
B,2023,7,64,ituano,4,atl_44678ad24e45ecea,158972,Titular,795.0,2.0,0.0018803942743599684,0.15419233,atl_44678ad24e45ecea
B,2023,7,64,novorizontino,9,atl_6611ad4d57c99a74,298282,Titular,1910.0,4.0,0.0018402948486706055,0.15090418,atl_6611ad4d57c99a74
B,2023,7,64,ituano,8,atl_da959a5ff27b726c,406069,Titular,289.0,1.0,0.0018188980802232686,0.14914964,atl_da959a5ff27b726c
B,2023,7,65,mirassol,7,atl_00fc7528f150303c,451258,Titular,2262.0,4.0,0.0016057605305199707,0.13167236,atl_00fc7528f150303c
B,2023,7,65,mirassol,8,atl_71ce1f6c06c71ff1,326622,Titular,419.0,1.0,0.0015616002016280294,0.12805122,atl_71ce1f6c06c71ff1
B,2023,7,65,vitoria,13,atl_640fc0353b94e042,388312,Titular,1060.0,2.0,0.0015609683239077943,0.1279994,atl_640fc0353b94e042
B,2023,7,65,vitoria,2,atl_52c2933b02b80fdc,294382,Titular,518.0,1.0,0.0014097353490139086,0.1155983,atl_52c2933b02b80fdc
B,2023,7,65,mirassol,2,atl_6178bbc12cb6ceff,376828,Titular,1611.0,2.0,0.0011535341474638366,0.0945898,atl_6178bbc12cb6ceff
B,2023,7,66,botafogo,7,atl_b256530a6f4fd72d,504858,Titular,210.0,1.0,0.0020212825145016324,0.16574517,atl_b256530a6f4fd72d
B,2023,7,66,sport,5,atl_60267bbddd07a81d,338491,Titular,1671.0,2.0,0.0011216538854427263,0.09197562,atl_60267bbddd07a81d
B,2023,7,66,sport,7,atl_8bccda153adf0fb1,175065,Titular,2776.0,3.0,0.0010485685547302072,0.08598262,atl_8bccda153adf0fb1
B,2023,7,66,botafogo,6,atl_254605626ff02140,395968,Titular,19.0,0.0,0.0008383633628057016,0.0687458,atl_254605626ff02140
B,2023,7,66,sport,46,atl_40fbc9435ae76d3a,554138,Titular,3611.0,3.0,0.0008355900231807733,0.06851838,atl_40fbc9435ae76d3a
B,2023,7,67,sampaio_correa,8,atl_f999a2d02c77c1c3,310743,Titular,526.0,2.0,0.0023734021299182837,0.19461897,atl_f999a2d02c77c1c3
B,2023,7,67,abc,21,atl_daa74b155ee10746,465539,Titular,108.0,1.0,0.0023603792521318403,0.1935511,atl_daa74b155ee10746
B,2023,7,67,abc,1,atl_4b1200978b40d036,317624,Titular,720.0,2.0,0.0019959922830296386,0.16367137,atl_4b1200978b40d036
B,2023,7,67,abc,3,atl_b910aedef3809b5d,300856,Titular,270.0,1.0,0.0018637799809041026,0.15282996,atl_b910aedef3809b5d
B,2023,7,67,abc,31,atl_7de6943bbd9f9e8a,512737,Titular,311.0,1.0,0.0017695568252726992,0.14510366,atl_7de6943bbd9f9e8a
B,2023,7,68,chapecoense,80,atl_331fc0ba6e7155d6,520331,Titular,150.0,1.0,0.0022078624389171675,0.18104472,atl_331fc0ba6e7155d6
B,2023,7,68,chapecoense,70,atl_7f8052acd8db694b,380640,Titular,1225.0,3.0,0.00199136845524415,0.16329221,atl_7f8052acd8db694b
B,2023,7,68,chapecoense,3,atl_119279633b1bdb64,177152,Titular,3021.0,6.0,0.001827637201163351,0.14986625,atl_119279633b1bdb64
B,2023,7,68,chapecoense,32,atl_a653baa54d00c872,393448,Titular,540.0,1.0,0.0013799140243232297,0.11315295,atl_a653baa54d00c872
B,2023,7,68,juventude,44,atl_1643ff6385932f7d,539820,Titular,2087.0,3.0,0.00132783555674378,0.10888252,atl_1643ff6385932f7d
B,2023,7,69,tombense,3,atl_d880c426e26e6158,508857,Titular,270.0,2.0,0.0031624812796054013,0.25932346,atl_d880c426e26e6158
B,2023,7,69,londrina,8,atl_4a138cd1251dd009,300738,Titular,447.0,2.0,0.0025713944934489534,0.21085435,atl_4a138cd1251dd009
B,2023,7,69,tombense,8,atl_cd4a8129a28dcfd9,461293,Titular,423.0,1.0,0.0015548327034627942,0.12749628,atl_cd4a8129a28dcfd9
B,2023,7,69,londrina,7,atl_d1fa367b58911e26,360467,Titular,1203.0,2.0,0.001429894647854468,0.11725136,atl_d1fa367b58911e26
B,2023,7,69,tombense,4,atl_7d3f800dc2bbda03,184174,Titular,2661.0,3.0,0.0010867164142031507,0.08911075,atl_7d3f800dc2bbda03
B,2023,7,70,crb,55,atl_9220edb0a3044fd0,188660,Titular,1077.0,5.0,0.0034464873717794287,0.28261196,atl_9220edb0a3044fd0
B,2023,7,70,vila_nova,2,atl_135d75d2a05d4ef4,415195,Titular,342.0,2.0,0.0028920553269550582,0.23714854,atl_135d75d2a05d4ef4
B,2023,7,70,crb,4,atl_4fb70cea490aa9b3,378811,Titular,1331.0,4.0,0.0024222340717073507,0.19862319,atl_4fb70cea490aa9b3
B,2023,7,70,crb,6,atl_8b2fdbd01179d332,419442,Titular,2469.0,4.0,0.0014938061924203972,0.12249211,atl_8b2fdbd01179d332
B,2023,7,70,vila_nova,10,atl_a7e338192c18e204,533963,Titular,2369.0,3.0,0.0011973198275692432,0.09818023,atl_a7e338192c18e204
B,2023,8,71,guarani,9,atl_df3378fb78f86873,374375,Titular,321.0,2.0,0.002963111548950634,0.24297515,atl_df3378fb78f86873
B,2023,8,71,chapecoense,9,atl_ddd3b2a8bcfdac85,413248,Titular,639.0,2.0,0.0021358336977071735,0.17513836,atl_ddd3b2a8bcfdac85
B,2023,8,71,chapecoense,70,atl_7f8052acd8db694b,380640,Titular,1292.0,3.0,0.0019155773335315126,0.15707734,atl_7f8052acd8db694b
B,2023,8,71,chapecoense,3,atl_119279633b1bdb64,177152,Titular,3111.0,6.0,0.0017814219279115122,0.1460766,atl_119279633b1bdb64
B,2023,8,71,guarani,12,atl_d2aed1e35124ccce,186142,Titular,405.0,1.0,0.0015831100350148844,0.12981502,atl_d2aed1e35124ccce
B,2023,8,72,vila_nova,2,atl_135d75d2a05d4ef4,415195,Titular,377.0,2.0,0.00277390488219894,0.2274602,atl_135d75d2a05d4ef4
B,2023,8,72,ituano,5,atl_f90a8f255908592a,339273,Titular,1363.0,3.0,0.0018425735811532316,0.15109103,atl_f90a8f255908592a
B,2023,8,72,ituano,11,atl_da959a5ff27b726c,406069,Titular,352.0,1.0,0.0016815898846108807,0.13789037,atl_da959a5ff27b726c
B,2023,8,72,ituano,9,atl_57c57f6188710a8f,545775,Titular,1631.0,3.0,0.0016108468238800893,0.13208944,atl_57c57f6188710a8f
B,2023,8,72,vila_nova,11,atl_61385c97290d3b50,548842,Titular,484.0,1.0,0.0014560107537484454,0.11939288,atl_61385c97290d3b50
B,2023,8,73,criciuma,2,atl_380df224c145e892,188472,Titular,2210.0,4.0,0.001635688037523421,0.13412642,atl_380df224c145e892
B,2023,8,73,criciuma,23,atl_8e0213cefa71eba6,167716,Titular,414.0,1.0,0.0015675214241668166,0.12853676,atl_8e0213cefa71eba6
B,2023,8,73,criciuma,10,atl_ce155b70c2cd7558,190389,Titular,1899.0,3.0,0.0014308939481819385,0.1173333,atl_ce155b70c2cd7558
B,2023,8,73,criciuma,22,atl_127c6107d2f86526,363926,Titular,2847.0,4.0,0.0013243843984728028,0.10859952,atl_127c6107d2f86526
B,2023,8,73,criciuma,33,atl_69ed1a3518adaa3b,298361,Titular,621.0,1.0,0.0012780683155115703,0.1048016,atl_69ed1a3518adaa3b
B,2023,8,74,mirassol,5,atl_fe487fa66cea51ae,307979,Titular,113.0,1.0,0.002337217914663084,0.19165187,atl_fe487fa66cea51ae
B,2023,8,74,botafogo,7,atl_b256530a6f4fd72d,504858,Titular,300.0,1.0,0.001790893227110588,0.14685324,atl_b256530a6f4fd72d
B,2023,8,74,mirassol,7,atl_00fc7528f150303c,451258,Titular,2339.0,4.0,0.0015613647698797008,0.12803191,atl_00fc7528f150303c
B,2023,8,74,mirassol,8,atl_71ce1f6c06c71ff1,326622,Titular,487.0,1.0,0.0014515851891473864,0.11902999,atl_71ce1f6c06c71ff1
B,2023,8,74,botafogo,10,atl_9ad91091c914ae92,381191,Titular,504.0,1.0,0.001427006555466604,0.11701454,atl_9ad91091c914ae92
B,2023,8,75,novorizontino,9,atl_6611ad4d57c99a74,298282,Titular,1972.0,4.0,0.0017931693291620026,0.14703988,atl_6611ad4d57c99a74
B,2023,8,75,avai,23,atl_4db7df2f4c23062f,313001,Titular,339.0,1.0,0.0017076455085679027,0.14002693,atl_4db7df2f4c23062f
B,2023,8,75,avai,7,atl_f176e6a9647f2e32,463027,Titular,1109.0,2.0,0.0015119419401419954,0.12397924,atl_f176e6a9647f2e32
B,2023,8,75,novorizontino,4,atl_43aca2e9da0a643b,291797,Titular,2758.0,4.0,0.0013605631005796412,0.11156617,atl_43aca2e9da0a643b
B,2023,8,75,novorizontino,16,atl_1ad94fb418c75d62,405127,Titular,579.0,1.0,0.0013278170358558576,0.108881,atl_1ad94fb418c75d62
B,2023,8,76,vitoria,13,atl_640fc0353b94e042,388312,Titular,1150.0,2.0,0.0014743724737505883,0.12089854,atl_640fc0353b94e042
B,2023,8,76,vitoria,2,atl_52c2933b02b80fdc,294382,Titular,608.0,1.0,0.001293063701884901,0.10603122,atl_52c2933b02b80fdc
B,2023,8,76,vitoria,8,atl_79973ceb0b7cc5ee,429655,Titular,2242.0,3.0,0.0012519017438688805,0.10265594,atl_79973ceb0b7cc5ee
B,2023,8,76,crb,9,atl_350ce58577f70908,182466,Titular,3336.0,4.0,0.001155556460294179,0.09475563,atl_350ce58577f70908
B,2023,8,76,vitoria,4,atl_44711503fa74b702,408944,Titular,877.0,1.0,0.0010404608436372334,0.08531779,atl_44711503fa74b702
B,2023,8,77,ponte_preta,8,atl_67a835638bc6356c,600810,Titular,2577.0,7.0,0.0024155718497525093,0.19807689,atl_67a835638bc6356c
B,2023,8,77,sampaio_correa,8,atl_f999a2d02c77c1c3,310743,Titular,616.0,2.0,0.0021798517757065147,0.17874785,atl_f999a2d02c77c1c3
B,2023,8,77,ponte_preta,4,atl_e23ce9f74e0b8ef7,378323,Titular,1655.0,4.0,0.002056944121433165,0.16866942,atl_e23ce9f74e0b8ef7
B,2023,8,77,ponte_preta,6,atl_4c78950aaf5a558f,536558,Titular,405.0,1.0,0.0015831100350148844,0.12981502,atl_4c78950aaf5a558f
B,2023,8,77,ponte_preta,3,atl_98c74c6f94f3e86f,565679,Titular,405.0,1.0,0.0015831100350148844,0.12981502,atl_98c74c6f94f3e86f
B,2023,8,78,juventude,53,atl_50f25fc4daaef02b,425933,Titular,341.0,1.0,0.0017035845204381335,0.13969393,atl_50f25fc4daaef02b
B,2023,8,78,atletico,8,atl_15b89d83485e77a2,551375,Titular,1231.0,2.0,0.0014053810408367826,0.11524125,atl_15b89d83485e77a2
B,2023,8,78,juventude,16,atl_697ba9685a345304,302192,Titular,521.0,1.0,0.0014032464071385606,0.11506621,atl_697ba9685a345304
B,2023,8,78,atletico,11,atl_14e3b735d8a2696d,451607,Titular,538.0,1.0,0.0013802645295650003,0.11318169,atl_14e3b735d8a2696d
B,2023,8,78,juventude,44,atl_1643ff6385932f7d,539820,Titular,2174.0,3.0,0.001283737689487087,0.10526649,atl_1643ff6385932f7d
B,2023,8,79,ceara,15,atl_ad0be9a2181b5938,409030,Titular,260.0,2.0,0.0032009402390637772,0.2624771,atl_ad0be9a2181b5938
B,2023,8,79,londrina,8,atl_4a138cd1251dd009,300738,Titular,520.0,2.0,0.0023850142957730102,0.19557117,atl_4a138cd1251dd009
B,2023,8,79,ceara,14,atl_b78ed18878b8608b,299778,Titular,570.0,2.0,0.002273565029615393,0.18643233,atl_b78ed18878b8608b
B,2023,8,79,ceara,6,atl_6f27226dd5d3f780,328312,Titular,596.0,2.0,0.002219630092781451,0.18200967,atl_6f27226dd5d3f780
B,2023,8,79,ceara,5,atl_eabe50b478a200d7,502736,Titular,2338.0,5.0,0.0019142757511234922,0.15697061,atl_eabe50b478a200d7
B,2023,8,80,abc,1,atl_4b1200978b40d036,317624,Titular,810.0,2.0,0.00185703403182326,0.15227679,atl_4b1200978b40d036
B,2023,8,80,abc,8,atl_353529efd4f3c24a,430405,Titular,813.0,2.0,0.0018527909990011199,0.15192886,atl_353529efd4f3c24a
B,2023,8,80,abc,16,atl_b910aedef3809b5d,300856,Titular,360.0,1.0,0.0016659471880098493,0.13660767,atl_b910aedef3809b5d
B,2023,8,80,abc,15,atl_8fd856580da7ec21,330690,Titular,360.0,1.0,0.0016659471880098493,0.13660767,atl_8fd856580da7ec21
B,2023,8,80,abc,9,atl_f430018ee7464e5a,311487,Titular,1579.0,3.0,0.0016511373649295193,0.13539326,atl_f430018ee7464e5a
B,2023,9,81,ponte_preta,4,atl_e23ce9f74e0b8ef7,378323,Titular,1745.0,5.0,0.002420377476079958,0.19847095,atl_e23ce9f74e0b8ef7
B,2023,9,81,ponte_preta,19,atl_8d8cae40e13d21e4,674534,Titular,424.0,1.0,0.0015516747119042268,0.12723733,atl_8d8cae40e13d21e4
B,2023,9,81,ponte_preta,5,atl_1b93d2582891b2fb,465048,Titular,3071.0,5.0,0.0015216318772891364,0.12477381,atl_1b93d2582891b2fb
B,2023,9,81,vila_nova,10,atl_a7e338192c18e204,533963,Titular,2513.0,4.0,0.0014715391416526738,0.12066621,atl_a7e338192c18e204
B,2023,9,81,ponte_preta,6,atl_4c78950aaf5a558f,536558,Titular,495.0,1.0,0.0014409521947733725,0.11815808,atl_4c78950aaf5a558f
B,2023,9,82,atletico,9,atl_d19dd8329860275e,436949,Titular,1192.0,2.0,0.0014383850081557362,0.11794757,atl_d19dd8329860275e
B,2023,9,82,atletico,11,atl_14e3b735d8a2696d,451607,Titular,619.0,1.0,0.001281275633422257,0.1050646,atl_14e3b735d8a2696d
B,2023,9,82,atletico,10,atl_5b0ae123f664295f,711292,Titular,36.0,0.0,0.0008092302869393762,0.06635688,atl_5b0ae123f664295f
B,2023,9,82,atletico,7,atl_2ae1ea7b1966ff18,409168,Titular,138.0,0.0,0.0006798549119114509,0.0557481,atl_2ae1ea7b1966ff18
B,2023,9,82,botafogo,6,atl_254605626ff02140,395968,Titular,199.0,0.0,0.0006205256563655302,0.0508831,atl_254605626ff02140
B,2023,9,83,avai,23,atl_4db7df2f4c23062f,313001,Titular,418.0,1.0,0.0015618163766879145,0.12806894,atl_4db7df2f4c23062f
B,2023,9,83,vitoria,13,atl_640fc0353b94e042,388312,Titular,1195.0,2.0,0.0014358391939820092,0.11773881,atl_640fc0353b94e042
B,2023,9,83,avai,7,atl_f176e6a9647f2e32,463027,Titular,1198.0,2.0,0.0014333023756180833,0.11753079,atl_f176e6a9647f2e32
B,2023,9,83,vitoria,8,atl_79973ceb0b7cc5ee,429655,Titular,2332.0,3.0,0.001212481438488526,0.09942348,atl_79973ceb0b7cc5ee
B,2023,9,83,vitoria,4,atl_44711503fa74b702,408944,Titular,967.0,1.0,0.0009773329473752594,0.0801413,atl_44711503fa74b702
B,2023,9,84,ituano,4,atl_44678ad24e45ecea,158972,Titular,840.0,3.0,0.002562498084925004,0.21012484,atl_44678ad24e45ecea
B,2023,9,84,londrina,7,atl_d1fa367b58911e26,360467,Titular,1336.0,3.0,0.0018702328070803408,0.15335909,atl_d1fa367b58911e26
B,2023,9,84,ituano,5,atl_f90a8f255908592a,339273,Titular,1453.0,3.0,0.0017581912103428088,0.14417168,atl_f90a8f255908592a
B,2023,9,84,ituano,9,atl_57c57f6188710a8f,545775,Titular,1676.0,3.0,0.0015780089309740375,0.12939673,atl_57c57f6188710a8f
B,2023,9,84,londrina,5,atl_cdc4b3007f5d4f4b,174223,Titular,3640.0,6.0,0.001554045273864615,0.12743171,atl_cdc4b3007f5d4f4b
B,2023,9,85,mirassol,6,atl_5e68c573b26aa25b,435961,Titular,84.0,1.0,0.002455046975684085,0.20131385,atl_5e68c573b26aa25b
B,2023,9,85,mirassol,5,atl_fe487fa66cea51ae,307979,Titular,201.0,1.0,0.0020452887786012917,0.16771368,atl_fe487fa66cea51ae
B,2023,9,85,criciuma,2,atl_380df224c145e892,188472,Titular,2292.0,4.0,0.0015880184218479605,0.13021751,atl_380df224c145e892
B,2023,9,85,mirassol,7,atl_00fc7528f150303c,451258,Titular,2415.0,4.0,0.0015210111265178408,0.12472291,atl_00fc7528f150303c
B,2023,9,85,criciuma,23,atl_8e0213cefa71eba6,167716,Titular,496.0,1.0,0.0014395054556219935,0.11803945,atl_8e0213cefa71eba6
B,2023,9,86,abc,21,atl_daa74b155ee10746,465539,Titular,178.0,1.0,0.0021146717312677072,0.17340308,atl_daa74b155ee10746
B,2023,9,86,abc,8,atl_353529efd4f3c24a,430405,Titular,885.0,2.0,0.0017572183637541555,0.14409191,atl_353529efd4f3c24a
B,2023,9,86,abc,1,atl_4b1200978b40d036,317624,Titular,900.0,2.0,0.001738391024142504,0.14254806,atl_4b1200978b40d036
B,2023,9,86,abc,9,atl_f430018ee7464e5a,311487,Titular,1669.0,3.0,0.001583101629229832,0.12981433,atl_f430018ee7464e5a
B,2023,9,86,sport,5,atl_60267bbddd07a81d,338491,Titular,1848.0,2.0,0.0010365193499997894,0.08499459,atl_60267bbddd07a81d
B,2023,9,87,ceara,15,atl_ad0be9a2181b5938,409030,Titular,350.0,2.0,0.0028632322750582417,0.23478505,atl_ad0be9a2181b5938
B,2023,9,87,ceara,14,atl_b78ed18878b8608b,299778,Titular,655.0,2.0,0.002107140635324247,0.17278553,atl_b78ed18878b8608b
B,2023,9,87,ceara,6,atl_6f27226dd5d3f780,328312,Titular,686.0,2.0,0.0020520636035408985,0.16826922,atl_6f27226dd5d3f780
B,2023,9,87,ceara,5,atl_eabe50b478a200d7,502736,Titular,2428.0,5.0,0.0018557880579916346,0.15217462,atl_eabe50b478a200d7
B,2023,9,87,novorizontino,9,atl_6611ad4d57c99a74,298282,Titular,2017.0,4.0,0.0017615206332139476,0.14444469,atl_6611ad4d57c99a74
B,2023,9,89,guarani,23,atl_a516feda88cfcf4f,442409,Titular,394.0,2.0,0.002722312565771259,0.22322963,atl_a516feda88cfcf4f
B,2023,9,89,tombense,5,atl_96a71b8bc5d31710,169938,Titular,608.0,2.0,0.0021965229546926945,0.18011488,atl_96a71b8bc5d31710
B,2023,9,89,guarani,12,atl_d2aed1e35124ccce,186142,Titular,495.0,1.0,0.0014409521947733725,0.11815808,atl_d2aed1e35124ccce
B,2023,9,89,guarani,29,atl_5c248f1512402a9c,354923,Titular,1667.0,2.0,0.0011230952624824667,0.09209381,atl_5c248f1512402a9c
B,2023,9,89,tombense,4,atl_7d3f800dc2bbda03,184174,Titular,2841.0,3.0,0.001027760381262947,0.08427635,atl_7d3f800dc2bbda03
B,2023,9,90,crb,22,atl_b038acf6cc5c8de7,323184,Titular,137.0,1.0,0.002250780900784153,0.18456403,atl_b038acf6cc5c8de7
B,2023,9,90,crb,33,atl_3de67f7ef2964f19,583991,Titular,479.0,1.0,0.0014645019752803938,0.12008916,atl_3de67f7ef2964f19
B,2023,9,90,crb,6,atl_8b2fdbd01179d332,419442,Titular,2559.0,4.0,0.0014494107335075207,0.11885168,atl_8b2fdbd01179d332
B,2023,9,90,juventude,16,atl_697ba9685a345304,302192,Titular,611.0,1.0,0.0012905017405936143,0.10582114,atl_697ba9685a345304
B,2023,9,90,juventude,44,atl_1643ff6385932f7d,539820,Titular,2238.0,3.0,0.0012541079013146477,0.10283685,atl_1643ff6385932f7d
B,2023,10,91,crb,4,atl_4fb70cea490aa9b3,378811,Titular,1421.0,4.0,0.0023093255472559234,0.18936469,atl_4fb70cea490aa9b3
B,2023,10,91,crb,6,atl_8b2fdbd01179d332,419442,Titular,2636.0,4.0,0.0014146091761092568,0.11599795,atl_8b2fdbd01179d332
B,2023,10,91,crb,33,atl_3de67f7ef2964f19,583991,Titular,569.0,1.0,0.0013435120451624225,0.11016799,atl_3de67f7ef2964f19
B,2023,10,91,guarani,12,atl_d2aed1e35124ccce,186142,Titular,585.0,1.0,0.0013236998859710873,0.10854339,atl_d2aed1e35124ccce
B,2023,10,91,guarani,5,atl_a69736a9baa555a2,344228,Titular,750.0,1.0,0.0011489715010229037,0.09421566,atl_a69736a9baa555a2
B,2023,10,92,vila_nova,2,atl_135d75d2a05d4ef4,415195,Titular,439.0,2.0,0.0025944775040240998,0.21274716,atl_135d75d2a05d4ef4
B,2023,10,92,sampaio_correa,5,atl_baedf75634968494,374851,Titular,2134.0,5.0,0.0020638627092933294,0.16923674,atl_baedf75634968494
B,2023,10,92,sampaio_correa,8,atl_f999a2d02c77c1c3,310743,Titular,703.0,2.0,0.0020251158572557187,0.1660595,atl_f999a2d02c77c1c3
B,2023,10,92,sampaio_correa,2,atl_d56d6d8d0c04224b,405535,Titular,460.0,1.0,0.001496056641956906,0.12267664,atl_d56d6d8d0c04224b
B,2023,10,92,vila_nova,11,atl_61385c97290d3b50,548842,Titular,630.0,1.0,0.0012709861736979024,0.10422087,atl_61385c97290d3b50
B,2023,10,93,atletico,8,atl_15b89d83485e77a2,551375,Titular,1295.0,3.0,0.0019143255578153925,0.1569747,atl_15b89d83485e77a2
B,2023,10,93,criciuma,2,atl_380df224c145e892,188472,Titular,2352.0,5.0,0.0019061060225380889,0.15630069,atl_380df224c145e892
B,2023,10,93,atletico,9,atl_d19dd8329860275e,436949,Titular,1282.0,2.0,0.001367123667945359,0.11210414,atl_d19dd8329860275e
B,2023,10,93,criciuma,23,atl_8e0213cefa71eba6,167716,Titular,586.0,1.0,0.0013224810094646681,0.10844344,atl_8e0213cefa71eba6
B,2023,10,93,atletico,5,atl_ff4bd032dca724a2,301943,Titular,596.0,1.0,0.00131041457689656,0.107454,atl_ff4bd032dca724a2
B,2023,10,94,tombense,5,atl_96a71b8bc5d31710,169938,Titular,698.0,3.0,0.002868292467678322,0.23519998,atl_96a71b8bc5d31710
B,2023,10,94,botafogo,2,atl_9f69130327ef61b9,543706,Titular,1197.0,2.0,0.0014356006931518148,0.11771926,atl_9f69130327ef61b9
B,2023,10,94,tombense,8,atl_cd4a8129a28dcfd9,461293,Titular,558.0,1.0,0.0013574805068796122,0.1113134,atl_cd4a8129a28dcfd9
B,2023,10,94,tombense,4,atl_7d3f800dc2bbda03,184174,Titular,2931.0,3.0,0.001001519783234809,0.08212462,atl_7d3f800dc2bbda03
B,2023,10,94,tombense,3,atl_6afde0c1e7bf09e2,339225,Titular,1217.0,1.0,0.0008364673129170819,0.06859032,atl_6afde0c1e7bf09e2
B,2023,10,95,ponte_preta,8,atl_67a835638bc6356c,600810,Titular,2667.0,7.0,0.00234803106292347,0.19253855,atl_67a835638bc6356c
B,2023,10,95,mirassol,7,atl_71ce1f6c06c71ff1,326622,Titular,547.0,2.0,0.002326852317362588,0.19080189,atl_71ce1f6c06c71ff1
B,2023,10,95,mirassol,6,atl_5e68c573b26aa25b,435961,Titular,174.0,1.0,0.002130881863914881,0.17473231,atl_5e68c573b26aa25b
B,2023,10,95,mirassol,5,atl_fe487fa66cea51ae,307979,Titular,291.0,1.0,0.0018156945338541463,0.14888695,atl_fe487fa66cea51ae
B,2023,10,95,ponte_preta,5,atl_1b93d2582891b2fb,465048,Titular,3157.0,5.0,0.001486522935815868,0.12189488,atl_1b93d2582891b2fb
B,2023,10,96,ituano,5,atl_f90a8f255908592a,339273,Titular,1490.0,3.0,0.0017267408926023265,0.14159275,atl_f90a8f255908592a
B,2023,10,96,ituano,9,atl_57c57f6188710a8f,545775,Titular,1766.0,3.0,0.0015164229374574712,0.12434668,atl_57c57f6188710a8f
B,2023,10,96,ituano,8,atl_da959a5ff27b726c,406069,Titular,518.0,1.0,0.0014108196230634869,0.11568721,atl_da959a5ff27b726c
B,2023,10,96,vitoria,13,atl_640fc0353b94e042,388312,Titular,1285.0,2.0,0.001364825981108476,0.11191573,atl_640fc0353b94e042
B,2023,10,96,vitoria,8,atl_79973ceb0b7cc5ee,429655,Titular,2403.0,3.0,0.0011836770155971856,0.09706152,atl_79973ceb0b7cc5ee
B,2023,10,97,chapecoense,5,atl_fc1a09fb0c935177,369403,Titular,1033.0,4.0,0.0028938123785248724,0.23729262,atl_fc1a09fb0c935177
B,2023,10,97,ceara,5,atl_eabe50b478a200d7,502736,Titular,2473.0,6.0,0.0021648887912138004,0.17752088,atl_eabe50b478a200d7
B,2023,10,97,chapecoense,9,atl_ddd3b2a8bcfdac85,413248,Titular,729.0,2.0,0.001982273699168942,0.16254644,atl_ddd3b2a8bcfdac85
B,2023,10,97,ceara,14,atl_b78ed18878b8608b,299778,Titular,745.0,2.0,0.0019567986958061285,0.16045749,atl_b78ed18878b8608b
B,2023,10,97,ceara,6,atl_6f27226dd5d3f780,328312,Titular,751.0,2.0,0.0019474135701667704,0.15968791,atl_6f27226dd5d3f780
B,2023,10,98,avai,35,atl_cbe86dcef5a2f355,593415,Titular,180.0,1.0,0.0021120799651156317,0.17319056,atl_cbe86dcef5a2f355
B,2023,10,98,juventude,53,atl_50f25fc4daaef02b,425933,Titular,431.0,1.0,0.001542657761846004,0.12649794,atl_50f25fc4daaef02b
B,2023,10,98,juventude,16,atl_697ba9685a345304,302192,Titular,701.0,1.0,0.0011958487729214235,0.0980596,atl_697ba9685a345304
B,2023,10,98,juventude,77,atl_94269f03c975963b,150986,Titular,3012.0,3.0,0.0009784209499654412,0.08023052,atl_94269f03c975963b
B,2023,10,98,avai,17,atl_c338ef1a9679f34a,547718,Titular,79.0,0.0,0.0007533927051444379,0.0617782,atl_c338ef1a9679f34a
B,2023,10,99,londrina,7,atl_d1fa367b58911e26,360467,Titular,1426.0,3.0,0.0017841196138518327,0.14629781,atl_d1fa367b58911e26
B,2023,10,99,londrina,5,atl_cdc4b3007f5d4f4b,174223,Titular,3730.0,7.0,0.001757970301720716,0.14415356,atl_cdc4b3007f5d4f4b
B,2023,10,99,londrina,2,atl_eb4fbe413d56ee81,303922,Titular,325.0,1.0,0.0017408659106407632,0.142751,atl_eb4fbe413d56ee81
B,2023,10,99,sport,7,atl_8bccda153adf0fb1,175065,Titular,2992.0,3.0,0.00098402473547498,0.08069003,atl_8bccda153adf0fb1
B,2023,10,99,londrina,19,atl_57bb60157c4451f9,333824,Titular,981.0,1.0,0.0009697598759477581,0.07952031,atl_57bb60157c4451f9
B,2023,10,100,abc,1,atl_4b1200978b40d036,317624,Titular,990.0,3.0,0.002306184145153443,0.1891071,atl_4b1200978b40d036
B,2023,10,100,abc,23,atl_57c15f2f1a0bbd29,318691,Titular,145.0,1.0,0.002226688955470744,0.18258849,atl_57c15f2f1a0bbd29
B,2023,10,100,novorizontino,9,atl_6611ad4d57c99a74,298282,Titular,2089.0,4.0,0.0017134856609805442,0.14050582,atl_6611ad4d57c99a74
B,2023,10,100,abc,8,atl_353529efd4f3c24a,430405,Titular,948.0,2.0,0.0016824684919051311,0.13796242,atl_353529efd4f3c24a
B,2023,10,100,abc,9,atl_f430018ee7464e5a,311487,Titular,1749.0,3.0,0.0015278854496570164,0.12528661,atl_f430018ee7464e5a
B,2023,11,101,ponte_preta,4,atl_e23ce9f74e0b8ef7,378323,Titular,1835.0,6.0,0.0027581682852407022,0.2261698,atl_e23ce9f74e0b8ef7
B,2023,11,101,abc,15,atl_8fd856580da7ec21,330690,Titular,540.0,2.0,0.002346464371189462,0.19241008,atl_8fd856580da7ec21
B,2023,11,101,ponte_preta,8,atl_67a835638bc6356c,600810,Titular,2712.0,7.0,0.0023164143667612205,0.18994598,atl_67a835638bc6356c
B,2023,11,101,abc,1,atl_4b1200978b40d036,317624,Titular,1080.0,3.0,0.0021774195860993924,0.17854841,atl_4b1200978b40d036
B,2023,11,101,abc,9,atl_f430018ee7464e5a,311487,Titular,1839.0,3.0,0.0014708520504647458,0.12060987,atl_f430018ee7464e5a
B,2023,11,102,ceara,15,atl_ad0be9a2181b5938,409030,Titular,440.0,3.0,0.0036599180276989792,0.30011328,atl_ad0be9a2181b5938
B,2023,11,102,atletico,3,atl_8541ba1aedd4bcf8,348257,Titular,286.0,1.0,0.001832471941522952,0.1502627,atl_8541ba1aedd4bcf8
B,2023,11,102,ceara,14,atl_b78ed18878b8608b,299778,Titular,835.0,2.0,0.001827957262949094,0.1498925,atl_b78ed18878b8608b
B,2023,11,102,ceara,8,atl_09ff97acea7fc05d,305393,Titular,2550.0,5.0,0.0017837124413236196,0.14626442,atl_09ff97acea7fc05d
B,2023,11,102,ceara,17,atl_e63422ca8c60f17a,581767,Titular,442.0,1.0,0.0015290052505701065,0.12537843,atl_e63422ca8c60f17a
B,2023,11,103,criciuma,33,atl_69ed1a3518adaa3b,298361,Titular,801.0,2.0,0.0018757286287755884,0.15380975,atl_69ed1a3518adaa3b
B,2023,11,103,criciuma,2,atl_380df224c145e892,188472,Titular,2442.0,5.0,0.0018491920278847858,0.15163375,atl_380df224c145e892
B,2023,11,103,juventude,44,atl_1643ff6385932f7d,539820,Titular,2311.0,4.0,0.001579623958035233,0.12952916,atl_1643ff6385932f7d
B,2023,11,103,criciuma,22,atl_127c6107d2f86526,363926,Titular,3076.0,5.0,0.001521343105715056,0.12475013,atl_127c6107d2f86526
B,2023,11,103,juventude,53,atl_50f25fc4daaef02b,425933,Titular,521.0,1.0,0.0014106982821126743,0.11567726,atl_50f25fc4daaef02b
B,2023,11,104,ituano,2,atl_05625b3bd4a8a214,399087,Titular,209.0,1.0,0.002031485114297659,0.16658178,atl_05625b3bd4a8a214
B,2023,11,104,ituano,9,atl_b2b40462ee3704a5,311813,Titular,1877.0,4.0,0.0018680365780551283,0.153179,atl_b2b40462ee3704a5
B,2023,11,104,ituano,5,atl_f90a8f255908592a,339273,Titular,1552.0,3.0,0.0016765706364702925,0.13747879,atl_f90a8f255908592a
B,2023,11,104,ituano,3,atl_f50285e31e566958,308008,Titular,360.0,1.0,0.0016747941232988842,0.13733312,atl_f50285e31e566958
B,2023,11,104,botafogo,10,atl_1a68344c931721eb,335599,Titular,448.0,1.0,0.0015193280021487767,0.1245849,atl_1a68344c931721eb
B,2023,11,105,guarani,9,atl_df3378fb78f86873,374375,Titular,378.0,2.0,0.0027794111002699775,0.22791171,atl_df3378fb78f86873
B,2023,11,105,novorizontino,9,atl_6611ad4d57c99a74,298282,Titular,2175.0,4.0,0.0016599338116026318,0.13611457,atl_6611ad4d57c99a74
B,2023,11,105,novorizontino,11,atl_b36618bb7e0071c5,355362,Titular,2561.0,4.0,0.0014506118739095197,0.11895017,atl_b36618bb7e0071c5
B,2023,11,105,novorizontino,28,atl_772bd80488b89ed8,294484,Titular,664.0,1.0,0.0012373908471108594,0.10146605,atl_772bd80488b89ed8
B,2023,11,105,guarani,12,atl_d2aed1e35124ccce,186142,Titular,675.0,1.0,0.0012258067625847153,0.10051615,atl_d2aed1e35124ccce
B,2023,11,106,avai,98,atl_dadb4d91e57b3746,382612,Titular,1827.0,3.0,0.001478437020213597,0.12123184,atl_dadb4d91e57b3746
B,2023,11,106,avai,7,atl_f176e6a9647f2e32,463027,Titular,1311.0,2.0,0.0013475002462932306,0.11049502,atl_f176e6a9647f2e32
B,2023,11,106,avai,99,atl_5456abee9c3eab66,422561,Titular,1662.0,2.0,0.0011287340175934507,0.09255619,atl_5456abee9c3eab66
B,2023,11,106,sport,5,atl_60267bbddd07a81d,338491,Titular,1955.0,2.0,0.0009940215666138657,0.08150977,atl_60267bbddd07a81d
B,2023,11,106,sport,7,atl_8bccda153adf0fb1,175065,Titular,3082.0,3.0,0.0009604475002895144,0.0787567,atl_8bccda153adf0fb1
B,2023,11,107,londrina,2,atl_eb4fbe413d56ee81,303922,Titular,391.0,2.0,0.002738858525294097,0.2245864,atl_eb4fbe413d56ee81
B,2023,11,107,sampaio_correa,5,atl_baedf75634968494,374851,Titular,2214.0,5.0,0.002004540510698983,0.16437232,atl_baedf75634968494
B,2023,11,107,londrina,5,atl_cdc4b3007f5d4f4b,174223,Titular,3820.0,7.0,0.0017222969782493148,0.14122835,atl_cdc4b3007f5d4f4b
B,2023,11,107,londrina,7,atl_d1fa367b58911e26,360467,Titular,1501.0,3.0,0.0017193018221074664,0.14098275,atl_d1fa367b58911e26
B,2023,11,107,sampaio_correa,15,atl_e0d3ad42c0d03528,184656,Titular,1130.0,2.0,0.0014971306417405155,0.12276471,atl_e0d3ad42c0d03528
B,2023,11,108,chapecoense,2,atl_518fecebbfee082a,455446,Titular,1354.0,5.0,0.002934370521055577,0.24061838,atl_518fecebbfee082a
B,2023,11,108,chapecoense,5,atl_fc1a09fb0c935177,369403,Titular,1123.0,4.0,0.002735873657447344,0.22434164,atl_fc1a09fb0c935177
B,2023,11,108,vila_nova,2,atl_135d75d2a05d4ef4,415195,Titular,529.0,2.0,0.0023715480525141304,0.19446694,atl_135d75d2a05d4ef4
B,2023,11,108,chapecoense,55,atl_247d5865f8729748,441692,Titular,973.0,2.0,0.0016567026110231096,0.13584961,atl_247d5865f8729748
B,2023,11,108,vila_nova,10,atl_a7e338192c18e204,533963,Titular,2583.0,4.0,0.0014402604430869413,0.11810136,atl_a7e338192c18e204
B,2023,11,109,vitoria,22,atl_9e93b606192993c2,293087,Titular,261.0,1.0,0.001892671413977714,0.15519906,atl_9e93b606192993c2
B,2023,11,109,tombense,7,atl_a6c774fc407ead2b,534970,Titular,479.0,1.0,0.0014712185352778757,0.12063992,atl_a6c774fc407ead2b
B,2023,11,109,vitoria,13,atl_640fc0353b94e042,388312,Titular,1375.0,2.0,0.0013015055712197548,0.10672346,atl_640fc0353b94e042
B,2023,11,109,vitoria,8,atl_79973ceb0b7cc5ee,429655,Titular,2485.0,3.0,0.0011525370003474171,0.09450803,atl_79973ceb0b7cc5ee
B,2023,11,109,tombense,4,atl_7d3f800dc2bbda03,184174,Titular,3021.0,3.0,0.0009770868918026244,0.08012113,atl_7d3f800dc2bbda03
B,2023,11,110,mirassol,5,atl_fe487fa66cea51ae,307979,Titular,356.0,2.0,0.0028508445631273836,0.23376925,atl_fe487fa66cea51ae
B,2023,11,110,crb,4,atl_4fb70cea490aa9b3,378811,Titular,1511.0,4.0,0.002208017377442586,0.18105742,atl_4fb70cea490aa9b3
B,2023,11,110,crb,33,atl_3de67f7ef2964f19,583991,Titular,636.0,2.0,0.002148171607426972,0.17615007,atl_3de67f7ef2964f19
B,2023,11,110,mirassol,7,atl_71ce1f6c06c71ff1,326622,Titular,637.0,2.0,0.0021462822744389098,0.17599515,atl_71ce1f6c06c71ff1
B,2023,11,110,mirassol,6,atl_5e68c573b26aa25b,435961,Titular,264.0,1.0,0.0018852394581636654,0.15458964,atl_5e68c573b26aa25b
B,2023,12,111,ponte_preta,4,atl_e23ce9f74e0b8ef7,378323,Titular,1925.0,6.0,0.002656370859386905,0.21782241,atl_e23ce9f74e0b8ef7
B,2023,12,111,ponte_preta,40,atl_6bff0f0c397b9624,355149,Titular,725.0,2.0,0.0019932239461332613,0.16344436,atl_6bff0f0c397b9624
B,2023,12,111,sport,6,atl_29669086be27af00,690534,Titular,489.0,1.0,0.0014577344125513091,0.11953422,atl_29669086be27af00
B,2023,12,111,ponte_preta,5,atl_1b93d2582891b2fb,465048,Titular,3337.0,5.0,0.0014182171837407466,0.11629381,atl_1b93d2582891b2fb
B,2023,12,111,ponte_preta,6,atl_4c78950aaf5a558f,536558,Titular,585.0,1.0,0.001328755146555986,0.10895792,atl_4c78950aaf5a558f
B,2023,12,112,vila_nova,2,atl_135d75d2a05d4ef4,415195,Titular,619.0,2.0,0.002182036938349638,0.17892703,atl_135d75d2a05d4ef4
B,2023,12,112,vila_nova,6,atl_9ee4a00a84ecf818,719313,Titular,982.0,2.0,0.0016475704008186538,0.13510077,atl_9ee4a00a84ecf818
B,2023,12,112,guarani,27,atl_26b06572a565a900,527028,Titular,1090.0,2.0,0.0015356599584988961,0.12592412,atl_26b06572a565a900
B,2023,12,112,vila_nova,10,atl_a7e338192c18e204,533963,Titular,2665.0,4.0,0.0014033805162759067,0.1150772,atl_a7e338192c18e204
B,2023,12,112,guarani,4,atl_d319008c8b843bb2,386746,Titular,1723.0,2.0,0.001098380267212436,0.09006718,atl_d319008c8b843bb2
B,2023,12,113,avai,17,atl_c338ef1a9679f34a,547718,Titular,149.0,1.0,0.0022214165393116252,0.18215616,atl_c338ef1a9679f34a
B,2023,12,113,avai,35,atl_cbe86dcef5a2f355,593415,Titular,270.0,1.0,0.0018723367974197982,0.15353162,atl_cbe86dcef5a2f355
B,2023,12,113,avai,98,atl_dadb4d91e57b3746,382612,Titular,1905.0,4.0,0.001846860429943137,0.15144256,atl_dadb4d91e57b3746
B,2023,12,113,botafogo,7,atl_b256530a6f4fd72d,504858,Titular,415.0,1.0,0.001575627687446169,0.12920147,atl_b256530a6f4fd72d
B,2023,12,113,botafogo,10,atl_1a68344c931721eb,335599,Titular,522.0,1.0,0.0014106647103847795,0.11567451,atl_1a68344c931721eb
B,2023,12,114,atletico,8,atl_15b89d83485e77a2,551375,Titular,1401.0,3.0,0.0018104678243099658,0.14845836,atl_15b89d83485e77a2
B,2023,12,114,ituano,5,atl_f90a8f255908592a,339273,Titular,1615.0,3.0,0.0016272810089897139,0.13343704,atl_f90a8f255908592a
B,2023,12,114,ituano,3,atl_f50285e31e566958,308008,Titular,450.0,1.0,0.0015175782463297312,0.12444142,atl_f50285e31e566958
B,2023,12,114,ituano,9,atl_57c57f6188710a8f,545775,Titular,1856.0,3.0,0.001460823146864705,0.1197875,atl_57c57f6188710a8f
B,2023,12,114,atletico,9,atl_d19dd8329860275e,436949,Titular,1417.0,2.0,0.0012737085727768623,0.1044441,atl_d19dd8329860275e
B,2023,12,115,sampaio_correa,8,atl_f999a2d02c77c1c3,310743,Titular,766.0,2.0,0.0019286724597261018,0.15815114,atl_f999a2d02c77c1c3
B,2023,12,115,novorizontino,9,atl_6611ad4d57c99a74,298282,Titular,2251.0,4.0,0.001614576275540983,0.13239525,atl_6611ad4d57c99a74
B,2023,12,115,sampaio_correa,3,atl_69d829c3600c276c,466733,Titular,1036.0,2.0,0.001589648003914873,0.13035114,atl_69d829c3600c276c
B,2023,12,115,novorizontino,11,atl_b36618bb7e0071c5,355362,Titular,2645.0,4.0,0.0014123050346623988,0.11580901,atl_b36618bb7e0071c5
B,2023,12,115,sampaio_correa,22,atl_50cc6e331340493b,463627,Titular,608.0,1.0,0.001301172684127477,0.10669616,atl_50cc6e331340493b
B,2023,12,116,criciuma,42,atl_703fa29aef6028fd,542628,Titular,228.0,1.0,0.0019803562280401713,0.16238921,atl_703fa29aef6028fd
B,2023,12,116,criciuma,33,atl_69ed1a3518adaa3b,298361,Titular,891.0,2.0,0.001755355380311463,0.14393914,atl_69ed1a3518adaa3b
B,2023,12,116,vitoria,22,atl_9e93b606192993c2,293087,Titular,351.0,1.0,0.0016941237767488188,0.13891815,atl_9e93b606192993c2
B,2023,12,116,criciuma,22,atl_127c6107d2f86526,363926,Titular,3166.0,5.0,0.0014843697037679336,0.12171832,atl_127c6107d2f86526
B,2023,12,116,vitoria,13,atl_640fc0353b94e042,388312,Titular,1460.0,2.0,0.0012457649663332882,0.10215273,atl_640fc0353b94e042
B,2023,12,117,ceara,15,atl_ad0be9a2181b5938,409030,Titular,512.0,3.0,0.0034008886699735622,0.27887287,atl_ad0be9a2181b5938
B,2023,12,117,ceara,95,atl_e1125573fb09ee77,421180,Titular,617.0,2.0,0.002185943897952771,0.1792474,atl_e1125573fb09ee77
B,2023,12,117,crb,4,atl_4fb70cea490aa9b3,378811,Titular,1587.0,4.0,0.0021282699252579036,0.17451813,atl_4fb70cea490aa9b3
B,2023,12,117,ceara,5,atl_eabe50b478a200d7,502736,Titular,2563.0,6.0,0.0021030686692828093,0.17245163,atl_eabe50b478a200d7
B,2023,12,117,crb,33,atl_3de67f7ef2964f19,583991,Titular,700.0,2.0,0.0020347494450110373,0.16684945,atl_3de67f7ef2964f19
B,2023,12,118,tombense,5,atl_96a71b8bc5d31710,169938,Titular,788.0,4.0,0.0034485243276500344,0.28277899,atl_96a71b8bc5d31710
B,2023,12,118,tombense,3,atl_d880c426e26e6158,508857,Titular,397.0,2.0,0.002722072836135167,0.22320997,atl_d880c426e26e6158
B,2023,12,118,tombense,7,atl_89c51f04abfae26b,412193,Titular,1902.0,5.0,0.002265486816824831,0.18576992,atl_89c51f04abfae26b
B,2023,12,118,juventude,44,atl_1643ff6385932f7d,539820,Titular,2384.0,4.0,0.0015401176608922484,0.12628965,atl_1643ff6385932f7d
B,2023,12,118,tombense,11,atl_a6c774fc407ead2b,534970,Titular,569.0,1.0,0.001348642969142418,0.11058872,atl_a6c774fc407ead2b
B,2023,12,119,londrina,6,atl_2a3c4c3b241c387a,617642,Titular,45.0,1.0,0.0026453198789233847,0.21691623,atl_2a3c4c3b241c387a
B,2023,12,119,mirassol,5,atl_fe487fa66cea51ae,307979,Titular,446.0,2.0,0.0025810775200985677,0.21164836,atl_fe487fa66cea51ae
B,2023,12,119,londrina,7,atl_4a138cd1251dd009,300738,Titular,595.0,2.0,0.002229862405491548,0.18284872,atl_4a138cd1251dd009
B,2023,12,119,londrina,2,atl_e29d2a9d6c05ba2f,302436,Titular,1149.0,3.0,0.0020871433195956608,0.17114575,atl_e29d2a9d6c05ba2f
B,2023,12,119,mirassol,7,atl_71ce1f6c06c71ff1,326622,Titular,711.0,2.0,0.0020162669975336456,0.16533389,atl_71ce1f6c06c71ff1
B,2023,12,120,chapecoense,25,atl_536a7f9fe4605853,716645,Titular,398.0,2.0,0.0027190415746249945,0.22296141,atl_536a7f9fe4605853
B,2023,12,120,abc,15,atl_8fd856580da7ec21,330690,Titular,630.0,2.0,0.0021607958708081813,0.17718526,atl_8fd856580da7ec21
B,2023,12,120,chapecoense,80,atl_331fc0ba6e7155d6,520331,Titular,330.0,1.0,0.0017369871494135479,0.14243295,atl_331fc0ba6e7155d6
B,2023,12,120,abc,11,atl_a6f45333b6501499,431346,Titular,408.0,1.0,0.0015877745969308861,0.13019752,atl_a6f45333b6501499
B,2023,12,120,chapecoense,55,atl_247d5865f8729748,441692,Titular,1063.0,2.0,0.0015621876737128887,0.12809939,atl_247d5865f8729748
B,2023,13,121,vitoria,5,atl_6ecbee28d54f550c,349707,Titular,413.0,1.0,0.0015776866530665464,0.12937031,atl_6ecbee28d54f550c
B,2023,13,121,vitoria,22,atl_9e93b606192993c2,293087,Titular,441.0,1.0,0.0015307416729540455,0.12552082,atl_9e93b606192993c2
B,2023,13,121,guarani,27,atl_26b06572a565a900,527028,Titular,1180.0,2.0,0.001452635663243903,0.11911612,atl_26b06572a565a900
B,2023,13,121,vitoria,8,atl_79973ceb0b7cc5ee,429655,Titular,2646.0,3.0,0.0010935880210584097,0.08967422,atl_79973ceb0b7cc5ee
B,2023,13,121,guarani,34,atl_d319008c8b843bb2,386746,Titular,1813.0,2.0,0.0010550920511239762,0.08651755,atl_d319008c8b843bb2
B,2023,13,122,ponte_preta,4,atl_e23ce9f74e0b8ef7,378323,Titular,2015.0,6.0,0.0025608063277335015,0.20998612,atl_e23ce9f74e0b8ef7
B,2023,13,122,ponte_preta,8,atl_67a835638bc6356c,600810,Titular,2815.0,7.0,0.002244472975640952,0.18404678,atl_67a835638bc6356c
B,2023,13,122,atletico,8,atl_15b89d83485e77a2,551375,Titular,1491.0,3.0,0.0017279899117276529,0.14169517,atl_15b89d83485e77a2
B,2023,13,122,ponte_preta,5,atl_1b93d2582891b2fb,465048,Titular,3427.0,5.0,0.0013853903524954816,0.11360201,atl_1b93d2582891b2fb
B,2023,13,122,ponte_preta,15,atl_0fb8d0aa0ad0a4b9,377697,Titular,3581.0,4.0,0.0010880734903821996,0.08922203,atl_0fb8d0aa0ad0a4b9
B,2023,13,123,londrina,2,atl_eb4fbe413d56ee81,303922,Titular,481.0,3.0,0.0035070620940364497,0.28757909,atl_eb4fbe413d56ee81
B,2023,13,123,londrina,6,atl_2a3c4c3b241c387a,617642,Titular,135.0,1.0,0.0022683904161413496,0.18600801,atl_2a3c4c3b241c387a
B,2023,13,123,avai,16,atl_b7f3daf8c888dbb7,291982,Titular,183.0,1.0,0.0021089720560025726,0.17293571,atl_b7f3daf8c888dbb7
B,2023,13,123,avai,98,atl_dadb4d91e57b3746,382612,Titular,1995.0,4.0,0.0017797306269538102,0.14593791,atl_dadb4d91e57b3746
B,2023,13,123,avai,35,atl_cbe86dcef5a2f355,593415,Titular,360.0,1.0,0.0016749161793601826,0.13734313,atl_cbe86dcef5a2f355
B,2023,13,124,vila_nova,2,atl_135d75d2a05d4ef4,415195,Titular,709.0,2.0,0.0020185507975597657,0.16552117,atl_135d75d2a05d4ef4
B,2023,13,124,vila_nova,6,atl_9ee4a00a84ecf818,719313,Titular,1072.0,2.0,0.0015524350599553161,0.12729967,atl_9ee4a00a84ecf818
B,2023,13,124,vila_nova,3,atl_0c6a06208fa3b31a,456246,Titular,1137.0,2.0,0.0014907928614842742,0.12224501,atl_0c6a06208fa3b31a
B,2023,13,124,vila_nova,10,atl_a7e338192c18e204,533963,Titular,2742.0,4.0,0.0013696569754009119,0.11231187,atl_a7e338192c18e204
B,2023,13,124,vila_nova,9,atl_eac2eff87c55e77b,383352,Titular,1959.0,2.0,0.0009924473014435774,0.08138068,atl_eac2eff87c55e77b
B,2023,13,125,mirassol,5,atl_9b25372db780c18d,315023,Titular,2403.0,8.0,0.0029074846414914764,0.23841374,atl_9b25372db780c18d
B,2023,13,125,abc,1,atl_4b1200978b40d036,317624,Titular,1170.0,3.0,0.002060136475598657,0.16893119,atl_4b1200978b40d036
B,2023,13,125,abc,15,atl_8fd856580da7ec21,330690,Titular,720.0,2.0,0.0020003507493850468,0.16402876,atl_8fd856580da7ec21
B,2023,13,125,mirassol,10,atl_71ce1f6c06c71ff1,326622,Titular,801.0,2.0,0.0018758093114909738,0.15381636,atl_71ce1f6c06c71ff1
B,2023,13,125,abc,14,atl_61a6ac864cbffe09,325913,Titular,366.0,1.0,0.0016633116792722365,0.13639156,atl_61a6ac864cbffe09
B,2023,13,126,juventude,53,atl_50f25fc4daaef02b,425933,Titular,602.0,2.0,0.0022145443867965125,0.18159264,atl_50f25fc4daaef02b
B,2023,13,126,juventude,47,atl_23d6f7a78c6eb144,619311,Titular,314.0,1.0,0.0017695674622232886,0.14510453,atl_23d6f7a78c6eb144
B,2023,13,126,juventude,16,atl_697ba9685a345304,302192,Titular,971.0,1.0,0.0009792168009855587,0.08029578,atl_697ba9685a345304
B,2023,13,126,sport,5,atl_60267bbddd07a81d,338491,Titular,2125.0,2.0,0.0009296868244760978,0.07623432,atl_60267bbddd07a81d
B,2023,13,126,juventude,77,atl_94269f03c975963b,150986,Titular,3282.0,3.0,0.0009096848001718024,0.07459415,atl_94269f03c975963b
B,2023,13,127,ceara,15,atl_ad0be9a2181b5938,409030,Titular,602.0,3.0,0.0031219854031304508,0.2560028,atl_ad0be9a2181b5938
B,2023,13,127,ceara,6,atl_6f27226dd5d3f780,328312,Titular,931.0,3.0,0.002404212378930648,0.19714542,atl_6f27226dd5d3f780
B,2023,13,127,ceara,14,atl_b78ed18878b8608b,299778,Titular,1005.0,3.0,0.00228599861411944,0.18745189,atl_b78ed18878b8608b
B,2023,13,127,ceara,95,atl_e1125573fb09ee77,421180,Titular,679.0,2.0,0.0020699134132737547,0.1697329,atl_e1125573fb09ee77
B,2023,13,127,sampaio_correa,5,atl_baedf75634968494,374851,Titular,2295.0,5.0,0.001946485836940879,0.15961184,atl_baedf75634968494
B,2023,13,128,chapecoense,5,atl_fc1a09fb0c935177,369403,Titular,1213.0,5.0,0.0031759649236717783,0.26042912,atl_fc1a09fb0c935177
B,2023,13,128,chapecoense,2,atl_518fecebbfee082a,455446,Titular,1399.0,5.0,0.0028648909501051904,0.23492106,atl_518fecebbfee082a
B,2023,13,128,chapecoense,6,atl_b2f855a3d2a8ad13,363313,Titular,660.0,2.0,0.002103817167456687,0.17251301,atl_b2f855a3d2a8ad13
B,2023,13,128,chapecoense,9,atl_ddd3b2a8bcfdac85,413248,Titular,819.0,2.0,0.0018502107007200583,0.15171728,atl_ddd3b2a8bcfdac85
B,2023,13,128,criciuma,33,atl_69ed1a3518adaa3b,298361,Titular,981.0,2.0,0.0016478243850437252,0.1351216,atl_69ed1a3518adaa3b
B,2023,13,129,tombense,5,atl_96a71b8bc5d31710,169938,Titular,878.0,4.0,0.0032223714907472834,0.26423446,atl_96a71b8bc5d31710
B,2023,13,129,tombense,3,atl_d880c426e26e6158,508857,Titular,477.0,2.0,0.002497879134339567,0.20482609,atl_d880c426e26e6158
B,2023,13,129,tombense,7,atl_89c51f04abfae26b,412193,Titular,1974.0,5.0,0.0021990411941187372,0.18032138,atl_89c51f04abfae26b
B,2023,13,129,tombense,9,atl_697aeedd82653380,188453,Titular,365.0,1.0,0.0016652345829476958,0.13654924,atl_697aeedd82653380
B,2023,13,129,novorizontino,9,atl_6611ad4d57c99a74,298282,Titular,2329.0,4.0,0.0015696104327500022,0.12870806,atl_6611ad4d57c99a74
B,2023,13,130,ituano,2,atl_05625b3bd4a8a214,399087,Titular,299.0,2.0,0.0030543528338545143,0.25045693,atl_05625b3bd4a8a214
B,2023,13,130,ituano,5,atl_5c47fcd3d8a48b45,422022,Titular,145.0,1.0,0.0022332215724802434,0.18312417,atl_5c47fcd3d8a48b45
B,2023,13,130,crb,4,atl_4fb70cea490aa9b3,378811,Titular,1671.0,4.0,0.0020453375929294134,0.16771768,atl_4fb70cea490aa9b3
B,2023,13,130,crb,33,atl_3de67f7ef2964f19,583991,Titular,790.0,2.0,0.001891804584689734,0.15512798,atl_3de67f7ef2964f19
B,2023,13,130,ituano,9,atl_57c57f6188710a8f,545775,Titular,1946.0,3.0,0.0014065527041086496,0.11533732,atl_57c57f6188710a8f
B,2023,14,131,mirassol,5,atl_fe487fa66cea51ae,307979,Titular,530.0,3.0,0.003340007123937899,0.27388058,atl_fe487fa66cea51ae
B,2023,14,131,mirassol,7,atl_71ce1f6c06c71ff1,326622,Titular,883.0,2.0,0.001764430468297929,0.1446833,atl_71ce1f6c06c71ff1
B,2023,14,131,mirassol,6,atl_5e68c573b26aa25b,435961,Titular,497.0,1.0,0.001444540960537649,0.11845236,atl_5e68c573b26aa25b
B,2023,14,131,guarani,34,atl_d319008c8b843bb2,386746,Titular,1903.0,3.0,0.0014316301862904851,0.11739368,atl_d319008c8b843bb2
B,2023,14,131,mirassol,9,atl_34ecc5aadbaf76ea,583756,Titular,507.0,1.0,0.0014301959658947726,0.11727607,atl_34ecc5aadbaf76ea
B,2023,14,132,tombense,5,atl_96a71b8bc5d31710,169938,Titular,968.0,5.0,0.003705863309029997,0.30388079,atl_96a71b8bc5d31710
B,2023,14,132,tombense,3,atl_d880c426e26e6158,508857,Titular,567.0,2.0,0.002286979697896941,0.18753234,atl_d880c426e26e6158
B,2023,14,132,tombense,7,atl_89c51f04abfae26b,412193,Titular,2037.0,5.0,0.0021443466053039165,0.17583642,atl_89c51f04abfae26b
B,2023,14,132,vila_nova,10,atl_a7e338192c18e204,533963,Titular,2799.0,5.0,0.0016490473894077101,0.13522189,atl_a7e338192c18e204
B,2023,14,132,tombense,9,atl_697aeedd82653380,188453,Titular,410.0,1.0,0.001582645425995644,0.12977692,atl_697aeedd82653380
B,2023,14,133,crb,4,atl_4fb70cea490aa9b3,378811,Titular,1761.0,4.0,0.001963824563315363,0.16103361,atl_4fb70cea490aa9b3
B,2023,14,133,crb,33,atl_3de67f7ef2964f19,583991,Titular,861.0,2.0,0.0017929517543394827,0.14702204,atl_3de67f7ef2964f19
B,2023,14,133,criciuma,42,atl_703fa29aef6028fd,542628,Titular,313.0,1.0,0.0017714727400443247,0.14526076,atl_703fa29aef6028fd
B,2023,14,133,criciuma,22,atl_127c6107d2f86526,363926,Titular,3346.0,5.0,0.0014145104882100977,0.11598986,atl_127c6107d2f86526
B,2023,14,133,criciuma,17,atl_895c97ce05652e37,379397,Titular,2071.0,3.0,0.0013380814226589017,0.10972268,atl_895c97ce05652e37
B,2023,14,134,ponte_preta,4,atl_e23ce9f74e0b8ef7,378323,Titular,2105.0,6.0,0.0024722484981405126,0.20272438,atl_e23ce9f74e0b8ef7
B,2023,14,134,ponte_preta,8,atl_67a835638bc6356c,600810,Titular,2883.0,7.0,0.0021992927394785798,0.180342,atl_67a835638bc6356c
B,2023,14,134,ituano,3,atl_f50285e31e566958,308008,Titular,630.0,2.0,0.0021594755200495894,0.17707699,atl_f50285e31e566958
B,2023,14,134,ituano,5,atl_5c47fcd3d8a48b45,422022,Titular,235.0,1.0,0.0019594657655184165,0.16067619,atl_5c47fcd3d8a48b45
B,2023,14,134,ponte_preta,40,atl_6bff0f0c397b9624,355149,Titular,814.0,2.0,0.0018570832097838934,0.15228082,atl_6bff0f0c397b9624
B,2023,14,135,botafogo,8,atl_9ad91091c914ae92,381191,Titular,647.0,2.0,0.002127469344076753,0.17445249,atl_9ad91091c914ae92
B,2023,14,135,novorizontino,28,atl_772bd80488b89ed8,294484,Titular,785.0,2.0,0.0018989940370864095,0.15571751,atl_772bd80488b89ed8
B,2023,14,135,novorizontino,9,atl_6611ad4d57c99a74,298282,Titular,2406.0,4.0,0.0015279447135774383,0.12529147,atl_6611ad4d57c99a74
B,2023,14,135,novorizontino,11,atl_b36618bb7e0071c5,355362,Titular,2710.0,4.0,0.0013832421612635624,0.11342586,atl_b36618bb7e0071c5
B,2023,14,135,botafogo,2,atl_9f69130327ef61b9,543706,Titular,1361.0,2.0,0.001311234464081696,0.10752123,atl_9f69130327ef61b9
B,2023,14,136,sampaio_correa,3,atl_69d829c3600c276c,466733,Titular,1209.0,3.0,0.002012994346200138,0.16506554,atl_69d829c3600c276c
B,2023,14,136,sampaio_correa,5,atl_baedf75634968494,374851,Titular,2385.0,5.0,0.0018856871187715894,0.15462634,atl_baedf75634968494
B,2023,14,136,sampaio_correa,8,atl_f999a2d02c77c1c3,310743,Titular,924.0,2.0,0.0017136287483539578,0.14051756,atl_f999a2d02c77c1c3
B,2023,14,136,vitoria,10,atl_1f85b5f88c773ffc,292205,Titular,2413.0,4.0,0.0015242730304346158,0.12499039,atl_1f85b5f88c773ffc
B,2023,14,136,vitoria,22,atl_9e93b606192993c2,293087,Titular,531.0,1.0,0.0013969033342929545,0.11454607,atl_9e93b606192993c2
B,2023,14,137,avai,16,atl_b7f3daf8c888dbb7,291982,Titular,273.0,2.0,0.0031568012130091024,0.2588577,atl_b7f3daf8c888dbb7
B,2023,14,137,ceara,6,atl_6f27226dd5d3f780,328312,Titular,1016.0,3.0,0.0022692660538628207,0.18607982,atl_6f27226dd5d3f780
B,2023,14,137,ceara,14,atl_b78ed18878b8608b,299778,Titular,1063.0,3.0,0.0022010283670224158,0.18048433,atl_b78ed18878b8608b
B,2023,14,137,ceara,5,atl_eabe50b478a200d7,502736,Titular,2643.0,6.0,0.002049063740902334,0.16802323,atl_eabe50b478a200d7
B,2023,14,137,avai,35,atl_cbe86dcef5a2f355,593415,Titular,450.0,1.0,0.001516007723848459,0.12431263,atl_cbe86dcef5a2f355
B,2023,14,138,chapecoense,25,atl_536a7f9fe4605853,716645,Titular,488.0,3.0,0.0034819912324453805,0.28552328,atl_536a7f9fe4605853
B,2023,14,138,chapecoense,2,atl_518fecebbfee082a,455446,Titular,1489.0,5.0,0.002735146977202632,0.22428205,atl_518fecebbfee082a
B,2023,14,138,chapecoense,6,atl_b2f855a3d2a8ad13,363313,Titular,750.0,2.0,0.0019521658701248288,0.1600776,atl_b2f855a3d2a8ad13
B,2023,14,138,chapecoense,11,atl_763bc6bee2e02bbf,427774,Titular,440.0,1.0,0.0015321354655915278,0.12563511,atl_763bc6bee2e02bbf
B,2023,14,138,chapecoense,55,atl_247d5865f8729748,441692,Titular,1217.0,2.0,0.0014212040405684543,0.11653873,atl_247d5865f8729748
B,2023,14,139,londrina,2,atl_eb4fbe413d56ee81,303922,Titular,571.0,3.0,0.0032121450398282314,0.26339589,atl_eb4fbe413d56ee81
B,2023,14,139,londrina,5,atl_cdc4b3007f5d4f4b,174223,Titular,4090.0,7.0,0.0016209602042823606,0.13291874,atl_cdc4b3007f5d4f4b
B,2023,14,139,londrina,7,atl_d1fa367b58911e26,360467,Titular,1681.0,3.0,0.001577353203877137,0.12934296,atl_d1fa367b58911e26
B,2023,14,139,juventude,77,atl_94269f03c975963b,150986,Titular,3348.0,3.0,0.0008940247758981383,0.07331003,atl_94269f03c975963b
B,2023,14,139,londrina,9,atl_0cdd9f44e0355e52,344221,Titular,21.0,0.0,0.0008449277114319308,0.06928407,atl_0cdd9f44e0355e52
B,2023,15,141,novorizontino,28,atl_772bd80488b89ed8,294484,Titular,865.0,3.0,0.002522210665335591,0.20682127,atl_772bd80488b89ed8
B,2023,15,141,ponte_preta,8,atl_67a835638bc6356c,600810,Titular,2973.0,7.0,0.0021430514132401617,0.17573022,atl_67a835638bc6356c
B,2023,15,141,ponte_preta,40,atl_6bff0f0c397b9624,355149,Titular,904.0,2.0,0.0017398985457144458,0.14267168,atl_6bff0f0c397b9624
B,2023,15,141,novorizontino,9,atl_6611ad4d57c99a74,298282,Titular,2469.0,4.0,0.0014964020067979394,0.12270496,atl_6611ad4d57c99a74
B,2023,15,141,ponte_preta,27,atl_9c5bf44c4e086551,186135,Titular,3280.0,5.0,0.0014398988249161593,0.1180717,atl_9c5bf44c4e086551
B,2023,15,142,vila_nova,2,atl_135d75d2a05d4ef4,415195,Titular,766.0,3.0,0.0027194451486438243,0.2229945,atl_135d75d2a05d4ef4
B,2023,15,142,vila_nova,3,atl_0c6a06208fa3b31a,456246,Titular,1305.0,3.0,0.0019073781485778847,0.15640501,atl_0c6a06208fa3b31a
B,2023,15,142,atletico,8,atl_15b89d83485e77a2,551375,Titular,1581.0,3.0,0.0016544053619332445,0.13566124,atl_15b89d83485e77a2
B,2023,15,142,atletico,2,atl_8541ba1aedd4bcf8,348257,Titular,379.0,1.0,0.0016414306691502638,0.13459731,atl_8541ba1aedd4bcf8
B,2023,15,142,atletico,11,atl_2ae1ea7b1966ff18,409168,Titular,529.0,1.0,0.0014021550614024118,0.11497672,atl_2ae1ea7b1966ff18
B,2023,15,143,avai,16,atl_b7f3daf8c888dbb7,291982,Titular,340.0,2.0,0.002908116140694145,0.23846552,atl_b7f3daf8c888dbb7
B,2023,15,143,abc,1,atl_4b1200978b40d036,317624,Titular,1260.0,4.0,0.002524328158058569,0.20699491,atl_4b1200978b40d036
B,2023,15,143,abc,15,atl_8fd856580da7ec21,330690,Titular,810.0,2.0,0.0018647462276206732,0.15290919,atl_8fd856580da7ec21
B,2023,15,143,avai,8,atl_ca7ecbe9da8d6e30,392562,Titular,839.0,2.0,0.0018243596401666033,0.14959749,atl_ca7ecbe9da8d6e30
B,2023,15,143,avai,98,atl_dadb4d91e57b3746,382612,Titular,2085.0,4.0,0.0017186915118696641,0.1409327,atl_dadb4d91e57b3746
B,2023,15,144,guarani,23,atl_a516feda88cfcf4f,442409,Titular,506.0,2.0,0.002428248069764495,0.19911634,atl_a516feda88cfcf4f
B,2023,15,144,botafogo,11,atl_9ad91091c914ae92,381191,Titular,714.0,2.0,0.00201220556687239,0.16500086,atl_9ad91091c914ae92
B,2023,15,144,guarani,34,atl_d319008c8b843bb2,386746,Titular,1993.0,3.0,0.0013809938059298362,0.11324149,atl_d319008c8b843bb2
B,2023,15,144,guarani,27,atl_26b06572a565a900,527028,Titular,1315.0,2.0,0.0013459049907344803,0.11036421,atl_26b06572a565a900
B,2023,15,144,guarani,29,atl_5c248f1512402a9c,354923,Titular,2124.0,3.0,0.001312049374307577,0.10758805,atl_5c248f1512402a9c
B,2023,15,145,ituano,3,atl_f50285e31e566958,308008,Titular,720.0,2.0,0.002002309473920559,0.16418938,atl_f50285e31e566958
B,2023,15,145,ituano,5,atl_5c47fcd3d8a48b45,422022,Titular,298.0,1.0,0.0018080420528610048,0.14825945,atl_5c47fcd3d8a48b45
B,2023,15,145,mirassol,8,atl_71ce1f6c06c71ff1,326622,Titular,973.0,2.0,0.0016583961698459482,0.13598849,atl_71ce1f6c06c71ff1
B,2023,15,145,mirassol,7,atl_00fc7528f150303c,451258,Titular,2584.0,4.0,0.0014406023210710383,0.11812939,atl_00fc7528f150303c
B,2023,15,145,mirassol,6,atl_5e68c573b26aa25b,435961,Titular,587.0,1.0,0.0013273390599660366,0.1088418,atl_5e68c573b26aa25b
B,2023,15,146,ceara,5,atl_eabe50b478a200d7,502736,Titular,2733.0,6.0,0.001992829433400273,0.16341201,atl_eabe50b478a200d7
B,2023,15,146,ceara,11,atl_ac70e64bf6d2d509,441070,Titular,1088.0,1.0,0.000908575288528389,0.07450317,atl_ac70e64bf6d2d509
B,2023,15,146,sport,5,atl_60267bbddd07a81d,338491,Titular,2305.0,2.0,0.0008708796998870167,0.07141214,atl_60267bbddd07a81d
B,2023,15,146,ceara,77,atl_acc2c4dfb64ef338,523883,Titular,1336.0,1.0,0.0007858483432369726,0.06443956,atl_acc2c4dfb64ef338
B,2023,15,146,ceara,88,atl_499c75f14c9e5103,179288,Titular,70.0,0.0,0.0007768729090931258,0.06370358,atl_499c75f14c9e5103
B,2023,15,147,sampaio_correa,5,atl_baedf75634968494,374851,Titular,2423.0,5.0,0.001862065534787233,0.15268937,atl_baedf75634968494
B,2023,15,147,sampaio_correa,8,atl_f999a2d02c77c1c3,310743,Titular,988.0,2.0,0.0016416784665208883,0.13461763,atl_f999a2d02c77c1c3
B,2023,15,147,criciuma,42,atl_703fa29aef6028fd,542628,Titular,397.0,1.0,0.0016084922610736698,0.13189637,atl_703fa29aef6028fd
B,2023,15,147,criciuma,33,atl_69ed1a3518adaa3b,298361,Titular,1071.0,2.0,0.001554944340027423,0.12750544,atl_69ed1a3518adaa3b
B,2023,15,147,sampaio_correa,13,atl_79501c1a5283bedc,174017,Titular,1855.0,3.0,0.0014619182837295464,0.1198773,atl_79501c1a5283bedc
B,2023,15,148,juventude,36,atl_feca1ae3ea618358,523074,Titular,143.0,1.0,0.0022438842273453836,0.18399851,atl_feca1ae3ea618358
B,2023,15,148,juventude,16,atl_697ba9685a345304,302192,Titular,1061.0,2.0,0.0015649055465618718,0.12832225,atl_697ba9685a345304
B,2023,15,148,vitoria,10,atl_1f85b5f88c773ffc,292205,Titular,2482.0,4.0,0.0014898784568018384,0.12217003,atl_1f85b5f88c773ffc
B,2023,15,148,vitoria,13,atl_640fc0353b94e042,388312,Titular,1640.0,2.0,0.0011415035318612533,0.09360329,atl_640fc0353b94e042
B,2023,15,148,vitoria,2,atl_52c2933b02b80fdc,294382,Titular,1053.0,1.0,0.0009290518726227185,0.07618225,atl_52c2933b02b80fdc
B,2023,15,149,chapecoense,25,atl_536a7f9fe4605853,716645,Titular,533.0,3.0,0.0033328340350271845,0.27329239,atl_536a7f9fe4605853
B,2023,15,149,chapecoense,5,atl_fc1a09fb0c935177,369403,Titular,1258.0,5.0,0.0030960281900927655,0.25387431,atl_fc1a09fb0c935177
B,2023,15,149,tombense,3,atl_d880c426e26e6158,508857,Titular,657.0,3.0,0.0029756417961824388,0.24400263,atl_d880c426e26e6158
B,2023,15,149,chapecoense,2,atl_518fecebbfee082a,455446,Titular,1571.0,5.0,0.0026281108441251,0.21550509,atl_518fecebbfee082a
B,2023,15,149,tombense,7,atl_89c51f04abfae26b,412193,Titular,2098.0,5.0,0.0020950029092313633,0.17179024,atl_89c51f04abfae26b
B,2023,15,150,londrina,6,atl_2a3c4c3b241c387a,617642,Titular,225.0,1.0,0.0019900931837008025,0.16318764,atl_2a3c4c3b241c387a
B,2023,15,150,londrina,2,atl_e29d2a9d6c05ba2f,302436,Titular,1245.0,3.0,0.001972961351394316,0.16178283,atl_e29d2a9d6c05ba2f
B,2023,15,150,londrina,11,atl_101ec08d1c7d45fd,387255,Titular,350.0,1.0,0.0016974324213918609,0.13918946,atl_101ec08d1c7d45fd
B,2023,15,150,crb,33,atl_3de67f7ef2964f19,583991,Titular,951.0,2.0,0.00168354070171129,0.13805034,atl_3de67f7ef2964f19
B,2023,15,150,londrina,5,atl_cdc4b3007f5d4f4b,174223,Titular,4180.0,7.0,0.001590345632090402,0.13040834,atl_cdc4b3007f5d4f4b
B,2023,16,151,londrina,2,atl_eb4fbe413d56ee81,303922,Titular,655.0,3.0,0.0029780665085717686,0.24420145,atl_eb4fbe413d56ee81
B,2023,16,151,londrina,11,atl_101ec08d1c7d45fd,387255,Titular,417.0,1.0,0.0015699747190843977,0.12873793,atl_101ec08d1c7d45fd
B,2023,16,151,londrina,5,atl_cdc4b3007f5d4f4b,174223,Titular,4270.0,7.0,0.001559678578071361,0.12789364,atl_cdc4b3007f5d4f4b
B,2023,16,151,londrina,7,atl_d1fa367b58911e26,360467,Titular,1846.0,3.0,0.0014661836391306022,0.12022706,atl_d1fa367b58911e26
B,2023,16,151,londrina,9,atl_dcc4d9482a24e996,758034,Titular,485.0,1.0,0.0014615906775638505,0.11985044,atl_dcc4d9482a24e996
B,2023,16,152,vila_nova,2,atl_135d75d2a05d4ef4,415195,Titular,842.0,3.0,0.002563090027869145,0.21017338,atl_135d75d2a05d4ef4
B,2023,16,152,vila_nova,3,atl_0c6a06208fa3b31a,456246,Titular,1395.0,3.0,0.0018151276081268563,0.14884046,atl_0c6a06208fa3b31a
B,2023,16,152,vitoria,10,atl_1f85b5f88c773ffc,292205,Titular,2564.0,4.0,0.0014489774208225825,0.11881615,atl_1f85b5f88c773ffc
B,2023,16,152,vila_nova,6,atl_9ee4a00a84ecf818,719313,Titular,1342.0,2.0,0.0013244662418026019,0.10860623,atl_9ee4a00a84ecf818
B,2023,16,152,vitoria,13,atl_640fc0353b94e042,388312,Titular,1730.0,2.0,0.0010940209943499518,0.08970972,atl_640fc0353b94e042
B,2023,16,153,ponte_preta,4,atl_e23ce9f74e0b8ef7,378323,Titular,2195.0,6.0,0.0023894867597032995,0.19593791,atl_e23ce9f74e0b8ef7
B,2023,16,153,ponte_preta,8,atl_67a835638bc6356c,600810,Titular,3063.0,7.0,0.0020880344702218336,0.17121883,atl_67a835638bc6356c
B,2023,16,153,avai,8,atl_ca7ecbe9da8d6e30,392562,Titular,929.0,2.0,0.0017072545958015343,0.13999488,atl_ca7ecbe9da8d6e30
B,2023,16,153,avai,98,atl_dadb4d91e57b3746,382612,Titular,2175.0,4.0,0.0016596885298693056,0.13609446,atl_dadb4d91e57b3746
B,2023,16,153,ponte_preta,40,atl_6bff0f0c397b9624,355149,Titular,980.0,2.0,0.0016484235252705356,0.13517073,atl_6bff0f0c397b9624
B,2023,16,154,ituano,2,atl_05625b3bd4a8a214,399087,Titular,344.0,2.0,0.002890600494550228,0.23702924,atl_05625b3bd4a8a214
B,2023,16,154,juventude,36,atl_feca1ae3ea618358,523074,Titular,210.0,1.0,0.0020276997428174547,0.16627138,atl_feca1ae3ea618358
B,2023,16,154,ituano,3,atl_f50285e31e566958,308008,Titular,810.0,2.0,0.0018623410819850325,0.15271197,atl_f50285e31e566958
B,2023,16,154,juventude,16,atl_697ba9685a345304,302192,Titular,1151.0,2.0,0.0014776903800123517,0.12117061,atl_697ba9685a345304
B,2023,16,154,ituano,9,atl_57c57f6188710a8f,545775,Titular,2188.0,3.0,0.0012796379529019318,0.10493031,atl_57c57f6188710a8f
B,2023,16,155,novorizontino,28,atl_772bd80488b89ed8,294484,Titular,943.0,3.0,0.0023836914881499604,0.1954627,atl_772bd80488b89ed8
B,2023,16,155,novorizontino,9,atl_6611ad4d57c99a74,298282,Titular,2547.0,4.0,0.0014570616401051503,0.11947905,atl_6611ad4d57c99a74
B,2023,16,155,novorizontino,4,atl_43aca2e9da0a643b,291797,Titular,2782.0,4.0,0.001352732119866055,0.11092403,atl_43aca2e9da0a643b
B,2023,16,155,novorizontino,11,atl_b36618bb7e0071c5,355362,Titular,2858.0,4.0,0.0013221163839786756,0.10841354,atl_b36618bb7e0071c5
B,2023,16,155,atletico,7,atl_2ae1ea7b1966ff18,409168,Titular,619.0,1.0,0.0012865655204650516,0.10549837,atl_2ae1ea7b1966ff18
B,2023,16,156,mirassol,5,atl_fe487fa66cea51ae,307979,Titular,604.0,3.0,0.0031156402331525297,0.2554825,atl_fe487fa66cea51ae
B,2023,16,156,mirassol,7,atl_71ce1f6c06c71ff1,326622,Titular,1044.0,2.0,0.0015800950889898915,0.1295678,atl_71ce1f6c06c71ff1
B,2023,16,156,sport,47,atl_9d10843d685260f3,733551,Titular,648.0,1.0,0.0012540651719515617,0.10283334,atl_9d10843d685260f3
B,2023,16,156,mirassol,9,atl_34ecc5aadbaf76ea,583756,Titular,649.0,1.0,0.0012529737314189667,0.10274385,atl_34ecc5aadbaf76ea
B,2023,16,156,mirassol,6,atl_5e68c573b26aa25b,435961,Titular,673.0,1.0,0.001227337440239039,0.10064167,atl_5e68c573b26aa25b
B,2023,16,157,ceara,15,atl_ad0be9a2181b5938,409030,Titular,692.0,3.0,0.0028856265246647588,0.23662138,atl_ad0be9a2181b5938
B,2023,16,157,ceara,6,atl_6f27226dd5d3f780,328312,Titular,1092.0,3.0,0.0021605947345479854,0.17716877,atl_6f27226dd5d3f780
B,2023,16,157,ceara,14,atl_b78ed18878b8608b,299778,Titular,1117.0,3.0,0.002127190363265549,0.17442961,atl_b78ed18878b8608b
B,2023,16,157,botafogo,11,atl_9ad91091c914ae92,381191,Titular,799.0,2.0,0.0018781114837570381,0.15400514,atl_9ad91091c914ae92
B,2023,16,157,ceara,17,atl_e63422ca8c60f17a,581767,Titular,644.0,1.0,0.0012584500152101337,0.1031929,atl_e63422ca8c60f17a
B,2023,16,158,chapecoense,2,atl_518fecebbfee082a,455446,Titular,1661.0,5.0,0.002517198897455064,0.20641031,atl_518fecebbfee082a
B,2023,16,158,crb,22,atl_b038acf6cc5c8de7,323184,Titular,269.0,1.0,0.001872128501170862,0.15351454,atl_b038acf6cc5c8de7
B,2023,16,158,chapecoense,6,atl_b2f855a3d2a8ad13,363313,Titular,930.0,2.0,0.001706060711468806,0.13989698,atl_b2f855a3d2a8ad13
B,2023,16,158,crb,33,atl_3de67f7ef2964f19,583991,Titular,1017.0,2.0,0.0016082180734346687,0.13187388,atl_3de67f7ef2964f19
B,2023,16,158,chapecoense,11,atl_763bc6bee2e02bbf,427774,Titular,530.0,1.0,0.0013977347741751386,0.11461425,atl_763bc6bee2e02bbf
B,2023,16,159,tombense,3,atl_d880c426e26e6158,508857,Titular,747.0,3.0,0.0027583535023258964,0.22618499,atl_d880c426e26e6158
B,2023,16,159,tombense,4,atl_177a79ecc0bf9064,610200,Titular,55.0,1.0,0.0025939942655862935,0.21270753,atl_177a79ecc0bf9064
B,2023,16,159,tombense,7,atl_89c51f04abfae26b,412193,Titular,2161.0,5.0,0.002044219021946784,0.16762596,atl_89c51f04abfae26b
B,2023,16,159,sampaio_correa,3,atl_69d829c3600c276c,466733,Titular,1299.0,3.0,0.0019119882253476334,0.15678303,atl_69d829c3600c276c
B,2023,16,159,sampaio_correa,5,atl_baedf75634968494,374851,Titular,2501.0,5.0,0.0018126180664446493,0.14863468,atl_baedf75634968494
B,2023,16,160,abc,1,atl_4b1200978b40d036,317624,Titular,1350.0,4.0,0.0023998199012975094,0.19678523,atl_4b1200978b40d036
B,2023,16,160,abc,15,atl_8fd856580da7ec21,330690,Titular,900.0,2.0,0.0017426191552859947,0.14289477,atl_8fd856580da7ec21
B,2023,16,160,criciuma,33,atl_69ed1a3518adaa3b,298361,Titular,1161.0,2.0,0.0014687939900062568,0.12044111,atl_69ed1a3518adaa3b
B,2023,16,160,criciuma,42,atl_703fa29aef6028fd,542628,Titular,487.0,1.0,0.001458628994326639,0.11960758,atl_703fa29aef6028fd
B,2023,16,160,criciuma,22,atl_127c6107d2f86526,363926,Titular,3526.0,5.0,0.0013511343311973156,0.11079302,atl_127c6107d2f86526
B,2023,17,161,tombense,5,atl_96a71b8bc5d31710,169938,Titular,1058.0,6.0,0.004133773171429212,0.3389694,atl_96a71b8bc5d31710
B,2023,17,161,ponte_preta,4,atl_e23ce9f74e0b8ef7,378323,Titular,2285.0,6.0,0.0023125380973381374,0.18962812,atl_e23ce9f74e0b8ef7
B,2023,17,161,tombense,4,atl_177a79ecc0bf9064,610200,Titular,139.0,1.0,0.002254176214533197,0.18484245,atl_177a79ecc0bf9064
B,2023,17,161,ponte_preta,40,atl_6bff0f0c397b9624,355149,Titular,1070.0,2.0,0.0015544067522845304,0.12746135,atl_6bff0f0c397b9624
B,2023,17,161,tombense,9,atl_697aeedd82653380,188453,Titular,546.0,1.0,0.001377073232396475,0.11292001,atl_697aeedd82653380
B,2023,17,162,atletico,11,atl_14e3b735d8a2696d,451607,Titular,953.0,2.0,0.0016795723338518325,0.13772493,atl_14e3b735d8a2696d
B,2023,17,162,atletico,9,atl_d19dd8329860275e,436949,Titular,1615.0,3.0,0.00162667546150672,0.13338739,atl_d19dd8329860275e
B,2023,17,162,atletico,8,atl_15b89d83485e77a2,551375,Titular,1666.0,3.0,0.001588374238728861,0.13024669,atl_15b89d83485e77a2
B,2023,17,162,sport,47,atl_9d10843d685260f3,733551,Titular,738.0,1.0,0.001163504524302676,0.09540737,atl_9d10843d685260f3
B,2023,17,162,sport,5,atl_60267bbddd07a81d,338491,Titular,2485.0,3.0,0.0011525690455901885,0.09451066,atl_60267bbddd07a81d
B,2023,17,164,botafogo,8,atl_9ad91091c914ae92,381191,Titular,868.0,2.0,0.0017839317259405795,0.1462824,atl_9ad91091c914ae92
B,2023,17,164,chapecoense,6,atl_b2f855a3d2a8ad13,363313,Titular,1020.0,2.0,0.0016055385533465215,0.13165416,atl_b2f855a3d2a8ad13
B,2023,17,164,chapecoense,55,atl_247d5865f8729748,441692,Titular,1397.0,2.0,0.0012864620986224105,0.10548989,atl_247d5865f8729748
B,2023,17,164,botafogo,3,atl_789145572e5e51a0,427213,Titular,2328.0,3.0,0.0012165553752074656,0.09975754,atl_789145572e5e51a0
B,2023,17,164,botafogo,2,atl_9f69130327ef61b9,543706,Titular,1621.0,2.0,0.0011505981146094826,0.09434905,atl_9f69130327ef61b9
B,2023,17,165,mirassol,5,atl_fe487fa66cea51ae,307979,Titular,694.0,3.0,0.0028814226139754714,0.23627665,atl_fe487fa66cea51ae
B,2023,17,165,ceara,15,atl_ad0be9a2181b5938,409030,Titular,782.0,3.0,0.002683633854201804,0.22005798,atl_ad0be9a2181b5938
B,2023,17,165,ceara,95,atl_e1125573fb09ee77,421180,Titular,737.0,2.0,0.001972852547361934,0.16177391,atl_e1125573fb09ee77
B,2023,17,165,mirassol,7,atl_71ce1f6c06c71ff1,326622,Titular,1134.0,2.0,0.0014935242356711826,0.12246899,atl_71ce1f6c06c71ff1
B,2023,17,165,ceara,99,atl_5de0952f1680c5c7,516214,Titular,481.0,1.0,0.0014683166168060274,0.12040196,atl_5de0952f1680c5c7
B,2023,17,166,novorizontino,28,atl_772bd80488b89ed8,294484,Titular,1016.0,3.0,0.0022694054096878053,0.18609124,atl_772bd80488b89ed8
B,2023,17,166,vitoria,13,atl_640fc0353b94e042,388312,Titular,1798.0,3.0,0.0014971360318044877,0.12276515,atl_640fc0353b94e042
B,2023,17,166,novorizontino,9,atl_6611ad4d57c99a74,298282,Titular,2635.0,4.0,0.0014164014676512641,0.11614492,atl_6611ad4d57c99a74
B,2023,17,166,novorizontino,4,atl_43aca2e9da0a643b,291797,Titular,2872.0,4.0,0.0013168501189462375,0.10798171,atl_43aca2e9da0a643b
B,2023,17,166,novorizontino,11,atl_b36618bb7e0071c5,355362,Titular,2931.0,4.0,0.0012942053631847022,0.10612484,atl_b36618bb7e0071c5
B,2023,17,167,sampaio_correa,3,atl_69d829c3600c276c,466733,Titular,1389.0,3.0,0.0018212909481666027,0.14934586,atl_69d829c3600c276c
B,2023,17,167,sampaio_correa,5,atl_baedf75634968494,374851,Titular,2546.0,5.0,0.0017860862117815867,0.14645907,atl_baedf75634968494
B,2023,17,167,ituano,3,atl_f50285e31e566958,308008,Titular,900.0,2.0,0.001743156143633366,0.1429388,atl_f50285e31e566958
B,2023,17,167,ituano,5,atl_5c47fcd3d8a48b45,422022,Titular,388.0,1.0,0.0016220930192417937,0.13301163,atl_5c47fcd3d8a48b45
B,2023,17,167,sampaio_correa,8,atl_f999a2d02c77c1c3,310743,Titular,1094.0,2.0,0.001531002886503584,0.12554224,atl_f999a2d02c77c1c3
B,2023,17,168,juventude,53,atl_50f25fc4daaef02b,425933,Titular,692.0,3.0,0.002886257215676772,0.23667309,atl_50f25fc4daaef02b
B,2023,17,168,abc,33,atl_3d2c79ddec345c5f,190137,Titular,90.0,1.0,0.0024413874594690047,0.20019377,atl_3d2c79ddec345c5f
B,2023,17,168,abc,1,atl_4b1200978b40d036,317624,Titular,1440.0,4.0,0.0022888755675704708,0.1876878,atl_4b1200978b40d036
B,2023,17,168,juventude,36,atl_feca1ae3ea618358,523074,Titular,271.0,1.0,0.0018682472128232332,0.15319627,atl_feca1ae3ea618358
B,2023,17,168,abc,15,atl_8fd856580da7ec21,330690,Titular,990.0,2.0,0.0016378648329441025,0.13430492,atl_8fd856580da7ec21
B,2023,17,169,vila_nova,2,atl_135d75d2a05d4ef4,415195,Titular,932.0,3.0,0.00240252695606614,0.19700721,atl_135d75d2a05d4ef4
B,2023,17,169,vila_nova,3,atl_0c6a06208fa3b31a,456246,Titular,1485.0,4.0,0.0022369867007993515,0.18343291,atl_0c6a06208fa3b31a
B,2023,17,169,londrina,8,atl_75934a0e9b072232,346833,Titular,612.0,2.0,0.002194621044142727,0.17995893,atl_75934a0e9b072232
B,2023,17,169,londrina,2,atl_e29d2a9d6c05ba2f,302436,Titular,1335.0,3.0,0.0018748875210281813,0.15374078,atl_e29d2a9d6c05ba2f
B,2023,17,169,londrina,7,atl_d1fa367b58911e26,360467,Titular,1936.0,4.0,0.0018228319380487327,0.14947222,atl_d1fa367b58911e26
B,2023,17,170,avai,77,atl_b58f267300e36871,318493,Titular,1344.0,4.0,0.002408036117725983,0.19745896,atl_b58f267300e36871
B,2023,17,170,crb,4,atl_4fb70cea490aa9b3,378811,Titular,1802.0,4.0,0.0019289394444338458,0.15817303,atl_4fb70cea490aa9b3
B,2023,17,170,avai,98,atl_dadb4d91e57b3746,382612,Titular,2253.0,4.0,0.0016129381042814068,0.13226092,atl_dadb4d91e57b3746
B,2023,17,170,crb,33,atl_3de67f7ef2964f19,583991,Titular,1089.0,2.0,0.001535820390866402,0.12593727,atl_3de67f7ef2964f19
B,2023,17,170,crb,6,atl_8b2fdbd01179d332,419442,Titular,3122.0,5.0,0.0015020482057114062,0.12316795,atl_8b2fdbd01179d332
B,2023,18,171,ponte_preta,8,atl_67a835638bc6356c,600810,Titular,3108.0,8.0,0.00234004597190615,0.19188377,atl_67a835638bc6356c
B,2023,18,171,ponte_preta,4,atl_e23ce9f74e0b8ef7,378323,Titular,2375.0,6.0,0.0022410037796999614,0.18376231,atl_e23ce9f74e0b8ef7
B,2023,18,171,juventude,36,atl_feca1ae3ea618358,523074,Titular,361.0,1.0,0.0016758256290794298,0.1374177,atl_feca1ae3ea618358
B,2023,18,171,ponte_preta,40,atl_6bff0f0c397b9624,355149,Titular,1160.0,2.0,0.0014716179919502343,0.12067268,atl_6bff0f0c397b9624
B,2023,18,171,ponte_preta,27,atl_9c5bf44c4e086551,186135,Titular,3460.0,5.0,0.0013744661279387347,0.11270622,atl_9c5bf44c4e086551
B,2023,18,172,mirassol,5,atl_fe487fa66cea51ae,307979,Titular,784.0,3.0,0.002681375285543138,0.21987277,atl_fe487fa66cea51ae
B,2023,18,172,atletico,3,atl_77dd8f7d047afc0d,701439,Titular,90.0,1.0,0.0024455692654871,0.20053668,atl_77dd8f7d047afc0d
B,2023,18,172,atletico,11,atl_14e3b735d8a2696d,451607,Titular,1040.0,2.0,0.0015862895237905123,0.13007574,atl_14e3b735d8a2696d
B,2023,18,172,atletico,9,atl_d19dd8329860275e,436949,Titular,1682.0,3.0,0.0015778578673865211,0.12938435,atl_d19dd8329860275e
B,2023,18,172,atletico,8,atl_15b89d83485e77a2,551375,Titular,1756.0,3.0,0.0015261018912399774,0.12514036,atl_15b89d83485e77a2
B,2023,18,173,avai,16,atl_b7f3daf8c888dbb7,291982,Titular,385.0,3.0,0.003890266515974451,0.31900185,atl_b7f3daf8c888dbb7
B,2023,18,173,avai,31,atl_556b6ad623e52fbd,180546,Titular,94.0,1.0,0.00242910078558483,0.19918626,atl_556b6ad623e52fbd
B,2023,18,173,sampaio_correa,5,atl_baedf75634968494,374851,Titular,2609.0,5.0,0.001750686994737018,0.14355633,atl_baedf75634968494
B,2023,18,173,avai,98,atl_dadb4d91e57b3746,382612,Titular,2343.0,4.0,0.001562745644262184,0.12814514,atl_dadb4d91e57b3746
B,2023,18,173,sampaio_correa,13,atl_79501c1a5283bedc,174017,Titular,1960.0,3.0,0.0013995471002591013,0.11476286,atl_79501c1a5283bedc
B,2023,18,174,botafogo,11,atl_9ad91091c914ae92,381191,Titular,913.0,3.0,0.0024365788157377135,0.19979946,atl_9ad91091c914ae92
B,2023,18,174,criciuma,33,atl_69ed1a3518adaa3b,298361,Titular,1251.0,3.0,0.0019662397867717812,0.16123166,atl_69ed1a3518adaa3b
B,2023,18,174,botafogo,3,atl_789145572e5e51a0,427213,Titular,2418.0,4.0,0.0015225791181073985,0.12485149,atl_789145572e5e51a0
B,2023,18,174,criciuma,10,atl_ce155b70c2cd7558,190389,Titular,2060.0,3.0,0.00134487729165523,0.11027994,atl_ce155b70c2cd7558
B,2023,18,174,criciuma,22,atl_127c6107d2f86526,363926,Titular,3616.0,5.0,0.0013223726595328934,0.10843456,atl_127c6107d2f86526
B,2023,18,175,novorizontino,28,atl_772bd80488b89ed8,294484,Titular,1100.0,3.0,0.002151803666648368,0.1764479,atl_772bd80488b89ed8
B,2023,18,175,londrina,8,atl_75934a0e9b072232,346833,Titular,677.0,2.0,0.00207551900309039,0.17019256,atl_75934a0e9b072232
B,2023,18,175,novorizontino,1,atl_3486a99ece7d1ca8,351526,Titular,794.0,2.0,0.001887856156597673,0.1548042,atl_3486a99ece7d1ca8
B,2023,18,175,londrina,2,atl_e29d2a9d6c05ba2f,302436,Titular,1425.0,3.0,0.0017885121385129293,0.146658,atl_e29d2a9d6c05ba2f
B,2023,18,175,londrina,5,atl_cdc4b3007f5d4f4b,174223,Titular,4450.0,7.0,0.0015036133063913916,0.12329629,atl_cdc4b3007f5d4f4b
B,2023,18,176,vitoria,13,atl_640fc0353b94e042,388312,Titular,1888.0,3.0,0.0014417445002669132,0.11822305,atl_640fc0353b94e042
B,2023,18,176,sport,5,atl_60267bbddd07a81d,338491,Titular,2546.0,3.0,0.001130297395481743,0.09268439,atl_60267bbddd07a81d
B,2023,18,176,sport,47,atl_9d10843d685260f3,733551,Titular,828.0,1.0,0.0010865104417450218,0.08909386,atl_9d10843d685260f3
B,2023,18,176,sport,30,atl_a5b15dce3c856389,779885,Titular,847.0,1.0,0.001071184756226718,0.08783715,atl_a5b15dce3c856389
B,2023,18,176,vitoria,8,atl_54ba322a900531cf,310627,Titular,2976.0,2.0,0.0007027864978818725,0.05762849,atl_54ba322a900531cf
B,2023,18,177,ceara,95,atl_e1125573fb09ee77,421180,Titular,827.0,3.0,0.002594488219018379,0.21274803,atl_e1125573fb09ee77
B,2023,18,177,vila_nova,2,atl_135d75d2a05d4ef4,415195,Titular,1022.0,3.0,0.0022620800700639877,0.18549057,atl_135d75d2a05d4ef4
B,2023,18,177,vila_nova,3,atl_0c6a06208fa3b31a,456246,Titular,1575.0,4.0,0.0021411498152469344,0.17557428,atl_0c6a06208fa3b31a
B,2023,18,177,ceara,14,atl_b78ed18878b8608b,299778,Titular,1211.0,3.0,0.0020122068186074747,0.16500096,atl_b78ed18878b8608b
B,2023,18,177,ceara,21,atl_41237f74389ec350,591665,Titular,254.0,1.0,0.001913641732940834,0.15691862,atl_41237f74389ec350
B,2023,18,178,ituano,5,atl_5c47fcd3d8a48b45,422022,Titular,463.0,2.0,0.002536745448221588,0.20801313,atl_5c47fcd3d8a48b45
B,2023,18,178,chapecoense,2,atl_518fecebbfee082a,455446,Titular,1754.0,5.0,0.0024147674652339793,0.19801093,atl_518fecebbfee082a
B,2023,18,178,chapecoense,4,atl_bedcb5b4ebcc838c,376599,Titular,216.0,1.0,0.002015203724353895,0.16524671,atl_bedcb5b4ebcc838c
B,2023,18,178,chapecoense,22,atl_7b158135f9c288ae,577268,Titular,757.0,2.0,0.0019434255104513833,0.15936089,atl_7b158135f9c288ae
B,2023,18,178,ituano,3,atl_f50285e31e566958,308008,Titular,990.0,2.0,0.0016395207158640193,0.1344407,atl_f50285e31e566958
B,2023,18,179,tombense,5,atl_96a71b8bc5d31710,169938,Titular,1148.0,6.0,0.003909518122959581,0.32058049,atl_96a71b8bc5d31710
B,2023,18,179,tombense,7,atl_89c51f04abfae26b,412193,Titular,2222.0,6.0,0.0023669676218359254,0.19409134,atl_89c51f04abfae26b
B,2023,18,179,tombense,4,atl_177a79ecc0bf9064,610200,Titular,229.0,1.0,0.0019792673067728244,0.16229992,atl_177a79ecc0bf9064
B,2023,18,179,crb,33,atl_3de67f7ef2964f19,583991,Titular,1158.0,2.0,0.0014733931644375085,0.12081824,atl_3de67f7ef2964f19
B,2023,18,179,crb,26,atl_4ef2646e7ef37fda,163254,Titular,3342.0,5.0,0.0014166803400930217,0.11616779,atl_4ef2646e7ef37fda
B,2023,18,180,abc,1,atl_4b1200978b40d036,317624,Titular,1530.0,5.0,0.0026812245648460045,0.21986041,atl_4b1200978b40d036
B,2023,18,180,abc,33,atl_3d2c79ddec345c5f,190137,Titular,180.0,1.0,0.0021218909803491014,0.17399506,atl_3d2c79ddec345c5f
B,2023,18,180,abc,15,atl_8fd856580da7ec21,330690,Titular,1009.0,2.0,0.0016188773138750092,0.13274794,atl_8fd856580da7ec21
B,2023,18,180,guarani,34,atl_d319008c8b843bb2,386746,Titular,2173.0,3.0,0.0012880231450195993,0.1056179,atl_d319008c8b843bb2
B,2023,18,180,guarani,27,atl_26b06572a565a900,527028,Titular,1425.0,2.0,0.0012690316190324099,0.10406059,atl_26b06572a565a900
B,2023,19,181,atletico,4,atl_77dd8f7d047afc0d,701439,Titular,135.0,1.0,0.002277628954633371,0.18676557,atl_77dd8f7d047afc0d
B,2023,19,181,atletico,9,atl_d19dd8329860275e,436949,Titular,1764.0,3.0,0.0015222148348905437,0.12482162,atl_d19dd8329860275e
B,2023,19,181,atletico,8,atl_15b89d83485e77a2,551375,Titular,1846.0,3.0,0.0014690086897664921,0.12045871,atl_15b89d83485e77a2
B,2023,19,181,guarani,21,atl_92b62a0719c50c35,434877,Titular,1253.0,2.0,0.0013954902374171082,0.1144302,atl_92b62a0719c50c35
B,2023,19,181,guarani,29,atl_5c248f1512402a9c,354923,Titular,2243.0,3.0,0.0012563960576712325,0.10302448,atl_5c248f1512402a9c
B,2023,19,182,abc,1,atl_4b1200978b40d036,317624,Titular,1620.0,5.0,0.0025690067859397126,0.21065856,atl_4b1200978b40d036
B,2023,19,182,vila_nova,2,atl_135d75d2a05d4ef4,415195,Titular,1112.0,3.0,0.0021378997432954035,0.17530778,atl_135d75d2a05d4ef4
B,2023,19,182,abc,33,atl_3d2c79ddec345c5f,190137,Titular,270.0,1.0,0.0018783043976521956,0.15402096,atl_3d2c79ddec345c5f
B,2023,19,182,vila_nova,10,atl_a7e338192c18e204,533963,Titular,3055.0,5.0,0.001532009672627902,0.12562479,atl_a7e338192c18e204
B,2023,19,182,vila_nova,8,atl_e533a09b6eb06dcf,168387,Titular,3017.0,4.0,0.0012642292823975521,0.1036668,atl_e533a09b6eb06dcf
B,2023,19,183,novorizontino,28,atl_772bd80488b89ed8,294484,Titular,1174.0,3.0,0.0020587182713214997,0.1688149,atl_772bd80488b89ed8
B,2023,19,183,criciuma,33,atl_69ed1a3518adaa3b,298361,Titular,1341.0,3.0,0.001871968705155997,0.15350143,atl_69ed1a3518adaa3b
B,2023,19,183,criciuma,10,atl_ce155b70c2cd7558,190389,Titular,2134.0,4.0,0.0016880388709917201,0.13841919,atl_ce155b70c2cd7558
B,2023,19,183,novorizontino,9,atl_6611ad4d57c99a74,298282,Titular,2742.0,4.0,0.0013714664979001207,0.11246025,atl_6611ad4d57c99a74
B,2023,19,183,criciuma,42,atl_703fa29aef6028fd,542628,Titular,577.0,1.0,0.001342891723483928,0.11011712,atl_703fa29aef6028fd
B,2023,19,184,avai,16,atl_b7f3daf8c888dbb7,291982,Titular,457.0,3.0,0.0036011435592394887,0.29529377,atl_b7f3daf8c888dbb7
B,2023,19,184,avai,31,atl_556b6ad623e52fbd,180546,Titular,184.0,2.0,0.003576453780982735,0.29326921,atl_556b6ad623e52fbd
B,2023,19,184,ituano,5,atl_5c47fcd3d8a48b45,422022,Titular,553.0,3.0,0.0032728341749213587,0.2683724,atl_5c47fcd3d8a48b45
B,2023,19,184,ituano,3,atl_f50285e31e566958,308008,Titular,1080.0,2.0,0.001548287586197589,0.12695958,atl_f50285e31e566958
B,2023,19,184,avai,98,atl_dadb4d91e57b3746,382612,Titular,2433.0,4.0,0.001515954444661504,0.12430826,atl_dadb4d91e57b3746
B,2023,19,185,tombense,5,atl_96a71b8bc5d31710,169938,Titular,1238.0,6.0,0.003709030141652584,0.30414047,atl_96a71b8bc5d31710
B,2023,19,185,mirassol,5,atl_fe487fa66cea51ae,307979,Titular,848.0,3.0,0.0025565982093413877,0.20964105,atl_fe487fa66cea51ae
B,2023,19,185,tombense,7,atl_89c51f04abfae26b,412193,Titular,2275.0,6.0,0.002322988967997186,0.1904851,atl_89c51f04abfae26b
B,2023,19,185,mirassol,9,atl_81fd7ee43a3d4b60,334457,Titular,143.0,1.0,0.002249291424871214,0.1844419,atl_81fd7ee43a3d4b60
B,2023,19,185,tombense,9,atl_697aeedd82653380,188453,Titular,699.0,2.0,0.0020402788875664643,0.16730287,atl_697aeedd82653380
B,2023,19,186,chapecoense,2,atl_518fecebbfee082a,455446,Titular,1844.0,5.0,0.002323504430969365,0.19052736,atl_518fecebbfee082a
B,2023,19,186,chapecoense,70,atl_7f8052acd8db694b,380640,Titular,1427.0,4.0,0.002307366054069637,0.18920402,atl_7f8052acd8db694b
B,2023,19,186,chapecoense,4,atl_bedcb5b4ebcc838c,376599,Titular,306.0,1.0,0.0017944099084270355,0.14714161,atl_bedcb5b4ebcc838c
B,2023,19,186,chapecoense,97,atl_55d946f4df29e947,518590,Titular,1038.0,2.0,0.0015905685215813984,0.13042662,atl_55d946f4df29e947
B,2023,19,186,chapecoense,6,atl_b2f855a3d2a8ad13,363313,Titular,1200.0,2.0,0.0014389966977601122,0.11799773,atl_b2f855a3d2a8ad13
B,2023,19,187,sampaio_correa,7,atl_244b1b6821f3b7d9,379134,Titular,135.0,1.0,0.002277628954633371,0.18676557,atl_244b1b6821f3b7d9
B,2023,19,187,sampaio_correa,3,atl_69d829c3600c276c,466733,Titular,1464.0,4.0,0.0022638973453117063,0.18563958,atl_69d829c3600c276c
B,2023,19,187,sampaio_correa,8,atl_75a189d0732ae505,180494,Titular,2356.0,3.0,0.001206685709451047,0.09894823,atl_75a189d0732ae505
B,2023,19,187,sport,6,atl_29669086be27af00,690534,Titular,760.0,1.0,0.0011478526874541197,0.09412392,atl_29669086be27af00
B,2023,19,187,sport,5,atl_60267bbddd07a81d,338491,Titular,2627.0,3.0,0.0011021088539149954,0.09037293,atl_60267bbddd07a81d
B,2023,19,188,ceara,6,atl_6f27226dd5d3f780,328312,Titular,1171.0,4.0,0.002660858399875638,0.21819039,atl_6f27226dd5d3f780
B,2023,19,188,ceara,5,atl_eabe50b478a200d7,502736,Titular,2858.0,6.0,0.001919682664142999,0.15741398,atl_eabe50b478a200d7
B,2023,19,188,ceara,21,atl_41237f74389ec350,591665,Titular,328.0,1.0,0.0017467323504736603,0.14323205,atl_41237f74389ec350
B,2023,19,188,juventude,36,atl_feca1ae3ea618358,523074,Titular,433.0,1.0,0.0015501547547611904,0.12711269,atl_feca1ae3ea618358
B,2023,19,188,ceara,99,atl_5de0952f1680c5c7,516214,Titular,546.0,1.0,0.001382690617774561,0.11338063,atl_5de0952f1680c5c7
B,2023,19,189,botafogo,11,atl_9ad91091c914ae92,381191,Titular,997.0,3.0,0.0023021338585118172,0.18877498,atl_9ad91091c914ae92
B,2023,19,189,londrina,8,atl_75934a0e9b072232,346833,Titular,746.0,2.0,0.0019633181269600244,0.16099209,atl_75934a0e9b072232
B,2023,19,189,londrina,7,atl_d1fa367b58911e26,360467,Titular,2015.0,4.0,0.001767910292720553,0.14496864,atl_d1fa367b58911e26
B,2023,19,189,londrina,2,atl_e29d2a9d6c05ba2f,302436,Titular,1515.0,3.0,0.001710319794636323,0.14024622,atl_e29d2a9d6c05ba2f
B,2023,19,189,botafogo,3,atl_789145572e5e51a0,427213,Titular,2508.0,4.0,0.0014781563783883614,0.12120882,atl_789145572e5e51a0
B,2023,19,190,ponte_preta,4,atl_e23ce9f74e0b8ef7,378323,Titular,2465.0,6.0,0.0021741296412115317,0.17827863,atl_e23ce9f74e0b8ef7
B,2023,19,190,crb,4,atl_4fb70cea490aa9b3,378811,Titular,1892.0,4.0,0.0018588187233244946,0.15242314,atl_4fb70cea490aa9b3
B,2023,19,190,ponte_preta,40,atl_6bff0f0c397b9624,355149,Titular,1233.0,2.0,0.0014115951449464458,0.1157508,atl_6bff0f0c397b9624
B,2023,19,190,crb,33,atl_3de67f7ef2964f19,583991,Titular,1240.0,2.0,0.0014059163139035578,0.11528514,atl_3de67f7ef2964f19
B,2023,19,190,crb,26,atl_4ef2646e7ef37fda,163254,Titular,3417.0,5.0,0.00139042491350324,0.11401484,atl_4ef2646e7ef37fda
B,2023,20,191,ponte_preta,90,atl_7e59a8e609136d50,292942,Titular,162.0,1.0,0.002188345033888673,0.17944429,atl_7e59a8e609136d50
B,2023,20,191,ponte_preta,5,atl_1b93d2582891b2fb,465048,Titular,3540.0,5.0,0.00134868426050354,0.11059211,atl_1b93d2582891b2fb
B,2023,20,191,ponte_preta,27,atl_9c5bf44c4e086551,186135,Titular,3640.0,5.0,0.0013161073459986234,0.1079208,atl_9c5bf44c4e086551
B,2023,20,191,ponte_preta,15,atl_0fb8d0aa0ad0a4b9,377697,Titular,4116.0,5.0,0.001180390903906911,0.09679205,atl_0fb8d0aa0ad0a4b9
B,2023,20,191,ponte_preta,3,atl_98c74c6f94f3e86f,565679,Titular,766.0,1.0,0.0011443004837553724,0.09383264,atl_98c74c6f94f3e86f
B,2023,20,192,atletico,11,atl_14e3b735d8a2696d,451607,Titular,1130.0,3.0,0.0021157573082419027,0.1734921,atl_14e3b735d8a2696d
B,2023,20,192,atletico,4,atl_77dd8f7d047afc0d,701439,Titular,208.0,1.0,0.0020461644243422337,0.16778548,atl_77dd8f7d047afc0d
B,2023,20,192,sampaio_correa,7,atl_244b1b6821f3b7d9,379134,Titular,225.0,1.0,0.0019981853964611057,0.1638512,atl_244b1b6821f3b7d9
B,2023,20,192,sampaio_correa,8,atl_75a189d0732ae505,180494,Titular,2446.0,4.0,0.0015100761753001702,0.12382625,atl_75a189d0732ae505
B,2023,20,192,atletico,9,atl_d19dd8329860275e,436949,Titular,1854.0,3.0,0.0014650316110596012,0.12013259,atl_d19dd8329860275e
B,2023,20,193,avai,16,atl_b7f3daf8c888dbb7,291982,Titular,502.0,4.0,0.004439804802828644,0.36406399,atl_b7f3daf8c888dbb7
B,2023,20,193,avai,31,atl_556b6ad623e52fbd,180546,Titular,274.0,2.0,0.0031636749514655058,0.25942135,atl_556b6ad623e52fbd
B,2023,20,193,avai,98,atl_dadb4d91e57b3746,382612,Titular,2523.0,4.0,0.0014716124420887532,0.12067222,atl_dadb4d91e57b3746
B,2023,20,193,guarani,21,atl_92b62a0719c50c35,434877,Titular,1332.0,2.0,0.0013366181290580248,0.10960269,atl_92b62a0719c50c35
B,2023,20,193,guarani,29,atl_5c248f1512402a9c,354923,Titular,2316.0,3.0,0.0012246748623701354,0.10042334,atl_5c248f1512402a9c
B,2023,20,194,botafogo,11,atl_9ad91091c914ae92,381191,Titular,1073.0,3.0,0.0021924249284388437,0.17977884,atl_9ad91091c914ae92
B,2023,20,194,botafogo,5,atl_c3d08438b8bd3ddc,294486,Titular,1238.0,3.0,0.001984283321308574,0.16271123,atl_c3d08438b8bd3ddc
B,2023,20,194,botafogo,3,atl_789145572e5e51a0,427213,Titular,2598.0,4.0,0.001435985930417786,0.11775085,atl_789145572e5e51a0
B,2023,20,194,juventude,36,atl_feca1ae3ea618358,523074,Titular,509.0,1.0,0.0014357625494889014,0.11773253,atl_feca1ae3ea618358
B,2023,20,194,botafogo,6,atl_3578edd1a996da30,387314,Titular,612.0,1.0,0.00130277375218912,0.10682745,atl_3578edd1a996da30
B,2023,20,195,vila_nova,3,atl_0c6a06208fa3b31a,456246,Titular,1637.0,5.0,0.00254968854114848,0.20907446,atl_0c6a06208fa3b31a
B,2023,20,195,vila_nova,2,atl_135d75d2a05d4ef4,415195,Titular,1192.0,3.0,0.002038229558176301,0.16713482,atl_135d75d2a05d4ef4
B,2023,20,195,novorizontino,28,atl_772bd80488b89ed8,294484,Titular,1239.0,3.0,0.0019831422728201847,0.16261767,atl_772bd80488b89ed8
B,2023,20,195,vila_nova,10,atl_a7e338192c18e204,533963,Titular,3145.0,5.0,0.0014948379732330043,0.12257671,atl_a7e338192c18e204
B,2023,20,195,novorizontino,9,atl_6611ad4d57c99a74,298282,Titular,2807.0,4.0,0.00134523266175818,0.11030908,atl_6611ad4d57c99a74
B,2023,20,196,crb,4,atl_4fb70cea490aa9b3,378811,Titular,1982.0,5.0,0.0021952797793852947,0.18001294,atl_4fb70cea490aa9b3
B,2023,20,196,crb,26,atl_4ef2646e7ef37fda,163254,Titular,3507.0,5.0,0.0013597914680395062,0.1115029,atl_4ef2646e7ef37fda
B,2023,20,196,crb,33,atl_3de67f7ef2964f19,583991,Titular,1330.0,2.0,0.0013380789138985254,0.10972247,atl_3de67f7ef2964f19
B,2023,20,196,sport,5,atl_60267bbddd07a81d,338491,Titular,2692.0,3.0,0.0010804149161761597,0.08859402,atl_60267bbddd07a81d
B,2023,20,196,sport,6,atl_29669086be27af00,690534,Titular,850.0,1.0,0.0010730995647661493,0.08799416,atl_29669086be27af00
B,2023,20,197,ituano,5,atl_5c47fcd3d8a48b45,422022,Titular,643.0,3.0,0.003017221708166493,0.24741218,atl_5c47fcd3d8a48b45
B,2023,20,197,ceara,95,atl_e1125573fb09ee77,421180,Titular,901.0,3.0,0.002461587731930265,0.20185019,atl_e1125573fb09ee77
B,2023,20,197,ceara,14,atl_b78ed18878b8608b,299778,Titular,1271.0,3.0,0.0019473090979301533,0.15967935,atl_b78ed18878b8608b
B,2023,20,197,ituano,9,atl_b2b40462ee3704a5,311813,Titular,2134.0,4.0,0.0016889462461785502,0.13849359,atl_b2b40462ee3704a5
B,2023,20,197,ceara,21,atl_41237f74389ec350,591665,Titular,416.0,1.0,0.0015815332013474907,0.12968572,atl_41237f74389ec350
B,2023,20,198,mirassol,5,atl_fe487fa66cea51ae,307979,Titular,905.0,3.0,0.0024545796529781504,0.20127553,atl_fe487fa66cea51ae
B,2023,20,198,chapecoense,2,atl_518fecebbfee082a,455446,Titular,1934.0,5.0,0.0022385720675572314,0.18356291,atl_518fecebbfee082a
B,2023,20,198,mirassol,9,atl_81fd7ee43a3d4b60,334457,Titular,212.0,1.0,0.002034669118587502,0.16684287,atl_81fd7ee43a3d4b60
B,2023,20,198,chapecoense,4,atl_bedcb5b4ebcc838c,376599,Titular,396.0,1.0,0.0016168352817347114,0.13258049,atl_bedcb5b4ebcc838c
B,2023,20,198,chapecoense,97,atl_55d946f4df29e947,518590,Titular,1097.0,2.0,0.0015333027003345658,0.12573082,atl_55d946f4df29e947
B,2023,20,199,tombense,5,atl_96a71b8bc5d31710,169938,Titular,1328.0,7.0,0.004074772654504541,0.33413136,atl_96a71b8bc5d31710
B,2023,20,199,tombense,4,atl_177a79ecc0bf9064,610200,Titular,409.0,2.0,0.0026938222359013217,0.22089342,atl_177a79ecc0bf9064
B,2023,20,199,criciuma,33,atl_69ed1a3518adaa3b,298361,Titular,1431.0,3.0,0.0017859577485418443,0.14644854,atl_69ed1a3518adaa3b
B,2023,20,199,tombense,11,atl_a6c774fc407ead2b,534970,Titular,1190.0,2.0,0.0014489256878309476,0.11881191,atl_a6c774fc407ead2b
B,2023,20,199,tombense,8,atl_9ef5c318fe211dd2,337271,Titular,1890.0,3.0,0.001442964189303055,0.11832306,atl_9ef5c318fe211dd2
B,2023,20,200,abc,33,atl_3d2c79ddec345c5f,190137,Titular,360.0,2.0,0.002847307456318955,0.23347921,atl_3d2c79ddec345c5f
B,2023,20,200,abc,97,atl_6011aa5a2dc6c6c1,376458,Titular,122.0,1.0,0.002329074618061578,0.19098412,atl_6011aa5a2dc6c6c1
B,2023,20,200,londrina,2,atl_e29d2a9d6c05ba2f,302436,Titular,1584.0,4.0,0.0021346854186345015,0.1750442,atl_e29d2a9d6c05ba2f
B,2023,20,200,londrina,8,atl_75934a0e9b072232,346833,Titular,783.0,2.0,0.0019085615061841788,0.15650204,atl_75934a0e9b072232
B,2023,20,200,londrina,7,atl_d1fa367b58911e26,360467,Titular,2105.0,4.0,0.0017077483349076013,0.14003536,atl_d1fa367b58911e26
B,2023,21,201,ceara,95,atl_e1125573fb09ee77,421180,Titular,991.0,3.0,0.002314865781414124,0.18981899,atl_e1125573fb09ee77
B,2023,21,201,guarani,9,atl_df3378fb78f86873,374375,Titular,600.0,2.0,0.0022286044364440536,0.18274556,atl_df3378fb78f86873
B,2023,21,201,ceara,14,atl_b78ed18878b8608b,299778,Titular,1336.0,3.0,0.001879882832292189,0.15415039,atl_b78ed18878b8608b
B,2023,21,201,ceara,5,atl_eabe50b478a200d7,502736,Titular,2973.0,6.0,0.0018576057817703596,0.15232367,atl_eabe50b478a200d7
B,2023,21,201,guarani,12,atl_d2aed1e35124ccce,186142,Titular,945.0,2.0,0.0016965154879504908,0.13911427,atl_d2aed1e35124ccce
B,2023,21,202,vila_nova,3,atl_0c6a06208fa3b31a,456246,Titular,1727.0,6.0,0.00289693079483092,0.23754833,atl_0c6a06208fa3b31a
B,2023,21,202,vila_nova,2,atl_135d75d2a05d4ef4,415195,Titular,1272.0,3.0,0.0019477792777022906,0.1597179,atl_135d75d2a05d4ef4
B,2023,21,202,vila_nova,10,atl_a7e338192c18e204,533963,Titular,3214.0,5.0,0.0014678149919462732,0.12036083,atl_a7e338192c18e204
B,2023,21,202,vila_nova,8,atl_e533a09b6eb06dcf,168387,Titular,3176.0,4.0,0.0012109534494255873,0.09929818,atl_e533a09b6eb06dcf
B,2023,21,202,sport,5,atl_60267bbddd07a81d,338491,Titular,2776.0,3.0,0.0010535607082077104,0.08639198,atl_60267bbddd07a81d
B,2023,21,203,ponte_preta,4,atl_e23ce9f74e0b8ef7,378323,Titular,2555.0,6.0,0.0021117724648407393,0.17316534,atl_e23ce9f74e0b8ef7
B,2023,21,203,ponte_preta,90,atl_7e59a8e609136d50,292942,Titular,223.0,1.0,0.002007558616996485,0.16461981,atl_7e59a8e609136d50
B,2023,21,203,ponte_preta,40,atl_6bff0f0c397b9624,355149,Titular,1292.0,2.0,0.0013680049554065062,0.11217641,atl_6bff0f0c397b9624
B,2023,21,203,ponte_preta,5,atl_1b93d2582891b2fb,465048,Titular,3609.0,5.0,0.0013267132830587633,0.10879049,atl_1b93d2582891b2fb
B,2023,21,203,ponte_preta,10,atl_d990f402850d1f87,183975,Titular,2158.0,3.0,0.0012985195184681939,0.1064786,atl_d990f402850d1f87
B,2023,21,204,tombense,5,atl_96a71b8bc5d31710,169938,Titular,1418.0,7.0,0.0038850181856561307,0.31857149,atl_96a71b8bc5d31710
B,2023,21,204,ituano,2,atl_05625b3bd4a8a214,399087,Titular,451.0,3.0,0.0036293006099773492,0.29760265,atl_05625b3bd4a8a214
B,2023,21,204,ituano,5,atl_5c47fcd3d8a48b45,422022,Titular,733.0,3.0,0.002799241589690559,0.22953781,atl_5c47fcd3d8a48b45
B,2023,21,204,tombense,9,atl_697aeedd82653380,188453,Titular,789.0,2.0,0.0019018346625977185,0.15595044,atl_697aeedd82653380
B,2023,21,204,ituano,9,atl_b2b40462ee3704a5,311813,Titular,2196.0,4.0,0.0016511368249586271,0.13539322,atl_b2b40462ee3704a5
B,2023,21,205,avai,31,atl_556b6ad623e52fbd,180546,Titular,348.0,2.0,0.00289087839633073,0.23705203,atl_556b6ad623e52fbd
B,2023,21,205,mirassol,5,atl_fe487fa66cea51ae,307979,Titular,954.0,3.0,0.0023737722696619387,0.19464933,atl_fe487fa66cea51ae
B,2023,21,205,mirassol,9,atl_81fd7ee43a3d4b60,334457,Titular,291.0,1.0,0.001834974563955068,0.15046791,atl_81fd7ee43a3d4b60
B,2023,21,205,avai,10,atl_0f0a52a1c5d55fc2,301087,Titular,352.0,1.0,0.0017035972770991302,0.13969498,atl_0f0a52a1c5d55fc2
B,2023,21,205,avai,8,atl_ca7ecbe9da8d6e30,392562,Titular,1030.0,2.0,0.0016022646275087968,0.1313857,atl_ca7ecbe9da8d6e30
B,2023,21,206,abc,33,atl_3d2c79ddec345c5f,190137,Titular,450.0,2.0,0.0025804893474615357,0.21160013,atl_3d2c79ddec345c5f
B,2023,21,206,abc,1,atl_4b1200978b40d036,317624,Titular,1710.0,5.0,0.0024667261900852755,0.20227155,atl_4b1200978b40d036
B,2023,21,206,abc,97,atl_6011aa5a2dc6c6c1,376458,Titular,192.0,1.0,0.0020974926012839,0.17199439,atl_6011aa5a2dc6c6c1
B,2023,21,206,vitoria,13,atl_640fc0353b94e042,388312,Titular,2068.0,4.0,0.0017334364797852253,0.14214179,atl_640fc0353b94e042
B,2023,21,206,abc,17,atl_0d474145872a55bc,345933,Titular,2481.0,4.0,0.001493279060747554,0.12244888,atl_0d474145872a55bc
B,2023,21,207,sampaio_correa,7,atl_244b1b6821f3b7d9,379134,Titular,315.0,2.0,0.0030079323682066983,0.24665045,atl_244b1b6821f3b7d9
B,2023,21,207,botafogo,11,atl_9ad91091c914ae92,381191,Titular,1118.0,3.0,0.0021331674166183306,0.17491973,atl_9ad91091c914ae92
B,2023,21,207,botafogo,5,atl_c3d08438b8bd3ddc,294486,Titular,1314.0,3.0,0.001902681852308963,0.15601991,atl_c3d08438b8bd3ddc
B,2023,21,207,sampaio_correa,8,atl_75a189d0732ae505,180494,Titular,2536.0,4.0,0.0014662269038499534,0.12023061,atl_75a189d0732ae505
B,2023,21,207,botafogo,3,atl_789145572e5e51a0,427213,Titular,2688.0,4.0,0.001396318971169529,0.11449816,atl_789145572e5e51a0
B,2023,21,208,juventude,36,atl_feca1ae3ea618358,523074,Titular,588.0,1.0,0.0013340669853754217,0.10939349,atl_feca1ae3ea618358
B,2023,21,208,novorizontino,9,atl_6611ad4d57c99a74,298282,Titular,2884.0,4.0,0.001315444704517866,0.10786647,atl_6611ad4d57c99a74
B,2023,21,208,juventude,16,atl_697ba9685a345304,302192,Titular,1487.0,2.0,0.0012337518269192043,0.10116765,atl_697ba9685a345304
B,2023,21,208,novorizontino,11,atl_b36618bb7e0071c5,355362,Titular,3215.0,4.0,0.0011982408829309444,0.09825575,atl_b36618bb7e0071c5
B,2023,21,208,novorizontino,5,atl_518c2b6993e189a8,175223,Titular,4182.0,5.0,0.0011643453396173555,0.09547632,atl_518c2b6993e189a8
B,2023,21,209,chapecoense,31,atl_abc110f9c4ae300b,565047,Titular,1237.0,4.0,0.002562731652324962,0.210144,atl_abc110f9c4ae300b
B,2023,21,209,chapecoense,4,atl_bedcb5b4ebcc838c,376599,Titular,486.0,2.0,0.002486272697858478,0.20387436,atl_bedcb5b4ebcc838c
B,2023,21,209,londrina,8,atl_75934a0e9b072232,346833,Titular,846.0,2.0,0.0018212963447908313,0.1493463,atl_75934a0e9b072232
B,2023,21,209,londrina,7,atl_d1fa367b58911e26,360467,Titular,2195.0,4.0,0.001651749491684029,0.13544346,atl_d1fa367b58911e26
B,2023,21,209,chapecoense,55,atl_247d5865f8729748,441692,Titular,1632.0,3.0,0.0016188859662703843,0.13274865,atl_247d5865f8729748
B,2023,21,210,atletico,11,atl_14e3b735d8a2696d,451607,Titular,1220.0,3.0,0.0020066656279584066,0.16454658,atl_14e3b735d8a2696d
B,2023,21,210,crb,33,atl_3de67f7ef2964f19,583991,Titular,1407.0,3.0,0.0018098924384312843,0.14841118,atl_3de67f7ef2964f19
B,2023,21,210,crb,6,atl_8b2fdbd01179d332,419442,Titular,3170.0,5.0,0.001485412773866065,0.12180385,atl_8b2fdbd01179d332
B,2023,21,210,atletico,3,atl_8541ba1aedd4bcf8,348257,Titular,486.0,1.0,0.001472073914897017,0.12071006,atl_8541ba1aedd4bcf8
B,2023,21,210,crb,3,atl_7cd9d01ebec30030,167958,Titular,2619.0,4.0,0.0014272090029139014,0.11703114,atl_7cd9d01ebec30030
B,2023,22,211,ponte_preta,8,atl_67a835638bc6356c,600810,Titular,3175.0,9.0,0.002572431110957199,0.21093935,atl_67a835638bc6356c
B,2023,22,211,chapecoense,31,atl_abc110f9c4ae300b,565047,Titular,1317.0,4.0,0.0024511196107692397,0.20099181,atl_abc110f9c4ae300b
B,2023,22,211,ponte_preta,4,atl_e23ce9f74e0b8ef7,378323,Titular,2645.0,6.0,0.0020520458927719264,0.16826776,atl_e23ce9f74e0b8ef7
B,2023,22,211,ponte_preta,90,atl_7e59a8e609136d50,292942,Titular,313.0,1.0,0.0017880496098003794,0.14662007,atl_7e59a8e609136d50
B,2023,22,211,chapecoense,80,atl_331fc0ba6e7155d6,520331,Titular,420.0,1.0,0.001580091666051857,0.12956752,atl_331fc0ba6e7155d6
B,2023,22,212,tombense,5,atl_96a71b8bc5d31710,169938,Titular,1508.0,7.0,0.003711994189625353,0.30438352,atl_96a71b8bc5d31710
B,2023,22,212,tombense,4,atl_177a79ecc0bf9064,610200,Titular,499.0,2.0,0.0024561404732409494,0.20140352,atl_177a79ecc0bf9064
B,2023,22,212,atletico,11,atl_14e3b735d8a2696d,451607,Titular,1305.0,3.0,0.0019133985223089797,0.15689868,atl_14e3b735d8a2696d
B,2023,22,212,tombense,9,atl_697aeedd82653380,188453,Titular,834.0,2.0,0.001839343577786888,0.15082617,atl_697aeedd82653380
B,2023,22,212,tombense,2,atl_db413a380be08634,502001,Titular,548.0,1.0,0.0013871033709615538,0.11374248,atl_db413a380be08634
B,2023,22,213,avai,31,atl_556b6ad623e52fbd,180546,Titular,438.0,3.0,0.003681966239624423,0.30192123,atl_556b6ad623e52fbd
B,2023,22,213,criciuma,33,atl_69ed1a3518adaa3b,298361,Titular,1521.0,4.0,0.002203703281923656,0.18070367,atl_69ed1a3518adaa3b
B,2023,22,213,avai,9,atl_b690f9394752b3c8,345043,Titular,416.0,1.0,0.0015869916296590704,0.13013331,atl_b690f9394752b3c8
B,2023,22,213,avai,10,atl_0f0a52a1c5d55fc2,301087,Titular,442.0,1.0,0.001543189312916888,0.12654152,atl_0f0a52a1c5d55fc2
B,2023,22,213,avai,8,atl_ca7ecbe9da8d6e30,392562,Titular,1101.0,2.0,0.0015325948362071883,0.12567278,atl_ca7ecbe9da8d6e30
B,2023,22,214,ituano,5,atl_5c47fcd3d8a48b45,422022,Titular,823.0,3.0,0.0026104945825908606,0.21406056,atl_5c47fcd3d8a48b45
B,2023,22,214,guarani,9,atl_df3378fb78f86873,374375,Titular,690.0,2.0,0.0020619196073678224,0.16907741,atl_df3378fb78f86873
B,2023,22,214,guarani,12,atl_d2aed1e35124ccce,186142,Titular,1035.0,2.0,0.0015984914219985072,0.1310763,atl_d2aed1e35124ccce
B,2023,22,214,guarani,27,atl_26b06572a565a900,527028,Titular,1665.0,3.0,0.0015952352576294264,0.13080929,atl_26b06572a565a900
B,2023,22,214,ituano,3,atl_f50285e31e566958,308008,Titular,1350.0,2.0,0.0013263158555501127,0.1087579,atl_f50285e31e566958
B,2023,22,215,sampaio_correa,10,atl_244b1b6821f3b7d9,379134,Titular,405.0,2.0,0.0027112534063731585,0.22232278,atl_244b1b6821f3b7d9
B,2023,22,215,sampaio_correa,21,atl_f999a2d02c77c1c3,310743,Titular,1184.0,2.0,0.0014570572047314183,0.11947869,atl_f999a2d02c77c1c3
B,2023,22,215,sampaio_correa,23,atl_af7690403b01bdbf,169945,Titular,1221.0,2.0,0.001425731744780772,0.11691,atl_af7690403b01bdbf
B,2023,22,215,sampaio_correa,8,atl_75a189d0732ae505,180494,Titular,2626.0,4.0,0.0014247230751016342,0.11682729,atl_75a189d0732ae505
B,2023,22,215,mirassol,5,atl_cb0fed2ef44817a6,383527,Titular,2290.0,3.0,0.0012378796891640532,0.10150613,atl_cb0fed2ef44817a6
B,2023,22,216,novorizontino,43,atl_64972b2f9e8b56bc,600323,Titular,68.0,1.0,0.0025593034027600503,0.20986288,atl_64972b2f9e8b56bc
B,2023,22,216,novorizontino,28,atl_772bd80488b89ed8,294484,Titular,1284.0,4.0,0.00249645982778459,0.20470971,atl_772bd80488b89ed8
B,2023,22,216,novorizontino,11,atl_b36618bb7e0071c5,355362,Titular,3260.0,5.0,0.0014504479608424756,0.11893673,atl_b36618bb7e0071c5
B,2023,22,216,novorizontino,5,atl_518c2b6993e189a8,175223,Titular,4267.0,6.0,0.0013538251170060224,0.11101366,atl_518c2b6993e189a8
B,2023,22,216,novorizontino,9,atl_6611ad4d57c99a74,298282,Titular,2929.0,4.0,0.0012988289101101512,0.10650397,atl_6611ad4d57c99a74
B,2023,22,217,abc,33,atl_3d2c79ddec345c5f,190137,Titular,540.0,2.0,0.002359311858430489,0.19346357,atl_3d2c79ddec345c5f
B,2023,22,217,ceara,95,atl_e1125573fb09ee77,421180,Titular,1081.0,3.0,0.002184493569113035,0.17912847,atl_e1125573fb09ee77
B,2023,22,217,abc,97,atl_6011aa5a2dc6c6c1,376458,Titular,269.0,1.0,0.001890356739619907,0.15500925,atl_6011aa5a2dc6c6c1
B,2023,22,217,ceara,5,atl_eabe50b478a200d7,502736,Titular,3063.0,6.0,0.0018113062960335977,0.14852712,atl_eabe50b478a200d7
B,2023,22,217,ceara,14,atl_b78ed18878b8608b,299778,Titular,1409.0,3.0,0.001809158896159093,0.14835103,atl_b78ed18878b8608b
B,2023,22,218,vila_nova,3,atl_0c6a06208fa3b31a,456246,Titular,1817.0,6.0,0.0027853622497918465,0.2283997,atl_0c6a06208fa3b31a
B,2023,22,218,vila_nova,2,atl_135d75d2a05d4ef4,415195,Titular,1340.0,3.0,0.001877002354765059,0.15391419,atl_135d75d2a05d4ef4
B,2023,22,218,vila_nova,6,atl_9ee4a00a84ecf818,719313,Titular,1712.0,3.0,0.001561340114271116,0.12802989,atl_9ee4a00a84ecf818
B,2023,22,218,vila_nova,10,atl_a7e338192c18e204,533963,Titular,3304.0,5.0,0.0014336709602438772,0.11756102,atl_a7e338192c18e204
B,2023,22,218,juventude,36,atl_feca1ae3ea618358,523074,Titular,678.0,1.0,0.0012340274471712297,0.10119025,atl_feca1ae3ea618358
B,2023,22,219,londrina,2,atl_e29d2a9d6c05ba2f,302436,Titular,1674.0,4.0,0.0020486128485592034,0.16798625,atl_e29d2a9d6c05ba2f
B,2023,22,219,londrina,7,atl_d1fa367b58911e26,360467,Titular,2274.0,5.0,0.00196600011995952,0.16121201,atl_d1fa367b58911e26
B,2023,22,219,londrina,8,atl_75934a0e9b072232,346833,Titular,906.0,2.0,0.0017451524415133062,0.1431025,atl_75934a0e9b072232
B,2023,22,219,vitoria,13,atl_640fc0353b94e042,388312,Titular,2158.0,4.0,0.0016755772508531635,0.13739733,atl_640fc0353b94e042
B,2023,22,219,londrina,5,atl_cdc4b3007f5d4f4b,174223,Titular,4810.0,7.0,0.0014037070306530525,0.11510398,atl_cdc4b3007f5d4f4b
B,2023,22,220,botafogo,11,atl_9ad91091c914ae92,381191,Titular,1203.0,3.0,0.002028000195400886,0.16629602,atl_9ad91091c914ae92
B,2023,22,220,crb,33,atl_3de67f7ef2964f19,583991,Titular,1489.0,3.0,0.0017363923241667716,0.14238417,atl_3de67f7ef2964f19
B,2023,22,220,crb,6,atl_8b2fdbd01179d332,419442,Titular,3260.0,5.0,0.0014504479608424756,0.11893673,atl_8b2fdbd01179d332
B,2023,22,220,crb,3,atl_7cd9d01ebec30030,167958,Titular,2705.0,4.0,0.001389605096027366,0.11394762,atl_7cd9d01ebec30030
B,2023,22,220,botafogo,2,atl_9f69130327ef61b9,543706,Titular,2062.0,3.0,0.0013480422844526574,0.11053947,atl_9f69130327ef61b9
B,2023,23,221,guarani,9,atl_df3378fb78f86873,374375,Titular,770.0,2.0,0.0019313754670812237,0.15837279,atl_df3378fb78f86873
B,2023,23,221,juventude,16,atl_697ba9685a345304,302192,Titular,1532.0,3.0,0.0016992356511777334,0.13933732,atl_697ba9685a345304
B,2023,23,221,guarani,12,atl_d2aed1e35124ccce,186142,Titular,1125.0,2.0,0.0015094442111957872,0.12377443,atl_d2aed1e35124ccce
B,2023,23,221,juventude,21,atl_3266e98d17e2d1b8,555438,Titular,685.0,1.0,0.0012260310913022395,0.10053455,atl_3266e98d17e2d1b8
B,2023,23,221,guarani,29,atl_5c248f1512402a9c,354923,Titular,2404.0,3.0,0.0011889968468295985,0.09749774,atl_5c248f1512402a9c
B,2023,23,222,avai,31,atl_556b6ad623e52fbd,180546,Titular,528.0,3.0,0.003358800431121745,0.27542164,atl_556b6ad623e52fbd
B,2023,23,222,vila_nova,3,atl_0c6a06208fa3b31a,456246,Titular,1907.0,6.0,0.002680866989278419,0.21983109,atl_0c6a06208fa3b31a
B,2023,23,222,avai,25,atl_66fe9e25e9875b8a,303063,Titular,1415.0,3.0,0.0018030531818241013,0.14785036,atl_66fe9e25e9875b8a
B,2023,23,222,vila_nova,2,atl_135d75d2a05d4ef4,415195,Titular,1430.0,3.0,0.0017890398151259865,0.14670126,atl_135d75d2a05d4ef4
B,2023,23,222,vila_nova,23,atl_817365742dda981d,305811,Titular,1098.0,2.0,0.0015349479619481564,0.12586573,atl_817365742dda981d
B,2023,23,223,criciuma,33,atl_69ed1a3518adaa3b,298361,Titular,1611.0,4.0,0.002109354260157818,0.17296705,atl_69ed1a3518adaa3b
B,2023,23,223,londrina,2,atl_e29d2a9d6c05ba2f,302436,Titular,1764.0,4.0,0.00196680514275316,0.16127802,atl_e29d2a9d6c05ba2f
B,2023,23,223,londrina,7,atl_d1fa367b58911e26,360467,Titular,2359.0,5.0,0.0019072566782767238,0.15639505,atl_d1fa367b58911e26
B,2023,23,223,londrina,6,atl_5e268b8e8327d994,613451,Titular,540.0,1.0,0.0013969681184549556,0.11455139,atl_5e268b8e8327d994
B,2023,23,223,londrina,5,atl_cdc4b3007f5d4f4b,174223,Titular,4900.0,7.0,0.001380156822813547,0.11317286,atl_cdc4b3007f5d4f4b
B,2023,23,224,ponte_preta,8,atl_67a835638bc6356c,600810,Titular,3265.0,9.0,0.00251071629301279,0.20587874,atl_67a835638bc6356c
B,2023,23,224,botafogo,7,atl_4ffd4d5e709df363,551154,Titular,141.0,1.0,0.002266531736650786,0.1858556,atl_4ffd4d5e709df363
B,2023,23,224,ponte_preta,4,atl_e23ce9f74e0b8ef7,378323,Titular,2735.0,6.0,0.0019946976331354418,0.16356521,atl_e23ce9f74e0b8ef7
B,2023,23,224,botafogo,11,atl_9ad91091c914ae92,381191,Titular,1281.0,3.0,0.0019387124330113162,0.15897442,atl_9ad91091c914ae92
B,2023,23,224,botafogo,5,atl_c3d08438b8bd3ddc,294486,Titular,1404.0,3.0,0.0018134699806686733,0.14870454,atl_c3d08438b8bd3ddc
B,2023,23,225,mirassol,9,atl_81fd7ee43a3d4b60,334457,Titular,357.0,2.0,0.0028621316723374027,0.2346948,atl_81fd7ee43a3d4b60
B,2023,23,225,novorizontino,28,atl_772bd80488b89ed8,294484,Titular,1359.0,4.0,0.002395291470249141,0.1964139,atl_772bd80488b89ed8
B,2023,23,225,mirassol,5,atl_fe487fa66cea51ae,307979,Titular,1025.0,3.0,0.0022641618643889534,0.18566127,atl_fe487fa66cea51ae
B,2023,23,225,novorizontino,11,atl_b36618bb7e0071c5,355362,Titular,3327.0,5.0,0.0014248358618220939,0.11683654,atl_b36618bb7e0071c5
B,2023,23,225,novorizontino,5,atl_518c2b6993e189a8,175223,Titular,4357.0,6.0,0.0013285663667270235,0.10894244,atl_518c2b6993e189a8
B,2023,23,226,ceara,95,atl_e1125573fb09ee77,421180,Titular,1136.0,4.0,0.002721789023956695,0.2231867,atl_e1125573fb09ee77
B,2023,23,226,vitoria,13,atl_640fc0353b94e042,388312,Titular,2248.0,4.0,0.0016203955033453979,0.13287243,atl_640fc0353b94e042
B,2023,23,226,ceara,17,atl_e63422ca8c60f17a,581767,Titular,1094.0,2.0,0.0015387997761563074,0.12618158,atl_e63422ca8c60f17a
B,2023,23,226,vitoria,10,atl_1f85b5f88c773ffc,292205,Titular,2759.0,4.0,0.0013663230571319895,0.11203849,atl_1f85b5f88c773ffc
B,2023,23,226,ceara,21,atl_41237f74389ec350,591665,Titular,681.0,1.0,0.0012301836098163876,0.10087506,atl_41237f74389ec350
B,2023,23,227,crb,38,atl_2788d7175dc01dd9,581048,Titular,117.0,1.0,0.002354695045693928,0.19308499,atl_2788d7175dc01dd9
B,2023,23,227,crb,22,atl_b038acf6cc5c8de7,323184,Titular,360.0,1.0,0.001689356794410644,0.13852726,atl_b038acf6cc5c8de7
B,2023,23,227,crb,6,atl_8b2fdbd01179d332,419442,Titular,3350.0,5.0,0.001416323855374845,0.11613856,atl_8b2fdbd01179d332
B,2023,23,227,sampaio_correa,23,atl_af7690403b01bdbf,169945,Titular,1311.0,2.0,0.0013544157057941216,0.11106209,atl_af7690403b01bdbf
B,2023,23,227,crb,3,atl_7cd9d01ebec30030,167958,Titular,2795.0,4.0,0.0013513950965684837,0.1108144,atl_7cd9d01ebec30030
B,2023,23,228,chapecoense,4,atl_bedcb5b4ebcc838c,376599,Titular,531.0,3.0,0.003349027006006939,0.27462021,atl_bedcb5b4ebcc838c
B,2023,23,228,atletico,8,atl_2d884590a1339133,435315,Titular,180.0,1.0,0.0021365394752840498,0.17519624,atl_2d884590a1339133
B,2023,23,228,chapecoense,55,atl_247d5865f8729748,441692,Titular,1808.0,3.0,0.001496034160828923,0.1226748,atl_247d5865f8729748
B,2023,23,228,atletico,9,atl_d19dd8329860275e,436949,Titular,2124.0,3.0,0.0013158715103632446,0.10790146,atl_d19dd8329860275e
B,2023,23,228,chapecoense,6,atl_b2f855a3d2a8ad13,363313,Titular,1449.0,2.0,0.0012585155685957692,0.10319828,atl_b2f855a3d2a8ad13
B,2023,23,229,tombense,5,atl_96a71b8bc5d31710,169938,Titular,1598.0,7.0,0.0035523578852207595,0.29129335,atl_96a71b8bc5d31710
B,2023,23,229,tombense,9,atl_697aeedd82653380,188453,Titular,924.0,2.0,0.00172250480561317,0.14124539,atl_697aeedd82653380
B,2023,23,229,tombense,2,atl_db413a380be08634,502001,Titular,619.0,1.0,0.0012983439170626933,0.1064642,atl_db413a380be08634
B,2023,23,229,tombense,4,atl_7d3f800dc2bbda03,184174,Titular,3111.0,4.0,0.0012331339914686107,0.10111699,atl_7d3f800dc2bbda03
B,2023,23,229,sport,5,atl_60267bbddd07a81d,338491,Titular,2956.0,3.0,0.00099908762823876,0.08192519,atl_60267bbddd07a81d
B,2023,23,230,ituano,2,atl_05625b3bd4a8a214,399087,Titular,506.0,4.0,0.004426289108541902,0.36295571,atl_05625b3bd4a8a214
B,2023,23,230,ituano,5,atl_5c47fcd3d8a48b45,422022,Titular,913.0,3.0,0.0024436283391317437,0.20037752,atl_5c47fcd3d8a48b45
B,2023,23,230,abc,19,atl_702b8e48bfa98b02,460566,Titular,113.0,1.0,0.0023700601030883423,0.19434493,atl_702b8e48bfa98b02
B,2023,23,230,ituano,7,atl_930f54bb1d79fcde,521903,Titular,270.0,1.0,0.001886814082069031,0.15471875,atl_930f54bb1d79fcde
B,2023,23,230,abc,97,atl_6011aa5a2dc6c6c1,376458,Titular,359.0,1.0,0.0016913234495845796,0.13868852,atl_6011aa5a2dc6c6c1
B,2023,24,231,guarani,9,atl_df3378fb78f86873,374375,Titular,860.0,2.0,0.001804200665356877,0.14794445,atl_df3378fb78f86873
B,2023,24,231,guarani,27,atl_26b06572a565a900,527028,Titular,1729.0,3.0,0.0015494449999485657,0.12705449,atl_26b06572a565a900
B,2023,24,231,guarani,12,atl_d2aed1e35124ccce,186142,Titular,1215.0,2.0,0.0014307363876882523,0.11732038,atl_d2aed1e35124ccce
B,2023,24,231,guarani,21,atl_92b62a0719c50c35,434877,Titular,1453.0,2.0,0.001256381415711906,0.10302328,atl_92b62a0719c50c35
B,2023,24,231,sport,5,atl_60267bbddd07a81d,338491,Titular,3046.0,3.0,0.0009739743104583623,0.07986589,atl_60267bbddd07a81d
B,2023,24,232,vila_nova,3,atl_0c6a06208fa3b31a,456246,Titular,1997.0,6.0,0.002584586665953285,0.21193611,atl_0c6a06208fa3b31a
B,2023,24,232,vila_nova,10,atl_a7e338192c18e204,533963,Titular,3392.0,6.0,0.0016581996158492685,0.13597237,atl_a7e338192c18e204
B,2023,24,232,mirassol,5,atl_cb0fed2ef44817a6,383527,Titular,2362.0,4.0,0.0015561540548166852,0.12760463,atl_cb0fed2ef44817a6
B,2023,24,232,vila_nova,23,atl_817365742dda981d,305811,Titular,1177.0,2.0,0.0014631561746483916,0.11997881,atl_817365742dda981d
B,2023,24,232,vila_nova,6,atl_9ee4a00a84ecf818,719313,Titular,1892.0,3.0,0.0014438599100691275,0.11839651,atl_9ee4a00a84ecf818
B,2023,24,233,avai,31,atl_556b6ad623e52fbd,180546,Titular,618.0,3.0,0.003089188644799063,0.25331347,atl_556b6ad623e52fbd
B,2023,24,233,avai,25,atl_66fe9e25e9875b8a,303063,Titular,1489.0,3.0,0.0017364066892334605,0.14238535,atl_66fe9e25e9875b8a
B,2023,24,233,tombense,20,atl_697aeedd82653380,188453,Titular,984.0,2.0,0.0016534453536963293,0.13558252,atl_697aeedd82653380
B,2023,24,233,tombense,3,atl_b077b34586ca3993,531705,Titular,455.0,1.0,0.0015222124658485368,0.12482142,atl_b077b34586ca3993
B,2023,24,233,avai,10,atl_0f0a52a1c5d55fc2,301087,Titular,532.0,1.0,0.001408636535741621,0.1155082,atl_0f0a52a1c5d55fc2
B,2023,24,234,ituano,2,atl_05625b3bd4a8a214,399087,Titular,591.0,4.0,0.004082229976980158,0.33474286,atl_05625b3bd4a8a214
B,2023,24,234,ituano,5,atl_5c47fcd3d8a48b45,422022,Titular,1003.0,3.0,0.002297879510901765,0.18842612,atl_5c47fcd3d8a48b45
B,2023,24,234,ituano,9,atl_a24827b001207d53,582048,Titular,198.0,1.0,0.0020826832448214224,0.17078003,atl_a24827b001207d53
B,2023,24,234,criciuma,33,atl_69ed1a3518adaa3b,298361,Titular,1701.0,4.0,0.0020234951862268752,0.16592661,atl_69ed1a3518adaa3b
B,2023,24,234,ituano,7,atl_930f54bb1d79fcde,521903,Titular,336.0,1.0,0.0017388910345518575,0.14258906,atl_930f54bb1d79fcde
B,2023,24,235,chapecoense,4,atl_bedcb5b4ebcc838c,376599,Titular,621.0,3.0,0.003080921413813874,0.25263556,atl_bedcb5b4ebcc838c
B,2023,24,235,novorizontino,28,atl_772bd80488b89ed8,294484,Titular,1404.0,5.0,0.002864345013070038,0.23487629,atl_772bd80488b89ed8
B,2023,24,235,novorizontino,9,atl_6611ad4d57c99a74,298282,Titular,2996.0,5.0,0.0015599865288573663,0.1279189,atl_6611ad4d57c99a74
B,2023,24,235,chapecoense,55,atl_247d5865f8729748,441692,Titular,1898.0,3.0,0.0014402472497436834,0.11810027,atl_247d5865f8729748
B,2023,24,235,novorizontino,11,atl_b36618bb7e0071c5,355362,Titular,3393.0,5.0,0.0014009023644709357,0.11487399,atl_b36618bb7e0071c5
B,2023,24,236,botafogo,11,atl_9ad91091c914ae92,381191,Titular,1352.0,3.0,0.0018648557801756763,0.15291817,atl_9ad91091c914ae92
B,2023,24,236,botafogo,5,atl_c3d08438b8bd3ddc,294486,Titular,1494.0,3.0,0.0017320526102734969,0.14202831,atl_c3d08438b8bd3ddc
B,2023,24,236,botafogo,3,atl_789145572e5e51a0,427213,Titular,2868.0,5.0,0.001619273427816316,0.13278042,atl_789145572e5e51a0
B,2023,24,236,botafogo,2,atl_9f69130327ef61b9,543706,Titular,2152.0,3.0,0.0013023050169250954,0.10678901,atl_9f69130327ef61b9
B,2023,24,236,vitoria,5,atl_883d01252ab7e9a9,308421,Titular,1273.0,1.0,0.0008199170360323479,0.0672332,atl_883d01252ab7e9a9
B,2023,24,237,ceara,95,atl_e1125573fb09ee77,421180,Titular,1226.0,4.0,0.0025803666888095903,0.21159007,atl_e1125573fb09ee77
B,2023,24,237,ponte_preta,90,atl_7e59a8e609136d50,292942,Titular,459.0,2.0,0.002558616167763663,0.20980653,atl_7e59a8e609136d50
B,2023,24,237,ponte_preta,8,atl_67a835638bc6356c,600810,Titular,3347.0,9.0,0.0024574247218313887,0.20150883,atl_67a835638bc6356c
B,2023,24,237,ceara,35,atl_efec3b58621ddee2,567913,Titular,217.0,1.0,0.0020274935911929605,0.16625447,atl_efec3b58621ddee2
B,2023,24,237,ceara,21,atl_41237f74389ec350,591665,Titular,726.0,2.0,0.002001397149172392,0.16411457,atl_41237f74389ec350
B,2023,24,238,sampaio_correa,10,atl_244b1b6821f3b7d9,379134,Titular,495.0,3.0,0.0034710682461159322,0.2846276,atl_244b1b6821f3b7d9
B,2023,24,238,juventude,34,atl_74c31dfe4d314802,550803,Titular,244.0,1.0,0.0019539151947383774,0.16022105,atl_74c31dfe4d314802
B,2023,24,238,juventude,16,atl_697ba9685a345304,302192,Titular,1622.0,3.0,0.0016275744132353217,0.1334611,atl_697ba9685a345304
B,2023,24,238,sampaio_correa,21,atl_f999a2d02c77c1c3,310743,Titular,1270.0,2.0,0.0013862784773363574,0.11367484,atl_f999a2d02c77c1c3
B,2023,24,238,juventude,23,atl_b910aedef3809b5d,300856,Titular,550.0,1.0,0.001384488480843193,0.11352806,atl_b910aedef3809b5d
B,2023,24,239,londrina,9,atl_0cdd9f44e0355e52,344221,Titular,215.0,1.0,0.0020331649019375564,0.16671952,atl_0cdd9f44e0355e52
B,2023,24,239,atletico,8,atl_2d884590a1339133,435315,Titular,270.0,1.0,0.0018879388375134451,0.15481098,atl_2d884590a1339133
B,2023,24,239,londrina,7,atl_d1fa367b58911e26,360467,Titular,2426.0,5.0,0.0018638800085049052,0.15283816,atl_d1fa367b58911e26
B,2023,24,239,londrina,10,atl_101ec08d1c7d45fd,387255,Titular,843.0,2.0,0.0018270386484626603,0.14981717,atl_101ec08d1c7d45fd
B,2023,24,239,londrina,8,atl_75934a0e9b072232,346833,Titular,1018.0,2.0,0.0016164116632973338,0.13254576,atl_75934a0e9b072232
B,2023,24,240,crb,33,atl_3de67f7ef2964f19,583991,Titular,1547.0,4.0,0.002175726870974769,0.1784096,atl_3de67f7ef2964f19
B,2023,24,240,crb,38,atl_2788d7175dc01dd9,581048,Titular,207.0,1.0,0.002056171011153257,0.16860602,atl_2788d7175dc01dd9
B,2023,24,240,abc,19,atl_61a6ac864cbffe09,325913,Titular,470.0,1.0,0.0014986730978199512,0.12289119,atl_61a6ac864cbffe09
B,2023,24,240,abc,20,atl_0d474145872a55bc,345933,Titular,2661.0,4.0,0.0014089569455505704,0.11553447,atl_0d474145872a55bc
B,2023,24,240,crb,6,atl_8b2fdbd01179d332,419442,Titular,3440.0,5.0,0.0013841910926104956,0.11350367,atl_8b2fdbd01179d332
B,2023,25,241,ponte_preta,8,atl_67a835638bc6356c,600810,Titular,3408.0,9.0,0.0024185429814699605,0.19832052,atl_67a835638bc6356c
B,2023,25,241,ponte_preta,4,atl_e23ce9f74e0b8ef7,378323,Titular,2905.0,6.0,0.0018947623998780048,0.15537052,atl_e23ce9f74e0b8ef7
B,2023,25,241,londrina,2,atl_e29d2a9d6c05ba2f,302436,Titular,1854.0,4.0,0.0018911070397555675,0.15507078,atl_e29d2a9d6c05ba2f
B,2023,25,241,londrina,11,atl_101ec08d1c7d45fd,387255,Titular,933.0,2.0,0.0017108625063395715,0.14029073,atl_101ec08d1c7d45fd
B,2023,25,241,londrina,50,atl_75934a0e9b072232,346833,Titular,1084.0,2.0,0.001547768921454928,0.12691705,atl_75934a0e9b072232
B,2023,25,242,vitoria,13,atl_640fc0353b94e042,388312,Titular,2293.0,5.0,0.0019519033195791642,0.16005607,atl_640fc0353b94e042
B,2023,25,242,atletico,3,atl_9cc3cc9282d1d56e,354299,Titular,270.0,1.0,0.0018852804825774101,0.154593,atl_9cc3cc9282d1d56e
B,2023,25,242,atletico,11,atl_14e3b735d8a2696d,451607,Titular,1403.0,3.0,0.0018138024023040492,0.1487318,atl_14e3b735d8a2696d
B,2023,25,242,atletico,8,atl_2d884590a1339133,435315,Titular,360.0,1.0,0.0016879836878890765,0.13841466,atl_2d884590a1339133
B,2023,25,242,atletico,9,atl_d19dd8329860275e,436949,Titular,2280.0,3.0,0.001241606464598779,0.10181173,atl_d19dd8329860275e
B,2023,25,243,vila_nova,3,atl_0c6a06208fa3b31a,456246,Titular,2087.0,6.0,0.0024938793860010073,0.20449811,atl_0c6a06208fa3b31a
B,2023,25,243,criciuma,33,atl_69ed1a3518adaa3b,298361,Titular,1791.0,4.0,0.0019431104197226564,0.15933505,atl_69ed1a3518adaa3b
B,2023,25,243,vila_nova,2,atl_135d75d2a05d4ef4,415195,Titular,1500.0,3.0,0.0017258329857923029,0.1415183,atl_135d75d2a05d4ef4
B,2023,25,243,vila_nova,10,atl_a7e338192c18e204,533963,Titular,3482.0,6.0,0.001620207426314567,0.13285701,atl_a7e338192c18e204
B,2023,25,243,vila_nova,23,atl_817365742dda981d,305811,Titular,1267.0,2.0,0.0013874736681293751,0.11377284,atl_817365742dda981d
B,2023,25,244,abc,10,atl_702b8e48bfa98b02,460566,Titular,182.0,2.0,0.003594818140153381,0.29477509,atl_702b8e48bfa98b02
B,2023,25,244,botafogo,7,atl_296684a7db5f5ed4,534028,Titular,298.0,1.0,0.001819130290206273,0.14916868,atl_296684a7db5f5ed4
B,2023,25,244,botafogo,5,atl_c3d08438b8bd3ddc,294486,Titular,1584.0,3.0,0.0016562696600693886,0.13581411,atl_c3d08438b8bd3ddc
B,2023,25,244,botafogo,8,atl_3236d46841801d09,536655,Titular,1769.0,3.0,0.0015212278411567237,0.12474068,atl_3236d46841801d09
B,2023,25,244,abc,21,atl_0d474145872a55bc,345933,Titular,2727.0,4.0,0.001379506033958663,0.11311949,atl_0d474145872a55bc
B,2023,25,245,mirassol,9,atl_81fd7ee43a3d4b60,334457,Titular,447.0,3.0,0.003644842631029151,0.2988771,atl_81fd7ee43a3d4b60
B,2023,25,245,mirassol,5,atl_fe487fa66cea51ae,307979,Titular,1088.0,3.0,0.0021735931810986184,0.17823464,atl_fe487fa66cea51ae
B,2023,25,245,juventude,34,atl_74c31dfe4d314802,550803,Titular,316.0,1.0,0.0017790024161576051,0.1458782,atl_74c31dfe4d314802
B,2023,25,245,juventude,16,atl_697ba9685a345304,302192,Titular,1712.0,3.0,0.0015604276544234203,0.12795507,atl_697ba9685a345304
B,2023,25,245,juventude,23,atl_b910aedef3809b5d,300856,Titular,640.0,1.0,0.001273391203144391,0.10441808,atl_b910aedef3809b5d
B,2023,25,246,ituano,2,atl_05625b3bd4a8a214,399087,Titular,681.0,4.0,0.0037694038709437812,0.30909112,atl_05625b3bd4a8a214
B,2023,25,246,ituano,7,atl_930f54bb1d79fcde,521903,Titular,402.0,2.0,0.002718033227920849,0.22287872,atl_930f54bb1d79fcde
B,2023,25,246,ituano,5,atl_5c47fcd3d8a48b45,422022,Titular,1093.0,3.0,0.002166770854729822,0.17767521,atl_5c47fcd3d8a48b45
B,2023,25,246,ituano,9,atl_a24827b001207d53,582048,Titular,264.0,1.0,0.0019000863502416307,0.15580708,atl_a24827b001207d53
B,2023,25,246,ituano,8,atl_87273c786c0a8f16,443387,Titular,1223.0,2.0,0.001422905381070578,0.11667824,atl_87273c786c0a8f16
B,2023,25,247,sampaio_correa,7,atl_244b1b6821f3b7d9,379134,Titular,585.0,3.0,0.003181258959985812,0.26086323,atl_244b1b6821f3b7d9
B,2023,25,247,sampaio_correa,3,atl_69d829c3600c276c,466733,Titular,1678.0,4.0,0.002043923770240866,0.16760175,atl_69d829c3600c276c
B,2023,25,247,guarani,9,atl_df3378fb78f86873,374375,Titular,933.0,2.0,0.0017108625063395715,0.14029073,atl_df3378fb78f86873
B,2023,25,247,guarani,14,atl_0fcff1b4740348d1,778423,Titular,1026.0,2.0,0.0016065963116543944,0.1317409,atl_0fcff1b4740348d1
B,2023,25,247,guarani,27,atl_26b06572a565a900,527028,Titular,1795.0,3.0,0.0015039938874006997,0.1233275,atl_26b06572a565a900
B,2023,25,248,chapecoense,4,atl_bedcb5b4ebcc838c,376599,Titular,711.0,3.0,0.002850260917906363,0.2337214,atl_bedcb5b4ebcc838c
B,2023,25,248,avai,25,atl_66fe9e25e9875b8a,303063,Titular,1559.0,3.0,0.0016763797822169043,0.13746314,atl_66fe9e25e9875b8a
B,2023,25,248,chapecoense,55,atl_247d5865f8729748,441692,Titular,1974.0,3.0,0.001395176221335734,0.11440445,atl_247d5865f8729748
B,2023,25,248,avai,38,atl_7bf9de5a0807f0a8,622570,Titular,589.0,1.0,0.0013330266038426132,0.10930818,atl_7bf9de5a0807f0a8
B,2023,25,248,avai,98,atl_dadb4d91e57b3746,382612,Titular,2946.0,4.0,0.0012918357433501467,0.10593053,atl_dadb4d91e57b3746
B,2023,25,249,tombense,5,atl_96a71b8bc5d31710,169938,Titular,1688.0,7.0,0.0034056974275980833,0.27926719,atl_96a71b8bc5d31710
B,2023,25,249,ceara,6,atl_6f27226dd5d3f780,328312,Titular,1269.0,4.0,0.002516487264886719,0.20635196,atl_6f27226dd5d3f780
B,2023,25,249,ceara,95,atl_e1125573fb09ee77,421180,Titular,1308.0,4.0,0.00246220463030122,0.20190078,atl_e1125573fb09ee77
B,2023,25,249,ceara,17,atl_e63422ca8c60f17a,581767,Titular,1274.0,2.0,0.0013819988565865872,0.11332391,atl_e63422ca8c60f17a
B,2023,25,249,tombense,10,atl_9ef5c318fe211dd2,337271,Titular,2227.0,3.0,0.0012657374299906879,0.10379047,atl_9ef5c318fe211dd2
B,2023,25,250,novorizontino,28,atl_772bd80488b89ed8,294484,Titular,1460.0,5.0,0.0027814622304003092,0.2280799,atl_772bd80488b89ed8
B,2023,25,250,crb,4,atl_4fb70cea490aa9b3,378811,Titular,2072.0,5.0,0.002119621295328385,0.17380895,atl_4fb70cea490aa9b3
B,2023,25,250,crb,33,atl_3de67f7ef2964f19,583991,Titular,1637.0,4.0,0.0020831380306900356,0.17081732,atl_3de67f7ef2964f19
B,2023,25,250,crb,38,atl_2788d7175dc01dd9,581048,Titular,297.0,1.0,0.0018214127623395306,0.14935585,atl_2788d7175dc01dd9
B,2023,25,250,novorizontino,9,atl_6611ad4d57c99a74,298282,Titular,3086.0,5.0,0.001520263795757001,0.12466163,atl_6611ad4d57c99a74
B,2023,26,251,ponte_preta,8,atl_67a835638bc6356c,600810,Titular,3467.0,9.0,0.0023817666535055648,0.19530487,atl_67a835638bc6356c
B,2023,26,251,ponte_preta,4,atl_e23ce9f74e0b8ef7,378323,Titular,2995.0,7.0,0.0021311783446227683,0.17475662,atl_e23ce9f74e0b8ef7
B,2023,26,251,ponte_preta,15,atl_0fb8d0aa0ad0a4b9,377697,Titular,4476.0,7.0,0.0014968786805579933,0.12274405,atl_0fb8d0aa0ad0a4b9
B,2023,26,251,guarani,27,atl_26b06572a565a900,527028,Titular,1863.0,3.0,0.001459360268496223,0.11966754,atl_26b06572a565a900
B,2023,26,251,guarani,12,atl_d2aed1e35124ccce,186142,Titular,1296.0,2.0,0.0013632897073811662,0.11178976,atl_d2aed1e35124ccce
B,2023,26,252,vila_nova,3,atl_0c6a06208fa3b31a,456246,Titular,2177.0,6.0,0.0024088413576602817,0.19752499,atl_0c6a06208fa3b31a
B,2023,26,252,crb,4,atl_4fb70cea490aa9b3,378811,Titular,2162.0,5.0,0.0020467574434472483,0.16783411,atl_4fb70cea490aa9b3
B,2023,26,252,crb,33,atl_3de67f7ef2964f19,583991,Titular,1716.0,4.0,0.0020074315498450246,0.16460939,atl_3de67f7ef2964f19
B,2023,26,252,vila_nova,2,atl_135d75d2a05d4ef4,415195,Titular,1590.0,3.0,0.0016499848394529064,0.13529876,atl_135d75d2a05d4ef4
B,2023,26,252,crb,38,atl_2788d7175dc01dd9,581048,Titular,386.0,1.0,0.0016348400840367663,0.13405689,atl_2788d7175dc01dd9
B,2023,26,253,avai,31,atl_556b6ad623e52fbd,180546,Titular,708.0,3.0,0.0028546923132918662,0.23408477,atl_556b6ad623e52fbd
B,2023,26,253,avai,8,atl_ca7ecbe9da8d6e30,392562,Titular,1343.0,3.0,0.001871116828245564,0.15343158,atl_ca7ecbe9da8d6e30
B,2023,26,253,atletico,11,atl_14e3b735d8a2696d,451607,Titular,1487.0,3.0,0.0017355150047592223,0.14231223,atl_14e3b735d8a2696d
B,2023,26,253,atletico,3,atl_9cc3cc9282d1d56e,354299,Titular,360.0,1.0,0.0016842654819262499,0.13810977,atl_9cc3cc9282d1d56e
B,2023,26,253,avai,10,atl_0f0a52a1c5d55fc2,301087,Titular,622.0,1.0,0.001290969977234024,0.10585954,atl_0f0a52a1c5d55fc2
B,2023,26,254,botafogo,11,atl_9ad91091c914ae92,381191,Titular,1397.0,3.0,0.0018178536185854373,0.149064,atl_9ad91091c914ae92
B,2023,26,254,botafogo,5,atl_c3d08438b8bd3ddc,294486,Titular,1674.0,3.0,0.0015862319753710094,0.13007102,atl_c3d08438b8bd3ddc
B,2023,26,254,botafogo,8,atl_b256530a6f4fd72d,504858,Titular,543.0,1.0,0.0013887519793447506,0.11387766,atl_b256530a6f4fd72d
B,2023,26,254,botafogo,7,atl_9f69130327ef61b9,543706,Titular,2330.0,3.0,0.0012185400404440194,0.09992028,atl_9f69130327ef61b9
B,2023,26,254,sport,5,atl_60267bbddd07a81d,338491,Titular,3209.0,3.0,0.0009297568925469331,0.07624007,atl_60267bbddd07a81d
B,2023,26,255,ituano,2,atl_05625b3bd4a8a214,399087,Titular,771.0,5.0,0.004286757131751829,0.35151408,atl_05625b3bd4a8a214
B,2023,26,255,novorizontino,28,atl_772bd80488b89ed8,294484,Titular,1550.0,5.0,0.002657789421686134,0.21793873,atl_772bd80488b89ed8
B,2023,26,255,ituano,7,atl_930f54bb1d79fcde,521903,Titular,470.0,2.0,0.0025241941386150253,0.20698392,atl_930f54bb1d79fcde
B,2023,26,255,ituano,5,atl_5c47fcd3d8a48b45,422022,Titular,1183.0,3.0,0.0020490007810199493,0.16801806,atl_5c47fcd3d8a48b45
B,2023,26,255,ituano,9,atl_a24827b001207d53,582048,Titular,323.0,1.0,0.001759985801283809,0.14431884,atl_a24827b001207d53
B,2023,26,256,mirassol,9,atl_81fd7ee43a3d4b60,334457,Titular,537.0,3.0,0.0033254274970651635,0.27268505,atl_81fd7ee43a3d4b60
B,2023,26,256,mirassol,5,atl_fe487fa66cea51ae,307979,Titular,1168.0,3.0,0.0020674270470363155,0.16952902,atl_fe487fa66cea51ae
B,2023,26,256,vitoria,7,atl_90165865d28fab11,392650,Titular,343.0,1.0,0.0017182305035072063,0.1408949,atl_90165865d28fab11
B,2023,26,256,vitoria,21,atl_5fc9c1b4b14d424e,548873,Titular,778.0,1.0,0.0011333867875247064,0.09293772,atl_5fc9c1b4b14d424e
B,2023,26,256,mirassol,8,atl_4eea828dfad21d18,335362,Titular,3640.0,4.0,0.0010745092546996556,0.08810976,atl_4eea828dfad21d18
B,2023,26,257,criciuma,33,atl_69ed1a3518adaa3b,298361,Titular,1881.0,4.0,0.0018683193256852477,0.15320218,atl_69ed1a3518adaa3b
B,2023,26,257,ceara,21,atl_41237f74389ec350,591665,Titular,816.0,2.0,0.0018605382328697375,0.15256414,atl_41237f74389ec350
B,2023,26,257,ceara,98,atl_6823ad35316185ec,429853,Titular,556.0,1.0,0.0013716556008111504,0.11247576,atl_6823ad35316185ec
B,2023,26,257,ceara,17,atl_e63422ca8c60f17a,581767,Titular,1364.0,2.0,0.0013135559626912955,0.10771159,atl_e63422ca8c60f17a
B,2023,26,257,criciuma,9,atl_35523eff84985558,399284,Titular,1398.0,2.0,0.0012900254554565726,0.10578209,atl_35523eff84985558
B,2023,26,258,chapecoense,4,atl_bedcb5b4ebcc838c,376599,Titular,801.0,3.0,0.0026506289888213485,0.21735158,atl_bedcb5b4ebcc838c
B,2023,26,258,chapecoense,22,atl_7b158135f9c288ae,577268,Titular,831.0,3.0,0.002590885285091341,0.21245259,atl_7b158135f9c288ae
B,2023,26,258,juventude,16,atl_697ba9685a345304,302192,Titular,1791.0,3.0,0.0015052240569430706,0.12342837,atl_697ba9685a345304
B,2023,26,258,juventude,44,atl_1643ff6385932f7d,539820,Titular,2497.0,4.0,0.001484307078564089,0.12171318,atl_1643ff6385932f7d
B,2023,26,258,chapecoense,80,atl_331fc0ba6e7155d6,520331,Titular,506.0,1.0,0.0014398293384260187,0.11806601,atl_331fc0ba6e7155d6
B,2023,26,259,tombense,5,atl_96a71b8bc5d31710,169938,Titular,1774.0,7.0,0.0032754917829624338,0.26859033,atl_96a71b8bc5d31710
B,2023,26,259,londrina,8,atl_3e49af0add0ec4e6,431983,Titular,213.0,1.0,0.00203151236249169,0.16658401,atl_3e49af0add0ec4e6
B,2023,26,259,londrina,2,atl_e29d2a9d6c05ba2f,302436,Titular,1944.0,4.0,0.001820158884802199,0.14925303,atl_e29d2a9d6c05ba2f
B,2023,26,259,londrina,7,atl_d1fa367b58911e26,360467,Titular,2529.0,5.0,0.0017987680140166967,0.14749898,atl_d1fa367b58911e26
B,2023,26,259,londrina,11,atl_101ec08d1c7d45fd,387255,Titular,1002.0,2.0,0.0016301386913825397,0.13367137,atl_101ec08d1c7d45fd
B,2023,26,260,abc,15,atl_702b8e48bfa98b02,460566,Titular,249.0,2.0,0.003268983063359913,0.26805661,atl_702b8e48bfa98b02
B,2023,26,260,sampaio_correa,7,atl_244b1b6821f3b7d9,379134,Titular,642.0,3.0,0.0030196745310477886,0.24761331,atl_244b1b6821f3b7d9
B,2023,26,260,sampaio_correa,13,atl_b45999c258177992,391581,Titular,180.0,1.0,0.0021301004624361395,0.17466824,atl_b45999c258177992
B,2023,26,260,abc,97,atl_6011aa5a2dc6c6c1,376458,Titular,435.0,1.0,0.0015491639726808288,0.12703145,atl_6011aa5a2dc6c6c1
B,2023,26,260,abc,22,atl_0d474145872a55bc,345933,Titular,2817.0,4.0,0.0013411119428569716,0.10997118,atl_0d474145872a55bc
B,2023,27,261,sampaio_correa,7,atl_244b1b6821f3b7d9,379134,Titular,732.0,3.0,0.0028004550885124217,0.22963732,atl_244b1b6821f3b7d9
B,2023,27,261,sampaio_correa,13,atl_b45999c258177992,391581,Titular,270.0,1.0,0.0018833255442172775,0.15443269,atl_b45999c258177992
B,2023,27,261,ponte_preta,20,atl_cb8114e7ad021824,337472,Titular,425.0,1.0,0.001567741263834923,0.12855478,atl_cb8114e7ad021824
B,2023,27,261,ponte_preta,15,atl_0fb8d0aa0ad0a4b9,377697,Titular,4566.0,7.0,0.0014706199504633446,0.12059084,atl_0fb8d0aa0ad0a4b9
B,2023,27,261,ponte_preta,14,atl_75f491958c738eea,509192,Titular,1447.0,2.0,0.00125842869493955,0.10319115,atl_75f491958c738eea
B,2023,27,262,atletico,3,atl_9cc3cc9282d1d56e,354299,Titular,450.0,2.0,0.002579116493734004,0.21148755,atl_9cc3cc9282d1d56e
B,2023,27,262,atletico,4,atl_77dd8f7d047afc0d,701439,Titular,357.0,1.0,0.0016921361365779507,0.13875516,atl_77dd8f7d047afc0d
B,2023,27,262,atletico,11,atl_14e3b735d8a2696d,451607,Titular,1577.0,3.0,0.0016611269470617736,0.13621241,atl_14e3b735d8a2696d
B,2023,27,262,juventude,16,atl_697ba9685a345304,302192,Titular,1881.0,3.0,0.0014490385002298629,0.11882116,atl_697ba9685a345304
B,2023,27,262,atletico,8,atl_15b89d83485e77a2,551375,Titular,2318.0,3.0,0.0012243295489876877,0.10039502,atl_15b89d83485e77a2
B,2023,27,263,avai,31,atl_556b6ad623e52fbd,180546,Titular,798.0,3.0,0.0026580590670626375,0.21796084,atl_556b6ad623e52fbd
B,2023,27,263,novorizontino,14,atl_2b3a7a5127266477,500915,Titular,50.0,1.0,0.0026366557619041885,0.21620577,atl_2b3a7a5127266477
B,2023,27,263,novorizontino,28,atl_772bd80488b89ed8,294484,Titular,1619.0,5.0,0.0025720437324432766,0.21090759,atl_772bd80488b89ed8
B,2023,27,263,avai,25,atl_66fe9e25e9875b8a,303063,Titular,1649.0,3.0,0.0016054726240331799,0.13164876,atl_66fe9e25e9875b8a
B,2023,27,263,avai,44,atl_6521dc57ae9afe42,295957,Titular,411.0,1.0,0.0015918338847939668,0.13053038,atl_6521dc57ae9afe42
B,2023,27,264,ituano,2,atl_05625b3bd4a8a214,399087,Titular,861.0,5.0,0.0040045265753470265,0.32837118,atl_05625b3bd4a8a214
B,2023,27,264,vila_nova,3,atl_0c6a06208fa3b31a,456246,Titular,2267.0,6.0,0.0023311025186293108,0.19115041,atl_0c6a06208fa3b31a
B,2023,27,264,ituano,7,atl_930f54bb1d79fcde,521903,Titular,560.0,2.0,0.0023114723292899093,0.18954073,atl_930f54bb1d79fcde
B,2023,27,264,vila_nova,11,atl_9e9a7035472f4204,551796,Titular,255.0,1.0,0.0019207426080096737,0.15750089,atl_9e9a7035472f4204
B,2023,27,264,ituano,9,atl_a24827b001207d53,582048,Titular,382.0,1.0,0.0016441730941579406,0.13482219,atl_a24827b001207d53
B,2023,27,265,mirassol,9,atl_81fd7ee43a3d4b60,334457,Titular,618.0,3.0,0.003086011331884887,0.25305293,atl_81fd7ee43a3d4b60
B,2023,27,265,botafogo,11,atl_9ad91091c914ae92,381191,Titular,1469.0,3.0,0.0017522400553820739,0.14368368,atl_9ad91091c914ae92
B,2023,27,265,botafogo,5,atl_c3d08438b8bd3ddc,294486,Titular,1764.0,3.0,0.0015239225569996925,0.12496165,atl_c3d08438b8bd3ddc
B,2023,27,265,mirassol,5,atl_cb0fed2ef44817a6,383527,Titular,2469.0,4.0,0.0014988752674460436,0.12290777,atl_cb0fed2ef44817a6
B,2023,27,265,mirassol,11,atl_2970a23b61e56679,462916,Titular,1989.0,3.0,0.0013861633865196077,0.1136654,atl_2970a23b61e56679
B,2023,27,266,criciuma,33,atl_69ed1a3518adaa3b,298361,Titular,1971.0,4.0,0.0018009553496751531,0.14767834,atl_69ed1a3518adaa3b
B,2023,27,266,criciuma,2,atl_380df224c145e892,188472,Titular,2548.0,5.0,0.001788110455724181,0.14662506,atl_380df224c145e892
B,2023,27,266,criciuma,10,atl_ce155b70c2cd7558,190389,Titular,2278.0,4.0,0.0016019296864821105,0.13135823,atl_ce155b70c2cd7558
B,2023,27,266,criciuma,22,atl_127c6107d2f86526,363926,Titular,4307.0,5.0,0.0011337966858846066,0.09297133,atl_127c6107d2f86526
B,2023,27,266,criciuma,17,atl_895c97ce05652e37,379397,Titular,2676.0,3.0,0.0010863226287932317,0.08907846,atl_895c97ce05652e37
B,2023,27,267,ceara,21,atl_41237f74389ec350,591665,Titular,906.0,3.0,0.002453883832892819,0.20121847,atl_41237f74389ec350
B,2023,27,267,londrina,2,atl_e29d2a9d6c05ba2f,302436,Titular,2034.0,5.0,0.002150813207990254,0.17636668,atl_e29d2a9d6c05ba2f
B,2023,27,267,londrina,8,atl_3e49af0add0ec4e6,431983,Titular,271.0,1.0,0.0018808828392312628,0.15423239,atl_3e49af0add0ec4e6
B,2023,27,267,londrina,11,atl_101ec08d1c7d45fd,387255,Titular,1060.0,2.0,0.0015706158134918614,0.1287905,atl_101ec08d1c7d45fd
B,2023,27,267,londrina,5,atl_cdc4b3007f5d4f4b,174223,Titular,5170.0,7.0,0.0013139613172922933,0.10774483,atl_cdc4b3007f5d4f4b
B,2023,27,268,chapecoense,4,atl_bedcb5b4ebcc838c,376599,Titular,891.0,3.0,0.002480345556468227,0.20338834,atl_bedcb5b4ebcc838c
B,2023,27,268,chapecoense,22,atl_7b158135f9c288ae,577268,Titular,912.0,3.0,0.002443456564481093,0.20036344,atl_7b158135f9c288ae
B,2023,27,268,chapecoense,29,atl_872203971d138e60,305360,Titular,522.0,1.0,0.001418943903177401,0.1163534,atl_872203971d138e60
B,2023,27,268,guarani,12,atl_d2aed1e35124ccce,186142,Titular,1386.0,2.0,0.0012991307895266722,0.10652872,atl_d2aed1e35124ccce
B,2023,27,268,chapecoense,6,atl_b2f855a3d2a8ad13,363313,Titular,1719.0,2.0,0.0011041733524323135,0.09054221,atl_b2f855a3d2a8ad13
B,2023,27,269,tombense,5,atl_96a71b8bc5d31710,169938,Titular,1864.0,7.0,0.0031515062051807544,0.25842351,atl_96a71b8bc5d31710
B,2023,27,269,abc,15,atl_702b8e48bfa98b02,460566,Titular,294.0,2.0,0.003085844671344211,0.25303926,atl_702b8e48bfa98b02
B,2023,27,269,tombense,10,atl_9ef5c318fe211dd2,337271,Titular,2397.0,4.0,0.0015361272589048337,0.12596244,atl_9ef5c318fe211dd2
B,2023,27,269,tombense,9,atl_697aeedd82653380,188453,Titular,1161.0,2.0,0.0014751117814854327,0.12095917,atl_697aeedd82653380
B,2023,27,269,tombense,3,atl_6afde0c1e7bf09e2,339225,Titular,2477.0,3.0,0.0011589387534589532,0.09503298,atl_6afde0c1e7bf09e2
B,2023,27,270,crb,33,atl_3de67f7ef2964f19,583991,Titular,1797.0,5.0,0.002372729938636179,0.19456385,atl_3de67f7ef2964f19
B,2023,27,270,vitoria,13,atl_640fc0353b94e042,388312,Titular,2383.0,6.0,0.002237308591414257,0.1834593,atl_640fc0353b94e042
B,2023,27,270,crb,4,atl_4fb70cea490aa9b3,378811,Titular,2234.0,5.0,0.001993475006966826,0.16346495,atl_4fb70cea490aa9b3
B,2023,27,270,vitoria,19,atl_90165865d28fab11,392650,Titular,433.0,1.0,0.001554298680650915,0.12745249,atl_90165865d28fab11
B,2023,27,270,crb,38,atl_2788d7175dc01dd9,581048,Titular,458.0,1.0,0.00151373765036253,0.12412649,atl_2788d7175dc01dd9
B,2023,28,271,tombense,5,atl_96a71b8bc5d31710,169938,Titular,1954.0,7.0,0.003035632903923285,0.2489219,atl_96a71b8bc5d31710
B,2023,28,271,guarani,21,atl_92b62a0719c50c35,434877,Titular,1610.0,3.0,0.0016348071783069866,0.13405419,atl_92b62a0719c50c35
B,2023,28,271,tombense,10,atl_9ef5c318fe211dd2,337271,Titular,2487.0,4.0,0.0014896026602704189,0.12214742,atl_9ef5c318fe211dd2
B,2023,28,271,tombense,3,atl_6afde0c1e7bf09e2,339225,Titular,2567.0,4.0,0.0014507476838042847,0.11896131,atl_6afde0c1e7bf09e2
B,2023,28,271,tombense,9,atl_697aeedd82653380,188453,Titular,1215.0,2.0,0.0014282467324943102,0.11711623,atl_697aeedd82653380
B,2023,28,272,vila_nova,3,atl_0c6a06208fa3b31a,456246,Titular,2357.0,6.0,0.0022574179720783135,0.18510827,atl_0c6a06208fa3b31a
B,2023,28,272,ponte_preta,4,atl_e23ce9f74e0b8ef7,378323,Titular,3085.0,7.0,0.002077947879003554,0.17039173,atl_e23ce9f74e0b8ef7
B,2023,28,272,vila_nova,11,atl_9e9a7035472f4204,551796,Titular,320.0,1.0,0.001767613592960661,0.14494431,atl_9e9a7035472f4204
B,2023,28,272,vila_nova,2,atl_135d75d2a05d4ef4,415195,Titular,1758.0,3.0,0.0015276541834489557,0.12526764,atl_135d75d2a05d4ef4
B,2023,28,272,vila_nova,10,atl_a7e338192c18e204,533963,Titular,3751.0,6.0,0.0015171590558051614,0.12440704,atl_a7e338192c18e204
B,2023,28,273,mirassol,9,atl_81fd7ee43a3d4b60,334457,Titular,691.0,3.0,0.0028962578893599847,0.23749315,atl_81fd7ee43a3d4b60
B,2023,28,273,criciuma,33,atl_69ed1a3518adaa3b,298361,Titular,2061.0,4.0,0.0017373850629549947,0.14246558,atl_69ed1a3518adaa3b
B,2023,28,273,criciuma,10,atl_ce155b70c2cd7558,190389,Titular,2357.0,4.0,0.001557382970328226,0.1277054,atl_ce155b70c2cd7558
B,2023,28,273,mirassol,5,atl_cb0fed2ef44817a6,383527,Titular,2559.0,4.0,0.001454541728090141,0.11927242,atl_cb0fed2ef44817a6
B,2023,28,273,criciuma,17,atl_895c97ce05652e37,379397,Titular,2740.0,4.0,0.0013732849216752288,0.11260936,atl_895c97ce05652e37
B,2023,28,274,atletico,3,atl_9cc3cc9282d1d56e,354299,Titular,540.0,2.0,0.002355233794449752,0.19312917,atl_9cc3cc9282d1d56e
B,2023,28,274,atletico,11,atl_14e3b735d8a2696d,451607,Titular,1664.0,3.0,0.0015940125444675332,0.13070903,atl_14e3b735d8a2696d
B,2023,28,274,atletico,8,atl_2d884590a1339133,435315,Titular,479.0,1.0,0.0014805343679547926,0.12140382,atl_2d884590a1339133
B,2023,28,274,botafogo,5,atl_c3d08438b8bd3ddc,294486,Titular,1854.0,3.0,0.0014653539278792448,0.12015902,atl_c3d08438b8bd3ddc
B,2023,28,274,botafogo,8,atl_3236d46841801d09,536655,Titular,1859.0,3.0,0.0014622480484221033,0.11990434,atl_3236d46841801d09
B,2023,28,275,novorizontino,28,atl_772bd80488b89ed8,294484,Titular,1700.0,5.0,0.002477019611921701,0.20311561,atl_772bd80488b89ed8
B,2023,28,275,ceara,30,atl_ca2338a246799190,546794,Titular,1990.0,3.0,0.001385318532621583,0.11359612,atl_ca2338a246799190
B,2023,28,275,novorizontino,11,atl_b36618bb7e0071c5,355362,Titular,3679.0,5.0,0.001304006495866892,0.10692853,atl_b36618bb7e0071c5
B,2023,28,275,novorizontino,5,atl_518c2b6993e189a8,175223,Titular,4714.0,6.0,0.0012369472854291794,0.10142968,atl_518c2b6993e189a8
B,2023,28,275,novorizontino,4,atl_43aca2e9da0a643b,291797,Titular,3172.0,4.0,0.0012117219897134373,0.0993612,atl_43aca2e9da0a643b
B,2023,28,276,avai,16,atl_b7f3daf8c888dbb7,291982,Titular,601.0,4.0,0.004041274428908031,0.3313845,atl_b7f3daf8c888dbb7
B,2023,28,276,avai,31,atl_556b6ad623e52fbd,180546,Titular,888.0,3.0,0.0024851895866194107,0.20378555,atl_556b6ad623e52fbd
B,2023,28,276,vitoria,13,atl_640fc0353b94e042,388312,Titular,2473.0,6.0,0.002169338427927259,0.17788575,atl_640fc0353b94e042
B,2023,28,276,avai,25,atl_66fe9e25e9875b8a,303063,Titular,1711.0,3.0,0.0015601280625182007,0.1279305,atl_66fe9e25e9875b8a
B,2023,28,276,avai,44,atl_6521dc57ae9afe42,295957,Titular,501.0,1.0,0.0014479951510766654,0.1187356,atl_6521dc57ae9afe42
B,2023,28,277,sampaio_correa,10,atl_244b1b6821f3b7d9,379134,Titular,822.0,3.0,0.0026092610788409545,0.21395941,atl_244b1b6821f3b7d9
B,2023,28,277,chapecoense,13,atl_bedcb5b4ebcc838c,376599,Titular,981.0,3.0,0.002329131091308401,0.19098875,atl_bedcb5b4ebcc838c
B,2023,28,277,sampaio_correa,3,atl_b45999c258177992,391581,Titular,360.0,1.0,0.0016853990072415604,0.13820272,atl_b45999c258177992
B,2023,28,277,chapecoense,97,atl_55d946f4df29e947,518590,Titular,1336.0,2.0,0.0013341193606904913,0.10939779,atl_55d946f4df29e947
B,2023,28,277,chapecoense,29,atl_872203971d138e60,305360,Titular,593.0,1.0,0.0013261144979210813,0.10874139,atl_872203971d138e60
B,2023,28,278,crb,33,atl_3de67f7ef2964f19,583991,Titular,1866.0,5.0,0.0023032304083802795,0.18886489,atl_3de67f7ef2964f19
B,2023,28,278,juventude,16,atl_697ba9685a345304,302192,Titular,1971.0,3.0,0.0013959705164822915,0.11446958,atl_697ba9685a345304
B,2023,28,278,crb,38,atl_2788d7175dc01dd9,581048,Titular,548.0,1.0,0.0013830564372402118,0.11341063,atl_2788d7175dc01dd9
B,2023,28,278,crb,3,atl_7cd9d01ebec30030,167958,Titular,2969.0,4.0,0.0012826299066669765,0.10517565,atl_7cd9d01ebec30030
B,2023,28,278,crb,26,atl_4ef2646e7ef37fda,163254,Titular,3773.0,5.0,0.0012753201839990035,0.10457626,atl_4ef2646e7ef37fda
B,2023,28,279,londrina,2,atl_e29d2a9d6c05ba2f,302436,Titular,2079.0,6.0,0.002500753449487298,0.20506178,atl_e29d2a9d6c05ba2f
B,2023,28,279,ituano,7,atl_930f54bb1d79fcde,521903,Titular,645.0,2.0,0.002139251656094098,0.17541864,atl_930f54bb1d79fcde
B,2023,28,279,ituano,5,atl_5c47fcd3d8a48b45,422022,Titular,1273.0,3.0,0.0019455404096039154,0.15953431,atl_5c47fcd3d8a48b45
B,2023,28,279,londrina,7,atl_d1fa367b58911e26,360467,Titular,2619.0,5.0,0.001747176385452947,0.14326846,atl_d1fa367b58911e26
B,2023,28,279,ituano,9,atl_a24827b001207d53,582048,Titular,472.0,1.0,0.001491196652497677,0.12227813,atl_a24827b001207d53
B,2023,28,280,abc,22,atl_702b8e48bfa98b02,460566,Titular,384.0,2.0,0.002770863287587943,0.22721079,atl_702b8e48bfa98b02
B,2023,28,280,abc,15,atl_8fd856580da7ec21,330690,Titular,1099.0,2.0,0.0015318593785039036,0.12561247,atl_8fd856580da7ec21
B,2023,28,280,sport,7,atl_8bccda153adf0fb1,175065,Titular,3427.0,3.0,0.0008783914301573063,0.0720281,atl_8bccda153adf0fb1
B,2023,28,280,abc,20,atl_dda5b35a5351f250,462686,Titular,1233.0,1.0,0.000836378041677866,0.068583,atl_dda5b35a5351f250
B,2023,28,280,sport,6,atl_29669086be27af00,690534,Titular,1280.0,1.0,0.0008142939023751359,0.0667721,atl_29669086be27af00
B,2023,29,281,mirassol,9,atl_81fd7ee43a3d4b60,334457,Titular,766.0,3.0,0.0027250459411382725,0.22345377,atl_81fd7ee43a3d4b60
B,2023,29,281,ponte_preta,4,atl_e23ce9f74e0b8ef7,378323,Titular,3175.0,7.0,0.002027185894280559,0.16622924,atl_e23ce9f74e0b8ef7
B,2023,29,281,ponte_preta,13,atl_d04ef1d9fd569b7c,407485,Titular,363.0,1.0,0.0016800789820174424,0.13776648,atl_d04ef1d9fd569b7c
B,2023,29,281,ponte_preta,15,atl_0fb8d0aa0ad0a4b9,377697,Titular,4746.0,7.0,0.0014201121161801474,0.11644919,atl_0fb8d0aa0ad0a4b9
B,2023,29,281,mirassol,5,atl_cb0fed2ef44817a6,383527,Titular,2649.0,4.0,0.0014131178664595278,0.11587567,atl_cb0fed2ef44817a6
B,2023,29,282,criciuma,33,atl_69ed1a3518adaa3b,298361,Titular,2151.0,5.0,0.002055793346465882,0.16857505,atl_69ed1a3518adaa3b
B,2023,29,282,atletico,3,atl_77dd8f7d047afc0d,701439,Titular,447.0,1.0,0.0015310540247951982,0.12554643,atl_77dd8f7d047afc0d
B,2023,29,282,atletico,11,atl_14e3b735d8a2696d,451607,Titular,1754.0,3.0,0.0015305715002134218,0.12550686,atl_14e3b735d8a2696d
B,2023,29,282,atletico,8,atl_2d884590a1339133,435315,Titular,559.0,1.0,0.0013691295198121367,0.11226862,atl_2d884590a1339133
B,2023,29,282,criciuma,17,atl_895c97ce05652e37,379397,Titular,2785.0,4.0,0.001354614356615237,0.11107838,atl_895c97ce05652e37
B,2023,29,283,avai,31,atl_556b6ad623e52fbd,180546,Titular,955.0,3.0,0.002371070901361548,0.19442781,atl_556b6ad623e52fbd
B,2023,29,283,avai,10,atl_0f0a52a1c5d55fc2,301087,Titular,880.0,2.0,0.0017752957691891686,0.14557425,atl_0f0a52a1c5d55fc2
B,2023,29,283,avai,25,atl_66fe9e25e9875b8a,303063,Titular,1801.0,3.0,0.0014993081970799882,0.12294327,atl_66fe9e25e9875b8a
B,2023,29,283,avai,39,atl_67b3092e84257e57,523897,Titular,507.0,1.0,0.001439829355989129,0.11806601,atl_67b3092e84257e57
B,2023,29,283,avai,44,atl_6521dc57ae9afe42,295957,Titular,558.0,1.0,0.0013704235930822805,0.11237473,atl_6521dc57ae9afe42
B,2023,29,284,ituano,5,atl_5c47fcd3d8a48b45,422022,Titular,1363.0,4.0,0.0023885712085244515,0.19586284,atl_5c47fcd3d8a48b45
B,2023,29,284,vitoria,13,atl_640fc0353b94e042,388312,Titular,2563.0,6.0,0.002105748665191333,0.17267139,atl_640fc0353b94e042
B,2023,29,284,ituano,7,atl_930f54bb1d79fcde,521903,Titular,735.0,2.0,0.0019837313048429576,0.16266597,atl_930f54bb1d79fcde
B,2023,29,284,vitoria,8,atl_79973ceb0b7cc5ee,429655,Titular,3061.0,5.0,0.0015304431792982458,0.12549634,atl_79973ceb0b7cc5ee
B,2023,29,284,vitoria,6,atl_f29a2581d408cf45,630830,Titular,453.0,1.0,0.0015214146500325842,0.124756,atl_f29a2581d408cf45
B,2023,29,285,abc,30,atl_702b8e48bfa98b02,460566,Titular,474.0,2.0,0.002515306120617097,0.2062551,atl_702b8e48bfa98b02
B,2023,29,285,novorizontino,28,atl_772bd80488b89ed8,294484,Titular,1790.0,5.0,0.002379872559598713,0.19514955,atl_772bd80488b89ed8
B,2023,29,285,abc,15,atl_8fd856580da7ec21,330690,Titular,1169.0,2.0,0.0014678898510970958,0.12036697,atl_8fd856580da7ec21
B,2023,29,285,novorizontino,11,atl_b36618bb7e0071c5,355362,Titular,3753.0,5.0,0.001281426795551623,0.105077,atl_b36618bb7e0071c5
B,2023,29,285,novorizontino,5,atl_518c2b6993e189a8,175223,Titular,4759.0,6.0,0.0012264514473247867,0.10056902,atl_518c2b6993e189a8
B,2023,29,286,londrina,7,atl_d1fa367b58911e26,360467,Titular,2709.0,6.0,0.0020099433348336098,0.16481535,atl_d1fa367b58911e26
B,2023,29,286,sport,28,atl_0f60d966f11da49b,820344,Titular,238.0,1.0,0.001964645205258879,0.16110091,atl_0f60d966f11da49b
B,2023,29,286,londrina,11,atl_101ec08d1c7d45fd,387255,Titular,1237.0,2.0,0.0014104249634318093,0.11565485,atl_101ec08d1c7d45fd
B,2023,29,286,londrina,5,atl_cdc4b3007f5d4f4b,174223,Titular,5350.0,7.0,0.0012734885746121458,0.10442606,atl_cdc4b3007f5d4f4b
B,2023,29,286,londrina,2,atl_9bb86a37d546d20f,189041,Titular,968.0,1.0,0.0009876758593195182,0.08098942,atl_9bb86a37d546d20f
B,2023,29,287,sampaio_correa,10,atl_244b1b6821f3b7d9,379134,Titular,912.0,3.0,0.0024432777347599523,0.20034877,atl_244b1b6821f3b7d9
B,2023,29,287,vila_nova,3,atl_0c6a06208fa3b31a,456246,Titular,2447.0,6.0,0.002188635277054989,0.17946809,atl_0c6a06208fa3b31a
B,2023,29,287,sampaio_correa,2,atl_d56d6d8d0c04224b,405535,Titular,1545.0,3.0,0.001686996655980955,0.13833373,atl_d56d6d8d0c04224b
B,2023,29,287,vila_nova,11,atl_9e9a7035472f4204,551796,Titular,410.0,1.0,0.0015933056719572008,0.13065107,atl_9e9a7035472f4204
B,2023,29,287,sampaio_correa,21,atl_f999a2d02c77c1c3,310743,Titular,1720.0,3.0,0.0015540126853518257,0.12742904,atl_f999a2d02c77c1c3
B,2023,29,288,ceara,6,atl_6f27226dd5d3f780,328312,Titular,1375.0,5.0,0.0029066176861232283,0.23834265,atl_6f27226dd5d3f780
B,2023,29,288,ceara,30,atl_ca2338a246799190,546794,Titular,2080.0,3.0,0.001337173706000408,0.10964824,atl_ca2338a246799190
B,2023,29,288,ceara,13,atl_853a4b17c4d096cb,291651,Titular,1424.0,2.0,0.0012733410402708174,0.10441397,atl_853a4b17c4d096cb
B,2023,29,288,chapecoense,80,atl_331fc0ba6e7155d6,520331,Titular,641.0,1.0,0.0012707345849965405,0.10420024,atl_331fc0ba6e7155d6
B,2023,29,288,chapecoense,55,atl_247d5865f8729748,441692,Titular,2244.0,3.0,0.0012572551608895964,0.10309492,atl_247d5865f8729748
B,2023,29,289,tombense,10,atl_9ef5c318fe211dd2,337271,Titular,2532.0,4.0,0.0014676478105148593,0.12034712,atl_9ef5c318fe211dd2
B,2023,29,289,tombense,5,atl_2de557902e699e6d,448024,Titular,2572.0,4.0,0.0014485378129821137,0.1187801,atl_2de557902e699e6d
B,2023,29,289,botafogo,5,atl_c3d08438b8bd3ddc,294486,Titular,1944.0,3.0,0.0014115827174636059,0.11574978,atl_c3d08438b8bd3ddc
B,2023,29,289,botafogo,8,atl_3236d46841801d09,536655,Titular,1949.0,3.0,0.001408700760098429,0.11551346,atl_3236d46841801d09
B,2023,29,289,tombense,9,atl_697aeedd82653380,188453,Titular,1288.0,2.0,0.001370194721186271,0.11235597,atl_697aeedd82653380
B,2023,29,290,crb,4,atl_4fb70cea490aa9b3,378811,Titular,2324.0,6.0,0.0022839618135556137,0.18728487,atl_4fb70cea490aa9b3
B,2023,29,290,crb,33,atl_3de67f7ef2964f19,583991,Titular,1933.0,5.0,0.002239995134188678,0.1836796,atl_3de67f7ef2964f19
B,2023,29,290,crb,6,atl_8b2fdbd01179d332,419442,Titular,3507.0,5.0,0.0013600968708462823,0.11152794,atl_8b2fdbd01179d332
B,2023,29,290,guarani,27,atl_26b06572a565a900,527028,Titular,2049.0,3.0,0.001353435920549648,0.11098175,atl_26b06572a565a900
B,2023,29,290,crb,38,atl_2788d7175dc01dd9,581048,Titular,638.0,1.0,0.0012740845004227178,0.10447493,atl_2788d7175dc01dd9
B,2023,30,291,novorizontino,28,atl_772bd80488b89ed8,294484,Titular,1862.0,5.0,0.0023076799994819494,0.18922976,atl_772bd80488b89ed8
B,2023,30,291,novorizontino,1,atl_3486a99ece7d1ca8,351526,Titular,884.0,2.0,0.0017707660106765638,0.14520281,atl_3486a99ece7d1ca8
B,2023,30,291,novorizontino,9,atl_6611ad4d57c99a74,298282,Titular,3273.0,5.0,0.0014446700659359567,0.11846295,atl_6611ad4d57c99a74
B,2023,30,291,guarani,19,atl_9e29334206d8985f,436143,Titular,2009.0,3.0,0.0013753448221508029,0.11277828,atl_9e29334206d8985f
B,2023,30,291,guarani,27,atl_26b06572a565a900,527028,Titular,2128.0,3.0,0.0013130670314978555,0.1076715,atl_26b06572a565a900
B,2023,30,292,chapecoense,9,atl_1b38b437f752aff1,189708,Titular,125.0,1.0,0.0023211842540421827,0.19033711,atl_1b38b437f752aff1
B,2023,30,292,chapecoense,13,atl_bedcb5b4ebcc838c,376599,Titular,1071.0,3.0,0.002196524607750709,0.18011502,atl_bedcb5b4ebcc838c
B,2023,30,292,vila_nova,10,atl_a7e338192c18e204,533963,Titular,3918.0,6.0,0.001460104155449607,0.11972854,atl_a7e338192c18e204
B,2023,30,292,vila_nova,2,atl_135d75d2a05d4ef4,415195,Titular,1896.0,3.0,0.0014402087474024892,0.11809712,atl_135d75d2a05d4ef4
B,2023,30,292,chapecoense,55,atl_247d5865f8729748,441692,Titular,2334.0,3.0,0.0012176217920876373,0.09984499,atl_247d5865f8729748
B,2023,30,293,avai,77,atl_b58f267300e36871,318493,Titular,1439.0,4.0,0.002295379143257537,0.18822109,atl_b58f267300e36871
B,2023,30,293,sport,28,atl_0f60d966f11da49b,820344,Titular,328.0,1.0,0.0017521016410342563,0.14367233,atl_0f60d966f11da49b
B,2023,30,293,sport,77,atl_354e929bca75a756,520239,Titular,366.0,1.0,0.0016752195828826377,0.13736801,atl_354e929bca75a756
B,2023,30,293,avai,10,atl_0f0a52a1c5d55fc2,301087,Titular,970.0,2.0,0.001667170176038343,0.13670795,atl_0f0a52a1c5d55fc2
B,2023,30,293,avai,25,atl_66fe9e25e9875b8a,303063,Titular,1891.0,3.0,0.0014432204762761874,0.11834408,atl_66fe9e25e9875b8a
B,2023,30,294,ituano,5,atl_5c47fcd3d8a48b45,422022,Titular,1423.0,5.0,0.002834498262494209,0.23242886,atl_5c47fcd3d8a48b45
B,2023,30,294,ituano,7,atl_930f54bb1d79fcde,521903,Titular,795.0,2.0,0.0018924634430705514,0.155182,atl_930f54bb1d79fcde
B,2023,30,294,botafogo,5,atl_c3d08438b8bd3ddc,294486,Titular,2034.0,4.0,0.001756408902437397,0.14402553,atl_c3d08438b8bd3ddc
B,2023,30,294,botafogo,8,atl_3236d46841801d09,536655,Titular,2031.0,3.0,0.0013633900271735932,0.11179798,atl_3236d46841801d09
B,2023,30,294,ituano,9,atl_a24827b001207d53,582048,Titular,642.0,1.0,0.0012703504017306166,0.10416873,atl_a24827b001207d53
B,2023,30,295,mirassol,9,atl_81fd7ee43a3d4b60,334457,Titular,839.0,4.0,0.003323928423283319,0.27256213,atl_81fd7ee43a3d4b60
B,2023,30,295,crb,4,atl_4fb70cea490aa9b3,378811,Titular,2414.0,7.0,0.0025568771993055473,0.20966393,atl_4fb70cea490aa9b3
B,2023,30,295,crb,33,atl_3de67f7ef2964f19,583991,Titular,2018.0,5.0,0.002164710150427468,0.17750623,atl_3de67f7ef2964f19
B,2023,30,295,mirassol,5,atl_cb0fed2ef44817a6,383527,Titular,2739.0,4.0,0.0013741093420118445,0.11267697,atl_cb0fed2ef44817a6
B,2023,30,295,crb,6,atl_8b2fdbd01179d332,419442,Titular,3574.0,5.0,0.001337933274122819,0.10971053,atl_8b2fdbd01179d332
B,2023,30,296,vitoria,7,atl_90165865d28fab11,392650,Titular,524.0,2.0,0.002393300936305043,0.19625068,atl_90165865d28fab11
B,2023,30,296,vitoria,13,atl_640fc0353b94e042,388312,Titular,2653.0,6.0,0.002045905537195168,0.16776425,atl_640fc0353b94e042
B,2023,30,296,vitoria,21,atl_5fc9c1b4b14d424e,548873,Titular,996.0,2.0,0.0016381952932997086,0.13433201,atl_5fc9c1b4b14d424e
B,2023,30,296,vitoria,8,atl_79973ceb0b7cc5ee,429655,Titular,3147.0,5.0,0.001494581891630481,0.12255572,atl_79973ceb0b7cc5ee
B,2023,30,296,tombense,10,atl_9ef5c318fe211dd2,337271,Titular,2622.0,4.0,0.0014256054320231789,0.11689965,atl_9ef5c318fe211dd2
B,2023,30,297,atletico,3,atl_9cc3cc9282d1d56e,354299,Titular,630.0,3.0,0.0030537523528994374,0.25040769,atl_9cc3cc9282d1d56e
B,2023,30,297,atletico,11,atl_14e3b735d8a2696d,451607,Titular,1834.0,4.0,0.0019069152351226925,0.15636705,atl_14e3b735d8a2696d
B,2023,30,297,ceara,35,atl_efec3b58621ddee2,567913,Titular,338.0,1.0,0.001731193506893036,0.14195787,atl_efec3b58621ddee2
B,2023,30,297,ceara,5,atl_eabe50b478a200d7,502736,Titular,3243.0,6.0,0.0017234144159167417,0.14131998,atl_eabe50b478a200d7
B,2023,30,297,atletico,4,atl_77dd8f7d047afc0d,701439,Titular,537.0,1.0,0.0013989779737476993,0.11471619,atl_77dd8f7d047afc0d
B,2023,30,298,criciuma,33,atl_69ed1a3518adaa3b,298361,Titular,2209.0,5.0,0.0020120856990684254,0.16499103,atl_69ed1a3518adaa3b
B,2023,30,298,juventude,34,atl_74c31dfe4d314802,550803,Titular,451.0,1.0,0.0015254891259478068,0.12509011,atl_74c31dfe4d314802
B,2023,30,298,criciuma,10,atl_ce155b70c2cd7558,190389,Titular,2448.0,4.0,0.0015097490362199336,0.12379942,atl_ce155b70c2cd7558
B,2023,30,298,juventude,16,atl_697ba9685a345304,302192,Titular,2147.0,3.0,0.0013036419186914863,0.10689864,atl_697ba9685a345304
B,2023,30,298,criciuma,22,atl_127c6107d2f86526,363926,Titular,4577.0,5.0,0.0010736143704503376,0.08803638,atl_127c6107d2f86526
B,2023,30,299,sampaio_correa,10,atl_244b1b6821f3b7d9,379134,Titular,1002.0,3.0,0.0022974301989190176,0.18838928,atl_244b1b6821f3b7d9
B,2023,30,299,londrina,7,atl_d1fa367b58911e26,360467,Titular,2787.0,6.0,0.0019625008088762896,0.16092507,atl_d1fa367b58911e26
B,2023,30,299,londrina,8,atl_83e844736009fc90,551536,Titular,327.0,1.0,0.0017542202645421574,0.14384606,atl_83e844736009fc90
B,2023,30,299,sampaio_correa,2,atl_d56d6d8d0c04224b,405535,Titular,1624.0,3.0,0.001624642259310906,0.13322067,atl_d56d6d8d0c04224b
B,2023,30,299,sampaio_correa,21,atl_f999a2d02c77c1c3,310743,Titular,1799.0,3.0,0.0015009744057313458,0.1230799,atl_f999a2d02c77c1c3
B,2023,30,300,abc,30,atl_702b8e48bfa98b02,460566,Titular,556.0,2.0,0.0023207766655079206,0.19030369,atl_702b8e48bfa98b02
B,2023,30,300,ponte_preta,4,atl_e23ce9f74e0b8ef7,378323,Titular,3265.0,7.0,0.001978948249342992,0.16227376,atl_e23ce9f74e0b8ef7
B,2023,30,300,ponte_preta,5,atl_1b93d2582891b2fb,465048,Titular,4101.0,6.0,0.0014020300279887772,0.11496646,atl_1b93d2582891b2fb
B,2023,30,300,ponte_preta,15,atl_0fb8d0aa0ad0a4b9,377697,Titular,4836.0,7.0,0.0013963156219595884,0.11449788,atl_0fb8d0aa0ad0a4b9
B,2023,30,300,ponte_preta,10,atl_d990f402850d1f87,183975,Titular,2451.0,3.0,0.0011693460382163213,0.09588638,atl_d990f402850d1f87
B,2023,31,301,vila_nova,3,atl_0c6a06208fa3b31a,456246,Titular,2537.0,6.0,0.0021239451330888636,0.1741635,atl_0c6a06208fa3b31a
B,2023,31,301,vila_nova,18,atl_7d0f9bfb2bd45f67,559119,Titular,229.0,1.0,0.0019896040729641675,0.16314753,atl_7d0f9bfb2bd45f67
B,2023,31,301,vila_nova,23,atl_817365742dda981d,305811,Titular,1643.0,3.0,0.0016100892996690987,0.13202732,atl_817365742dda981d
B,2023,31,301,vila_nova,11,atl_9e9a7035472f4204,551796,Titular,500.0,1.0,0.001450421369190878,0.11893455,atl_9e9a7035472f4204
B,2023,31,301,vila_nova,10,atl_a7e338192c18e204,533963,Titular,4000.0,6.0,0.0014334269709313063,0.11754101,atl_a7e338192c18e204
B,2023,31,302,atletico,3,atl_9cc3cc9282d1d56e,354299,Titular,720.0,3.0,0.0028282142370417034,0.23191357,atl_9cc3cc9282d1d56e
B,2023,31,302,atletico,11,atl_14e3b735d8a2696d,451607,Titular,1924.0,4.0,0.0018359824130325406,0.15055056,atl_14e3b735d8a2696d
B,2023,31,302,ituano,7,atl_930f54bb1d79fcde,521903,Titular,840.0,2.0,0.0018286726635752823,0.14995116,atl_930f54bb1d79fcde
B,2023,31,302,ituano,8,atl_f90a8f255908592a,339273,Titular,1720.0,3.0,0.0015542438599958912,0.127448,atl_f90a8f255908592a
B,2023,31,302,ituano,9,atl_b2b40462ee3704a5,311813,Titular,2472.0,4.0,0.001497449989633539,0.1227909,atl_b2b40462ee3704a5
B,2023,31,303,vitoria,7,atl_90165865d28fab11,392650,Titular,597.0,2.0,0.002233747829709096,0.18316732,atl_90165865d28fab11
B,2023,31,303,vitoria,5,atl_5fc9c1b4b14d424e,548873,Titular,1086.0,3.0,0.002175549413109003,0.17839505,atl_5fc9c1b4b14d424e
B,2023,31,303,vitoria,13,atl_640fc0353b94e042,388312,Titular,2743.0,6.0,0.0019890290993496386,0.16310039,atl_640fc0353b94e042
B,2023,31,303,vitoria,8,atl_79973ceb0b7cc5ee,429655,Titular,3220.0,5.0,0.0014651670347287308,0.1201437,atl_79973ceb0b7cc5ee
B,2023,31,303,vitoria,6,atl_f29a2581d408cf45,630830,Titular,633.0,1.0,0.0012801600787209868,0.10497313,atl_f29a2581d408cf45
B,2023,31,304,avai,77,atl_b58f267300e36871,318493,Titular,1501.0,4.0,0.0022240986352778003,0.18237609,atl_b58f267300e36871
B,2023,31,304,avai,25,atl_66fe9e25e9875b8a,303063,Titular,1973.0,3.0,0.0013952371084475852,0.11440944,atl_66fe9e25e9875b8a
B,2023,31,304,botafogo,5,atl_b256530a6f4fd72d,504858,Titular,770.0,1.0,0.0011420640702290378,0.09364925,atl_b256530a6f4fd72d
B,2023,31,304,botafogo,10,atl_1a68344c931721eb,335599,Titular,1729.0,2.0,0.0010993366393857685,0.0901456,atl_1a68344c931721eb
B,2023,31,304,botafogo,7,atl_9f69130327ef61b9,543706,Titular,2745.0,3.0,0.0010633039658523508,0.08719093,atl_9f69130327ef61b9
B,2023,31,305,mirassol,9,atl_81fd7ee43a3d4b60,334457,Titular,914.0,4.0,0.003147398422341498,0.25808667,atl_81fd7ee43a3d4b60
B,2023,31,305,mirassol,5,atl_9b25372db780c18d,315023,Titular,2522.0,8.0,0.0027963009163437715,0.22929668,atl_9b25372db780c18d
B,2023,31,305,londrina,7,atl_d1fa367b58911e26,360467,Titular,2877.0,6.0,0.0019101040477319745,0.15662853,atl_d1fa367b58911e26
B,2023,31,305,londrina,2,atl_9bb86a37d546d20f,189041,Titular,1107.0,2.0,0.0015248421712451016,0.12503706,atl_9bb86a37d546d20f
B,2023,31,305,londrina,8,atl_75934a0e9b072232,346833,Titular,1354.0,2.0,0.0013216943738893626,0.10837894,atl_75934a0e9b072232
B,2023,31,306,ponte_preta,8,atl_67a835638bc6356c,600810,Titular,3527.0,9.0,0.0023467646807029743,0.1924347,atl_67a835638bc6356c
B,2023,31,306,ponte_preta,4,atl_e23ce9f74e0b8ef7,378323,Titular,3355.0,7.0,0.0019326644278056754,0.15847848,atl_e23ce9f74e0b8ef7
B,2023,31,306,ponte_preta,19,atl_8d8cae40e13d21e4,674534,Titular,903.0,2.0,0.0017465583529514457,0.14321778,atl_8d8cae40e13d21e4
B,2023,31,306,sport,77,atl_354e929bca75a756,520239,Titular,431.0,1.0,0.0015579176897861204,0.12774925,atl_354e929bca75a756
B,2023,31,306,ponte_preta,15,atl_0fb8d0aa0ad0a4b9,377697,Titular,4907.0,7.0,0.0013779214664677046,0.11298956,atl_0fb8d0aa0ad0a4b9
B,2023,31,307,novorizontino,28,atl_772bd80488b89ed8,294484,Titular,1952.0,5.0,0.0022228472141887757,0.18227347,atl_772bd80488b89ed8
B,2023,31,307,sampaio_correa,10,atl_244b1b6821f3b7d9,379134,Titular,1092.0,3.0,0.0021673501062756772,0.17772271,atl_244b1b6821f3b7d9
B,2023,31,307,sampaio_correa,2,atl_d56d6d8d0c04224b,405535,Titular,1714.0,3.0,0.0015584559029769099,0.12779338,atl_d56d6d8d0c04224b
B,2023,31,307,sampaio_correa,21,atl_f999a2d02c77c1c3,310743,Titular,1876.0,3.0,0.0014521975459557569,0.1190802,atl_f999a2d02c77c1c3
B,2023,31,307,novorizontino,11,atl_b36618bb7e0071c5,355362,Titular,3877.0,5.0,0.001245241345485693,0.10210979,atl_b36618bb7e0071c5
B,2023,31,308,chapecoense,9,atl_1b38b437f752aff1,189708,Titular,170.0,1.0,0.0021648080137177286,0.17751426,atl_1b38b437f752aff1
B,2023,31,308,abc,30,atl_702b8e48bfa98b02,460566,Titular,646.0,2.0,0.002138238542051377,0.17533556,atl_702b8e48bfa98b02
B,2023,31,308,chapecoense,13,atl_bedcb5b4ebcc838c,376599,Titular,1161.0,3.0,0.002077315694877109,0.17033989,atl_bedcb5b4ebcc838c
B,2023,31,308,chapecoense,55,atl_247d5865f8729748,441692,Titular,2424.0,3.0,0.0011800346679859365,0.09676284,atl_247d5865f8729748
B,2023,31,308,chapecoense,80,atl_331fc0ba6e7155d6,520331,Titular,821.0,1.0,0.001097972270394306,0.09003373,atl_331fc0ba6e7155d6
B,2023,31,309,tombense,10,atl_9ef5c318fe211dd2,337271,Titular,2707.0,4.0,0.001387721038101303,0.11379313,atl_9ef5c318fe211dd2
B,2023,31,309,tombense,5,atl_2de557902e699e6d,448024,Titular,2728.0,4.0,0.0013786931131322424,0.11305284,atl_2de557902e699e6d
B,2023,31,309,tombense,9,atl_697aeedd82653380,188453,Titular,1344.0,2.0,0.0013288619138779167,0.10896668,atl_697aeedd82653380
B,2023,31,309,juventude,16,atl_697ba9685a345304,302192,Titular,2237.0,3.0,0.001260658154618516,0.10337397,atl_697ba9685a345304
B,2023,31,309,tombense,7,atl_dd6c3458c1c71a20,181106,Titular,863.0,1.0,0.0010641389355765796,0.08725939,atl_dd6c3458c1c71a20
B,2023,31,310,crb,22,atl_b038acf6cc5c8de7,323184,Titular,436.0,2.0,0.0026179715482808528,0.21467367,atl_b038acf6cc5c8de7
B,2023,31,310,crb,4,atl_4fb70cea490aa9b3,378811,Titular,2504.0,7.0,0.0024801669005295865,0.20337369,atl_4fb70cea490aa9b3
B,2023,31,310,crb,33,atl_3de67f7ef2964f19,583991,Titular,2078.0,5.0,0.002114205341036027,0.17336484,atl_3de67f7ef2964f19
B,2023,31,310,ceara,5,atl_eabe50b478a200d7,502736,Titular,3333.0,6.0,0.0016828649541327624,0.13799493,atl_eabe50b478a200d7
B,2023,31,310,ceara,35,atl_efec3b58621ddee2,567913,Titular,404.0,1.0,0.0016044484172465464,0.13156477,atl_efec3b58621ddee2
B,2023,32,311,atletico,3,atl_9cc3cc9282d1d56e,354299,Titular,810.0,3.0,0.002634802543820799,0.21605381,atl_9cc3cc9282d1d56e
B,2023,32,311,ponte_preta,8,atl_67a835638bc6356c,600810,Titular,3602.0,9.0,0.0023041422068272176,0.18893966,atl_67a835638bc6356c
B,2023,32,311,atletico,4,atl_77dd8f7d047afc0d,701439,Titular,627.0,2.0,0.0021753250509363325,0.17837665,atl_77dd8f7d047afc0d
B,2023,32,311,atletico,11,atl_14e3b735d8a2696d,451607,Titular,2014.0,4.0,0.0017707204981723336,0.14519908,atl_14e3b735d8a2696d
B,2023,32,311,ponte_preta,19,atl_8d8cae40e13d21e4,674534,Titular,959.0,2.0,0.0016803230516828286,0.13778649,atl_8d8cae40e13d21e4
B,2023,32,312,vila_nova,3,atl_0c6a06208fa3b31a,456246,Titular,2627.0,6.0,0.002063188785546929,0.16918148,atl_0c6a06208fa3b31a
B,2023,32,312,vila_nova,18,atl_7d0f9bfb2bd45f67,559119,Titular,319.0,1.0,0.001772394789261596,0.14533637,atl_7d0f9bfb2bd45f67
B,2023,32,312,botafogo,8,atl_3236d46841801d09,536655,Titular,2088.0,4.0,0.0017200893865553504,0.14104733,atl_3236d46841801d09
B,2023,32,312,botafogo,5,atl_c3d08438b8bd3ddc,294486,Titular,2124.0,4.0,0.0016964905992398044,0.13911223,atl_c3d08438b8bd3ddc
B,2023,32,312,vila_nova,23,atl_817365742dda981d,305811,Titular,1714.0,3.0,0.001558984341646453,0.12783672,atl_817365742dda981d
B,2023,32,313,chapecoense,13,atl_bedcb5b4ebcc838c,376599,Titular,1251.0,3.0,0.0019712114976614776,0.16163934,atl_bedcb5b4ebcc838c
B,2023,32,313,chapecoense,9,atl_1b38b437f752aff1,189708,Titular,239.0,1.0,0.001964264319898846,0.16106967,atl_1b38b437f752aff1
B,2023,32,313,chapecoense,55,atl_247d5865f8729748,441692,Titular,2481.0,4.0,0.0014933214801761982,0.12245236,atl_247d5865f8729748
B,2023,32,313,criciuma,17,atl_895c97ce05652e37,379397,Titular,2844.0,4.0,0.001331217503709703,0.10915984,atl_895c97ce05652e37
B,2023,32,313,criciuma,23,atl_8e0213cefa71eba6,167716,Titular,1499.0,2.0,0.0012264088706379424,0.10056553,atl_8e0213cefa71eba6
B,2023,32,314,ituano,5,atl_5c47fcd3d8a48b45,422022,Titular,1468.0,6.0,0.0032782476282546985,0.26881631,atl_5c47fcd3d8a48b45
B,2023,32,314,crb,22,atl_b038acf6cc5c8de7,323184,Titular,501.0,2.0,0.0024491421902150317,0.20082966,atl_b038acf6cc5c8de7
B,2023,32,314,crb,4,atl_4fb70cea490aa9b3,378811,Titular,2594.0,7.0,0.0024084005599241264,0.19748885,atl_4fb70cea490aa9b3
B,2023,32,314,crb,33,atl_3de67f7ef2964f19,583991,Titular,2165.0,5.0,0.002045625265442869,0.16774127,atl_3de67f7ef2964f19
B,2023,32,314,ituano,7,atl_930f54bb1d79fcde,521903,Titular,885.0,2.0,0.00177010204505794,0.14514837,atl_930f54bb1d79fcde
B,2023,32,315,novorizontino,14,atl_2b3a7a5127266477,500915,Titular,137.0,1.0,0.002278793300479195,0.18686105,atl_2b3a7a5127266477
B,2023,32,315,novorizontino,28,atl_772bd80488b89ed8,294484,Titular,2024.0,5.0,0.002159901478765946,0.17711192,atl_772bd80488b89ed8
B,2023,32,315,novorizontino,4,atl_43aca2e9da0a643b,291797,Titular,3498.0,5.0,0.0013635796229127682,0.11181353,atl_43aca2e9da0a643b
B,2023,32,315,novorizontino,5,atl_518c2b6993e189a8,175223,Titular,4992.0,7.0,0.0013568083270949103,0.11125828,atl_518c2b6993e189a8
B,2023,32,315,tombense,5,atl_2de557902e699e6d,448024,Titular,2818.0,4.0,0.001341648985052817,0.11001522,atl_2de557902e699e6d
B,2023,32,316,vitoria,21,atl_5fc9c1b4b14d424e,548873,Titular,1166.0,3.0,0.0020717835128482875,0.16988625,atl_5fc9c1b4b14d424e
B,2023,32,316,vitoria,7,atl_90165865d28fab11,392650,Titular,687.0,2.0,0.0020653675925907727,0.16936014,atl_90165865d28fab11
B,2023,32,316,vitoria,13,atl_640fc0353b94e042,388312,Titular,2833.0,6.0,0.001935670966818256,0.15872502,atl_640fc0353b94e042
B,2023,32,316,vitoria,8,atl_79973ceb0b7cc5ee,429655,Titular,3310.0,5.0,0.0014308638667730306,0.11733084,atl_79973ceb0b7cc5ee
B,2023,32,316,guarani,19,atl_9e29334206d8985f,436143,Titular,2157.0,3.0,0.001299055827024933,0.10652258,atl_9e29334206d8985f
B,2023,32,317,ceara,2,atl_eaa92f43d6513457,540238,Titular,99.0,1.0,0.0024233578170371407,0.19871534,atl_eaa92f43d6513457
B,2023,32,317,sampaio_correa,10,atl_244b1b6821f3b7d9,379134,Titular,1179.0,3.0,0.002055742306375966,0.16857087,atl_244b1b6821f3b7d9
B,2023,32,317,ceara,98,atl_6823ad35316185ec,429853,Titular,936.0,2.0,0.0017072363039033753,0.13999338,atl_6823ad35316185ec
B,2023,32,317,ceara,17,atl_e63422ca8c60f17a,581767,Titular,1670.0,3.0,0.0015905950840577176,0.1304288,atl_e63422ca8c60f17a
B,2023,32,317,sampaio_correa,2,atl_d56d6d8d0c04224b,405535,Titular,1770.0,3.0,0.0015205248160375538,0.12468303,atl_d56d6d8d0c04224b
B,2023,32,318,juventude,16,atl_697ba9685a345304,302192,Titular,2327.0,3.0,0.0012209378607729916,0.1001169,atl_697ba9685a345304
B,2023,32,318,sport,20,atl_622ca45bc5fdd529,692783,Titular,0.0,0.0,0.0009031826648104944,0.07406098,atl_622ca45bc5fdd529
B,2023,32,318,juventude,10,atl_94269f03c975963b,150986,Titular,4459.0,4.0,0.0008976792362180373,0.0736097,atl_94269f03c975963b
B,2023,32,318,juventude,5,atl_97e6d88c7d3c4859,378268,Titular,1140.0,1.0,0.0008851166661007605,0.07257957,atl_97e6d88c7d3c4859
B,2023,32,318,sport,12,atl_b54e1b8dbe3b47c3,320951,Titular,2283.0,2.0,0.0008809167561643,0.07223517,atl_b54e1b8dbe3b47c3
B,2023,32,319,londrina,8,atl_83e844736009fc90,551536,Titular,407.0,2.0,0.002702967290413723,0.22164332,atl_83e844736009fc90
B,2023,32,319,avai,77,atl_b58f267300e36871,318493,Titular,1569.0,5.0,0.002634891895797606,0.21606114,atl_b58f267300e36871
B,2023,32,319,londrina,7,atl_d1fa367b58911e26,360467,Titular,2967.0,6.0,0.0018608570327099069,0.15259028,atl_d1fa367b58911e26
B,2023,32,319,londrina,2,atl_9bb86a37d546d20f,189041,Titular,1187.0,2.0,0.0014532254489657659,0.11916449,atl_9bb86a37d546d20f
B,2023,32,319,avai,25,atl_66fe9e25e9875b8a,303063,Titular,2063.0,3.0,0.0013466997005092652,0.11042938,atl_66fe9e25e9875b8a
B,2023,32,320,mirassol,9,atl_81fd7ee43a3d4b60,334457,Titular,974.0,4.0,0.0030200755308041026,0.24764619,atl_81fd7ee43a3d4b60
B,2023,32,320,abc,27,atl_702b8e48bfa98b02,460566,Titular,715.0,2.0,0.0020177706439549357,0.16545719,atl_702b8e48bfa98b02
B,2023,32,320,mirassol,5,atl_cb0fed2ef44817a6,383527,Titular,2829.0,4.0,0.0013372157802358808,0.10965169,atl_cb0fed2ef44817a6
B,2023,32,320,mirassol,11,atl_2970a23b61e56679,462916,Titular,2360.0,3.0,0.001206850116225611,0.09896171,atl_2970a23b61e56679
B,2023,32,320,mirassol,2,atl_6178bbc12cb6ceff,376828,Titular,3591.0,4.0,0.0010881425891970781,0.08922769,atl_6178bbc12cb6ceff
B,2023,33,321,ituano,2,atl_05625b3bd4a8a214,399087,Titular,906.0,5.0,0.0038787030932386896,0.31805365,atl_05625b3bd4a8a214
B,2023,33,321,ituano,5,atl_5c47fcd3d8a48b45,422022,Titular,1558.0,6.0,0.003135790354272885,0.25713481,atl_5c47fcd3d8a48b45
B,2023,33,321,ponte_preta,8,atl_67a835638bc6356c,600810,Titular,3665.0,9.0,0.002269737466769171,0.18611847,atl_67a835638bc6356c
B,2023,33,321,ituano,8,atl_f90a8f255908592a,339273,Titular,1871.0,4.0,0.0018783030573992397,0.15402085,atl_f90a8f255908592a
B,2023,33,321,ituano,9,atl_930f54bb1d79fcde,521903,Titular,940.0,2.0,0.001703789270203887,0.13971072,atl_930f54bb1d79fcde
B,2023,33,322,atletico,3,atl_9cc3cc9282d1d56e,354299,Titular,900.0,3.0,0.002466754677923998,0.20227388,atl_9cc3cc9282d1d56e
B,2023,33,322,atletico,4,atl_77dd8f7d047afc0d,701439,Titular,717.0,2.0,0.0020159873041032026,0.16531096,atl_77dd8f7d047afc0d
B,2023,33,322,abc,27,atl_702b8e48bfa98b02,460566,Titular,760.0,2.0,0.0019471877373758708,0.15966939,atl_702b8e48bfa98b02
B,2023,33,322,atletico,11,atl_14e3b735d8a2696d,451607,Titular,2097.0,4.0,0.0017148465726197911,0.14061742,atl_14e3b735d8a2696d
B,2023,33,322,atletico,5,atl_6ac115ee5160b0fa,338849,Titular,1360.0,2.0,0.0013190626608030093,0.10816314,atl_6ac115ee5160b0fa
B,2023,33,323,avai,77,atl_b58f267300e36871,318493,Titular,1632.0,5.0,0.0025579064489181977,0.20974833,atl_b58f267300e36871
B,2023,33,323,ceara,21,atl_41237f74389ec350,591665,Titular,920.0,3.0,0.0024320116542912657,0.19942496,atl_41237f74389ec350
B,2023,33,323,ceara,2,atl_eaa92f43d6513457,540238,Titular,189.0,1.0,0.0021095160364203156,0.17298031,atl_eaa92f43d6513457
B,2023,33,323,ceara,98,atl_6823ad35316185ec,429853,Titular,1026.0,2.0,0.0016077696914112696,0.13183711,atl_6823ad35316185ec
B,2023,33,323,avai,25,atl_66fe9e25e9875b8a,303063,Titular,2126.0,3.0,0.0013151015038437156,0.10783832,atl_66fe9e25e9875b8a
B,2023,33,324,novorizontino,28,atl_772bd80488b89ed8,294484,Titular,2094.0,5.0,0.002102334830028372,0.17239146,atl_772bd80488b89ed8
B,2023,33,324,botafogo,10,atl_1a68344c931721eb,335599,Titular,1909.0,4.0,0.001848674366580987,0.1515913,atl_1a68344c931721eb
B,2023,33,324,botafogo,11,atl_4ffd4d5e709df363,551154,Titular,332.0,1.0,0.0017469429676605737,0.14324932,atl_4ffd4d5e709df363
B,2023,33,324,botafogo,8,atl_3236d46841801d09,536655,Titular,2178.0,4.0,0.0016629785470849878,0.13636424,atl_3236d46841801d09
B,2023,33,324,botafogo,5,atl_c3d08438b8bd3ddc,294486,Titular,2205.0,4.0,0.0016463795005891302,0.13500312,atl_c3d08438b8bd3ddc
B,2023,33,325,mirassol,9,atl_81fd7ee43a3d4b60,334457,Titular,1042.0,4.0,0.0028881041174407245,0.23682454,atl_81fd7ee43a3d4b60
B,2023,33,325,guarani,27,atl_26b06572a565a900,527028,Titular,2318.0,4.0,0.0015803607342418727,0.12958958,atl_26b06572a565a900
B,2023,33,325,guarani,21,atl_92b62a0719c50c35,434877,Titular,1770.0,3.0,0.0015213464973980605,0.12475041,atl_92b62a0719c50c35
B,2023,33,325,guarani,9,atl_df3378fb78f86873,374375,Titular,1128.0,2.0,0.0015070371923179345,0.12357705,atl_df3378fb78f86873
B,2023,33,325,mirassol,5,atl_cb0fed2ef44817a6,383527,Titular,2919.0,4.0,0.001302561143344135,0.10681001,atl_cb0fed2ef44817a6
B,2023,33,326,chapecoense,31,atl_abc110f9c4ae300b,565047,Titular,1416.0,4.0,0.0023243510172722324,0.19059678,atl_abc110f9c4ae300b
B,2023,33,326,chapecoense,13,atl_bedcb5b4ebcc838c,376599,Titular,1341.0,3.0,0.0018758590706646372,0.15382044,atl_bedcb5b4ebcc838c
B,2023,33,326,chapecoense,55,atl_247d5865f8729748,441692,Titular,2553.0,5.0,0.0017862615621007526,0.14647345,atl_247d5865f8729748
B,2023,33,326,chapecoense,9,atl_1b38b437f752aff1,189708,Titular,325.0,1.0,0.0017617655140528452,0.14446477,atl_1b38b437f752aff1
B,2023,33,326,sport,7,atl_8bccda153adf0fb1,175065,Titular,3877.0,4.0,0.001017467797371167,0.08343236,atl_8bccda153adf0fb1
B,2023,33,327,vitoria,7,atl_90165865d28fab11,392650,Titular,777.0,3.0,0.0027043512522267796,0.2217568,atl_90165865d28fab11
B,2023,33,327,sampaio_correa,5,atl_bb6f800245d6ab6c,365933,Titular,45.0,1.0,0.0026668927506304538,0.21868521,atl_bb6f800245d6ab6c
B,2023,33,327,vitoria,21,atl_5fc9c1b4b14d424e,548873,Titular,1235.0,3.0,0.0019904648697945805,0.16321812,atl_5fc9c1b4b14d424e
B,2023,33,327,sampaio_correa,10,atl_244b1b6821f3b7d9,379134,Titular,1239.0,3.0,0.0019858864572131095,0.16284269,atl_244b1b6821f3b7d9
B,2023,33,327,vitoria,13,atl_640fc0353b94e042,388312,Titular,2923.0,6.0,0.0018853218080904463,0.15459639,atl_640fc0353b94e042
B,2023,33,328,londrina,8,atl_83e844736009fc90,551536,Titular,471.0,2.0,0.0025267317704362486,0.20719201,atl_83e844736009fc90
B,2023,33,328,londrina,7,atl_d1fa367b58911e26,360467,Titular,3057.0,6.0,0.0018142975960341854,0.1487724,atl_d1fa367b58911e26
B,2023,33,328,londrina,2,atl_9bb86a37d546d20f,189041,Titular,1277.0,2.0,0.001380673353457286,0.11321521,atl_9bb86a37d546d20f
B,2023,33,328,londrina,5,atl_cdc4b3007f5d4f4b,174223,Titular,5622.0,7.0,0.0012174871854122179,0.09983395,atl_cdc4b3007f5d4f4b
B,2023,33,328,londrina,11,atl_101ec08d1c7d45fd,387255,Titular,1549.0,2.0,0.0011973921664683246,0.09818616,atl_101ec08d1c7d45fd
B,2023,33,329,tombense,1,atl_225d65c781e8177a,443489,Titular,0.0,1.0,0.0029069130981871946,0.23836687,atl_225d65c781e8177a
B,2023,33,329,tombense,17,atl_89c51f04abfae26b,412193,Titular,2463.0,6.0,0.0021780143601395872,0.17859718,atl_89c51f04abfae26b
B,2023,33,329,vila_nova,3,atl_0c6a06208fa3b31a,456246,Titular,2717.0,6.0,0.002006048041371961,0.16449594,atl_0c6a06208fa3b31a
B,2023,33,329,tombense,10,atl_9ef5c318fe211dd2,337271,Titular,2794.0,5.0,0.0016555727228578013,0.13575696,atl_9ef5c318fe211dd2
B,2023,33,329,tombense,5,atl_2de557902e699e6d,448024,Titular,2863.0,5.0,0.0016216046830489436,0.13297158,atl_2de557902e699e6d
B,2023,33,330,crb,4,atl_4fb70cea490aa9b3,378811,Titular,2684.0,7.0,0.0023409097201927127,0.1919546,atl_4fb70cea490aa9b3
B,2023,33,330,crb,33,atl_3de67f7ef2964f19,583991,Titular,2204.0,5.0,0.002016810853954733,0.16537849,atl_3de67f7ef2964f19
B,2023,33,330,criciuma,33,atl_69ed1a3518adaa3b,298361,Titular,2320.0,5.0,0.0019338498401041124,0.15857569,atl_69ed1a3518adaa3b
B,2023,33,330,crb,6,atl_8b2fdbd01179d332,419442,Titular,3754.0,5.0,0.0012819596965429236,0.1051207,atl_8b2fdbd01179d332
B,2023,33,330,crb,40,atl_f7052bef488a9dd0,402095,Titular,1588.0,2.0,0.0011750270828992325,0.09635222,atl_f7052bef488a9dd0
B,2023,34,331,botafogo,10,atl_1a68344c931721eb,335599,Titular,1996.0,4.0,0.0017830919146131802,0.14621354,atl_1a68344c931721eb
B,2023,34,331,botafogo,8,atl_3236d46841801d09,536655,Titular,2261.0,4.0,0.0016119512563833747,0.13218,atl_3236d46841801d09
B,2023,34,331,botafogo,5,atl_c3d08438b8bd3ddc,294486,Titular,2278.0,4.0,0.0016020869038425119,0.13137113,atl_c3d08438b8bd3ddc
B,2023,34,331,botafogo,11,atl_4ffd4d5e709df363,551154,Titular,415.0,1.0,0.0015853523703546427,0.12999889,atl_4ffd4d5e709df363
B,2023,34,331,guarani,9,atl_df3378fb78f86873,374375,Titular,1209.0,2.0,0.0014339364651108826,0.11758279,atl_df3378fb78f86873
B,2023,34,332,atletico,3,atl_9cc3cc9282d1d56e,354299,Titular,990.0,3.0,0.0023158371938755023,0.18989865,atl_9cc3cc9282d1d56e
B,2023,34,332,vila_nova,3,atl_0c6a06208fa3b31a,456246,Titular,2807.0,6.0,0.0019505888777969452,0.15994829,atl_0c6a06208fa3b31a
B,2023,34,332,atletico,4,atl_77dd8f7d047afc0d,701439,Titular,807.0,2.0,0.0018749788973791111,0.15374827,atl_77dd8f7d047afc0d
B,2023,34,332,atletico,11,atl_14e3b735d8a2696d,451607,Titular,2161.0,4.0,0.0016725281544060495,0.13714731,atl_14e3b735d8a2696d
B,2023,34,332,vila_nova,18,atl_7d0f9bfb2bd45f67,559119,Titular,499.0,1.0,0.001452049468342841,0.11906806,atl_7d0f9bfb2bd45f67
B,2023,34,333,sampaio_correa,17,atl_e23c8c63f4ca176d,540362,Titular,106.0,1.0,0.002393725113654287,0.19628546,atl_e23c8c63f4ca176d
B,2023,34,333,sampaio_correa,5,atl_bb6f800245d6ab6c,365933,Titular,135.0,1.0,0.0022844053840543276,0.18732124,atl_bb6f800245d6ab6c
B,2023,34,333,sampaio_correa,10,atl_244b1b6821f3b7d9,379134,Titular,1322.0,3.0,0.0018938514922472549,0.15529582,atl_244b1b6821f3b7d9
B,2023,34,333,sampaio_correa,8,atl_75a189d0732ae505,180494,Titular,3026.0,5.0,0.0015458302379110884,0.12675808,atl_75a189d0732ae505
B,2023,34,333,sampaio_correa,21,atl_f999a2d02c77c1c3,310743,Titular,1966.0,3.0,0.0013992690263075825,0.11474006,atl_f999a2d02c77c1c3
B,2023,34,334,ituano,2,atl_05625b3bd4a8a214,399087,Titular,996.0,5.0,0.0036434474725096913,0.29876269,atl_05625b3bd4a8a214
B,2023,34,334,ituano,5,atl_5c47fcd3d8a48b45,422022,Titular,1648.0,6.0,0.003003071424057029,0.24625186,atl_5c47fcd3d8a48b45
B,2023,34,334,mirassol,9,atl_81fd7ee43a3d4b60,334457,Titular,1122.0,4.0,0.0027438948328449434,0.22499938,atl_81fd7ee43a3d4b60
B,2023,34,334,ituano,8,atl_f90a8f255908592a,339273,Titular,1952.0,4.0,0.0018150886700140693,0.14883727,atl_f90a8f255908592a
B,2023,34,334,ituano,9,atl_b2b40462ee3704a5,311813,Titular,2681.0,4.0,0.0013991189622365602,0.11472775,atl_b2b40462ee3704a5
B,2023,34,335,ponte_preta,19,atl_8d8cae40e13d21e4,674534,Titular,1004.0,3.0,0.002294280198719746,0.18813098,atl_8d8cae40e13d21e4
B,2023,34,335,ponte_preta,8,atl_67a835638bc6356c,600810,Titular,3731.0,9.0,0.0022336557359665557,0.18315977,atl_67a835638bc6356c
B,2023,34,335,novorizontino,28,atl_772bd80488b89ed8,294484,Titular,2169.0,5.0,0.002042187118349381,0.16745934,atl_772bd80488b89ed8
B,2023,34,335,ponte_preta,3,atl_98c74c6f94f3e86f,565679,Titular,1114.0,2.0,0.0015183379299098503,0.12450371,atl_98c74c6f94f3e86f
B,2023,34,335,novorizontino,5,atl_518c2b6993e189a8,175223,Titular,5082.0,7.0,0.0013347541058535467,0.10944984,atl_518c2b6993e189a8
B,2023,34,336,vitoria,21,atl_5fc9c1b4b14d424e,548873,Titular,1324.0,3.0,0.0018917749006987382,0.15512554,atl_5fc9c1b4b14d424e
B,2023,34,336,vitoria,13,atl_640fc0353b94e042,388312,Titular,3013.0,6.0,0.001836207634180045,0.15056903,atl_640fc0353b94e042
B,2023,34,336,vitoria,8,atl_79973ceb0b7cc5ee,429655,Titular,3484.0,5.0,0.0013681218420869723,0.11218599,atl_79973ceb0b7cc5ee
B,2023,34,336,juventude,16,atl_697ba9685a345304,302192,Titular,2507.0,3.0,0.0011475215892499163,0.09409677,atl_697ba9685a345304
B,2023,34,336,juventude,10,atl_94269f03c975963b,150986,Titular,4626.0,5.0,0.0010633237258826566,0.08719255,atl_94269f03c975963b
B,2023,34,337,ceara,21,atl_41237f74389ec350,591665,Titular,977.0,3.0,0.002336220324221055,0.19157007,atl_41237f74389ec350
B,2023,34,337,ceara,2,atl_eaa92f43d6513457,540238,Titular,279.0,1.0,0.0018621276237156586,0.15269447,atl_eaa92f43d6513457
B,2023,34,337,ceara,14,atl_b78ed18878b8608b,299778,Titular,1536.0,3.0,0.0016947924454196947,0.13897298,atl_b78ed18878b8608b
B,2023,34,337,ceara,98,atl_6823ad35316185ec,429853,Titular,1107.0,2.0,0.0015249517230083998,0.12504604,atl_6823ad35316185ec
B,2023,34,337,sport,8,atl_2ccf1864eae02089,459864,Titular,740.0,1.0,0.0011698366281245954,0.0959266,atl_2ccf1864eae02089
B,2023,34,338,chapecoense,22,atl_7b158135f9c288ae,577268,Titular,1094.0,3.0,0.0021647411661696978,0.17750878,atl_7b158135f9c288ae
B,2023,34,338,tombense,17,atl_89c51f04abfae26b,412193,Titular,2553.0,6.0,0.002112871738904192,0.17325548,atl_89c51f04abfae26b
B,2023,34,338,chapecoense,13,atl_bedcb5b4ebcc838c,376599,Titular,1431.0,3.0,0.0017869484302819774,0.14652977,atl_bedcb5b4ebcc838c
B,2023,34,338,tombense,10,atl_9ef5c318fe211dd2,337271,Titular,2879.0,5.0,0.0016130800292614672,0.13227256,atl_9ef5c318fe211dd2
B,2023,34,338,chapecoense,9,atl_1b38b437f752aff1,189708,Titular,409.0,1.0,0.0015958167424361916,0.13085697,atl_1b38b437f752aff1
B,2023,34,339,londrina,5,atl_83e844736009fc90,551536,Titular,561.0,3.0,0.0032522124588826563,0.26668142,atl_83e844736009fc90
B,2023,34,339,crb,4,atl_4fb70cea490aa9b3,378811,Titular,2774.0,7.0,0.002275686444372174,0.18660629,atl_4fb70cea490aa9b3
B,2023,34,339,crb,33,atl_3de67f7ef2964f19,583991,Titular,2271.0,5.0,0.0019670145863856002,0.1612952,atl_3de67f7ef2964f19
B,2023,34,339,londrina,11,atl_101ec08d1c7d45fd,387255,Titular,1626.0,3.0,0.0016230467633464244,0.13308983,atl_101ec08d1c7d45fd
B,2023,34,339,crb,29,atl_3cff56bbe317e0c7,509608,Titular,1181.0,2.0,0.0014578211890984524,0.11954134,atl_3cff56bbe317e0c7
B,2023,34,340,avai,25,atl_66fe9e25e9875b8a,303063,Titular,2216.0,3.0,0.0012704703309552644,0.10417857,atl_66fe9e25e9875b8a
B,2023,34,340,avai,98,atl_dadb4d91e57b3746,382612,Titular,3170.0,4.0,0.0012126968443799723,0.09944114,atl_dadb4d91e57b3746
B,2023,34,340,abc,44,atl_5a8586ef8e066ad4,183874,Titular,1571.0,2.0,0.001183291848804683,0.09702993,atl_5a8586ef8e066ad4
B,2023,34,340,avai,29,atl_3836099510840481,308283,Titular,2637.0,3.0,0.0010999672996093396,0.09019732,atl_3836099510840481
B,2023,34,340,avai,5,atl_c0cd995de28c1763,184600,Titular,2126.0,2.0,0.0009332054146513703,0.07652284,atl_c0cd995de28c1763
B,2023,35,341,avai,77,atl_b58f267300e36871,318493,Titular,1709.0,5.0,0.0024677960083546555,0.20235927,atl_b58f267300e36871
B,2023,35,341,ponte_preta,8,atl_67a835638bc6356c,600810,Titular,3811.0,9.0,0.0021923825985746773,0.17977537,atl_67a835638bc6356c
B,2023,35,341,ponte_preta,19,atl_8d8cae40e13d21e4,674534,Titular,1094.0,3.0,0.0021652204406872235,0.17754808,atl_8d8cae40e13d21e4
B,2023,35,341,ponte_preta,6,atl_4c78950aaf5a558f,536558,Titular,2002.0,3.0,0.0013794410001820281,0.11311416,atl_4c78950aaf5a558f
B,2023,35,341,ponte_preta,5,atl_1b93d2582891b2fb,465048,Titular,4482.0,6.0,0.0012949340390316006,0.10618459,atl_1b93d2582891b2fb
B,2023,35,342,atletico,3,atl_9cc3cc9282d1d56e,354299,Titular,1080.0,3.0,0.002184405938262933,0.17912129,atl_9cc3cc9282d1d56e
B,2023,35,342,novorizontino,28,atl_772bd80488b89ed8,294484,Titular,2259.0,5.0,0.001975846822202042,0.16201944,atl_772bd80488b89ed8
B,2023,35,342,atletico,4,atl_77dd8f7d047afc0d,701439,Titular,897.0,2.0,0.001754732557233668,0.14388807,atl_77dd8f7d047afc0d
B,2023,35,342,atletico,11,atl_14e3b735d8a2696d,451607,Titular,2251.0,4.0,0.0016180884705399613,0.13268325,atl_14e3b735d8a2696d
B,2023,35,342,novorizontino,5,atl_518c2b6993e189a8,175223,Titular,5171.0,7.0,0.0013139413476380593,0.10774319,atl_518c2b6993e189a8
B,2023,35,343,criciuma,33,atl_69ed1a3518adaa3b,298361,Titular,2410.0,5.0,0.0018733200626994619,0.15361225,atl_69ed1a3518adaa3b
B,2023,35,343,abc,10,atl_90841e79a29b2244,318266,Titular,1151.0,2.0,0.0014847737022746423,0.12175144,atl_90841e79a29b2244
B,2023,35,343,abc,97,atl_a6f45333b6501499,431346,Titular,1495.0,2.0,0.0012287525726593655,0.10075771,atl_a6f45333b6501499
B,2023,35,343,abc,31,atl_7de6943bbd9f9e8a,512737,Titular,726.0,1.0,0.0011838184196210722,0.09707311,atl_7de6943bbd9f9e8a
B,2023,35,343,criciuma,23,atl_8e0213cefa71eba6,167716,Titular,1729.0,2.0,0.001099758359109661,0.09018019,atl_8e0213cefa71eba6
B,2023,35,344,ceara,21,atl_41237f74389ec350,591665,Titular,1052.0,3.0,0.0022238153237470583,0.18235286,atl_41237f74389ec350
B,2023,35,344,botafogo,8,atl_3236d46841801d09,536655,Titular,2348.0,5.0,0.0019141016090082283,0.15695633,atl_3236d46841801d09
B,2023,35,344,botafogo,10,atl_1a68344c931721eb,335599,Titular,2083.0,4.0,0.0017233299970791458,0.14131306,atl_1a68344c931721eb
B,2023,35,344,ceara,14,atl_b78ed18878b8608b,299778,Titular,1611.0,3.0,0.001634941441238955,0.1340652,atl_b78ed18878b8608b
B,2023,35,344,botafogo,2,atl_789145572e5e51a0,427213,Titular,2990.0,5.0,0.0015619946654600097,0.12808356,atl_789145572e5e51a0
B,2023,35,345,mirassol,9,atl_81fd7ee43a3d4b60,334457,Titular,1201.0,4.0,0.0026169085140831474,0.2145865,atl_81fd7ee43a3d4b60
B,2023,35,345,mirassol,5,atl_cb0fed2ef44817a6,383527,Titular,3099.0,4.0,0.0012368328375813931,0.10142029,atl_cb0fed2ef44817a6
B,2023,35,345,mirassol,11,atl_2970a23b61e56679,462916,Titular,2568.0,3.0,0.001124954818271002,0.0922463,atl_2970a23b61e56679
B,2023,35,345,sport,7,atl_8bccda153adf0fb1,175065,Titular,3973.0,4.0,0.0009951623926795067,0.08160332,atl_8bccda153adf0fb1
B,2023,35,345,mirassol,8,atl_4eea828dfad21d18,335362,Titular,4450.0,4.0,0.0008992649257485725,0.07373972,atl_4eea828dfad21d18
B,2023,35,346,vila_nova,3,atl_0c6a06208fa3b31a,456246,Titular,2897.0,6.0,0.001899134937431685,0.15572906,atl_0c6a06208fa3b31a
B,2023,35,346,vitoria,13,atl_640fc0353b94e042,388312,Titular,3103.0,6.0,0.0017905527012088353,0.14682532,atl_640fc0353b94e042
B,2023,35,346,vitoria,8,atl_79973ceb0b7cc5ee,429655,Titular,3567.0,6.0,0.0015862703177908616,0.13007417,atl_79973ceb0b7cc5ee
B,2023,35,346,vila_nova,23,atl_817365742dda981d,305811,Titular,1909.0,3.0,0.0014326946377980216,0.11748096,atl_817365742dda981d
B,2023,35,346,vila_nova,10,atl_a7e338192c18e204,533963,Titular,4212.0,6.0,0.0013691344190270445,0.11226902,atl_a7e338192c18e204
B,2023,35,347,tombense,17,atl_89c51f04abfae26b,412193,Titular,2621.0,6.0,0.0020670815067143334,0.16950068,atl_89c51f04abfae26b
B,2023,35,347,sampaio_correa,10,atl_244b1b6821f3b7d9,379134,Titular,1393.0,3.0,0.001823223128608259,0.1495043,atl_244b1b6821f3b7d9
B,2023,35,347,tombense,10,atl_9ef5c318fe211dd2,337271,Titular,2969.0,5.0,0.0015714503841036131,0.12885893,atl_9ef5c318fe211dd2
B,2023,35,347,sampaio_correa,8,atl_75a189d0732ae505,180494,Titular,3071.0,5.0,0.001526564374812499,0.12517828,atl_75a189d0732ae505
B,2023,35,347,sampaio_correa,2,atl_d56d6d8d0c04224b,405535,Titular,1860.0,3.0,0.0014624412637523026,0.11992018,atl_d56d6d8d0c04224b
B,2023,35,348,ituano,2,atl_05625b3bd4a8a214,399087,Titular,1086.0,5.0,0.003437176155394347,0.28184844,atl_05625b3bd4a8a214
B,2023,35,348,ituano,5,atl_5c47fcd3d8a48b45,422022,Titular,1738.0,6.0,0.0028826458366646266,0.23637696,atl_5c47fcd3d8a48b45
B,2023,35,348,ituano,9,atl_a24827b001207d53,582048,Titular,729.0,1.0,0.0011809287082631687,0.09683615,atl_a24827b001207d53
B,2023,35,348,juventude,16,atl_697ba9685a345304,302192,Titular,2597.0,3.0,0.0011144208532306858,0.09138251,atl_697ba9685a345304
B,2023,35,348,ituano,8,atl_87273c786c0a8f16,443387,Titular,1713.0,2.0,0.00110770961701556,0.09083219,atl_87273c786c0a8f16
B,2023,35,349,londrina,8,atl_83e844736009fc90,551536,Titular,651.0,3.0,0.0029985763531324362,0.24588326,atl_83e844736009fc90
B,2023,35,349,londrina,7,atl_d1fa367b58911e26,360467,Titular,3143.0,6.0,0.001770892501360262,0.14521319,atl_d1fa367b58911e26
B,2023,35,349,londrina,11,atl_101ec08d1c7d45fd,387255,Titular,1716.0,3.0,0.001557473548039456,0.12771283,atl_101ec08d1c7d45fd
B,2023,35,349,guarani,27,atl_26b06572a565a900,527028,Titular,2363.0,4.0,0.0015547891660689604,0.12749271,atl_26b06572a565a900
B,2023,35,349,guarani,14,atl_0fcff1b4740348d1,778423,Titular,1142.0,2.0,0.001492911925977731,0.12241878,atl_0fcff1b4740348d1
B,2023,35,350,chapecoense,31,atl_abc110f9c4ae300b,565047,Titular,1519.0,4.0,0.0022047357020581644,0.18078833,atl_abc110f9c4ae300b
B,2023,35,350,chapecoense,55,atl_247d5865f8729748,441692,Titular,2637.0,5.0,0.0017377626338716716,0.14249654,atl_247d5865f8729748
B,2023,35,350,chapecoense,13,atl_bedcb5b4ebcc838c,376599,Titular,1521.0,3.0,0.0017077493233327236,0.14003544,atl_bedcb5b4ebcc838c
B,2023,35,350,crb,29,atl_3cff56bbe317e0c7,509608,Titular,1259.0,2.0,0.0013936107916176432,0.11427608,atl_3cff56bbe317e0c7
B,2023,35,350,crb,40,atl_f7052bef488a9dd0,402095,Titular,1768.0,2.0,0.0010808471703948124,0.08862947,atl_f7052bef488a9dd0
B,2023,36,351,guarani,23,atl_a516feda88cfcf4f,442409,Titular,711.0,2.0,0.0020245939170075227,0.1660167,atl_a516feda88cfcf4f
B,2023,36,351,criciuma,33,atl_69ed1a3518adaa3b,298361,Titular,2500.0,5.0,0.0018172610778320367,0.14901541,atl_69ed1a3518adaa3b
B,2023,36,351,guarani,27,atl_26b06572a565a900,527028,Titular,2453.0,4.0,0.0015075459646109416,0.12361877,atl_26b06572a565a900
B,2023,36,351,criciuma,23,atl_8e0213cefa71eba6,167716,Titular,1797.0,3.0,0.0015027354085747106,0.1232243,atl_8e0213cefa71eba6
B,2023,36,351,criciuma,88,atl_7bb46689dc99cda7,360443,Titular,485.0,1.0,0.0014738916076102641,0.12085911,atl_7bb46689dc99cda7
B,2023,36,352,londrina,8,atl_83e844736009fc90,551536,Titular,718.0,3.0,0.0028339763821807144,0.23238606,atl_83e844736009fc90
B,2023,36,352,vila_nova,3,atl_0c6a06208fa3b31a,456246,Titular,2987.0,6.0,0.0018502389542575596,0.15171959,atl_0c6a06208fa3b31a
B,2023,36,352,londrina,11,atl_101ec08d1c7d45fd,387255,Titular,1801.0,3.0,0.001500123091480274,0.12301009,atl_101ec08d1c7d45fd
B,2023,36,352,vila_nova,23,atl_817365742dda981d,305811,Titular,1989.0,3.0,0.0013868152806332304,0.11371885,atl_817365742dda981d
B,2023,36,352,vila_nova,10,atl_a7e338192c18e204,533963,Titular,4270.0,6.0,0.001352575101361868,0.11091116,atl_a7e338192c18e204
B,2023,36,353,avai,77,atl_b58f267300e36871,318493,Titular,1784.0,5.0,0.002386945373684812,0.19572952,atl_b58f267300e36871
B,2023,36,353,crb,4,atl_4fb70cea490aa9b3,378811,Titular,2864.0,7.0,0.0022151555390892124,0.18164275,atl_4fb70cea490aa9b3
B,2023,36,353,crb,33,atl_3de67f7ef2964f19,583991,Titular,2340.0,5.0,0.001919641983625391,0.15741064,atl_3de67f7ef2964f19
B,2023,36,353,crb,5,atl_069e79f222be3f81,341763,Titular,419.0,1.0,0.0015797423650664964,0.12953887,atl_069e79f222be3f81
B,2023,36,353,avai,25,atl_66fe9e25e9875b8a,303063,Titular,2396.0,3.0,0.0011919140999641265,0.09773696,atl_66fe9e25e9875b8a
B,2023,36,354,ituano,5,atl_5c47fcd3d8a48b45,422022,Titular,1828.0,6.0,0.0027713845504708377,0.22725353,atl_5c47fcd3d8a48b45
B,2023,36,354,sampaio_correa,15,atl_e0d3ad42c0d03528,184656,Titular,1344.0,3.0,0.0018718998012451791,0.15349578,atl_e0d3ad42c0d03528
B,2023,36,354,ituano,11,atl_930f54bb1d79fcde,521903,Titular,1046.0,2.0,0.0015858882493506535,0.13004284,atl_930f54bb1d79fcde
B,2023,36,354,sampaio_correa,8,atl_75a189d0732ae505,180494,Titular,3153.0,5.0,0.0014924126015592966,0.12237783,atl_75a189d0732ae505
B,2023,36,354,sampaio_correa,21,atl_f999a2d02c77c1c3,310743,Titular,2146.0,3.0,0.0013045288108450908,0.10697136,atl_f999a2d02c77c1c3
B,2023,36,355,vitoria,7,atl_90165865d28fab11,392650,Titular,856.0,3.0,0.0025455628565605533,0.20873615,atl_90165865d28fab11
B,2023,36,355,novorizontino,28,atl_772bd80488b89ed8,294484,Titular,2332.0,5.0,0.0019250647010932592,0.15785531,atl_772bd80488b89ed8
B,2023,36,355,vitoria,21,atl_5fc9c1b4b14d424e,548873,Titular,1414.0,3.0,0.001803439515933182,0.14788204,atl_5fc9c1b4b14d424e
B,2023,36,355,vitoria,13,atl_640fc0353b94e042,388312,Titular,3193.0,6.0,0.0017470303908735745,0.14325649,atl_640fc0353b94e042
B,2023,36,355,novorizontino,1,atl_3486a99ece7d1ca8,351526,Titular,974.0,2.0,0.001663353618382707,0.136395,atl_3486a99ece7d1ca8
B,2023,36,356,atletico,3,atl_9cc3cc9282d1d56e,354299,Titular,1170.0,3.0,0.0020669360679617427,0.16948876,atl_9cc3cc9282d1d56e
B,2023,36,356,atletico,4,atl_77dd8f7d047afc0d,701439,Titular,987.0,2.0,0.001648811858437196,0.13520257,atl_77dd8f7d047afc0d
B,2023,36,356,atletico,11,atl_14e3b735d8a2696d,451607,Titular,2331.0,4.0,0.0015725126222169235,0.12894604,atl_14e3b735d8a2696d
B,2023,36,356,sport,28,atl_0f60d966f11da49b,820344,Titular,431.0,1.0,0.0015593804871064556,0.1278692,atl_0f60d966f11da49b
B,2023,36,356,atletico,5,atl_6ac115ee5160b0fa,338849,Titular,1536.0,2.0,0.0012042157335442586,0.09874569,atl_6ac115ee5160b0fa
B,2023,36,357,mirassol,9,atl_81fd7ee43a3d4b60,334457,Titular,1272.0,4.0,0.002512293021160333,0.20600803,atl_81fd7ee43a3d4b60
B,2023,36,357,ceara,21,atl_41237f74389ec350,591665,Titular,1085.0,3.0,0.002177781219871363,0.17857806,atl_41237f74389ec350
B,2023,36,357,ceara,17,atl_e63422ca8c60f17a,581767,Titular,1885.0,3.0,0.0014472885675036102,0.11867766,atl_e63422ca8c60f17a
B,2023,36,357,ceara,98,atl_6823ad35316185ec,429853,Titular,1287.0,2.0,0.0013720107630084556,0.11250488,atl_6823ad35316185ec
B,2023,36,357,mirassol,2,atl_6178bbc12cb6ceff,376828,Titular,3830.0,5.0,0.0012590723402993325,0.10324393,atl_6178bbc12cb6ceff
B,2023,36,358,chapecoense,9,atl_1b38b437f752aff1,189708,Titular,480.0,2.0,0.002501819626016439,0.20514921,atl_1b38b437f752aff1
B,2023,36,358,botafogo,8,atl_3236d46841801d09,536655,Titular,2438.0,5.0,0.0018556103585759395,0.15216005,atl_3236d46841801d09
B,2023,36,358,botafogo,6,atl_296684a7db5f5ed4,534028,Titular,359.0,1.0,0.0016900852543610132,0.13858699,atl_296684a7db5f5ed4
B,2023,36,358,chapecoense,55,atl_247d5865f8729748,441692,Titular,2727.0,5.0,0.0016894277141295663,0.13853307,atl_247d5865f8729748
B,2023,36,358,botafogo,10,atl_1a68344c931721eb,335599,Titular,2149.0,4.0,0.0016805523720257118,0.13780529,atl_1a68344c931721eb
B,2023,36,359,tombense,14,atl_96a71b8bc5d31710,169938,Titular,2057.0,7.0,0.0029142679833774384,0.23896997,atl_96a71b8bc5d31710
B,2023,36,359,ponte_preta,8,atl_67a835638bc6356c,600810,Titular,3876.0,9.0,0.0021599139016215975,0.17711294,atl_67a835638bc6356c
B,2023,36,359,ponte_preta,19,atl_8d8cae40e13d21e4,674534,Titular,1184.0,3.0,0.0020497525139525595,0.16807971,atl_8d8cae40e13d21e4
B,2023,36,359,tombense,17,atl_89c51f04abfae26b,412193,Titular,2666.0,6.0,0.0020378342493670596,0.16710241,atl_89c51f04abfae26b
B,2023,36,359,tombense,10,atl_9ef5c318fe211dd2,337271,Titular,3039.0,5.0,0.0015404869266731026,0.12631993,atl_9ef5c318fe211dd2
B,2023,36,360,abc,27,atl_702b8e48bfa98b02,460566,Titular,805.0,3.0,0.002645044623368667,0.21689366,atl_702b8e48bfa98b02
B,2023,36,360,abc,10,atl_90841e79a29b2244,318266,Titular,1241.0,3.0,0.0019826440169420506,0.16257681,atl_90841e79a29b2244
B,2023,36,360,abc,22,atl_0d474145872a55bc,345933,Titular,2915.0,5.0,0.0015964226159578653,0.13090665,atl_0d474145872a55bc
B,2023,36,360,juventude,44,atl_1643ff6385932f7d,539820,Titular,2608.0,4.0,0.0014323626877400613,0.11745374,atl_1643ff6385932f7d
B,2023,36,360,abc,97,atl_a6f45333b6501499,431346,Titular,1559.0,2.0,0.0011907640764915544,0.09764265,atl_a6f45333b6501499
B,2023,37,361,guarani,23,atl_a516feda88cfcf4f,442409,Titular,777.0,2.0,0.0019197151863855268,0.15741665,atl_a516feda88cfcf4f
B,2023,37,361,abc,22,atl_0d474145872a55bc,345933,Titular,3005.0,5.0,0.001555342736951303,0.1275381,atl_0d474145872a55bc
B,2023,37,361,guarani,19,atl_9e29334206d8985f,436143,Titular,2526.0,3.0,0.0011406068384052603,0.09352976,atl_9e29334206d8985f
B,2023,37,361,abc,44,atl_5a8586ef8e066ad4,183874,Titular,1688.0,2.0,0.0011204187810851544,0.09187434,atl_5a8586ef8e066ad4
B,2023,37,361,abc,14,atl_61a6ac864cbffe09,325913,Titular,839.0,1.0,0.0010840002188307078,0.08888802,atl_61a6ac864cbffe09
B,2023,37,362,ceara,21,atl_41237f74389ec350,591665,Titular,1175.0,4.0,0.0026575977868742193,0.21792302,atl_41237f74389ec350
B,2023,37,362,vila_nova,18,atl_7d0f9bfb2bd45f67,559119,Titular,679.0,2.0,0.0020792843876287683,0.17050132,atl_7d0f9bfb2bd45f67
B,2023,37,362,ceara,7,atl_dfee252ff684e249,358808,Titular,772.0,2.0,0.001927261236646476,0.15803542,atl_dfee252ff684e249
B,2023,37,362,vila_nova,3,atl_0c6a06208fa3b31a,456246,Titular,3055.0,6.0,0.0018147612638577545,0.14881042,atl_0c6a06208fa3b31a
B,2023,37,362,ceara,17,atl_e63422ca8c60f17a,581767,Titular,1975.0,3.0,0.0013945358759653809,0.11435194,atl_e63422ca8c60f17a
B,2023,37,363,botafogo,6,atl_c7eb1edf80cc0500,392223,Titular,216.0,1.0,0.0020272015265563096,0.16623053,atl_c7eb1edf80cc0500
B,2023,37,363,botafogo,5,atl_c3d08438b8bd3ddc,294486,Titular,2353.0,5.0,0.001910787344204107,0.15668456,atl_c3d08438b8bd3ddc
B,2023,37,363,botafogo,8,atl_3236d46841801d09,536655,Titular,2525.0,5.0,0.0018021409233105181,0.14777556,atl_3236d46841801d09
B,2023,37,363,criciuma,33,atl_69ed1a3518adaa3b,298361,Titular,2590.0,5.0,0.0017642318100369958,0.14466701,atl_69ed1a3518adaa3b
B,2023,37,363,botafogo,10,atl_1a68344c931721eb,335599,Titular,2233.0,4.0,0.0016287875203125932,0.13356058,atl_1a68344c931721eb
B,2023,37,364,ituano,2,atl_05625b3bd4a8a214,399087,Titular,1141.0,6.0,0.003931429794646141,0.32237724,atl_05625b3bd4a8a214
B,2023,37,364,ituano,5,atl_5c47fcd3d8a48b45,422022,Titular,1918.0,6.0,0.0026681043395427283,0.21878456,atl_5c47fcd3d8a48b45
B,2023,37,364,chapecoense,9,atl_1b38b437f752aff1,189708,Titular,546.0,2.0,0.002343667584143707,0.19218074,atl_1b38b437f752aff1
B,2023,37,364,chapecoense,55,atl_247d5865f8729748,441692,Titular,2817.0,5.0,0.0016434960183944278,0.13476667,atl_247d5865f8729748
B,2023,37,364,chapecoense,13,atl_bedcb5b4ebcc838c,376599,Titular,1701.0,3.0,0.0015681400695203623,0.12858749,atl_bedcb5b4ebcc838c
B,2023,37,365,mirassol,9,atl_81fd7ee43a3d4b60,334457,Titular,1348.0,4.0,0.00240880751786489,0.19752222,atl_81fd7ee43a3d4b60
B,2023,37,365,atletico,3,atl_9cc3cc9282d1d56e,354299,Titular,1260.0,3.0,0.001961066075576317,0.16080742,atl_9cc3cc9282d1d56e
B,2023,37,365,atletico,4,atl_77dd8f7d047afc0d,701439,Titular,1077.0,2.0,0.0015545188922094595,0.12747055,atl_77dd8f7d047afc0d
B,2023,37,365,atletico,11,atl_14e3b735d8a2696d,451607,Titular,2421.0,4.0,0.0015239562797036347,0.12496441,atl_14e3b735d8a2696d
B,2023,37,365,mirassol,2,atl_6178bbc12cb6ceff,376828,Titular,3906.0,5.0,0.00123728467839635,0.10145734,atl_6178bbc12cb6ceff
B,2023,37,366,vitoria,7,atl_90165865d28fab11,392650,Titular,940.0,3.0,0.0023968585368154983,0.1965424,atl_90165865d28fab11
B,2023,37,366,vitoria,8,atl_79973ceb0b7cc5ee,429655,Titular,3657.0,7.0,0.0017925129403450367,0.14698606,atl_79973ceb0b7cc5ee
B,2023,37,366,vitoria,21,atl_5fc9c1b4b14d424e,548873,Titular,1504.0,3.0,0.0017222935593883821,0.14122807,atl_5fc9c1b4b14d424e
B,2023,37,366,vitoria,13,atl_640fc0353b94e042,388312,Titular,3283.0,6.0,0.001705386278882981,0.13984167,atl_640fc0353b94e042
B,2023,37,366,vitoria,10,atl_1f85b5f88c773ffc,292205,Titular,2985.0,4.0,0.001277324617794639,0.10474062,atl_1f85b5f88c773ffc
B,2023,37,367,avai,77,atl_b58f267300e36871,318493,Titular,1853.0,6.0,0.002741808879309102,0.22482833,atl_b58f267300e36871
B,2023,37,367,avai,31,atl_556b6ad623e52fbd,180546,Titular,1076.0,3.0,0.0021900230285623844,0.17958189,atl_556b6ad623e52fbd
B,2023,37,367,sampaio_correa,13,atl_bb6f800245d6ab6c,365933,Titular,225.0,1.0,0.002002036266226645,0.16416697,atl_bb6f800245d6ab6c
B,2023,37,367,sampaio_correa,15,atl_e0d3ad42c0d03528,184656,Titular,1413.0,3.0,0.0018042217945709973,0.14794619,atl_e0d3ad42c0d03528
B,2023,37,367,sampaio_correa,8,atl_75a189d0732ae505,180494,Titular,3243.0,5.0,0.0014564457101293928,0.11942855,atl_75a189d0732ae505
B,2023,37,368,ponte_preta,19,atl_8d8cae40e13d21e4,674534,Titular,1247.0,4.0,0.002548068856905734,0.20894165,atl_8d8cae40e13d21e4
B,2023,37,368,ponte_preta,8,atl_67a835638bc6356c,600810,Titular,3966.0,9.0,0.002116318023514178,0.17353808,atl_67a835638bc6356c
B,2023,37,368,ponte_preta,15,atl_0fb8d0aa0ad0a4b9,377697,Titular,5447.0,8.0,0.001421132721206376,0.11653288,atl_0fb8d0aa0ad0a4b9
B,2023,37,368,juventude,34,atl_74c31dfe4d314802,550803,Titular,523.0,1.0,0.0014188429061723535,0.11634512,atl_74c31dfe4d314802
B,2023,37,368,juventude,44,atl_1643ff6385932f7d,539820,Titular,2698.0,4.0,0.0013919563142633887,0.11414042,atl_1643ff6385932f7d
B,2023,37,369,londrina,8,atl_83e844736009fc90,551536,Titular,795.0,3.0,0.0026652326586983147,0.21854908,atl_83e844736009fc90
B,2023,37,369,novorizontino,28,atl_772bd80488b89ed8,294484,Titular,2422.0,5.0,0.0018656660824826548,0.15298462,atl_772bd80488b89ed8
B,2023,37,369,novorizontino,1,atl_3486a99ece7d1ca8,351526,Titular,1064.0,2.0,0.0015674400850475177,0.12853009,atl_3486a99ece7d1ca8
B,2023,37,369,londrina,11,atl_101ec08d1c7d45fd,387255,Titular,1878.0,3.0,0.0014514198036225054,0.11901642,atl_101ec08d1c7d45fd
B,2023,37,369,londrina,9,atl_63fc06aa02eea54e,307680,Titular,777.0,1.0,0.0011366298300816897,0.09320365,atl_63fc06aa02eea54e
B,2023,37,370,tombense,3,atl_d880c426e26e6158,508857,Titular,882.0,3.0,0.002497450284380838,0.20479092,atl_d880c426e26e6158
B,2023,37,370,tombense,11,atl_89c51f04abfae26b,412193,Titular,2744.0,6.0,0.001988741150744241,0.16307677,atl_89c51f04abfae26b
B,2023,37,370,crb,33,atl_3de67f7ef2964f19,583991,Titular,2430.0,5.0,0.0018605721136567635,0.15256691,atl_3de67f7ef2964f19
B,2023,37,370,tombense,10,atl_9ef5c318fe211dd2,337271,Titular,3129.0,5.0,0.001502197931390002,0.12318023,atl_9ef5c318fe211dd2
B,2023,37,370,tombense,9,atl_697aeedd82653380,188453,Titular,1831.0,3.0,0.0014806848103879526,0.12141615,atl_697aeedd82653380
B,2023,38,371,ponte_preta,19,atl_8d8cae40e13d21e4,674534,Titular,1324.0,4.0,0.0024418298264367623,0.20023005,atl_8d8cae40e13d21e4
B,2023,38,371,crb,4,atl_4fb70cea490aa9b3,378811,Titular,2989.0,7.0,0.002136399427750259,0.17518475,atl_4fb70cea490aa9b3
B,2023,38,371,ponte_preta,8,atl_67a835638bc6356c,600810,Titular,4043.0,9.0,0.0020809812026019486,0.17064046,atl_67a835638bc6356c
B,2023,38,371,crb,33,atl_3de67f7ef2964f19,583991,Titular,2505.0,5.0,0.0018149409661965571,0.14882516,atl_3de67f7ef2964f19
B,2023,38,371,ponte_preta,40,atl_6bff0f0c397b9624,355149,Titular,1798.0,3.0,0.0015030015680681697,0.12324613,atl_6bff0f0c397b9624
B,2023,38,372,atletico,3,atl_9cc3cc9282d1d56e,354299,Titular,1350.0,3.0,0.0018669716775246777,0.15309168,atl_9cc3cc9282d1d56e
B,2023,38,372,guarani,23,atl_a516feda88cfcf4f,442409,Titular,867.0,2.0,0.001795097003233836,0.14719795,atl_a516feda88cfcf4f
B,2023,38,372,atletico,11,atl_14e3b735d8a2696d,451607,Titular,2484.0,4.0,0.0014925930306369484,0.12239263,atl_14e3b735d8a2696d
B,2023,38,372,atletico,4,atl_77dd8f7d047afc0d,701439,Titular,1167.0,2.0,0.001472044153221748,0.12070762,atl_77dd8f7d047afc0d
B,2023,38,372,guarani,21,atl_92b62a0719c50c35,434877,Titular,1875.0,3.0,0.0014542726751244858,0.11925036,atl_92b62a0719c50c35
B,2023,38,373,avai,16,atl_b7f3daf8c888dbb7,291982,Titular,778.0,5.0,0.004267525511283767,0.34993709,atl_b7f3daf8c888dbb7
B,2023,38,373,ituano,2,atl_05625b3bd4a8a214,399087,Titular,1199.0,6.0,0.003798644851925047,0.31148888,atl_05625b3bd4a8a214
B,2023,38,373,ituano,5,atl_5c47fcd3d8a48b45,422022,Titular,2008.0,7.0,0.002972048486212382,0.24370798,atl_5c47fcd3d8a48b45
B,2023,38,373,avai,31,atl_556b6ad623e52fbd,180546,Titular,1166.0,3.0,0.002073167829184066,0.16999976,atl_556b6ad623e52fbd
B,2023,38,373,ituano,11,atl_930f54bb1d79fcde,521903,Titular,1165.0,2.0,0.001473812374426819,0.12085261,atl_930f54bb1d79fcde
B,2023,38,374,londrina,5,atl_83e844736009fc90,551536,Titular,873.0,3.0,0.00251558456185044,0.20627793,atl_83e844736009fc90
B,2023,38,374,londrina,15,atl_b268fb35051878a1,645472,Titular,264.0,1.0,0.0019030073343202275,0.1560466,atl_b268fb35051878a1
B,2023,38,374,botafogo,4,atl_c7eb1edf80cc0500,392223,Titular,306.0,1.0,0.0018038431804226476,0.14791514,atl_c7eb1edf80cc0500
B,2023,38,374,londrina,4,atl_2a3c4c3b241c387a,617642,Titular,315.0,1.0,0.0017839234397799433,0.14628172,atl_2a3c4c3b241c387a
B,2023,38,374,londrina,3,atl_1203a00a74f32b3f,540808,Titular,321.0,1.0,0.0017708862404636466,0.14521267,atl_1203a00a74f32b3f
B,2023,38,375,novorizontino,28,atl_772bd80488b89ed8,294484,Titular,2497.0,5.0,0.001819785653460345,0.14922242,atl_772bd80488b89ed8
B,2023,38,375,criciuma,33,atl_69ed1a3518adaa3b,298361,Titular,2680.0,5.0,0.0017150621394404573,0.1406351,atl_69ed1a3518adaa3b
B,2023,38,375,criciuma,2,atl_380df224c145e892,188472,Titular,2800.0,5.0,0.0016526962434608044,0.13552109,atl_380df224c145e892
B,2023,38,375,novorizontino,4,atl_43aca2e9da0a643b,291797,Titular,3843.0,6.0,0.0014860459598021309,0.12185577,atl_43aca2e9da0a643b
B,2023,38,375,novorizontino,1,atl_3486a99ece7d1ca8,351526,Titular,1154.0,2.0,0.0014836140286702865,0.12165635,atl_3486a99ece7d1ca8
B,2023,38,376,sampaio_correa,13,atl_bb6f800245d6ab6c,365933,Titular,315.0,1.0,0.0017839234397799433,0.14628172,atl_bb6f800245d6ab6c
B,2023,38,376,sampaio_correa,15,atl_e0d3ad42c0d03528,184656,Titular,1458.0,3.0,0.0017639926473037048,0.1446474,atl_e0d3ad42c0d03528
B,2023,38,376,sampaio_correa,8,atl_75a189d0732ae505,180494,Titular,3317.0,5.0,0.0014288440145194274,0.11716521,atl_75a189d0732ae505
B,2023,38,376,sampaio_correa,21,atl_f999a2d02c77c1c3,310743,Titular,2296.0,3.0,0.0012352995720388605,0.10129456,atl_f999a2d02c77c1c3
B,2023,38,376,sampaio_correa,6,atl_5f3c701e5c5f63cc,170254,Titular,2600.0,3.0,0.001114160517232469,0.09136116,atl_5f3c701e5c5f63cc
B,2023,38,377,ceara,21,atl_41237f74389ec350,591665,Titular,1265.0,4.0,0.002523454732816235,0.20692329,atl_41237f74389ec350
B,2023,38,377,ceara,98,atl_6823ad35316185ec,429853,Titular,1372.0,3.0,0.0018450307710580415,0.15129252,atl_6823ad35316185ec
B,2023,38,377,juventude,16,atl_697ba9685a345304,302192,Titular,2777.0,4.0,0.0013591387254869253,0.11144938,atl_697ba9685a345304
B,2023,38,377,juventude,3,atl_1ccf08389b4c55e6,406610,Titular,3256.0,4.0,0.001185808733605073,0.09723632,atl_1ccf08389b4c55e6
B,2023,38,377,juventude,23,atl_b910aedef3809b5d,300856,Titular,927.0,1.0,0.0010188490563564497,0.08354562,atl_b910aedef3809b5d
B,2023,38,378,vitoria,21,atl_5fc9c1b4b14d424e,548873,Titular,1586.0,4.0,0.0021351378731642636,0.17508131,atl_5fc9c1b4b14d424e
B,2023,38,378,chapecoense,31,atl_abc110f9c4ae300b,565047,Titular,1614.0,4.0,0.0021068579013342735,0.17276235,atl_abc110f9c4ae300b
B,2023,38,378,chapecoense,55,atl_247d5865f8729748,441692,Titular,2907.0,5.0,0.0016007917826300717,0.13126493,atl_247d5865f8729748
B,2023,38,378,chapecoense,13,atl_bedcb5b4ebcc838c,376599,Titular,1791.0,3.0,0.001507593890624467,0.1236227,atl_bedcb5b4ebcc838c
B,2023,38,378,vitoria,1,atl_ce16ffd17fbf574a,178365,Titular,3330.0,3.0,0.0009018009408409018,0.07394768,atl_ce16ffd17fbf574a
B,2023,38,379,tombense,3,atl_177a79ecc0bf9064,610200,Titular,562.0,2.0,0.0023106380446522167,0.18947232,atl_177a79ecc0bf9064
B,2023,38,379,tombense,7,atl_89c51f04abfae26b,412193,Titular,2809.0,6.0,0.0019504072539802521,0.15993339,atl_89c51f04abfae26b
B,2023,38,379,tombense,10,atl_9ef5c318fe211dd2,337271,Titular,3219.0,5.0,0.001466495725576944,0.12025265,atl_9ef5c318fe211dd2
B,2023,38,379,mirassol,2,atl_6178bbc12cb6ceff,376828,Titular,3996.0,6.0,0.0014354754456006793,0.11770899,atl_6178bbc12cb6ceff
B,2023,38,379,tombense,9,atl_697aeedd82653380,188453,Titular,1921.0,3.0,0.001426640893606218,0.11698455,atl_697aeedd82653380
B,2023,38,380,abc,27,atl_702b8e48bfa98b02,460566,Titular,895.0,3.0,0.0024759122605165977,0.20302481,atl_702b8e48bfa98b02
B,2023,38,380,vila_nova,18,atl_7d0f9bfb2bd45f67,559119,Titular,769.0,2.0,0.0019337254558082378,0.15856549,atl_7d0f9bfb2bd45f67
B,2023,38,380,vila_nova,3,atl_0c6a06208fa3b31a,456246,Titular,3145.0,6.0,0.0017706166264528545,0.14519056,atl_0c6a06208fa3b31a
B,2023,38,380,abc,22,atl_0d474145872a55bc,345933,Titular,3095.0,5.0,0.0015170786101309191,0.12440045,atl_0d474145872a55bc
B,2023,38,380,vila_nova,10,atl_a7e338192c18e204,533963,Titular,4436.0,6.0,0.001307515721924768,0.10721629,atl_a7e338192c18e204
B,2024,1,1,vila_nova,5,atl_7d0f9bfb2bd45f67,559119,Titular,859.0,2.0,0.0018078922310055228,0.14824716,atl_7d0f9bfb2bd45f67
B,2024,1,1,vila_nova,8,atl_e533a09b6eb06dcf,168387,Titular,4090.0,4.0,0.0009710077433412866,0.07962263,atl_e533a09b6eb06dcf
B,2024,1,1,guarani,30,atl_9a535e1ebcbe02ce,460340,Titular,1029.0,1.0,0.0009528617017243332,0.07813466,atl_9a535e1ebcbe02ce
B,2024,1,1,guarani,14,atl_ba0ad9d161bb1891,183873,Titular,0.0,0.0,0.0009138510838730109,0.07493579,atl_ba0ad9d161bb1891
B,2024,1,1,guarani,10,atl_5ceeba85f36856c6,352508,Titular,0.0,0.0,0.0009138510838730109,0.07493579,atl_5ceeba85f36856c6
B,2024,1,2,ponte_preta,5,atl_7f8052acd8db694b,380640,Titular,1592.0,4.0,0.0021304615401226126,0.17469785,atl_7f8052acd8db694b
B,2024,1,2,ponte_preta,21,atl_6bff0f0c397b9624,355149,Titular,1888.0,3.0,0.0014476237612799437,0.11870515,atl_6bff0f0c397b9624
B,2024,1,2,coritiba_s_a_f,10,atl_9ef5c318fe211dd2,337271,Titular,3297.0,5.0,0.0014371676433859641,0.11784775,atl_9ef5c318fe211dd2
B,2024,1,2,ponte_preta,10,atl_d990f402850d1f87,183975,Titular,2911.0,3.0,0.0010134639524879818,0.08310404,atl_d990f402850d1f87
B,2024,1,2,ponte_preta,14,atl_75f491958c738eea,509192,Titular,1983.0,2.0,0.0009894988086735826,0.0811389,atl_75f491958c738eea
B,2024,1,3,america_saf,10,atl_61a5b3f29ceb7561,695297,Titular,85.0,1.0,0.0024904710118572745,0.20421862,atl_61a5b3f29ceb7561
B,2024,1,3,botafogo,10,atl_068d0118cac233fd,308427,Titular,2272.0,4.0,0.0016078374970910914,0.13184267,atl_068d0118cac233fd
B,2024,1,3,botafogo,3,atl_789145572e5e51a0,427213,Titular,3260.0,5.0,0.0014513099845575813,0.11900742,atl_789145572e5e51a0
B,2024,1,3,botafogo,7,atl_805bb37937f6fc53,610886,Titular,1780.0,2.0,0.0010775989219019761,0.08836311,atl_805bb37937f6fc53
B,2024,1,3,botafogo,6,atl_3578edd1a996da30,387314,Titular,1094.0,1.0,0.00091400598615841,0.07494849,atl_3578edd1a996da30
B,2024,1,4,crb,3,atl_4fb70cea490aa9b3,378811,Titular,3079.0,8.0,0.0023629297406919545,0.19376024,atl_4fb70cea490aa9b3
B,2024,1,4,gremio_novorizontino_saf,21,atl_ca7ecbe9da8d6e30,392562,Titular,1406.0,4.0,0.0023383659716351025,0.19174601,atl_ca7ecbe9da8d6e30
B,2024,1,4,gremio_novorizontino_saf,28,atl_772bd80488b89ed8,294484,Titular,2575.0,5.0,0.0017746099323370749,0.14551801,atl_772bd80488b89ed8
B,2024,1,4,gremio_novorizontino_saf,14,atl_309adcb39818005d,313755,Titular,1026.0,2.0,0.0016100429501549839,0.13202352,atl_309adcb39818005d
B,2024,1,4,gremio_novorizontino_saf,5,atl_518c2b6993e189a8,175223,Titular,5433.0,7.0,0.001256855813574331,0.10306218,atl_518c2b6993e189a8
B,2024,1,5,paysandu,28,atl_9b25372db780c18d,315023,Titular,2609.0,8.0,0.0027201433071523014,0.22305175,atl_9b25372db780c18d
B,2024,1,5,paysandu,21,atl_02d62a800c3c4502,424585,Titular,168.0,1.0,0.0021810262603839904,0.17884415,atl_02d62a800c3c4502
B,2024,1,5,paysandu,2,atl_f4c27e565c0b9e07,402841,Titular,466.0,1.0,0.0015082044947582873,0.12367277,atl_f4c27e565c0b9e07
B,2024,1,5,santos,20,atl_dec6fca1a19d15cf,178486,Titular,0.0,0.0,0.0009138510838730109,0.07493579,atl_dec6fca1a19d15cf
B,2024,1,5,santos,4,atl_6049a0894a828e60,178854,Titular,0.0,0.0,0.0009138510838730109,0.07493579,atl_6049a0894a828e60
B,2026,1,1,botafogo,14,atl_494594498f1c16f0,604967,Titular,766.0,2.0,0.0019409503191370238,0.15915793,atl_494594498f1c16f0
B,2026,1,1,fortaleza,32,atl_14e3b735d8a2696d,451607,Titular,2565.0,4.0,0.0014542391856533351,0.11924761,atl_14e3b735d8a2696d
B,2026,1,1,fortaleza,88,atl_d79b45c2afaff0dc,180632,Titular,0.0,0.0,0.0009144862080549439,0.07498787,atl_d79b45c2afaff0dc
B,2026,1,1,botafogo,22,atl_17552f38301d5d70,356403,Titular,0.0,0.0,0.0009144862080549439,0.07498787,atl_17552f38301d5d70
B,2026,1,1,fortaleza,11,atl_230e6a7ee73dc821,529729,Titular,0.0,0.0,0.0009144862080549439,0.07498787,atl_230e6a7ee73dc821
B,2026,1,2,londrina_saf,11,atl_3efe4d51477c6b76,442914,Titular,318.0,1.0,0.001781470787319648,0.1460806,atl_3efe4d51477c6b76
B,2026,1,2,londrina_saf,13,atl_7b45f9ef364c9b4f,609797,Titular,1214.0,2.0,0.0014336307491408821,0.11755772,atl_7b45f9ef364c9b4f
B,2026,1,2,gremio_novorizontino_saf,22,atl_0fcff1b4740348d1,778423,Titular,1353.0,2.0,0.0013260891009322568,0.10873931,atl_0fcff1b4740348d1
B,2026,1,2,gremio_novorizontino_saf,18,atl_1b93d2582891b2fb,465048,Titular,4596.0,6.0,0.0012671199183727378,0.10390383,atl_1b93d2582891b2fb
B,2026,1,2,gremio_novorizontino_saf,14,atl_0f686e913bd13247,291997,Titular,2764.0,3.0,0.0010592043823613579,0.08685476,atl_0f686e913bd13247
B,2026,1,3,ponte_preta,31,atl_02d62a800c3c4502,424585,Titular,258.0,2.0,0.003241745519825161,0.26582313,atl_02d62a800c3c4502
B,2026,1,3,ponte_preta,9,atl_0f0a52a1c5d55fc2,301087,Titular,1060.0,3.0,0.0022161814769406873,0.18172688,atl_0f0a52a1c5d55fc2
B,2026,1,3,ponte_preta,38,atl_c3d08438b8bd3ddc,294486,Titular,2419.0,5.0,0.0018695591312187297,0.15330385,atl_c3d08438b8bd3ddc
B,2026,1,3,ponte_preta,33,atl_8d478cb10cc95c67,168008,Titular,0.0,0.0,0.0009144862080549439,0.07498787,atl_8d478cb10cc95c67
B,2026,1,3,ponte_preta,19,atl_cd0a6b0b4a1a70b9,302451,Titular,0.0,0.0,0.0009144862080549439,0.07498787,atl_cd0a6b0b4a1a70b9
B,2026,1,4,atletico_goianiense_saf,8,atl_7d0f9bfb2bd45f67,559119,Titular,949.0,2.0,0.0016958199475689939,0.13905724,atl_7d0f9bfb2bd45f67
B,2026,1,4,operario,11,atl_b36618bb7e0071c5,355362,Titular,4164.0,5.0,0.0011700778524930257,0.09594638,atl_b36618bb7e0071c5
B,2026,1,4,operario,33,atl_7134c50f468f0811,170370,Titular,0.0,0.0,0.0009144862080549439,0.07498787,atl_7134c50f468f0811
B,2026,1,4,atletico_goianiense_saf,1,atl_8905915467081403,183760,Titular,0.0,0.0,0.0009144862080549439,0.07498787,atl_8905915467081403
B,2026,1,4,atletico_goianiense_saf,10,atl_0f3cd3f0527a13ad,190009,Titular,0.0,0.0,0.0009144862080549439,0.07498787,atl_0f3cd3f0527a13ad
B,2026,1,5,ceara,31,atl_3de67f7ef2964f19,583991,Titular,2578.0,5.0,0.0017729834645963196,0.14538464,atl_3de67f7ef2964f19
B,2026,1,5,sao_bernardo,32,atl_79973ceb0b7cc5ee,429655,Titular,3732.0,7.0,0.0017621084839384387,0.1444929,atl_79973ceb0b7cc5ee
B,2026,1,5,sao_bernardo,97,atl_6afde0c1e7bf09e2,339225,Titular,2797.0,4.0,0.0013519087364353873,0.11085652,atl_6afde0c1e7bf09e2
B,2026,1,5,sao_bernardo,1,atl_c9761335c93638cf,173056,Titular,0.0,0.0,0.0009144862080549439,0.07498787,atl_c9761335c93638cf
B,2026,1,5,ceara,29,atl_ad61007f821f2a07,294769,Titular,0.0,0.0,0.0009144862080549439,0.07498787,atl_ad61007f821f2a07
B,2026,1,6,america,2,atl_8541ba1aedd4bcf8,348257,Titular,531.0,2.0,0.0023833589757783435,0.19543544,atl_8541ba1aedd4bcf8
B,2026,1,6,america,8,atl_67a835638bc6356c,600810,Titular,4141.0,9.0,0.0020377597724687505,0.1670963,atl_67a835638bc6356c
B,2026,1,6,goias,3,atl_9cc3cc9282d1d56e,354299,Titular,1440.0,3.0,0.001782084074240965,0.14613089,atl_9cc3cc9282d1d56e
B,2026,1,6,america,7,atl_582aa60ad579ed00,539977,Titular,1200.0,2.0,0.00144543712001616,0.11852584,atl_582aa60ad579ed00
B,2026,1,6,america,96,atl_0fb8d0aa0ad0a4b9,377697,Titular,5627.0,8.0,0.0013803236663991302,0.11318654,atl_0fb8d0aa0ad0a4b9
B,2026,1,7,avai,77,atl_dfee252ff684e249,358808,Titular,889.0,2.0,0.0017690735090190584,0.14506403,atl_dfee252ff684e249
B,2026,1,7,avai,8,atl_9ad91091c914ae92,381191,Titular,1574.0,3.0,0.0016669446017490222,0.13668946,atl_9ad91091c914ae92
B,2026,1,7,juventude,44,atl_1643ff6385932f7d,539820,Titular,2797.0,4.0,0.0013519087364353873,0.11085652,atl_1643ff6385932f7d
B,2026,1,7,avai,10,atl_3836099510840481,308283,Titular,3053.0,3.0,0.0009730490019778981,0.07979002,atl_3836099510840481
B,2026,1,7,juventude,93,atl_e45de42b65e31674,295557,Titular,0.0,0.0,0.0009144862080549439,0.07498787,atl_e45de42b65e31674
B,2026,1,8,criciuma,5,atl_ca7ecbe9da8d6e30,392562,Titular,1432.0,4.0,0.002307061648047346,0.18917906,atl_ca7ecbe9da8d6e30
B,2026,1,8,nautico,25,atl_e23ce9f74e0b8ef7,378323,Titular,3379.0,7.0,0.0019224653529330941,0.15764216,atl_e23ce9f74e0b8ef7
B,2026,1,8,nautico,8,atl_a516feda88cfcf4f,442409,Titular,926.0,2.0,0.0017231718822072035,0.14130009,atl_a516feda88cfcf4f
B,2026,1,8,criciuma,41,atl_97e6d88c7d3c4859,378268,Titular,1647.0,2.0,0.0011445007471017569,0.09384906,atl_97e6d88c7d3c4859
B,2026,1,8,criciuma,6,atl_4726fca9f0263e5d,315637,Titular,977.0,1.0,0.0009866236317044497,0.08090314,atl_4726fca9f0263e5d
B,2026,1,9,sport_recife,23,atl_243733f337379a15,372403,Titular,521.0,2.0,0.0024067023545812655,0.19734959,atl_243733f337379a15
B,2026,1,9,sport_recife,99,atl_81fd7ee43a3d4b60,334457,Titular,1427.0,4.0,0.0023130477965892433,0.18966992,atl_81fd7ee43a3d4b60
B,2026,1,9,sport_recife,95,atl_90165865d28fab11,392650,Titular,1030.0,3.0,0.00225963601570423,0.18529015,atl_90165865d28fab11
B,2026,1,9,sport_recife,4,atl_1ccf08389b4c55e6,406610,Titular,3346.0,4.0,0.001158929564229712,0.09503222,atl_1ccf08389b4c55e6
B,2026,1,9,sport_recife,40,atl_f7052bef488a9dd0,402095,Titular,1934.0,2.0,0.0010095493443005225,0.08278305,atl_f7052bef488a9dd0
B,2026,1,10,crb,27,atl_4fb70cea490aa9b3,378811,Titular,3169.0,8.0,0.002305053994011303,0.18901443,atl_4fb70cea490aa9b3
B,2026,1,10,vila_nova,10,atl_ce155b70c2cd7558,190389,Titular,2711.0,4.0,0.0013881168184451797,0.11382558,atl_ce155b70c2cd7558
B,2026,1,10,crb,7,atl_f71fdb44d2c9ade5,363149,Titular,4599.0,5.0,0.0010702575218724205,0.08776112,atl_f71fdb44d2c9ade5
B,2026,1,10,crb,22,atl_6903bb5e55a2f2c8,295548,Titular,0.0,0.0,0.0009144862080549439,0.07498787,atl_6903bb5e55a2f2c8
B,2026,1,10,vila_nova,1,atl_5467fbd8987afb7b,303187,Titular,0.0,0.0,0.0009144862080549439,0.07498787,atl_5467fbd8987afb7b
B,2026,2,11,ceara,26,atl_6f27226dd5d3f780,328312,Titular,1526.0,6.0,0.0031874954684111083,0.26137463,atl_6f27226dd5d3f780
B,2026,2,11,ponte_preta,31,atl_02d62a800c3c4502,424585,Titular,348.0,2.0,0.0028984266733501243,0.23767099,atl_02d62a800c3c4502
B,2026,2,11,ponte_preta,9,atl_0f0a52a1c5d55fc2,301087,Titular,1143.0,3.0,0.0021046048807065766,0.1725776,atl_0f0a52a1c5d55fc2
B,2026,2,11,ceara,31,atl_3de67f7ef2964f19,583991,Titular,2668.0,5.0,0.0017228111802401848,0.14127052,atl_3de67f7ef2964f19
B,2026,2,11,ponte_preta,11,atl_f168e096e1df4525,462610,Titular,376.0,1.0,0.0016642303869873348,0.13646689,atl_f168e096e1df4525
B,2026,2,12,operario,10,atl_5ecf50141655fa5a,373841,Titular,90.0,1.0,0.0024709590152557715,0.20261864,atl_5ecf50141655fa5a
B,2026,2,12,sao_bernardo,97,atl_6afde0c1e7bf09e2,339225,Titular,2887.0,4.0,0.001316169418069355,0.10792589,atl_6afde0c1e7bf09e2
B,2026,2,12,operario,11,atl_b36618bb7e0071c5,355362,Titular,4254.0,5.0,0.0011480575976022098,0.09414072,atl_b36618bb7e0071c5
B,2026,2,12,sao_bernardo,3,atl_f041d4813572c535,294095,Titular,0.0,0.0,0.0009157316380018104,0.07508999,atl_f041d4813572c535
B,2026,2,12,sao_bernardo,8,atl_6606a278ba0b003e,340535,Titular,28.0,0.0,0.0008671701117441386,0.07110795,atl_6606a278ba0b003e
B,2026,2,13,botafogo,8,atl_288845d890d175fa,433565,Titular,151.0,1.0,0.002239425221199547,0.18363287,atl_288845d890d175fa
B,2026,2,13,america,2,atl_8541ba1aedd4bcf8,348257,Titular,621.0,2.0,0.0021925654049963473,0.17979036,atl_8541ba1aedd4bcf8
B,2026,2,13,america,8,atl_67a835638bc6356c,600810,Titular,4211.0,9.0,0.0020076132071748893,0.16462428,atl_67a835638bc6356c
B,2026,2,13,botafogo,14,atl_494594498f1c16f0,604967,Titular,856.0,2.0,0.0018125854122425554,0.148632,atl_494594498f1c16f0
B,2026,2,13,america,7,atl_582aa60ad579ed00,539977,Titular,1259.0,2.0,0.001397308595225074,0.1145793,atl_582aa60ad579ed00
B,2026,2,14,londrina_saf,11,atl_3efe4d51477c6b76,442914,Titular,408.0,2.0,0.0027069006817190587,0.22196586,atl_3efe4d51477c6b76
B,2026,2,14,londrina_saf,33,atl_a6a0cd0e0d1a1c0c,387358,Titular,90.0,1.0,0.0024709590152557715,0.20261864,atl_a6a0cd0e0d1a1c0c
B,2026,2,14,goias,3,atl_9cc3cc9282d1d56e,354299,Titular,1530.0,3.0,0.0017033821768477366,0.13967734,atl_9cc3cc9282d1d56e
B,2026,2,14,londrina_saf,13,atl_7b45f9ef364c9b4f,609797,Titular,1286.0,2.0,0.001376184669093452,0.11284714,atl_7b45f9ef364c9b4f
B,2026,2,14,goias,97,atl_a7e338192c18e204,533963,Titular,4578.0,6.0,0.0012717341116583113,0.1042822,atl_a7e338192c18e204
B,2026,2,15,fortaleza,32,atl_14e3b735d8a2696d,451607,Titular,2655.0,5.0,0.0017299099267831712,0.14185261,atl_14e3b735d8a2696d
B,2026,2,15,fortaleza,8,atl_c597b7192776a8d0,600270,Titular,0.0,0.0,0.0009157316380018104,0.07508999,atl_c597b7192776a8d0
B,2026,2,15,fortaleza,38,atl_2745ba8206657dad,616543,Titular,0.0,0.0,0.0009157316380018104,0.07508999,atl_2745ba8206657dad
B,2026,2,15,fortaleza,13,atl_c83134ea24ae63d2,643371,Titular,0.0,0.0,0.0009157316380018104,0.07508999,atl_c83134ea24ae63d2
B,2026,2,15,cuiaba_saf,88,atl_eb520254df7b4e69,771631,Titular,0.0,0.0,0.0009157316380018104,0.07508999,atl_eb520254df7b4e69
B,2026,2,16,nautico,7,atl_e5eab1910fbc027f,312048,Titular,90.0,1.0,0.0024709590152557715,0.20261864,atl_e5eab1910fbc027f
B,2026,2,16,atletico_goianiense_saf,11,atl_d0c6f0ea3a8d322d,463599,Titular,90.0,1.0,0.0024709590152557715,0.20261864,atl_d0c6f0ea3a8d322d
B,2026,2,16,nautico,25,atl_e23ce9f74e0b8ef7,378323,Titular,3469.0,7.0,0.0018790289289495857,0.15408037,atl_e23ce9f74e0b8ef7
B,2026,2,16,atletico_goianiense_saf,8,atl_817365742dda981d,305811,Titular,2143.0,4.0,0.001686668868331784,0.13830685,atl_817365742dda981d
B,2026,2,16,nautico,8,atl_a516feda88cfcf4f,442409,Titular,1016.0,2.0,0.0016212835217684072,0.13294525,atl_a516feda88cfcf4f
B,2026,2,17,criciuma,5,atl_ca7ecbe9da8d6e30,392562,Titular,1522.0,5.0,0.002699241255687886,0.22133778,atl_ca7ecbe9da8d6e30
B,2026,2,17,criciuma,22,atl_127c6107d2f86526,363926,Titular,5300.0,5.0,0.0009410113481036044,0.07716293,atl_127c6107d2f86526
B,2026,2,17,athletic_club,1,atl_db7d2d0ca52dad8d,338625,Titular,0.0,0.0,0.0009157316380018104,0.07508999,atl_db7d2d0ca52dad8d
B,2026,2,17,athletic_club,7,atl_f00c684ae362a388,943816,Titular,0.0,0.0,0.0009157316380018104,0.07508999,atl_f00c684ae362a388
B,2026,2,17,athletic_club,5,atl_06e8f34df7caec2e,610404,Titular,62.0,0.0,0.0008147078629909345,0.06680604,atl_06e8f34df7caec2e
B,2026,2,18,sport_recife,7,atl_61b7e0b6ee1dacff,303718,Titular,86.0,1.0,0.0024878256296943777,0.2040017,atl_61b7e0b6ee1dacff
B,2026,2,18,sport_recife,99,atl_81fd7ee43a3d4b60,334457,Titular,1498.0,4.0,0.0022311640735740265,0.18295545,atl_81fd7ee43a3d4b60
B,2026,2,18,sport_recife,23,atl_243733f337379a15,372403,Titular,611.0,2.0,0.0022123004671475294,0.18140864,atl_243733f337379a15
B,2026,2,18,sport_recife,95,atl_90165865d28fab11,392650,Titular,1110.0,3.0,0.0021477427447210594,0.17611491,atl_90165865d28fab11
B,2026,2,18,vila_nova,5,atl_a7ea415e016a4c72,331982,Titular,180.0,1.0,0.0021439203220601547,0.17580147,atl_a7ea415e016a4c72
B,2026,2,19,avai,36,atl_d75e58d346952cb6,526646,Titular,90.0,1.0,0.0024709590152557715,0.20261864,atl_d75e58d346952cb6
B,2026,2,19,avai,77,atl_dfee252ff684e249,358808,Titular,979.0,3.0,0.0023379755368498345,0.19171399,atl_dfee252ff684e249
B,2026,2,19,crb,27,atl_4fb70cea490aa9b3,378811,Titular,3259.0,8.0,0.0022500308111202193,0.18450253,atl_4fb70cea490aa9b3
B,2026,2,19,avai,8,atl_9ad91091c914ae92,381191,Titular,1660.0,3.0,0.0016008638050930117,0.13127083,atl_9ad91091c914ae92
B,2026,2,19,crb,10,atl_fd0fc6ffc1669f02,308495,Titular,2691.0,3.0,0.0010836307800065512,0.08885772,atl_fd0fc6ffc1669f02
B,2026,2,20,juventude,44,atl_1643ff6385932f7d,539820,Titular,2887.0,4.0,0.001316169418069355,0.10792589,atl_1643ff6385932f7d
B,2026,2,20,gremio_novorizontino_saf,18,atl_1b93d2582891b2fb,465048,Titular,4686.0,6.0,0.0012452498686850956,0.10211049,atl_1b93d2582891b2fb
B,2026,2,20,gremio_novorizontino_saf,14,atl_0f686e913bd13247,291997,Titular,2854.0,3.0,0.0010309677456770737,0.08453936,atl_0f686e913bd13247
B,2026,2,20,gremio_novorizontino_saf,4,atl_6d89c0fa00474808,500215,Titular,0.0,0.0,0.0009157316380018104,0.07508999,atl_6d89c0fa00474808
B,2026,2,20,gremio_novorizontino_saf,20,atl_57b30de83e50ad25,908823,Titular,0.0,0.0,0.0009157316380018104,0.07508999,atl_57b30de83e50ad25
B,2026,3,21,botafogo,8,atl_288845d890d175fa,433565,Titular,241.0,1.0,0.0019717545185430506,0.16168387,atl_288845d890d175fa
B,2026,3,21,botafogo,14,atl_494594498f1c16f0,604967,Titular,946.0,2.0,0.0017019848535549105,0.13956276,atl_494594498f1c16f0
B,2026,3,21,sao_bernardo,97,atl_6afde0c1e7bf09e2,339225,Titular,2977.0,4.0,0.0012830227489906245,0.10520787,atl_6afde0c1e7bf09e2
B,2026,3,21,botafogo,7,atl_2ae1ea7b1966ff18,409168,Titular,1787.0,2.0,0.0010761128544995193,0.08824125,atl_2ae1ea7b1966ff18
B,2026,3,21,sao_bernardo,10,atl_f2e893c01cf452e6,337894,Titular,1096.0,1.0,0.000915457455037845,0.07506751,atl_f2e893c01cf452e6
B,2026,3,22,crb,22,atl_6903bb5e55a2f2c8,295548,Titular,90.0,1.0,0.002476389997017628,0.20306398,atl_6903bb5e55a2f2c8
B,2026,3,22,crb,27,atl_4fb70cea490aa9b3,378811,Titular,3349.0,9.0,0.0024580592616888545,0.20156086,atl_4fb70cea490aa9b3
B,2026,3,22,gremio_novorizontino_saf,18,atl_1b93d2582891b2fb,465048,Titular,4776.0,6.0,0.0012246152574375286,0.10041845,atl_1b93d2582891b2fb
B,2026,3,22,crb,10,atl_fd0fc6ffc1669f02,308495,Titular,2750.0,3.0,0.0010649446456124309,0.08732546,atl_fd0fc6ffc1669f02
B,2026,3,22,crb,7,atl_f71fdb44d2c9ade5,363149,Titular,4728.0,5.0,0.0010445811205509565,0.08565565,atl_f71fdb44d2c9ade5
B,2026,3,23,athletic_club,15,atl_4cbdc6ff9b48d069,616854,Titular,173.0,1.0,0.0021709808294805358,0.17802043,atl_4cbdc6ff9b48d069
B,2026,3,23,athletic_club,11,atl_b09d2257090dc207,621745,Titular,173.0,1.0,0.0021709808294805358,0.17802043,atl_b09d2257090dc207
B,2026,3,23,america,2,atl_8541ba1aedd4bcf8,348257,Titular,711.0,2.0,0.0020322626740218006,0.16664554,atl_8541ba1aedd4bcf8
B,2026,3,23,america,8,atl_67a835638bc6356c,600810,Titular,4271.0,9.0,0.001983037119731796,0.16260904,atl_67a835638bc6356c
B,2026,3,23,america,7,atl_582aa60ad579ed00,539977,Titular,1349.0,2.0,0.0013310276356086536,0.10914427,atl_582aa60ad579ed00
B,2026,3,24,londrina_saf,33,atl_a6a0cd0e0d1a1c0c,387358,Titular,180.0,2.0,0.0036192207327064713,0.2967761,atl_a6a0cd0e0d1a1c0c
B,2026,3,24,londrina_saf,11,atl_3efe4d51477c6b76,442914,Titular,494.0,2.0,0.0024759256521533204,0.2030259,atl_3efe4d51477c6b76
B,2026,3,24,londrina_saf,7,atl_4e7e7fe901aafc9b,610030,Titular,146.0,1.0,0.0022617184183287933,0.18546091,atl_4e7e7fe901aafc9b
B,2026,3,24,sport_recife,7,atl_61b7e0b6ee1dacff,303718,Titular,163.0,1.0,0.0022037256383716447,0.1807055,atl_61b7e0b6ee1dacff
B,2026,3,24,sport_recife,23,atl_243733f337379a15,372403,Titular,678.0,2.0,0.0020891936317830226,0.17131388,atl_243733f337379a15
B,2026,3,25,juventude,5,atl_458af74a4e200cc2,524196,Titular,163.0,1.0,0.0022037256383716447,0.1807055,atl_458af74a4e200cc2
B,2026,3,25,fortaleza_saf,32,atl_14e3b735d8a2696d,451607,Titular,2745.0,5.0,0.0016829183661757783,0.13799931,atl_14e3b735d8a2696d
B,2026,3,25,juventude,44,atl_1643ff6385932f7d,539820,Titular,2977.0,4.0,0.0012830227489906245,0.10520787,atl_1643ff6385932f7d
B,2026,3,25,juventude,25,atl_6efce246bf87a069,351040,Titular,33.0,0.0,0.0008650470886311457,0.07093386,atl_6efce246bf87a069
B,2026,3,25,fortaleza_saf,19,atl_7eaa2cbf87892dc4,787393,Titular,33.0,0.0,0.0008650470886311457,0.07093386,atl_7eaa2cbf87892dc4
B,2026,3,26,goias,3,atl_9cc3cc9282d1d56e,354299,Titular,1620.0,4.0,0.0021042783482266045,0.17255082,atl_9cc3cc9282d1d56e
B,2026,3,26,goias,97,atl_a7e338192c18e204,533963,Titular,4668.0,7.0,0.0014437055143654027,0.11838385,atl_a7e338192c18e204
B,2026,3,26,goias,5,atl_81e066a83aaadb08,383537,Titular,2034.0,3.0,0.0013658524460301502,0.1119999,atl_81e066a83aaadb08
B,2026,3,26,criciuma,41,atl_97e6d88c7d3c4859,378268,Titular,1716.0,2.0,0.0011105911995669677,0.09106848,atl_97e6d88c7d3c4859
B,2026,3,26,goias,9,atl_350ce58577f70908,182466,Titular,5527.0,6.0,0.0010720209222233948,0.08790572,atl_350ce58577f70908
B,2026,3,27,avai,36,atl_d75e58d346952cb6,526646,Titular,180.0,2.0,0.0036192207327064713,0.2967761,atl_d75e58d346952cb6
B,2026,3,27,avai,77,atl_dfee252ff684e249,358808,Titular,1069.0,4.0,0.002843256914111154,0.23314707,atl_dfee252ff684e249
B,2026,3,27,operario,10,atl_5ecf50141655fa5a,373841,Titular,180.0,1.0,0.0021486324974123536,0.17618786,atl_5ecf50141655fa5a
B,2026,3,27,operario,16,atl_36f3cdd4ddc09545,462355,Titular,270.0,1.0,0.0018974936340784424,0.15559448,atl_36f3cdd4ddc09545
B,2026,3,27,avai,8,atl_9ad91091c914ae92,381191,Titular,1727.0,3.0,0.0015541401429009433,0.12743949,atl_9ad91091c914ae92
B,2026,3,28,ponte_preta,31,atl_02d62a800c3c4502,424585,Titular,438.0,2.0,0.002623742108998295,0.21514685,atl_02d62a800c3c4502
B,2026,3,28,nautico,23,atl_c1ad64554912b5a6,320984,Titular,90.0,1.0,0.002476389997017628,0.20306398,atl_c1ad64554912b5a6
B,2026,3,28,nautico,7,atl_e5eab1910fbc027f,312048,Titular,180.0,1.0,0.0021486324974123536,0.17618786,atl_e5eab1910fbc027f
B,2026,3,28,ponte_preta,9,atl_0f0a52a1c5d55fc2,301087,Titular,1233.0,3.0,0.001997155278846163,0.16376673,atl_0f0a52a1c5d55fc2
B,2026,3,28,nautico,25,atl_e23ce9f74e0b8ef7,378323,Titular,3549.0,7.0,0.0018426945167301558,0.15110095,atl_e23ce9f74e0b8ef7
B,2026,3,29,ceara,26,atl_6f27226dd5d3f780,328312,Titular,1580.0,6.0,0.0031062837010771157,0.25471526,atl_6f27226dd5d3f780
B,2026,3,29,ceara,21,atl_0d474145872a55bc,345933,Titular,3202.0,5.0,0.0014751675035765534,0.12096374,atl_0d474145872a55bc
B,2026,3,29,cuiaba_saf,13,atl_ff4b2079f6b5a441,294407,Titular,0.0,0.0,0.0009221401964808013,0.0756155,atl_ff4b2079f6b5a441
B,2026,3,29,cuiaba_saf,41,atl_2bae9ad8e31555d9,693546,Titular,0.0,0.0,0.0009221401964808013,0.0756155,atl_2bae9ad8e31555d9
B,2026,3,29,cuiaba_saf,10,atl_2f97f35f6bc243f6,567417,Titular,12.0,0.0,0.0009005275356257825,0.07384326,atl_2f97f35f6bc243f6
B,2026,3,30,vila_nova,38,atl_07b267be237d1bdf,317872,Titular,95.0,1.0,0.00245557999704269,0.20135756,atl_07b267be237d1bdf
B,2026,3,30,vila_nova,8,atl_e1125573fb09ee77,421180,Titular,1419.0,4.0,0.002324684782824597,0.19062415,atl_e1125573fb09ee77
B,2026,3,30,atletico_goianiense_saf,10,atl_d0c6f0ea3a8d322d,463599,Titular,180.0,1.0,0.0021486324974123536,0.17618786,atl_d0c6f0ea3a8d322d
B,2026,3,30,vila_nova,5,atl_a7ea415e016a4c72,331982,Titular,270.0,1.0,0.0018974936340784424,0.15559448,atl_a7ea415e016a4c72
B,2026,3,30,atletico_goianiense_saf,8,atl_817365742dda981d,305811,Titular,2210.0,4.0,0.0016461513277639857,0.13498441,atl_817365742dda981d
B,2026,4,31,vila_nova,11,atl_f599554e9518fbd3,618785,Titular,77.0,1.0,0.002530929148580294,0.20753619,atl_f599554e9518fbd3
B,2026,4,31,vila_nova,6,atl_0cd430651104498e,657282,Titular,90.0,1.0,0.002475162913103101,0.20296336,atl_0cd430651104498e
B,2026,4,31,ponte_preta,31,atl_02d62a800c3c4502,424585,Titular,518.0,2.0,0.002416842945708084,0.19818112,atl_02d62a800c3c4502
B,2026,4,31,vila_nova,8,atl_e1125573fb09ee77,421180,Titular,1496.0,4.0,0.002234642344053522,0.18324067,atl_e1125573fb09ee77
B,2026,4,31,vila_nova,38,atl_07b267be237d1bdf,317872,Titular,185.0,1.0,0.002131892144132598,0.17481516,atl_07b267be237d1bdf
B,2026,4,32,fortaleza_saf,5,atl_ebc3cdd5853feb0c,548055,Titular,590.0,2.0,0.0022571982740649814,0.18509026,atl_ebc3cdd5853feb0c
B,2026,4,32,sao_bernardo,6,atl_57329b265317e212,393868,Titular,270.0,1.0,0.0018965534009491292,0.15551738,atl_57329b265317e212
B,2026,4,32,fortaleza_saf,32,atl_14e3b735d8a2696d,451607,Titular,2823.0,5.0,0.001643197748640033,0.13474222,atl_14e3b735d8a2696d
B,2026,4,32,sao_bernardo,97,atl_6afde0c1e7bf09e2,339225,Titular,3067.0,4.0,0.0012504474681050827,0.10253669,atl_6afde0c1e7bf09e2
B,2026,4,32,fortaleza_saf,22,atl_1696541fe8db3638,532045,Titular,2436.0,3.0,0.0011785920022925169,0.09664454,atl_1696541fe8db3638
B,2026,4,33,gremio_novorizontino_saf,6,atl_6b27324eb49579d0,383906,Titular,148.0,1.0,0.002253620553596959,0.18479689,atl_6b27324eb49579d0
B,2026,4,33,america,8,atl_67a835638bc6356c,600810,Titular,4343.0,9.0,0.001953406177726787,0.16017931,atl_67a835638bc6356c
B,2026,4,33,america,2,atl_8541ba1aedd4bcf8,348257,Titular,801.0,2.0,0.0018911192303849573,0.15507178,atl_8541ba1aedd4bcf8
B,2026,4,33,gremio_novorizontino_saf,22,atl_0fcff1b4740348d1,778423,Titular,1443.0,2.0,0.0012662615124708334,0.10383344,atl_0fcff1b4740348d1
B,2026,4,33,gremio_novorizontino_saf,17,atl_ac01c67d84ab2827,581520,Titular,1752.0,2.0,0.0010925160385128016,0.08958632,atl_ac01c67d84ab2827
B,2026,4,34,operario,14,atl_3b277f839ec70110,943431,Titular,83.0,1.0,0.002504881850310171,0.20540031,atl_3b277f839ec70110
B,2026,4,34,operario,10,atl_5ecf50141655fa5a,373841,Titular,270.0,1.0,0.0018965534009491292,0.15551738,atl_5ecf50141655fa5a
B,2026,4,34,operario,16,atl_36f3cdd4ddc09545,462355,Titular,360.0,1.0,0.0016980768822451506,0.1392423,atl_36f3cdd4ddc09545
B,2026,4,34,operario,5,atl_4634da8634cd899d,338081,Titular,453.0,1.0,0.0015323673858665576,0.12565413,atl_4634da8634cd899d
B,2026,4,34,operario,11,atl_b36618bb7e0071c5,355362,Titular,4405.0,6.0,0.0013170940099349296,0.10800171,atl_b36618bb7e0071c5
B,2026,4,35,nautico,19,atl_52c804e17f3afd31,543940,Titular,90.0,1.0,0.002475162913103101,0.20296336,atl_52c804e17f3afd31
B,2026,4,35,nautico,23,atl_c1ad64554912b5a6,320984,Titular,180.0,1.0,0.0021475678216629846,0.17610056,atl_c1ad64554912b5a6
B,2026,4,35,ceara,31,atl_3de67f7ef2964f19,583991,Titular,2758.0,6.0,0.0019829177773882226,0.16259926,atl_3de67f7ef2964f19
B,2026,4,35,nautico,7,atl_e5eab1910fbc027f,312048,Titular,270.0,1.0,0.0018965534009491292,0.15551738,atl_e5eab1910fbc027f
B,2026,4,35,nautico,25,atl_e23ce9f74e0b8ef7,378323,Titular,3639.0,7.0,0.001802451345429048,0.14780101,atl_e23ce9f74e0b8ef7
B,2026,4,36,londrina_saf,33,atl_a6a0cd0e0d1a1c0c,387358,Titular,270.0,2.0,0.003195254699650428,0.26201089,atl_a6a0cd0e0d1a1c0c
B,2026,4,36,londrina_saf,11,atl_3efe4d51477c6b76,442914,Titular,570.0,2.0,0.002299388896010121,0.18854989,atl_3efe4d51477c6b76
B,2026,4,36,atletico_goianiense_saf,10,atl_d0c6f0ea3a8d322d,463599,Titular,251.0,1.0,0.0019445354443819302,0.15945191,atl_d0c6f0ea3a8d322d
B,2026,4,36,londrina_saf,18,atl_d1fa367b58911e26,360467,Titular,3297.0,6.0,0.00170143432149877,0.13951761,atl_d1fa367b58911e26
B,2026,4,36,atletico_goianiense_saf,8,atl_817365742dda981d,305811,Titular,2300.0,4.0,0.0015929807566895822,0.13062442,atl_817365742dda981d
B,2026,4,37,botafogo,8,atl_288845d890d175fa,433565,Titular,331.0,1.0,0.0017573358829492533,0.14410154,atl_288845d890d175fa
B,2026,4,37,botafogo,14,atl_494594498f1c16f0,604967,Titular,1036.0,2.0,0.0016017878377153837,0.1313466,atl_494594498f1c16f0
B,2026,4,37,criciuma,97,atl_fbaaeba59862b526,447189,Titular,4559.0,5.0,0.0010793330932458648,0.08850531,atl_fbaaeba59862b526
B,2026,4,37,botafogo,16,atl_6ac115ee5160b0fa,338849,Titular,1849.0,2.0,0.0010474014979697018,0.08588692,atl_6ac115ee5160b0fa
B,2026,4,37,botafogo,7,atl_2ae1ea7b1966ff18,409168,Titular,1859.0,2.0,0.0010429614746633445,0.08552284,atl_2ae1ea7b1966ff18
B,2026,4,38,avai,36,atl_d75e58d346952cb6,526646,Titular,270.0,2.0,0.003195254699650428,0.26201089,atl_d75e58d346952cb6
B,2026,4,38,avai,77,atl_dfee252ff684e249,358808,Titular,1154.0,4.0,0.0026967026110827266,0.22112961,atl_dfee252ff684e249
B,2026,4,38,sport_recife,7,atl_61b7e0b6ee1dacff,303718,Titular,224.0,1.0,0.0020170526501807036,0.16539832,atl_61b7e0b6ee1dacff
B,2026,4,38,sport_recife,23,atl_243733f337379a15,372403,Titular,768.0,2.0,0.0019403360557814114,0.15910756,atl_243733f337379a15
B,2026,4,38,avai,55,atl_da0983ebb7c761ed,754528,Titular,270.0,1.0,0.0018965534009491292,0.15551738,atl_da0983ebb7c761ed
B,2026,4,39,crb,27,atl_4fb70cea490aa9b3,378811,Titular,3439.0,9.0,0.0024017126475579663,0.19694044,atl_4fb70cea490aa9b3
B,2026,4,39,athletic_club,7,atl_c95fded08070115d,628603,Titular,152.0,1.0,0.002239794660630107,0.18366316,atl_c95fded08070115d
B,2026,4,39,crb,22,atl_6903bb5e55a2f2c8,295548,Titular,180.0,1.0,0.0021475678216629846,0.17610056,atl_6903bb5e55a2f2c8
B,2026,4,39,athletic_club,3,atl_677e316026036bba,441948,Titular,180.0,1.0,0.0021475678216629846,0.17610056,atl_677e316026036bba
B,2026,4,39,athletic_club,15,atl_4cbdc6ff9b48d069,616854,Titular,235.0,1.0,0.0019868654676609924,0.16292297,atl_4cbdc6ff9b48d069
B,2026,4,40,goias,3,atl_9cc3cc9282d1d56e,354299,Titular,1710.0,4.0,0.0020182561623216426,0.16549701,atl_9cc3cc9282d1d56e
B,2026,4,40,goias,10,atl_fabdfe3043445a26,331937,Titular,241.0,1.0,0.0019707774881657617,0.16160375,atl_fabdfe3043445a26
B,2026,4,40,juventude,5,atl_458af74a4e200cc2,524196,Titular,241.0,1.0,0.0019707774881657617,0.16160375,atl_458af74a4e200cc2
B,2026,4,40,goias,97,atl_a7e338192c18e204,533963,Titular,4755.0,7.0,0.0014196662452389782,0.11641263,atl_a7e338192c18e204
B,2026,4,40,goias,5,atl_81e066a83aaadb08,383537,Titular,2115.0,3.0,0.0013232681142374108,0.10850799,atl_81e066a83aaadb08
B,2026,5,41,botafogo,5,atl_8fd3d13a5579b1ea,836672,Titular,259.0,1.0,0.0019231097369175976,0.157695,atl_8fd3d13a5579b1ea
B,2026,5,41,atletico_goianiense_saf,10,atl_d0c6f0ea3a8d322d,463599,Titular,318.0,1.0,0.0017844013329100937,0.14632091,atl_d0c6f0ea3a8d322d
B,2026,5,41,botafogo,8,atl_288845d890d175fa,433565,Titular,421.0,1.0,0.0015848428776552188,0.12995712,atl_288845d890d175fa
B,2026,5,41,atletico_goianiense_saf,8,atl_817365742dda981d,305811,Titular,2390.0,4.0,0.0015431281281385663,0.12653651,atl_817365742dda981d
B,2026,5,41,atletico_goianiense_saf,5,atl_7d0f9bfb2bd45f67,559119,Titular,1293.0,2.0,0.0013718016120024858,0.11248773,atl_7d0f9bfb2bd45f67
B,2026,5,42,athletic_club,21,atl_f00c684ae362a388,943816,Titular,112.0,1.0,0.0023850331541183933,0.19557272,atl_f00c684ae362a388
B,2026,5,42,athletic_club,7,atl_c95fded08070115d,628603,Titular,212.0,1.0,0.002050056587528731,0.16810464,atl_c95fded08070115d
B,2026,5,42,gremio_novorizontino_saf,6,atl_6b27324eb49579d0,383906,Titular,238.0,1.0,0.001977832371707936,0.16218225,atl_6b27324eb49579d0
B,2026,5,42,athletic_club,5,atl_06e8f34df7caec2e,610404,Titular,239.0,1.0,0.0019751560085527154,0.16196279,atl_06e8f34df7caec2e
B,2026,5,42,athletic_club,3,atl_677e316026036bba,441948,Titular,270.0,1.0,0.0018956367406759178,0.15544221,atl_677e316026036bba
B,2026,5,43,sport_recife,95,atl_90165865d28fab11,392650,Titular,1200.0,4.0,0.0026233178178355627,0.21511206,atl_90165865d28fab11
B,2026,5,43,america,8,atl_67a835638bc6356c,600810,Titular,4433.0,9.0,0.0019176242226475685,0.15724519,atl_67a835638bc6356c
B,2026,5,43,sport_recife,23,atl_243733f337379a15,372403,Titular,853.0,2.0,0.0018179159573691477,0.14906911,atl_243733f337379a15
B,2026,5,43,sport_recife,30,atl_ca2338a246799190,546794,Titular,2587.0,4.0,0.0014446518595142394,0.11846145,atl_ca2338a246799190
B,2026,5,43,sport_recife,5,atl_6c042c86ff02625f,402719,Titular,0.0,0.0,0.0009192805806409134,0.07538101,atl_6c042c86ff02625f
B,2026,5,44,londrina_saf,33,atl_a6a0cd0e0d1a1c0c,387358,Titular,325.0,2.0,0.0029813821700854022,0.24447334,atl_a6a0cd0e0d1a1c0c
B,2026,5,44,londrina_saf,11,atl_3efe4d51477c6b76,442914,Titular,660.0,2.0,0.0021203795606210833,0.17387112,atl_3efe4d51477c6b76
B,2026,5,44,ceara,21,atl_0d474145872a55bc,345933,Titular,3382.0,5.0,0.001406398838310267,0.1153247,atl_0d474145872a55bc
B,2026,5,44,ceara,11,atl_00fc7528f150303c,451258,Titular,3426.0,5.0,0.00139063685438626,0.11403222,atl_00fc7528f150303c
B,2026,5,44,ceara,1,atl_2e3a000d5245276a,291617,Titular,1530.0,2.0,0.0012116454632120476,0.09935493,atl_2e3a000d5245276a
B,2026,5,45,fortaleza_saf,5,atl_ebc3cdd5853feb0c,548055,Titular,680.0,2.0,0.002084440924000387,0.17092416,atl_ebc3cdd5853feb0c
B,2026,5,45,fortaleza_saf,32,atl_14e3b735d8a2696d,451607,Titular,2905.0,5.0,0.0016034185874656262,0.13148032,atl_14e3b735d8a2696d
B,2026,5,45,fortaleza_saf,22,atl_1696541fe8db3638,532045,Titular,2526.0,3.0,0.0011433047886055708,0.09375099,atl_1696541fe8db3638
B,2026,5,45,criciuma,22,atl_127c6107d2f86526,363926,Titular,5570.0,5.0,0.0008994465058188561,0.07375461,atl_127c6107d2f86526
B,2026,5,45,criciuma,6,atl_4726fca9f0263e5d,315637,Titular,1123.0,1.0,0.0008993470673570282,0.07374646,atl_4726fca9f0263e5d
B,2026,5,46,goias,14,atl_eaa92f43d6513457,540238,Titular,413.0,2.0,0.0026940200332097007,0.22090964,atl_eaa92f43d6513457
B,2026,5,46,cuiaba_saf,8,atl_d9c9df89a68bb17d,321898,Titular,215.0,1.0,0.002041454951497142,0.16739931,atl_d9c9df89a68bb17d
B,2026,5,46,goias,3,atl_9cc3cc9282d1d56e,354299,Titular,1800.0,4.0,0.0019389740392697639,0.15899587,atl_9cc3cc9282d1d56e
B,2026,5,46,goias,10,atl_fabdfe3043445a26,331937,Titular,331.0,1.0,0.001756486510614268,0.14403189,atl_fabdfe3043445a26
B,2026,5,46,goias,97,atl_a7e338192c18e204,533963,Titular,4845.0,7.0,0.001395629614653032,0.11444163,atl_a7e338192c18e204
B,2026,5,47,ponte_preta,31,atl_02d62a800c3c4502,424585,Titular,608.0,2.0,0.0022198919587729754,0.18203114,atl_02d62a800c3c4502
B,2026,5,47,ponte_preta,3,atl_31b597f6db177a48,351971,Titular,175.0,1.0,0.0021624300597340097,0.17731926,atl_31b597f6db177a48
B,2026,5,47,avai,8,atl_9ad91091c914ae92,381191,Titular,1883.0,4.0,0.0018714394839783705,0.15345804,atl_9ad91091c914ae92
B,2026,5,47,ponte_preta,9,atl_0f0a52a1c5d55fc2,301087,Titular,1380.0,3.0,0.0018402341969789664,0.1508992,atl_0f0a52a1c5d55fc2
B,2026,5,47,avai,2,atl_acbf179af3647e6b,463211,Titular,349.0,1.0,0.0017192465139227993,0.14097821,atl_acbf179af3647e6b
B,2026,5,48,sao_bernardo,6,atl_57329b265317e212,393868,Titular,360.0,2.0,0.0028600468492098337,0.23452384,atl_57329b265317e212
B,2026,5,48,nautico,23,atl_c1ad64554912b5a6,320984,Titular,270.0,1.0,0.0018956367406759178,0.15544221,atl_c1ad64554912b5a6
B,2026,5,48,nautico,25,atl_e23ce9f74e0b8ef7,378323,Titular,3729.0,7.0,0.0017639253464933689,0.14464188,atl_e23ce9f74e0b8ef7
B,2026,5,48,nautico,7,atl_e5eab1910fbc027f,312048,Titular,360.0,1.0,0.0016972561515354147,0.139175,atl_e5eab1910fbc027f
B,2026,5,48,nautico,8,atl_a516feda88cfcf4f,442409,Titular,1286.0,2.0,0.0013771782140652054,0.11292861,atl_a516feda88cfcf4f
B,2026,5,49,crb,27,atl_4fb70cea490aa9b3,378811,Titular,3529.0,9.0,0.002347887885410885,0.19252681,atl_4fb70cea490aa9b3
B,2026,5,49,crb,22,atl_6903bb5e55a2f2c8,295548,Titular,262.0,1.0,0.0019155384387407567,0.15707415,atl_6903bb5e55a2f2c8
B,2026,5,49,juventude,5,atl_458af74a4e200cc2,524196,Titular,315.0,1.0,0.0017909696813747933,0.14685951,atl_458af74a4e200cc2
B,2026,5,49,juventude,44,atl_1643ff6385932f7d,539820,Titular,3157.0,4.0,0.0012194805278426188,0.0999974,atl_1643ff6385932f7d
B,2026,5,49,crb,7,atl_f71fdb44d2c9ade5,363149,Titular,4888.0,5.0,0.0010132962676912504,0.08309029,atl_f71fdb44d2c9ade5
B,2026,5,50,vila_nova,11,atl_f599554e9518fbd3,618785,Titular,146.0,1.0,0.00225950509337532,0.18527942,atl_f599554e9518fbd3
B,2026,5,50,operario,14,atl_3b277f839ec70110,943431,Titular,151.0,1.0,0.0022421509835951715,0.18385638,atl_3b277f839ec70110
B,2026,5,50,vila_nova,6,atl_0cd430651104498e,657282,Titular,180.0,1.0,0.0021465298387065537,0.17601545,atl_0cd430651104498e
B,2026,5,50,vila_nova,8,atl_e1125573fb09ee77,421180,Titular,1586.0,4.0,0.0021378908390797973,0.17530705,atl_e1125573fb09ee77
B,2026,5,50,vila_nova,4,atl_5531b793c7b5afb5,568268,Titular,270.0,1.0,0.0018956367406759178,0.15544221,atl_5531b793c7b5afb5
B,2026,6,51,ponte_preta,11,atl_f168e096e1df4525,462610,Titular,498.0,2.0,0.0024651327546044107,0.20214089,atl_f168e096e1df4525
B,2026,6,51,ponte_preta,31,atl_02d62a800c3c4502,424585,Titular,691.0,2.0,0.0020656611999120083,0.16938422,atl_02d62a800c3c4502
B,2026,6,51,ponte_preta,3,atl_31b597f6db177a48,351971,Titular,265.0,1.0,0.0019087614236538587,0.15651844,atl_31b597f6db177a48
B,2026,6,51,america,8,atl_67a835638bc6356c,600810,Titular,4516.0,9.0,0.001886005280920096,0.15465243,atl_67a835638bc6356c
B,2026,6,51,ponte_preta,9,atl_0f0a52a1c5d55fc2,301087,Titular,1454.0,3.0,0.0017708303424233377,0.14520809,atl_0f0a52a1c5d55fc2
B,2026,6,52,sao_bernardo,6,atl_57329b265317e212,393868,Titular,450.0,2.0,0.0025896868306265284,0.21235432,atl_57329b265317e212
B,2026,6,52,goias,14,atl_eaa92f43d6513457,540238,Titular,503.0,2.0,0.0024528439572235315,0.2011332,atl_eaa92f43d6513457
B,2026,6,52,sao_bernardo,26,atl_7d2d5622794070b0,439838,Titular,338.0,1.0,0.001742485070519334,0.14288378,atl_7d2d5622794070b0
B,2026,6,52,sao_bernardo,1,atl_c9761335c93638cf,173056,Titular,450.0,1.0,0.00153705525167916,0.12603853,atl_c9761335c93638cf
B,2026,6,52,goias,97,atl_a7e338192c18e204,533963,Titular,4935.0,7.0,0.0013726223530993932,0.11255503,atl_a7e338192c18e204
B,2026,6,53,athletic_saf,5,atl_06e8f34df7caec2e,610404,Titular,329.0,1.0,0.0017614022787638141,0.14443499,atl_06e8f34df7caec2e
B,2026,6,53,nautico,25,atl_e23ce9f74e0b8ef7,378323,Titular,3819.0,7.0,0.0017272985619576759,0.14163848,atl_e23ce9f74e0b8ef7
B,2026,6,53,nautico,23,atl_c1ad64554912b5a6,320984,Titular,360.0,1.0,0.0016979098710409324,0.13922861,atl_c1ad64554912b5a6
B,2026,6,53,nautico,27,atl_75f491958c738eea,509192,Titular,2206.0,4.0,0.0016482640388378426,0.13515765,atl_75f491958c738eea
B,2026,6,53,nautico,7,atl_e5eab1910fbc027f,312048,Titular,434.0,1.0,0.0015633859626286958,0.12819765,atl_e5eab1910fbc027f
B,2026,6,54,operario,5,atl_4634da8634cd899d,338081,Titular,521.0,2.0,0.002409600870808229,0.19758727,atl_4634da8634cd899d
B,2026,6,54,fortaleza_saf,5,atl_ebc3cdd5853feb0c,548055,Titular,747.0,2.0,0.0019728969439416215,0.16177755,atl_ebc3cdd5853feb0c
B,2026,6,54,operario,20,atl_9177beba4ba0158b,465929,Titular,415.0,1.0,0.0015958497148581441,0.13085968,atl_9177beba4ba0158b
B,2026,6,54,fortaleza_saf,32,atl_14e3b735d8a2696d,451607,Titular,2995.0,5.0,0.0015622896964507017,0.12810776,atl_14e3b735d8a2696d
B,2026,6,54,operario,10,atl_5ecf50141655fa5a,373841,Titular,450.0,1.0,0.00153705525167916,0.12603853,atl_5ecf50141655fa5a
B,2026,6,55,vila_nova,8,atl_e1125573fb09ee77,421180,Titular,1676.0,4.0,0.0020497254085915452,0.16807748,atl_e1125573fb09ee77
B,2026,6,55,vila_nova,11,atl_f599554e9518fbd3,618785,Titular,227.0,1.0,0.0020085316218641015,0.16469959,atl_f599554e9518fbd3
B,2026,6,55,ceara,31,atl_3de67f7ef2964f19,583991,Titular,2874.0,6.0,0.001914701389773326,0.15700551,atl_3de67f7ef2964f19
B,2026,6,55,vila_nova,38,atl_07b267be237d1bdf,317872,Titular,336.0,1.0,0.0017466536950899545,0.1432256,atl_07b267be237d1bdf
B,2026,6,55,vila_nova,5,atl_a7ea415e016a4c72,331982,Titular,360.0,1.0,0.0016979098710409324,0.13922861,atl_a7ea415e016a4c72
B,2026,6,56,avai,77,atl_dfee252ff684e249,358808,Titular,1244.0,5.0,0.003130850051086699,0.2567297,atl_dfee252ff684e249
B,2026,6,56,avai,36,atl_d75e58d346952cb6,526646,Titular,360.0,2.0,0.002860700568715351,0.23457745,atl_d75e58d346952cb6
B,2026,6,56,atletico_goianiense_saf,5,atl_9b25372db780c18d,315023,Titular,2675.0,8.0,0.0026646307052268356,0.21849972,atl_9b25372db780c18d
B,2026,6,56,avai,8,atl_9ad91091c914ae92,381191,Titular,1960.0,5.0,0.002219594507762277,0.18200675,atl_9ad91091c914ae92
B,2026,6,56,atletico_goianiense_saf,10,atl_d0c6f0ea3a8d322d,463599,Titular,391.0,1.0,0.001638835565763414,0.13438452,atl_d0c6f0ea3a8d322d
B,2026,6,57,crb,22,atl_6903bb5e55a2f2c8,295548,Titular,352.0,2.0,0.0028875616069192513,0.23678005,atl_6903bb5e55a2f2c8
B,2026,6,57,crb,7,atl_f71fdb44d2c9ade5,363149,Titular,4978.0,5.0,0.0009967510932995989,0.08173359,atl_f71fdb44d2c9ade5
B,2026,6,57,crb,10,atl_fd0fc6ffc1669f02,308495,Titular,3020.0,3.0,0.0009830120707656823,0.08060699,atl_fd0fc6ffc1669f02
B,2026,6,57,crb,82,atl_084889994fade6fd,793846,Titular,14.0,0.0,0.00089533558189728,0.07341752,atl_084889994fade6fd
B,2026,6,57,criciuma,22,atl_127c6107d2f86526,363926,Titular,5660.0,5.0,0.0008863965079700004,0.07268451,atl_127c6107d2f86526
B,2026,6,58,gremio_novorizontino_saf,6,atl_6b27324eb49579d0,383906,Titular,328.0,1.0,0.0017635295762019347,0.14460943,atl_6b27324eb49579d0
B,2026,6,58,sport_recife,23,atl_243733f337379a15,372403,Titular,943.0,2.0,0.0017049220298650048,0.13980361,atl_243733f337379a15
B,2026,6,58,sport_recife,30,atl_ca2338a246799190,546794,Titular,2677.0,4.0,0.0014039038366683043,0.11512011,atl_ca2338a246799190
B,2026,6,58,gremio_novorizontino_saf,22,atl_0fcff1b4740348d1,778423,Titular,1593.0,2.0,0.001175443138602581,0.09638634,atl_0fcff1b4740348d1
B,2026,6,58,gremio_novorizontino_saf,17,atl_ac01c67d84ab2827,581520,Titular,1932.0,2.0,0.0010115964182134875,0.08295091,atl_ac01c67d84ab2827
B,2026,6,59,botafogo,21,atl_ee7c6b14666baecf,595616,Titular,85.0,1.0,0.0024960726309319692,0.20467796,atl_ee7c6b14666baecf
B,2026,6,59,botafogo,13,atl_b3d08b6ece84291d,315653,Titular,109.0,1.0,0.002397705236609527,0.19661183,atl_b3d08b6ece84291d
B,2026,6,59,cuiaba_saf,14,atl_13066205022adcf8,641068,Titular,187.0,1.0,0.00212547669446172,0.17428909,atl_13066205022adcf8
B,2026,6,59,cuiaba_saf,8,atl_d9c9df89a68bb17d,321898,Titular,292.0,1.0,0.0018436900114838408,0.15118258,atl_d9c9df89a68bb17d
B,2026,6,59,botafogo,8,atl_288845d890d175fa,433565,Titular,511.0,1.0,0.0014443150238330385,0.11843383,atl_288845d890d175fa
B,2026,6,60,londrina_saf,33,atl_a6a0cd0e0d1a1c0c,387358,Titular,415.0,2.0,0.0026887458897215323,0.22047716,atl_a6a0cd0e0d1a1c0c
B,2026,6,60,juventude,97,atl_77f7e8661716656e,438425,Titular,73.0,1.0,0.0025483464033075076,0.20896441,atl_77f7e8661716656e
B,2026,6,60,londrina_saf,11,atl_3efe4d51477c6b76,442914,Titular,750.0,2.0,0.0019681619912761614,0.16138928,atl_3efe4d51477c6b76
B,2026,6,60,londrina_saf,3,atl_d8d08c457bbfe4fc,617563,Titular,450.0,1.0,0.00153705525167916,0.12603853,atl_d8d08c457bbfe4fc
B,2026,6,60,juventude,8,atl_3e7bcea86957ecc6,389361,Titular,24.0,0.0,0.0008782490249908433,0.07201642,atl_3e7bcea86957ecc6
B,2026,7,61,botafogo,13,atl_b3d08b6ece84291d,315653,Titular,199.0,2.0,0.003520829401804768,0.28870801,atl_b3d08b6ece84291d
B,2026,7,61,botafogo,21,atl_ee7c6b14666baecf,595616,Titular,175.0,1.0,0.002164532965720789,0.1774917,atl_ee7c6b14666baecf
B,2026,7,61,botafogo,5,atl_8fd3d13a5579b1ea,836672,Titular,363.0,1.0,0.001693000871218462,0.13882607,atl_8fd3d13a5579b1ea
B,2026,7,61,nautico,27,atl_75f491958c738eea,509192,Titular,2291.0,4.0,0.0015983732539812012,0.13106661,atl_75f491958c738eea
B,2026,7,61,nautico,23,atl_c1ad64554912b5a6,320984,Titular,450.0,1.0,0.0015379576335384554,0.12611253,atl_c1ad64554912b5a6
B,2026,7,62,sao_bernardo,6,atl_57329b265317e212,393868,Titular,540.0,2.0,0.002366403607559166,0.1940451,atl_57329b265317e212
B,2026,7,62,ponte_preta,9,atl_0f0a52a1c5d55fc2,301087,Titular,1544.0,4.0,0.002182514555705251,0.17896619,atl_0f0a52a1c5d55fc2
B,2026,7,62,ponte_preta,31,atl_02d62a800c3c4502,424585,Titular,781.0,2.0,0.0019212019920855055,0.15753856,atl_02d62a800c3c4502
B,2026,7,62,sao_bernardo,8,atl_6606a278ba0b003e,340535,Titular,348.0,1.0,0.0017229478205914302,0.14128172,atl_6606a278ba0b003e
B,2026,7,62,ponte_preta,3,atl_31b597f6db177a48,351971,Titular,355.0,1.0,0.0017088418150427282,0.14012503,atl_31b597f6db177a48
B,2026,7,63,america,2,atl_8541ba1aedd4bcf8,348257,Titular,827.0,2.0,0.0018546041837690524,0.15207754,atl_8541ba1aedd4bcf8
B,2026,7,63,america,8,atl_67a835638bc6356c,600810,Titular,4606.0,9.0,0.0018529298378107191,0.15194025,atl_67a835638bc6356c
B,2026,7,63,crb,7,atl_f71fdb44d2c9ade5,363149,Titular,5061.0,5.0,0.0009820283675348917,0.08052633,atl_f71fdb44d2c9ade5
B,2026,7,63,crb,10,atl_fd0fc6ffc1669f02,308495,Titular,3110.0,3.0,0.0009587423135350506,0.07861687,atl_fd0fc6ffc1669f02
B,2026,7,63,america,21,atl_8808ef5622ebf69a,465413,Titular,2468.0,2.0,0.0008291980296029422,0.06799424,atl_8808ef5622ebf69a
B,2026,7,64,operario,5,atl_4634da8634cd899d,338081,Titular,591.0,2.0,0.002255783457251634,0.18497424,atl_4634da8634cd899d
B,2026,7,64,operario,14,atl_3b277f839ec70110,943431,Titular,225.0,1.0,0.002015254830153838,0.1652509,atl_3b277f839ec70110
B,2026,7,64,londrina_saf,11,atl_3efe4d51477c6b76,442914,Titular,840.0,2.0,0.0018366117551205468,0.15060216,atl_3efe4d51477c6b76
B,2026,7,64,operario,20,atl_9177beba4ba0158b,465929,Titular,505.0,1.0,0.001453790797872172,0.11921085,atl_9177beba4ba0158b
B,2026,7,64,operario,11,atl_b36618bb7e0071c5,355362,Titular,4642.0,7.0,0.0014510034523262413,0.11898228,atl_b36618bb7e0071c5
B,2026,7,65,goias,35,atl_188e3f40b91bf930,730802,Titular,79.0,1.0,0.002523419260555324,0.20692038,atl_188e3f40b91bf930
B,2026,7,65,goias,14,atl_eaa92f43d6513457,540238,Titular,593.0,2.0,0.002251655765655565,0.18463577,atl_eaa92f43d6513457
B,2026,7,65,goias,55,atl_af4ff1051cd04a59,695324,Titular,172.0,1.0,0.002174196059317757,0.17828408,atl_af4ff1051cd04a59
B,2026,7,65,fortaleza_saf,5,atl_ebc3cdd5853feb0c,548055,Titular,817.0,2.0,0.00186868622009228,0.15323227,atl_ebc3cdd5853feb0c
B,2026,7,65,goias,10,atl_fabdfe3043445a26,331937,Titular,423.0,1.0,0.0015829466434036108,0.12980162,atl_fabdfe3043445a26
B,2026,7,66,atletico_goianiense_saf,5,atl_9b25372db780c18d,315023,Titular,2739.0,8.0,0.002612244443303962,0.21420404,atl_9b25372db780c18d
B,2026,7,66,juventude,97,atl_77f7e8661716656e,438425,Titular,163.0,1.0,0.002203710032973654,0.18070422,atl_77f7e8661716656e
B,2026,7,66,atletico_goianiense_saf,7,atl_157265f486953a41,547650,Titular,360.0,1.0,0.0016989066882110845,0.13931035,atl_157265f486953a41
B,2026,7,66,atletico_goianiense_saf,6,atl_46d993cc12727711,542286,Titular,1051.0,2.0,0.0015867567710261333,0.13011406,atl_46d993cc12727711
B,2026,7,66,juventude,5,atl_458af74a4e200cc2,524196,Titular,439.0,1.0,0.00155597417663635,0.12758988,atl_458af74a4e200cc2
B,2026,7,67,avai,36,atl_d75e58d346952cb6,526646,Titular,450.0,3.0,0.0036432207914331924,0.2987441,atl_d75e58d346952cb6
B,2026,7,67,avai,77,atl_dfee252ff684e249,358808,Titular,1325.0,5.0,0.002992361507869333,0.24537364,atl_dfee252ff684e249
B,2026,7,67,avai,8,atl_9ad91091c914ae92,381191,Titular,2029.0,5.0,0.0021593751490160272,0.17706876,atl_9ad91091c914ae92
B,2026,7,67,gremio_novorizontino_saf,15,atl_f1eebbc944779965,646494,Titular,294.0,1.0,0.0018401256320674216,0.1508903,atl_f1eebbc944779965
B,2026,7,67,avai,2,atl_acbf179af3647e6b,463211,Titular,439.0,1.0,0.00155597417663635,0.12758988,atl_acbf179af3647e6b
B,2026,7,68,ceara,31,atl_3de67f7ef2964f19,583991,Titular,2942.0,6.0,0.0018771236931613981,0.15392414,atl_3de67f7ef2964f19
B,2026,7,68,sport_recife,30,atl_ca2338a246799190,546794,Titular,2767.0,4.0,0.0013654912004473624,0.11197028,atl_ca2338a246799190
B,2026,7,68,ceara,11,atl_00fc7528f150303c,451258,Titular,3552.0,5.0,0.0013477442625522045,0.11051503,atl_00fc7528f150303c
B,2026,7,68,sport_recife,13,atl_4911ae2218018926,321829,Titular,59.0,0.0,0.0008247938315948704,0.06763309,atl_4911ae2218018926
B,2026,7,68,ceara,99,atl_2937356fdc5da63f,587391,Titular,91.0,0.0,0.0007801349439281431,0.06397107,atl_2937356fdc5da63f
B,2026,8,72,botafogo,21,atl_ee7c6b14666baecf,595616,Titular,238.0,1.0,0.001981990845073962,0.16252325,atl_ee7c6b14666baecf
B,2026,8,72,gremio_novorizontino_saf,6,atl_6b27324eb49579d0,383906,Titular,408.0,1.0,0.0016109132639477797,0.13209489,atl_6b27324eb49579d0
B,2026,8,72,botafogo,8,atl_288845d890d175fa,433565,Titular,691.0,1.0,0.0012281353851088027,0.1007071,atl_288845d890d175fa
B,2026,8,72,gremio_novorizontino_saf,18,atl_1b93d2582891b2fb,465048,Titular,4960.0,6.0,0.0011836463816235503,0.097059,atl_1b93d2582891b2fb
B,2026,8,72,botafogo,7,atl_2ae1ea7b1966ff18,409168,Titular,2107.0,2.0,0.00094465256757368,0.07746151,atl_2ae1ea7b1966ff18
B,2026,8,75,atletico_goianiense_saf,5,atl_9b25372db780c18d,315023,Titular,2798.0,8.0,0.0025660125056593645,0.21041303,atl_9b25372db780c18d
B,2026,8,75,ceara,31,atl_3de67f7ef2964f19,583991,Titular,3032.0,6.0,0.0018297591290103578,0.15004025,atl_3de67f7ef2964f19
B,2026,8,75,atletico_goianiense_saf,6,atl_46d993cc12727711,542286,Titular,1141.0,2.0,0.0015007368943720804,0.12306043,atl_46d993cc12727711
B,2026,8,75,atletico_goianiense_saf,10,atl_d0c6f0ea3a8d322d,463599,Titular,530.0,1.0,0.0014201060618102756,0.1164487,atl_d0c6f0ea3a8d322d
B,2026,8,75,ceara,21,atl_0d474145872a55bc,345933,Titular,3472.0,5.0,0.0013753044420102174,0.11277496,atl_0d474145872a55bc
B,2026,8,76,vila_nova,14,atl_82cc94b1829859f0,366405,Titular,119.0,1.0,0.002363019779748924,0.19376762,atl_82cc94b1829859f0
B,2026,8,76,goias,35,atl_188e3f40b91bf930,730802,Titular,158.0,1.0,0.002222962376389945,0.18228291,atl_188e3f40b91bf930
B,2026,8,76,goias,14,atl_eaa92f43d6513457,540238,Titular,683.0,2.0,0.002081749149336081,0.17070343,atl_eaa92f43d6513457
B,2026,8,76,goias,55,atl_af4ff1051cd04a59,695324,Titular,236.0,1.0,0.001987376689761663,0.16296489,atl_af4ff1051cd04a59
B,2026,8,76,vila_nova,6,atl_0cd430651104498e,657282,Titular,304.0,1.0,0.0018192901040604277,0.14918179,atl_0cd430651104498e
B,2026,8,77,avai,36,atl_d75e58d346952cb6,526646,Titular,540.0,3.0,0.003329528118908254,0.27302131,atl_d75e58d346952cb6
B,2026,8,77,avai,77,atl_dfee252ff684e249,358808,Titular,1405.0,5.0,0.002867563907435477,0.23514024,atl_dfee252ff684e249
B,2026,8,77,avai,8,atl_9ad91091c914ae92,381191,Titular,2097.0,5.0,0.0021034690965208254,0.17248447,atl_9ad91091c914ae92
B,2026,8,77,fortaleza_saf,5,atl_ebc3cdd5853feb0c,548055,Titular,892.0,2.0,0.0017691876750463964,0.14507339,atl_ebc3cdd5853feb0c
B,2026,8,77,fortaleza_saf,4,atl_1203a00a74f32b3f,540808,Titular,437.0,1.0,0.001561055756312256,0.12800657,atl_1203a00a74f32b3f
B,2026,9,83,athletic_saf,5,atl_06e8f34df7caec2e,610404,Titular,385.0,2.0,0.0027829513634367153,0.22820201,atl_06e8f34df7caec2e
B,2026,9,83,athletic_saf,14,atl_ed97db77e8189432,528636,Titular,132.0,1.0,0.0023147341086099575,0.1898082,atl_ed97db77e8189432
B,2026,9,83,athletic_saf,21,atl_f00c684ae362a388,943816,Titular,182.0,1.0,0.002145032194488993,0.17589264,atl_f00c684ae362a388
B,2026,9,83,juventude,97,atl_77f7e8661716656e,438425,Titular,238.0,1.0,0.0019822655239044623,0.16254577,atl_77f7e8661716656e
B,2026,9,83,athletic_saf,3,atl_677e316026036bba,441948,Titular,360.0,1.0,0.0017010604146994108,0.13948695,atl_677e316026036bba
B,2026,9,85,ceara,40,atl_661c3836702a7d2b,732137,Titular,383.0,1.0,0.001656751932776323,0.13585366,atl_661c3836702a7d2b
B,2026,9,85,fortaleza_saf,4,atl_1203a00a74f32b3f,540808,Titular,527.0,1.0,0.0014244517591445894,0.11680504,atl_1203a00a74f32b3f
B,2026,9,85,ceara,21,atl_0d474145872a55bc,345933,Titular,3562.0,5.0,0.0013448823133041588,0.11028035,atl_0d474145872a55bc
B,2026,9,85,ceara,11,atl_00fc7528f150303c,451258,Titular,3662.0,5.0,0.0013125689468143904,0.10763065,atl_00fc7528f150303c
B,2026,9,85,fortaleza_saf,7,atl_3ca91222049abbd6,793676,Titular,661.0,1.0,0.001260044751629193,0.10332367,atl_3ca91222049abbd6
B,2026,9,86,goias,14,atl_eaa92f43d6513457,540238,Titular,773.0,3.0,0.0027202764781158626,0.22306267,atl_eaa92f43d6513457
B,2026,9,86,goias,35,atl_188e3f40b91bf930,730802,Titular,248.0,1.0,0.001955764647916435,0.1603727,atl_188e3f40b91bf930
B,2026,9,86,botafogo,21,atl_ee7c6b14666baecf,595616,Titular,292.0,1.0,0.0018471110563655216,0.15146311,atl_ee7c6b14666baecf
B,2026,9,86,goias,5,atl_81e066a83aaadb08,383537,Titular,2295.0,4.0,0.0015967484639146667,0.13093337,atl_81e066a83aaadb08
B,2026,9,86,goias,97,atl_a7e338192c18e204,533963,Titular,4982.0,7.0,0.0013613484050787109,0.11163057,atl_a7e338192c18e204
B,2026,9,87,atletico_goianiense_saf,5,atl_9b25372db780c18d,315023,Titular,2888.0,8.0,0.002497907897473876,0.20482845,atl_9b25372db780c18d
B,2026,9,87,atletico_goianiense_saf,6,atl_46d993cc12727711,542286,Titular,1218.0,2.0,0.0014335925242383546,0.11755459,atl_46d993cc12727711
B,2026,9,87,atletico_goianiense_saf,10,atl_d0c6f0ea3a8d322d,463599,Titular,597.0,1.0,0.0013335569340396473,0.10935167,atl_d0c6f0ea3a8d322d
B,2026,9,87,atletico_goianiense_saf,8,atl_7d0f9bfb2bd45f67,559119,Titular,1557.0,2.0,0.0011973320158684944,0.09818123,atl_7d0f9bfb2bd45f67
B,2026,9,87,atletico_goianiense_saf,9,atl_d19dd8329860275e,436949,Titular,3557.0,4.0,0.0011000522446737721,0.09020428,atl_d19dd8329860275e
B,2026,9,88,crb,27,atl_4fb70cea490aa9b3,378811,Titular,3619.0,9.0,0.0022973809071720063,0.18838523,atl_4fb70cea490aa9b3
B,2026,9,88,crb,28,atl_01bd6a8c1e7f36cb,599514,Titular,373.0,1.0,0.0016757296181460404,0.13740983,atl_01bd6a8c1e7f36cb
B,2026,9,88,sport_recife,4,atl_1ccf08389b4c55e6,406610,Titular,3649.0,5.0,0.0013166815995761614,0.10796789,atl_1ccf08389b4c55e6
B,2026,9,88,crb,8,atl_d3142106b6d32804,461802,Titular,704.0,1.0,0.001215043153356722,0.09963354,atl_d3142106b6d32804
B,2026,9,88,sport_recife,31,atl_f3c49e66db5d3056,411070,Titular,87.0,0.0,0.0007886063997299712,0.06466572,atl_f3c49e66db5d3056
B,2026,9,89,cuiaba,27,atl_1006390a50428179,522753,Titular,462.0,1.0,0.0015206984996273317,0.12469728,atl_1006390a50428179
B,2026,9,89,gremio_novorizontino_saf,17,atl_ac01c67d84ab2827,581520,Titular,2112.0,3.0,0.0013257702743650433,0.10871316,atl_ac01c67d84ab2827
B,2026,9,89,gremio_novorizontino_saf,18,atl_1b93d2582891b2fb,465048,Titular,5050.0,6.0,0.001164488640836305,0.09548807,atl_1b93d2582891b2fb
B,2026,9,89,cuiaba,44,atl_ca3372428a6d03ad,619739,Titular,3032.0,3.0,0.0009804393988226197,0.08039603,atl_ca3372428a6d03ad
B,2026,9,89,cuiaba,2,Nino Paraiba,183977,Titular,22.0,0.0,0.0008868045146388756,0.07271797,atl_91d77c34d30167d2
B,2026,9,90,avai,36,atl_d75e58d346952cb6,526646,Titular,630.0,3.0,0.00306452385543495,0.25129096,atl_d75e58d346952cb6
B,2026,9,90,avai,77,atl_dfee252ff684e249,358808,Titular,1495.0,5.0,0.0027383017326523774,0.22454074,atl_dfee252ff684e249
B,2026,9,90,vila_nova,14,atl_82cc94b1829859f0,366405,Titular,209.0,1.0,0.0020633454959682555,0.16919433,atl_82cc94b1829859f0
B,2026,9,90,vila_nova,20,atl_784a03b1f08bd7c5,646521,Titular,214.0,1.0,0.002048896297817217,0.1680095,atl_784a03b1f08bd7c5
B,2026,9,90,avai,8,atl_9ad91091c914ae92,381191,Titular,2181.0,5.0,0.0020376396705115603,0.16708645,atl_9ad91091c914ae92
B,2026,10,91,botafogo,13,atl_b3d08b6ece84291d,315653,Titular,289.0,2.0,0.0031223907293432256,0.25603604,atl_b3d08b6ece84291d
B,2026,10,91,athletic_saf,5,atl_06e8f34df7caec2e,610404,Titular,458.0,2.0,0.0025715723230185857,0.21086893,atl_06e8f34df7caec2e
B,2026,10,91,athletic_saf,11,atl_f2d90fd58a0dc3a1,636772,Titular,73.0,1.0,0.002554216903057251,0.20944579,atl_f2d90fd58a0dc3a1
B,2026,10,91,athletic_saf,14,atl_ed97db77e8189432,528636,Titular,222.0,1.0,0.0020271001183543007,0.16622221,atl_ed97db77e8189432
B,2026,10,91,athletic_saf,21,atl_f00c684ae362a388,943816,Titular,246.0,1.0,0.0019618851011418297,0.16087458,atl_f00c684ae362a388
B,2026,10,92,gremio_novorizontino_saf,15,atl_f1eebbc944779965,646494,Titular,415.0,1.0,0.0015995259950292951,0.13116113,atl_f1eebbc944779965
B,2026,10,92,ceara,40,atl_661c3836702a7d2b,732137,Titular,473.0,1.0,0.0015041791217387513,0.12334269,atl_661c3836702a7d2b
B,2026,10,92,ceara,11,atl_00fc7528f150303c,451258,Titular,3722.0,5.0,0.0012940706502728105,0.10611379,atl_00fc7528f150303c
B,2026,10,92,gremio_novorizontino_saf,17,atl_ac01c67d84ab2827,581520,Titular,2187.0,3.0,0.0012890086659664327,0.10569871,atl_ac01c67d84ab2827
B,2026,10,92,gremio_novorizontino_saf,11,atl_1ceb4bddfa8e0ebd,302768,Titular,692.0,1.0,0.0012278240649763465,0.10068157,atl_1ceb4bddfa8e0ebd
B,2026,10,93,america,8,atl_67a835638bc6356c,600810,Titular,4660.0,10.0,0.0020278229235371715,0.16628148,atl_67a835638bc6356c
B,2026,10,93,vila_nova,8,atl_e1125573fb09ee77,421180,Titular,1842.0,4.0,0.0019058780040357838,0.156282,atl_e1125573fb09ee77
B,2026,10,93,vila_nova,14,atl_82cc94b1829859f0,366405,Titular,299.0,1.0,0.001831747541241308,0.1502033,atl_82cc94b1829859f0
B,2026,10,93,america,4,atl_96e70943de303621,612799,Titular,450.0,1.0,0.0015405960899492685,0.12632888,atl_96e70943de303621
B,2026,10,93,vila_nova,6,atl_0cd430651104498e,657282,Titular,459.0,1.0,0.0015261379410342075,0.12514331,atl_0cd430651104498e
B,2026,10,94,criciuma,5,atl_ca7ecbe9da8d6e30,392562,Titular,1612.0,5.0,0.0025869158548540746,0.2121271,atl_ca7ecbe9da8d6e30
B,2026,10,94,criciuma,77,atl_2628d4ab4be3dbb1,376405,Titular,163.0,1.0,0.0022074906266241405,0.18101423,atl_2628d4ab4be3dbb1
B,2026,10,94,operario,92,atl_f0377cd2e280f132,307317,Titular,505.0,1.0,0.0014562848611460746,0.11941536,atl_f0377cd2e280f132
B,2026,10,94,operario,11,atl_b36618bb7e0071c5,355362,Titular,4714.0,7.0,0.001431447312131148,0.11737868,atl_b36618bb7e0071c5
B,2026,10,94,operario,20,atl_9177beba4ba0158b,465929,Titular,583.0,1.0,0.001351400078902867,0.11081481,atl_9177beba4ba0158b
B,2026,10,95,londrina_saf,15,atl_ad0be9a2181b5938,409030,Titular,849.0,3.0,0.002567506512566201,0.21053553,atl_ad0be9a2181b5938
B,2026,10,95,londrina_saf,11,atl_3efe4d51477c6b76,442914,Titular,913.0,3.0,0.0024512146393855664,0.2009996,atl_3efe4d51477c6b76
B,2026,10,95,londrina_saf,6,atl_90844c2df755a85a,621864,Titular,202.0,1.0,0.0020848522584783545,0.17095789,atl_90844c2df755a85a
B,2026,10,95,londrina_saf,7,atl_4e7e7fe901aafc9b,610030,Titular,222.0,1.0,0.0020271001183543007,0.16622221,atl_4e7e7fe901aafc9b
B,2026,10,95,londrina_saf,96,atl_92c03f6ba7cf1bd6,374749,Titular,253.0,1.0,0.001943647125434004,0.15937906,atl_92c03f6ba7cf1bd6
B,2026,10,96,sao_bernardo,8,atl_6606a278ba0b003e,340535,Titular,418.0,2.0,0.002683623404631596,0.22005712,atl_6606a278ba0b003e
B,2026,10,96,sao_bernardo,6,atl_57329b265317e212,393868,Titular,630.0,2.0,0.0021801471552670842,0.17877207,atl_57329b265317e212
B,2026,10,96,atletico_goianiense_saf,8,atl_817365742dda981d,305811,Titular,2454.0,4.0,0.001511024470362832,0.12390401,atl_817365742dda981d
B,2026,10,96,sao_bernardo,26,atl_7d2d5622794070b0,439838,Titular,499.0,1.0,0.0014650313167685735,0.12013257,atl_7d2d5622794070b0
B,2026,10,96,sao_bernardo,9,atl_f430018ee7464e5a,311487,Titular,2149.0,3.0,0.0013074995415069102,0.10721496,atl_f430018ee7464e5a
B,2026,10,97,avai,77,atl_dfee252ff684e249,358808,Titular,1577.0,5.0,0.002630508563048534,0.2157017,atl_dfee252ff684e249
B,2026,10,97,goias,14,atl_eaa92f43d6513457,540238,Titular,863.0,3.0,0.002541134472084963,0.20837303,atl_eaa92f43d6513457
B,2026,10,97,avai,55,atl_da0983ebb7c761ed,754528,Titular,720.0,2.0,0.0020193166274195123,0.16558396,atl_da0983ebb7c761ed
B,2026,10,97,avai,8,atl_9ad91091c914ae92,381191,Titular,2271.0,5.0,0.001971694798069941,0.16167897,atl_9ad91091c914ae92
B,2026,10,97,goias,55,atl_af4ff1051cd04a59,695324,Titular,296.0,1.0,0.0018386511123766394,0.15076939,atl_af4ff1051cd04a59
B,2026,10,98,nautico,25,atl_e23ce9f74e0b8ef7,378323,Titular,3884.0,8.0,0.001930558003068386,0.15830576,atl_e23ce9f74e0b8ef7
B,2026,10,98,cuiaba,14,atl_13066205022adcf8,641068,Titular,277.0,1.0,0.001883611692988166,0.15445616,atl_13066205022adcf8
B,2026,10,98,nautico,27,atl_75f491958c738eea,509192,Titular,2381.0,4.0,0.0015493114493064233,0.12704354,atl_75f491958c738eea
B,2026,10,98,nautico,23,atl_c1ad64554912b5a6,320984,Titular,540.0,1.0,0.0014072752744728894,0.11539657,atl_c1ad64554912b5a6
B,2026,10,98,nautico,7,atl_e5eab1910fbc027f,312048,Titular,589.0,1.0,0.0013439543484405922,0.11020426,atl_e5eab1910fbc027f
B,2026,10,99,crb,27,atl_4fb70cea490aa9b3,378811,Titular,3709.0,9.0,0.0022484120421600866,0.18436979,atl_4fb70cea490aa9b3
B,2026,10,99,ponte_preta,38,atl_c3d08438b8bd3ddc,294486,Titular,2489.0,5.0,0.0018278910289233207,0.14988706,atl_c3d08438b8bd3ddc
B,2026,10,99,ponte_preta,3,atl_31b597f6db177a48,351971,Titular,445.0,1.0,0.001548747392012492,0.12699729,atl_31b597f6db177a48
B,2026,10,99,crb,28,atl_01bd6a8c1e7f36cb,599514,Titular,455.0,1.0,0.0015325301418343507,0.12566747,atl_01bd6a8c1e7f36cb
B,2026,10,99,ponte_preta,14,atl_309adcb39818005d,313755,Titular,1116.0,2.0,0.0015244840875320576,0.1250077,atl_309adcb39818005d
B,2026,10,100,juventude,47,atl_072759f846d26718,599081,Titular,625.0,2.0,0.002189836698179382,0.17956661,atl_072759f846d26718
B,2026,10,100,sport_recife,7,atl_61b7e0b6ee1dacff,303718,Titular,351.0,1.0,0.0017198193718587602,0.14102519,atl_61b7e0b6ee1dacff
B,2026,10,100,sport_recife,30,atl_ca2338a246799190,546794,Titular,2856.0,4.0,0.0013300257108020874,0.10906211,atl_ca2338a246799190
B,2026,10,100,juventude,75,atl_add99cce2ed6af0c,613097,Titular,611.0,1.0,0.001317341391045729,0.10802199,atl_add99cce2ed6af0c
B,2026,10,100,sport_recife,4,atl_1ccf08389b4c55e6,406610,Titular,3739.0,5.0,0.0012888809354686967,0.10568824,atl_1ccf08389b4c55e6
B,2026,11,101,botafogo,13,atl_b3d08b6ece84291d,315653,Titular,379.0,2.0,0.0028025708167174045,0.22981081,atl_b3d08b6ece84291d
B,2026,11,101,ponte_preta,38,atl_c3d08438b8bd3ddc,294486,Titular,2579.0,6.0,0.002099207453034946,0.17213501,atl_c3d08438b8bd3ddc
B,2026,11,101,ponte_preta,9,atl_0f0a52a1c5d55fc2,301087,Titular,1629.0,4.0,0.0020965052831820566,0.17191343,atl_0f0a52a1c5d55fc2
B,2026,11,101,botafogo,5,atl_8fd3d13a5579b1ea,836672,Titular,453.0,1.0,0.0015356345728169975,0.12592203,atl_8fd3d13a5579b1ea
B,2026,11,101,ponte_preta,14,atl_309adcb39818005d,313755,Titular,1190.0,2.0,0.0014576684898784606,0.11952882,atl_309adcb39818005d
B,2026,11,102,sao_bernardo,8,atl_6606a278ba0b003e,340535,Titular,508.0,2.0,0.002443908480054165,0.2004005,atl_6606a278ba0b003e
B,2026,11,102,sao_bernardo,6,atl_57329b265317e212,393868,Titular,720.0,2.0,0.0020192293015529497,0.1655768,atl_57329b265317e212
B,2026,11,102,gremio_novorizontino_saf,15,atl_f1eebbc944779965,646494,Titular,490.0,1.0,0.0014782421695905036,0.12121586,atl_f1eebbc944779965
B,2026,11,102,sao_bernardo,26,atl_7d2d5622794070b0,439838,Titular,585.0,1.0,0.0013488108275526254,0.11060249,atl_7d2d5622794070b0
B,2026,11,102,sao_bernardo,9,atl_f430018ee7464e5a,311487,Titular,2210.0,3.0,0.0012780294272673794,0.10479841,atl_f430018ee7464e5a
B,2026,11,103,athletic_saf,5,atl_06e8f34df7caec2e,610404,Titular,548.0,2.0,0.002350629530433777,0.19275162,atl_06e8f34df7caec2e
B,2026,11,103,athletic_saf,11,atl_f2d90fd58a0dc3a1,636772,Titular,152.0,1.0,0.002244570165482513,0.18405475,atl_f2d90fd58a0dc3a1
B,2026,11,103,athletic_saf,14,atl_ed97db77e8189432,528636,Titular,293.0,1.0,0.001845472569854475,0.15132875,atl_ed97db77e8189432
B,2026,11,103,athletic_saf,21,atl_f00c684ae362a388,943816,Titular,317.0,1.0,0.0017912604013397778,0.14688335,atl_f00c684ae362a388
B,2026,11,103,athletic_saf,3,atl_677e316026036bba,441948,Titular,540.0,1.0,0.001407172834514037,0.11538817,atl_677e316026036bba
B,2026,11,104,londrina_saf,15,atl_ad0be9a2181b5938,409030,Titular,939.0,3.0,0.0024068518053471846,0.19736185,atl_ad0be9a2181b5938
B,2026,11,104,londrina_saf,11,atl_3efe4d51477c6b76,442914,Titular,1003.0,3.0,0.002304364436390285,0.18895788,atl_3efe4d51477c6b76
B,2026,11,104,vila_nova,8,atl_e1125573fb09ee77,421180,Titular,1932.0,4.0,0.0018353041726540287,0.15049494,atl_e1125573fb09ee77
B,2026,11,104,londrina_saf,96,atl_92c03f6ba7cf1bd6,374749,Titular,308.0,1.0,0.0018112125592754933,0.14851943,atl_92c03f6ba7cf1bd6
B,2026,11,104,vila_nova,20,atl_784a03b1f08bd7c5,646521,Titular,331.0,1.0,0.0017610827291150404,0.14440878,atl_784a03b1f08bd7c5
B,2026,11,105,operario,10,atl_5ecf50141655fa5a,373841,Titular,610.0,2.0,0.00221933310621135,0.18198531,atl_5ecf50141655fa5a
B,2026,11,105,ceara,9,atl_69b113762dabe91f,515843,Titular,326.0,1.0,0.0017717430361920078,0.14528293,atl_69b113762dabe91f
B,2026,11,105,operario,11,atl_b36618bb7e0071c5,355362,Titular,4776.0,7.0,0.0014146057141574296,0.11599767,atl_b36618bb7e0071c5
B,2026,11,105,ceara,40,atl_661c3836702a7d2b,732137,Titular,537.0,1.0,0.001411243729888716,0.11572199,atl_661c3836702a7d2b
B,2026,11,105,operario,92,atl_f0377cd2e280f132,307317,Titular,583.0,1.0,0.0013513017062738676,0.11080674,atl_f0377cd2e280f132
B,2026,11,106,goias,14,atl_eaa92f43d6513457,540238,Titular,953.0,3.0,0.002383661216720302,0.19546022,atl_eaa92f43d6513457
B,2026,11,106,goias,35,atl_188e3f40b91bf930,730802,Titular,406.0,1.0,0.0016152977349830006,0.13245441,atl_188e3f40b91bf930
B,2026,11,106,goias,5,atl_81e066a83aaadb08,383537,Titular,2385.0,4.0,0.0015471264290795833,0.12686437,atl_81e066a83aaadb08
B,2026,11,106,atletico_goianiense_saf,2,atl_fec5ce43abd29cb1,582447,Titular,532.0,1.0,0.0014180811510606575,0.11628265,atl_fec5ce43abd29cb1
B,2026,11,106,atletico_goianiense_saf,6,atl_46d993cc12727711,542286,Titular,1308.0,2.0,0.0013625330464018797,0.11172771,atl_46d993cc12727711
B,2026,11,107,avai,36,atl_d75e58d346952cb6,526646,Titular,720.0,4.0,0.0036585735638480312,0.30000303,atl_d75e58d346952cb6
B,2026,11,107,criciuma,5,atl_ca7ecbe9da8d6e30,392562,Titular,1686.0,5.0,0.0024992954015986267,0.20494222,atl_ca7ecbe9da8d6e30
B,2026,11,107,avai,8,atl_9ad91091c914ae92,381191,Titular,2340.0,5.0,0.001923753432357253,0.15774778,atl_9ad91091c914ae92
B,2026,11,107,avai,57,atl_fae29562f93c6373,725359,Titular,312.0,1.0,0.0018022903299194563,0.14778781,atl_fae29562f93c6373
B,2026,11,107,avai,15,atl_865c1780b97f46db,618684,Titular,319.0,1.0,0.001786886139065444,0.14652466,atl_865c1780b97f46db
B,2026,11,108,nautico,19,atl_52c804e17f3afd31,543940,Titular,194.0,2.0,0.0035496538154100843,0.29107161,atl_52c804e17f3afd31
B,2026,11,108,nautico,23,atl_c1ad64554912b5a6,320984,Titular,630.0,2.0,0.0021800528742430074,0.17876434,atl_c1ad64554912b5a6
B,2026,11,108,nautico,25,atl_e23ce9f74e0b8ef7,378323,Titular,3942.0,8.0,0.0019053263727813142,0.15623676,atl_e23ce9f74e0b8ef7
B,2026,11,108,sport_recife,7,atl_61b7e0b6ee1dacff,303718,Titular,440.0,1.0,0.0015568720722282964,0.12766351,atl_61b7e0b6ee1dacff
B,2026,11,108,nautico,27,atl_75f491958c738eea,509192,Titular,2457.0,4.0,0.0015094554439954678,0.12377535,atl_75f491958c738eea
B,2026,11,109,crb,27,atl_4fb70cea490aa9b3,378811,Titular,3799.0,9.0,0.0022013165266095832,0.18050796,atl_4fb70cea490aa9b3
B,2026,11,109,cuiaba,8,atl_d9c9df89a68bb17d,321898,Titular,354.0,1.0,0.0017136531005791551,0.14051955,atl_d9c9df89a68bb17d
B,2026,11,109,cuiaba,27,atl_1006390a50428179,522753,Titular,537.0,1.0,0.001411243729888716,0.11572199,atl_1006390a50428179
B,2026,11,109,crb,28,atl_01bd6a8c1e7f36cb,599514,Titular,545.0,1.0,0.001400439950138372,0.11483608,atl_01bd6a8c1e7f36cb
B,2026,11,109,cuiaba,88,atl_eb520254df7b4e69,771631,Titular,571.0,1.0,0.0013664423416382806,0.11204827,atl_eb520254df7b4e69
B,2026,11,110,juventude,97,atl_77f7e8661716656e,438425,Titular,328.0,2.0,0.0029751929322398532,0.24396582,atl_77f7e8661716656e
B,2026,11,110,juventude,47,atl_072759f846d26718,599081,Titular,715.0,2.0,0.002027538887156048,0.16625819,atl_072759f846d26718
B,2026,11,110,america,8,atl_67a835638bc6356c,600810,Titular,4714.0,10.0,0.0020068008722467583,0.16455767,atl_67a835638bc6356c
B,2026,11,110,america,4,atl_96e70943de303621,612799,Titular,540.0,1.0,0.001407172834514037,0.11538817,atl_96e70943de303621
B,2026,11,110,america,96,atl_0fb8d0aa0ad0a4b9,377697,Titular,5807.0,8.0,0.0013419152921982872,0.11003705,atl_0fb8d0aa0ad0a4b9
B,2026,12,111,ponte_preta,9,atl_0f0a52a1c5d55fc2,301087,Titular,1705.0,5.0,0.002477712334429986,0.20317241,atl_0f0a52a1c5d55fc2
B,2026,12,111,ponte_preta,38,atl_c3d08438b8bd3ddc,294486,Titular,2640.0,6.0,0.002058393534209592,0.16878827,atl_c3d08438b8bd3ddc
B,2026,12,111,cuiaba,8,atl_d9c9df89a68bb17d,321898,Titular,426.0,1.0,0.0015802977293932164,0.12958441,atl_d9c9df89a68bb17d
B,2026,12,111,ponte_preta,14,atl_309adcb39818005d,313755,Titular,1251.0,2.0,0.0014068279254243964,0.11535989,atl_309adcb39818005d
B,2026,12,111,ponte_preta,16,atl_6ecbee28d54f550c,349707,Titular,572.0,1.0,0.00136507061326317,0.11193579,atl_6ecbee28d54f550c
B,2026,12,112,athletic_saf,5,atl_06e8f34df7caec2e,610404,Titular,628.0,2.0,0.0021838259728884026,0.17907373,atl_06e8f34df7caec2e
B,2026,12,112,athletic_saf,11,atl_f2d90fd58a0dc3a1,636772,Titular,217.0,1.0,0.002040942395283289,0.16735728,atl_f2d90fd58a0dc3a1
B,2026,12,112,athletic_saf,21,atl_f00c684ae362a388,943816,Titular,382.0,1.0,0.0016591334437847146,0.13604894,atl_f00c684ae362a388
B,2026,12,112,sport_recife,4,atl_1ccf08389b4c55e6,406610,Titular,3919.0,6.0,0.0014626285805426837,0.11993554,atl_1ccf08389b4c55e6
B,2026,12,112,athletic_saf,3,atl_677e316026036bba,441948,Titular,630.0,1.0,0.0012950050419629365,0.10619041,atl_677e316026036bba
B,2026,12,113,america,8,atl_67a835638bc6356c,600810,Titular,4787.0,10.0,0.0019790723846071718,0.16228394,atl_67a835638bc6356c
B,2026,12,113,atletico_goianiense_saf,6,atl_46d993cc12727711,542286,Titular,1398.0,2.0,0.0012978691767218749,0.10642527,atl_46d993cc12727711
B,2026,12,113,america,4,atl_96e70943de303621,612799,Titular,630.0,1.0,0.0012950050419629365,0.10619041,atl_96e70943de303621
B,2026,12,113,america,7,atl_582aa60ad579ed00,539977,Titular,1456.0,2.0,0.0012593843033834962,0.10326951,atl_582aa60ad579ed00
B,2026,12,113,atletico_goianiense_saf,7,atl_d0c6f0ea3a8d322d,463599,Titular,833.0,1.0,0.001097791220868806,0.09001888,atl_d0c6f0ea3a8d322d
B,2026,12,114,operario,10,atl_5ecf50141655fa5a,373841,Titular,700.0,2.0,0.0020527964145150984,0.16832931,atl_5ecf50141655fa5a
B,2026,12,114,juventude,47,atl_072759f846d26718,599081,Titular,805.0,2.0,0.0018876288869104354,0.15478557,atl_072759f846d26718
B,2026,12,114,operario,11,atl_b36618bb7e0071c5,355362,Titular,4856.0,7.0,0.001393457001011598,0.11426347,atl_b36618bb7e0071c5
B,2026,12,114,operario,39,atl_883d01252ab7e9a9,308421,Titular,2214.0,3.0,0.0012761074787833893,0.10464081,atl_883d01252ab7e9a9
B,2026,12,114,operario,92,atl_f0377cd2e280f132,307317,Titular,667.0,1.0,0.0012539466130403755,0.10282362,atl_f0377cd2e280f132
B,2026,12,115,avai,36,atl_d75e58d346952cb6,526646,Titular,775.0,4.0,0.003500671135229897,0.28705503,atl_d75e58d346952cb6
B,2026,12,115,avai,14,atl_74063360e855946f,437504,Titular,550.0,2.0,0.0023460530451601125,0.19237635,atl_74063360e855946f
B,2026,12,115,avai,8,atl_9ad91091c914ae92,381191,Titular,2430.0,5.0,0.001864626517890143,0.15289937,atl_9ad91091c914ae92
B,2026,12,115,avai,57,atl_fae29562f93c6373,725359,Titular,391.0,1.0,0.0016423745201101217,0.13467471,atl_fae29562f93c6373
B,2026,12,115,ceara,9,atl_69b113762dabe91f,515843,Titular,401.0,1.0,0.0016241461680556253,0.13317999,atl_69b113762dabe91f
B,2026,12,116,goias,14,atl_eaa92f43d6513457,540238,Titular,1043.0,3.0,0.0022445597520532197,0.1840539,atl_eaa92f43d6513457
B,2026,12,116,goias,5,atl_81e066a83aaadb08,383537,Titular,2475.0,4.0,0.0015002876293842417,0.12302359,atl_81e066a83aaadb08
B,2026,12,116,gremio_novorizontino_saf,17,atl_ac01c67d84ab2827,581520,Titular,2367.0,3.0,0.0012080068703934838,0.09905656,atl_ac01c67d84ab2827
B,2026,12,116,goias,10,atl_fabdfe3043445a26,331937,Titular,737.0,1.0,0.0011829876292789962,0.09700499,atl_fabdfe3043445a26
B,2026,12,116,gremio_novorizontino_saf,18,atl_1b93d2582891b2fb,465048,Titular,5311.0,6.0,0.0011122622091581688,0.0912055,atl_1b93d2582891b2fb
B,2026,12,117,londrina_saf,44,atl_03c37a42036362e3,618296,Titular,90.0,1.0,0.002480263893929014,0.20338164,atl_03c37a42036362e3
B,2026,12,117,criciuma,5,atl_ca7ecbe9da8d6e30,392562,Titular,1761.0,5.0,0.0024163448462707292,0.19814028,atl_ca7ecbe9da8d6e30
B,2026,12,117,londrina_saf,15,atl_ad0be9a2181b5938,409030,Titular,1029.0,3.0,0.0022651116399072064,0.18573915,atl_ad0be9a2181b5938
B,2026,12,117,londrina_saf,18,atl_d1fa367b58911e26,360467,Titular,3481.0,7.0,0.0018747439581557697,0.153729,atl_d1fa367b58911e26
B,2026,12,117,londrina_saf,7,atl_4e7e7fe901aafc9b,610030,Titular,309.0,1.0,0.0018088451142374764,0.1483253,atl_4e7e7fe901aafc9b
B,2026,12,118,nautico,19,atl_52c804e17f3afd31,543940,Titular,270.0,2.0,0.003199163243400154,0.26233139,atl_52c804e17f3afd31
B,2026,12,118,nautico,23,atl_c1ad64554912b5a6,320984,Titular,720.0,2.0,0.0020191440142771464,0.16556981,atl_c1ad64554912b5a6
B,2026,12,118,nautico,25,atl_e23ce9f74e0b8ef7,378323,Titular,4032.0,8.0,0.0018674659526518355,0.15313221,atl_e23ce9f74e0b8ef7
B,2026,12,118,fortaleza_saf,32,atl_14e3b735d8a2696d,451607,Titular,3265.0,5.0,0.0014510904906821032,0.11898942,atl_14e3b735d8a2696d
B,2026,12,118,nautico,8,atl_a516feda88cfcf4f,442409,Titular,1613.0,2.0,0.0011658096059716603,0.09559639,atl_a516feda88cfcf4f
B,2026,12,119,sao_bernardo,8,atl_6606a278ba0b003e,340535,Titular,584.0,2.0,0.0022724683555517696,0.18634241,atl_6606a278ba0b003e
B,2026,12,119,crb,27,atl_4fb70cea490aa9b3,378811,Titular,3889.0,9.0,0.002156153041106885,0.17680455,atl_4fb70cea490aa9b3
B,2026,12,119,sao_bernardo,26,atl_7d2d5622794070b0,439838,Titular,675.0,2.0,0.0020964729339728668,0.17191078,atl_7d2d5622794070b0
B,2026,12,119,crb,28,atl_01bd6a8c1e7f36cb,599514,Titular,620.0,1.0,0.0013065675869804627,0.10713854,atl_01bd6a8c1e7f36cb
B,2026,12,119,sao_bernardo,9,atl_f430018ee7464e5a,311487,Titular,2286.0,3.0,0.0012431283910330647,0.10193653,atl_f430018ee7464e5a
B,2026,12,120,botafogo,13,atl_b3d08b6ece84291d,315653,Titular,469.0,2.0,0.002542162742433559,0.20845734,atl_b3d08b6ece84291d
B,2026,12,120,vila_nova,14,atl_82cc94b1829859f0,366405,Titular,389.0,1.0,0.0016460694009202681,0.13497769,atl_82cc94b1829859f0
B,2026,12,120,vila_nova,20,atl_784a03b1f08bd7c5,646521,Titular,421.0,1.0,0.0015888769787384563,0.13028791,atl_784a03b1f08bd7c5
B,2026,12,120,vila_nova,8,atl_a7ea415e016a4c72,331982,Titular,617.0,1.0,0.0013100767210547164,0.10742629,atl_a7ea415e016a4c72
B,2026,12,120,botafogo,22,atl_17552f38301d5d70,356403,Titular,631.0,1.0,0.0012938600330841012,0.10609652,atl_17552f38301d5d70
B,2026,13,121,operario,10,atl_5ecf50141655fa5a,373841,Titular,790.0,2.0,0.0019090475491805568,0.1565419,atl_5ecf50141655fa5a
B,2026,13,121,operario,14,atl_3b277f839ec70110,943431,Titular,339.0,1.0,0.0017433508205517505,0.14295477,atl_3b277f839ec70110
B,2026,13,121,operario,39,atl_883d01252ab7e9a9,308421,Titular,2304.0,3.0,0.0012349041863205844,0.10126214,atl_883d01252ab7e9a9
B,2026,13,121,operario,33,atl_7134c50f468f0811,170370,Titular,720.0,1.0,0.0011989109331499333,0.0983107,atl_7134c50f468f0811
B,2026,13,121,botafogo,22,atl_17552f38301d5d70,356403,Titular,721.0,1.0,0.0011979290241137745,0.09823018,atl_17552f38301d5d70
B,2026,13,122,sport_recife,95,atl_90165865d28fab11,392650,Titular,1358.0,5.0,0.0029400814523374156,0.24108668,atl_90165865d28fab11
B,2026,13,122,sport_recife,7,atl_61b7e0b6ee1dacff,303718,Titular,501.0,2.0,0.002460211127315603,0.20173731,atl_61b7e0b6ee1dacff
B,2026,13,122,sao_bernardo,8,atl_6606a278ba0b003e,340535,Titular,674.0,2.0,0.0020976757567656885,0.17200941,atl_6606a278ba0b003e
B,2026,13,122,sao_bernardo,26,atl_7d2d5622794070b0,439838,Titular,752.0,2.0,0.0019669898869352385,0.16129317,atl_7d2d5622794070b0
B,2026,13,122,sao_bernardo,6,atl_57329b265317e212,393868,Titular,810.0,2.0,0.0018799017850709302,0.15415195,atl_57329b265317e212
B,2026,13,123,goias,14,atl_eaa92f43d6513457,540238,Titular,1133.0,3.0,0.0021204356022308133,0.17387572,atl_eaa92f43d6513457
B,2026,13,123,athletic_saf,5,atl_06e8f34df7caec2e,610404,Titular,710.0,2.0,0.0020352655689610897,0.16689178,atl_06e8f34df7caec2e
B,2026,13,123,athletic_saf,11,atl_f2d90fd58a0dc3a1,636772,Titular,274.0,1.0,0.0018897562512182411,0.15496001,atl_f2d90fd58a0dc3a1
B,2026,13,123,goias,3,atl_9cc3cc9282d1d56e,354299,Titular,1936.0,4.0,0.0018319668877023474,0.15022128,atl_9cc3cc9282d1d56e
B,2026,13,123,athletic_saf,21,atl_f00c684ae362a388,943816,Titular,439.0,1.0,0.0015576904562757388,0.12773062,atl_f00c684ae362a388
B,2026,13,124,avai,36,atl_d75e58d346952cb6,526646,Titular,853.0,4.0,0.003298352800031721,0.27046493,atl_d75e58d346952cb6
B,2026,13,124,londrina_saf,11,atl_3efe4d51477c6b76,442914,Titular,1093.0,4.0,0.002801425824509051,0.22971692,atl_3efe4d51477c6b76
B,2026,13,124,londrina_saf,15,atl_ad0be9a2181b5938,409030,Titular,1119.0,4.0,0.0027564368983588132,0.22602783,atl_ad0be9a2181b5938
B,2026,13,124,avai,14,atl_74063360e855946f,437504,Titular,640.0,2.0,0.0021602380161779987,0.17713952,atl_74063360e855946f
B,2026,13,124,avai,8,atl_9ad91091c914ae92,381191,Titular,2520.0,5.0,0.0018088315690208338,0.14832419,atl_9ad91091c914ae92
B,2026,13,125,america,93,atl_6f738d7d97f0c9a2,622068,Titular,835.0,2.0,0.0018446976317924482,0.15126521,atl_6f738d7d97f0c9a2
B,2026,13,125,fortaleza_saf,32,atl_14e3b735d8a2696d,451607,Titular,3326.0,6.0,0.001689145671312838,0.13850995,atl_14e3b735d8a2696d
B,2026,13,125,fortaleza_saf,33,atl_08ecb41d75510531,750970,Titular,540.0,1.0,0.0014064147485028063,0.11532601,atl_08ecb41d75510531
B,2026,13,125,america,7,atl_582aa60ad579ed00,539977,Titular,1546.0,2.0,0.0012036516805683864,0.09869944,atl_582aa60ad579ed00
B,2026,13,125,fortaleza_saf,4,atl_1203a00a74f32b3f,540808,Titular,887.0,1.0,0.0010545575619631713,0.08647372,atl_1203a00a74f32b3f
B,2026,13,126,crb,27,atl_4fb70cea490aa9b3,378811,Titular,3979.0,9.0,0.0021126750030013215,0.17323935,atl_4fb70cea490aa9b3
B,2026,13,126,atletico_goianiense_saf,6,atl_46d993cc12727711,542286,Titular,1488.0,2.0,0.0012387682788948281,0.101579,atl_46d993cc12727711
B,2026,13,126,crb,28,atl_01bd6a8c1e7f36cb,599514,Titular,710.0,1.0,0.0012088192879693542,0.09912318,atl_01bd6a8c1e7f36cb
B,2026,13,126,crb,10,atl_fd0fc6ffc1669f02,308495,Titular,3337.0,4.0,0.0011630626370713888,0.09537114,atl_fd0fc6ffc1669f02
B,2026,13,126,atletico_goianiense_saf,7,atl_d0c6f0ea3a8d322d,463599,Titular,923.0,1.0,0.0010278786636984671,0.08428605,atl_d0c6f0ea3a8d322d
B,2026,13,127,criciuma,5,atl_ca7ecbe9da8d6e30,392562,Titular,1823.0,5.0,0.0023515589059160216,0.19282783,atl_ca7ecbe9da8d6e30
B,2026,13,127,ceara,40,atl_661c3836702a7d2b,732137,Titular,714.0,1.0,0.0012048363578607238,0.09879658,atl_661c3836702a7d2b
B,2026,13,127,ceara,18,atl_7ca7062a533a893e,606805,Titular,748.0,1.0,0.0011720122904190053,0.09610501,atl_7ca7062a533a893e
B,2026,13,127,ceara,1,atl_2e3a000d5245276a,291617,Titular,1800.0,2.0,0.0010707266688882253,0.08779959,atl_2e3a000d5245276a
B,2026,13,127,criciuma,97,atl_fbaaeba59862b526,447189,Titular,4843.0,5.0,0.0010223977799818302,0.08383662,atl_fbaaeba59862b526
B,2026,13,128,nautico,19,atl_52c804e17f3afd31,543940,Titular,334.0,3.0,0.00415188409885242,0.3404545,atl_52c804e17f3afd31
B,2026,13,128,nautico,23,atl_c1ad64554912b5a6,320984,Titular,779.0,2.0,0.0019254662536692091,0.15788823,atl_c1ad64554912b5a6
B,2026,13,128,nautico,11,atl_87f9ff6fddc8c0f4,316763,Titular,1370.0,2.0,0.0013169365446218816,0.1079888,atl_87f9ff6fddc8c0f4
B,2026,13,128,gremio_novorizontino_saf,17,atl_ac01c67d84ab2827,581520,Titular,2444.0,3.0,0.0011761791231124045,0.09644669,atl_ac01c67d84ab2827
B,2026,13,128,nautico,8,atl_a516feda88cfcf4f,442409,Titular,1692.0,2.0,0.0011234814500195795,0.09212548,atl_a516feda88cfcf4f
B,2026,13,129,vila_nova,14,atl_82cc94b1829859f0,366405,Titular,479.0,1.0,0.0014940463109733592,0.1225118,atl_82cc94b1829859f0
B,2026,13,129,cuiaba,8,atl_d9c9df89a68bb17d,321898,Titular,508.0,1.0,0.0014510628357568638,0.11898715,atl_d9c9df89a68bb17d
B,2026,13,129,vila_nova,20,atl_784a03b1f08bd7c5,646521,Titular,511.0,1.0,0.0014467570113184162,0.11863407,atl_784a03b1f08bd7c5
B,2026,13,129,cuiaba,27,atl_1006390a50428179,522753,Titular,699.0,1.0,0.0012199093731800822,0.10003257,atl_1006390a50428179
B,2026,13,129,vila_nova,5,atl_a7ea415e016a4c72,331982,Titular,707.0,1.0,0.001211823809811863,0.09936955,atl_a7ea415e016a4c72
B,2026,13,130,ponte_preta,38,atl_c3d08438b8bd3ddc,294486,Titular,2730.0,6.0,0.0020008270397656094,0.16406782,atl_c3d08438b8bd3ddc
B,2026,13,130,juventude,47,atl_072759f846d26718,599081,Titular,895.0,2.0,0.0017653557981669667,0.14475918,atl_072759f846d26718
B,2026,13,130,ponte_preta,16,atl_6ecbee28d54f550c,349707,Titular,640.0,1.0,0.0012830450337218584,0.10520969,atl_6ecbee28d54f550c
B,2026,13,130,juventude,4,atl_d995df25428b6167,381149,Titular,800.0,1.0,0.0011251317988022452,0.09226081,atl_d995df25428b6167
B,2026,13,130,juventude,75,atl_add99cce2ed6af0c,613097,Titular,870.0,1.0,0.0010676433127320573,0.08754675,atl_add99cce2ed6af0c
B,2026,14,131,ponte_preta,9,atl_0f0a52a1c5d55fc2,301087,Titular,1788.0,5.0,0.0023877424463698265,0.19579488,atl_0f0a52a1c5d55fc2
B,2026,14,131,ponte_preta,3,atl_31b597f6db177a48,351971,Titular,715.0,2.0,0.00202728783316392,0.1662376,atl_31b597f6db177a48
B,2026,14,131,ponte_preta,14,atl_309adcb39818005d,313755,Titular,1325.0,3.0,0.0018976190231748836,0.15560476,atl_309adcb39818005d
B,2026,14,131,gremio_novorizontino_saf,6,atl_6b27324eb49579d0,383906,Titular,441.0,1.0,0.0015548934296431057,0.12750126,atl_6b27324eb49579d0
B,2026,14,131,gremio_novorizontino_saf,15,atl_f1eebbc944779965,646494,Titular,574.0,1.0,0.0013623414499945648,0.111712,atl_f1eebbc944779965
B,2026,14,132,sao_bernardo,8,atl_6606a278ba0b003e,340535,Titular,764.0,2.0,0.0019486983522896855,0.15979326,atl_6606a278ba0b003e
B,2026,14,132,sao_bernardo,26,atl_7d2d5622794070b0,439838,Titular,825.0,2.0,0.0018589846922974812,0.15243674,atl_7d2d5622794070b0
B,2026,14,132,sao_bernardo,6,atl_57329b265317e212,393868,Titular,900.0,2.0,0.0017593962266386875,0.14427049,atl_57329b265317e212
B,2026,14,132,juventude,47,atl_072759f846d26718,599081,Titular,952.0,2.0,0.001696387546345842,0.13910378,atl_072759f846d26718
B,2026,14,132,sao_bernardo,1,atl_c9761335c93638cf,173056,Titular,990.0,2.0,0.0016531239713383642,0.13555617,atl_c9761335c93638cf
B,2026,14,133,criciuma,5,atl_ca7ecbe9da8d6e30,392562,Titular,1909.0,5.0,0.002267810177374082,0.18596043,atl_ca7ecbe9da8d6e30
B,2026,14,133,america,93,atl_6f738d7d97f0c9a2,622068,Titular,918.0,2.0,0.0017370625650875618,0.14243913,atl_6f738d7d97f0c9a2
B,2026,14,133,america,7,atl_582aa60ad579ed00,539977,Titular,1612.0,2.0,0.0011662664381127663,0.09563385,atl_582aa60ad579ed00
B,2026,14,133,criciuma,97,atl_fbaaeba59862b526,447189,Titular,4933.0,5.0,0.0010055502884767464,0.08245512,atl_fbaaeba59862b526
B,2026,14,133,america,19,atl_2026970ae43fc33f,436507,Titular,0.0,0.0,0.0009263094345883251,0.07595737,atl_2026970ae43fc33f
B,2026,14,134,athletic_saf,11,atl_f2d90fd58a0dc3a1,636772,Titular,337.0,2.0,0.002942837177173432,0.24131265,atl_f2d90fd58a0dc3a1
B,2026,14,134,londrina_saf,11,atl_3efe4d51477c6b76,442914,Titular,1183.0,4.0,0.0026519041695152483,0.21745614,atl_3efe4d51477c6b76
B,2026,14,134,londrina_saf,15,atl_ad0be9a2181b5938,409030,Titular,1209.0,4.0,0.002611559226035204,0.21414786,atl_ad0be9a2181b5938
B,2026,14,134,athletic_saf,5,atl_06e8f34df7caec2e,610404,Titular,800.0,2.0,0.0018947343979185867,0.15536822,atl_06e8f34df7caec2e
B,2026,14,134,athletic_saf,14,atl_ed97db77e8189432,528636,Titular,417.0,1.0,0.0015955885684778219,0.13083826,atl_ed97db77e8189432
B,2026,14,135,ceara,26,atl_6f27226dd5d3f780,328312,Titular,1782.0,6.0,0.0028322325667371443,0.23224307,atl_6f27226dd5d3f780
B,2026,14,135,botafogo,13,atl_b3d08b6ece84291d,315653,Titular,559.0,2.0,0.002325925134366537,0.19072586,atl_b3d08b6ece84291d
B,2026,14,135,ceara,9,atl_69b113762dabe91f,515843,Titular,462.0,1.0,0.0015209508495781317,0.12471797,atl_69b113762dabe91f
B,2026,14,135,ceara,18,atl_7ca7062a533a893e,606805,Titular,768.0,1.0,0.0011539075057524942,0.09462042,atl_7ca7062a533a893e
B,2026,14,135,ceara,40,atl_661c3836702a7d2b,732137,Titular,804.0,1.0,0.001122051163569143,0.0920082,atl_661c3836702a7d2b
B,2026,14,136,operario,10,atl_5ecf50141655fa5a,373841,Titular,880.0,3.0,0.00250953240383635,0.20578166,atl_5ecf50141655fa5a
B,2026,14,136,goias,3,atl_9cc3cc9282d1d56e,354299,Titular,2026.0,5.0,0.0021627690883983227,0.17734707,atl_9cc3cc9282d1d56e
B,2026,14,136,operario,22,atl_3d4df1fd77a592d1,943436,Titular,810.0,2.0,0.0018802707765604295,0.1541822,atl_3d4df1fd77a592d1
B,2026,14,136,goias,55,atl_af4ff1051cd04a59,695324,Titular,391.0,1.0,0.0016421489531921016,0.13465621,atl_af4ff1051cd04a59
B,2026,14,136,operario,14,atl_3b277f839ec70110,943431,Titular,406.0,1.0,0.0016149610566160734,0.13242681,atl_3b277f839ec70110
B,2026,14,137,avai,77,atl_dfee252ff684e249,358808,Titular,1656.0,5.0,0.002533930759412877,0.20778232,atl_dfee252ff684e249
B,2026,14,137,cuiaba,20,atl_eb520254df7b4e69,771631,Titular,717.0,2.0,0.0020239562179902733,0.16596441,atl_eb520254df7b4e69
B,2026,14,137,avai,8,atl_9ad91091c914ae92,381191,Titular,2597.0,5.0,0.0017640150846929812,0.14464924,atl_9ad91091c914ae92
B,2026,14,137,cuiaba,8,atl_d9c9df89a68bb17d,321898,Titular,574.0,1.0,0.0013623414499945648,0.111712,atl_d9c9df89a68bb17d
B,2026,14,137,avai,3,atl_9cd230ffeed13059,410105,Titular,671.0,1.0,0.0012494916458532558,0.10245831,atl_9cd230ffeed13059
B,2026,14,138,sport_recife,95,atl_90165865d28fab11,392650,Titular,1448.0,5.0,0.002804494208056552,0.22996853,atl_90165865d28fab11
B,2026,14,138,atletico_goianiense_saf,5,atl_9b25372db780c18d,315023,Titular,3056.0,8.0,0.002379964768642903,0.19515711,atl_9b25372db780c18d
B,2026,14,138,sport_recife,7,atl_61b7e0b6ee1dacff,303718,Titular,591.0,2.0,0.0022577036822127978,0.1851317,atl_61b7e0b6ee1dacff
B,2026,14,138,sport_recife,68,atl_a76342a447495f42,712776,Titular,474.0,1.0,0.0015022122354149514,0.1231814,atl_a76342a447495f42
B,2026,14,138,sport_recife,4,atl_1ccf08389b4c55e6,406610,Titular,4099.0,6.0,0.0014053391427036666,0.11523781,atl_1ccf08389b4c55e6
B,2026,14,139,crb,27,atl_4fb70cea490aa9b3,378811,Titular,4069.0,9.0,0.002071165401027394,0.16983556,atl_4fb70cea490aa9b3
B,2026,14,139,fortaleza_saf,32,atl_14e3b735d8a2696d,451607,Titular,3416.0,6.0,0.0016504480891966708,0.13533674,atl_14e3b735d8a2696d
B,2026,14,139,fortaleza_saf,37,atl_0ce6d4381ba916c7,609716,Titular,496.0,1.0,0.0014690308406567897,0.12046053,atl_0ce6d4381ba916c7
B,2026,14,139,crb,17,atl_dbf1deca9e9e7877,621119,Titular,763.0,1.0,0.0011584756273112927,0.094995,atl_dbf1deca9e9e7877
B,2026,14,139,crb,28,atl_01bd6a8c1e7f36cb,599514,Titular,776.0,1.0,0.001146672975935864,0.09402718,atl_01bd6a8c1e7f36cb
B,2026,14,140,nautico,19,atl_52c804e17f3afd31,543940,Titular,404.0,3.0,0.0038309233598386753,0.31413572,atl_52c804e17f3afd31
B,2026,14,140,vila_nova,8,atl_e1125573fb09ee77,421180,Titular,2022.0,5.0,0.002166199332789121,0.17762835,atl_e1125573fb09ee77
B,2026,14,140,nautico,25,atl_e23ce9f74e0b8ef7,378323,Titular,4122.0,8.0,0.0018310590041744187,0.15014684,atl_e23ce9f74e0b8ef7
B,2026,14,140,nautico,23,atl_c1ad64554912b5a6,320984,Titular,865.0,2.0,0.001804508950398654,0.14796973,atl_c1ad64554912b5a6
B,2026,14,140,nautico,27,atl_75f491958c738eea,509192,Titular,2567.0,5.0,0.0017812698784786967,0.14606413,atl_75f491958c738eea
B,2026,15,141,botafogo,20,atl_e3eb6a1d0c3a879c,714856,Titular,119.0,1.0,0.002362190478408153,0.19369962,atl_e3eb6a1d0c3a879c
B,2026,15,141,botafogo,13,atl_b3d08b6ece84291d,315653,Titular,649.0,2.0,0.002142903312562791,0.17571807,atl_b3d08b6ece84291d
B,2026,15,141,crb,27,atl_4fb70cea490aa9b3,378811,Titular,4159.0,9.0,0.00203094996912098,0.1665379,atl_4fb70cea490aa9b3
B,2026,15,141,crb,10,atl_fd0fc6ffc1669f02,308495,Titular,3427.0,5.0,0.001390933513148624,0.11405655,atl_fd0fc6ffc1669f02
B,2026,15,141,crb,17,atl_dbf1deca9e9e7877,621119,Titular,844.0,1.0,0.0010879433825406598,0.08921136,atl_dbf1deca9e9e7877
B,2026,15,142,vila_nova,8,atl_e1125573fb09ee77,421180,Titular,2112.0,5.0,0.002091192919653387,0.17147782,atl_e1125573fb09ee77
B,2026,15,142,gremio_novorizontino_saf,6,atl_6b27324eb49579d0,383906,Titular,531.0,1.0,0.0014182307527979116,0.11629492,atl_6b27324eb49579d0
B,2026,15,142,vila_nova,38,atl_07b267be237d1bdf,317872,Titular,541.0,1.0,0.0014046070183810248,0.11517778,atl_07b267be237d1bdf
B,2026,15,142,gremio_novorizontino_saf,20,atl_57b30de83e50ad25,908823,Titular,612.0,1.0,0.0013149243760203658,0.1078238,atl_57b30de83e50ad25
B,2026,15,142,vila_nova,20,atl_784a03b1f08bd7c5,646521,Titular,691.0,1.0,0.0012277043712297622,0.10067176,atl_784a03b1f08bd7c5
B,2026,15,143,avai,36,atl_d75e58d346952cb6,526646,Titular,967.0,4.0,0.0030417150007734472,0.24942063,atl_d75e58d346952cb6
B,2026,15,143,athletic_saf,11,atl_f2d90fd58a0dc3a1,636772,Titular,427.0,2.0,0.0026560905136296083,0.21779942,atl_f2d90fd58a0dc3a1
B,2026,15,143,avai,77,atl_dfee252ff684e249,358808,Titular,1746.0,5.0,0.002431966120273663,0.19942122,atl_dfee252ff684e249
B,2026,15,143,athletic_saf,5,atl_06e8f34df7caec2e,610404,Titular,890.0,2.0,0.0017713639612479473,0.14525184,atl_06e8f34df7caec2e
B,2026,15,143,avai,8,atl_9ad91091c914ae92,381191,Titular,2676.0,5.0,0.0017198349830398762,0.14102647,atl_9ad91091c914ae92
B,2026,15,144,operario,100,atl_5ecf50141655fa5a,373841,Titular,970.0,3.0,0.0023552353102956783,0.1931293,atl_5ecf50141655fa5a
B,2026,15,144,america,8,atl_67a835638bc6356c,600810,Titular,4910.0,10.0,0.0019338624595442969,0.15857672,atl_67a835638bc6356c
B,2026,15,144,operario,22,atl_3d4df1fd77a592d1,943436,Titular,900.0,2.0,0.0017587113615247477,0.14421433,atl_3d4df1fd77a592d1
B,2026,15,144,operario,11,atl_b36618bb7e0071c5,355362,Titular,4998.0,8.0,0.00153914076139226,0.12620954,atl_b36618bb7e0071c5
B,2026,15,144,operario,14,atl_3b277f839ec70110,943431,Titular,468.0,1.0,0.0015105329608828995,0.1238637,atl_3b277f839ec70110
B,2026,15,145,sport_recife,95,atl_90165865d28fab11,392650,Titular,1517.0,5.0,0.002708079279194173,0.2220625,atl_90165865d28fab11
B,2026,15,145,fortaleza_saf,5,atl_ebc3cdd5853feb0c,548055,Titular,987.0,2.0,0.0016558143282680879,0.13577677,atl_ebc3cdd5853feb0c
B,2026,15,145,fortaleza_saf,2,atl_25dca7c254b6f288,775569,Titular,990.0,2.0,0.0016524804739158703,0.1355034,atl_25dca7c254b6f288
B,2026,15,145,fortaleza_saf,32,atl_14e3b735d8a2696d,451607,Titular,3505.0,6.0,0.0016135320614568407,0.13230963,atl_14e3b735d8a2696d
B,2026,15,145,sport_recife,4,atl_1ccf08389b4c55e6,406610,Titular,4189.0,6.0,0.00137816078185853,0.11300918,atl_1ccf08389b4c55e6
B,2026,15,146,atletico_goianiense_saf,5,atl_9b25372db780c18d,315023,Titular,3146.0,8.0,0.002320953347815317,0.19031817,atl_9b25372db780c18d
B,2026,15,146,ponte_preta,9,atl_0f0a52a1c5d55fc2,301087,Titular,1854.0,5.0,0.0023203890850189662,0.1902719,atl_0f0a52a1c5d55fc2
B,2026,15,146,ponte_preta,3,atl_31b597f6db177a48,351971,Titular,805.0,2.0,0.0018867401579575837,0.15471269,atl_31b597f6db177a48
B,2026,15,146,ponte_preta,14,atl_309adcb39818005d,313755,Titular,1415.0,3.0,0.0018079351990259252,0.14825069,atl_309adcb39818005d
B,2026,15,146,atletico_goianiense_saf,1,atl_8905915467081403,183760,Titular,1080.0,2.0,0.0015583518393257258,0.12778485,atl_8905915467081403
B,2026,15,147,criciuma,5,atl_ca7ecbe9da8d6e30,392562,Titular,1993.0,5.0,0.0021910131994122128,0.17966308,atl_ca7ecbe9da8d6e30
B,2026,15,147,sao_bernardo_saf,8,atl_6606a278ba0b003e,340535,Titular,841.0,2.0,0.001836089415462078,0.15055933,atl_6606a278ba0b003e
B,2026,15,147,sao_bernardo_saf,26,atl_7d2d5622794070b0,439838,Titular,915.0,2.0,0.0017400677781870294,0.14268556,atl_7d2d5622794070b0
B,2026,15,147,sao_bernardo_saf,6,atl_57329b265317e212,393868,Titular,990.0,2.0,0.0016524804739158703,0.1355034,atl_57329b265317e212
B,2026,15,147,sao_bernardo_saf,1,atl_c9761335c93638cf,173056,Titular,1080.0,2.0,0.0015583518393257258,0.12778485,atl_c9761335c93638cf
B,2026,15,148,goias,35,atl_188e3f40b91bf930,730802,Titular,586.0,2.0,0.0022672153831810745,0.18591166,atl_188e3f40b91bf930
B,2026,15,148,goias,3,atl_9cc3cc9282d1d56e,354299,Titular,2116.0,5.0,0.0020879953769627857,0.17121562,atl_9cc3cc9282d1d56e
B,2026,15,148,nautico,27,atl_75f491958c738eea,509192,Titular,2657.0,6.0,0.0020469420038437274,0.16784924,atl_75f491958c738eea
B,2026,15,148,nautico,23,atl_c1ad64554912b5a6,320984,Titular,955.0,2.0,0.0016922308633227814,0.13876293,atl_c1ad64554912b5a6
B,2026,15,148,goias,5,atl_81e066a83aaadb08,383537,Titular,2740.0,4.0,0.001377220958683533,0.11293212,atl_81e066a83aaadb08
B,2026,15,149,londrina_saf,15,atl_ad0be9a2181b5938,409030,Titular,1299.0,4.0,0.0024803757121371023,0.20339081,atl_ad0be9a2181b5938
B,2026,15,149,cuiaba,20,atl_eb520254df7b4e69,771631,Titular,777.0,2.0,0.001928109558445299,0.15810498,atl_eb520254df7b4e69
B,2026,15,149,londrina_saf,18,atl_d1fa367b58911e26,360467,Titular,3571.0,7.0,0.0018330129958571964,0.15030707,atl_d1fa367b58911e26
B,2026,15,149,londrina_saf,7,atl_4e7e7fe901aafc9b,610030,Titular,550.0,1.0,0.0013925675296520446,0.11419054,atl_4e7e7fe901aafc9b
B,2026,15,149,londrina_saf,32,atl_18cf3eab065507f0,694242,Titular,565.0,1.0,0.0013729539024738468,0.11258222,atl_18cf3eab065507f0
B,2026,15,150,juventude,47,atl_072759f846d26718,599081,Titular,1042.0,2.0,0.0015967548029407568,0.13093389,atl_072759f846d26718
B,2026,15,150,ceara,18,atl_7ca7062a533a893e,606805,Titular,858.0,1.0,0.0010767274713804468,0.08829165,atl_7ca7062a533a893e
B,2026,15,150,ceara,40,atl_661c3836702a7d2b,732137,Titular,894.0,1.0,0.001048921023052114,0.08601152,atl_661c3836702a7d2b
B,2026,15,150,juventude,4,atl_d995df25428b6167,381149,Titular,958.0,1.0,0.00100287785057246,0.08223598,atl_d995df25428b6167
B,2026,15,150,ceara,1,atl_2e3a000d5245276a,291617,Titular,1980.0,2.0,0.0009928209298930028,0.08141132,atl_2e3a000d5245276a
B,2026,16,151,avai,36,atl_d75e58d346952cb6,526646,Titular,1057.0,4.0,0.0028649342177662685,0.23492461,atl_d75e58d346952cb6
B,2026,16,151,avai,77,atl_dfee252ff684e249,358808,Titular,1836.0,5.0,0.002337629527851918,0.19168562,atl_dfee252ff684e249
B,2026,16,151,avai,14,atl_74063360e855946f,437504,Titular,657.0,2.0,0.0021267956586534832,0.17439724,atl_74063360e855946f
B,2026,16,151,botafogo,16,atl_6ac115ee5160b0fa,338849,Titular,2575.0,4.0,0.0014506349844104326,0.11895207,atl_6ac115ee5160b0fa
B,2026,16,151,botafogo,8,atl_288845d890d175fa,433565,Titular,1293.0,2.0,0.001372394075327429,0.11253631,atl_288845d890d175fa
B,2026,16,152,atletico_goianiense_saf,5,atl_9b25372db780c18d,315023,Titular,3236.0,8.0,0.002264642017414904,0.18570065,atl_9b25372db780c18d
B,2026,16,152,gremio_novorizontino_saf,26,atl_a4d16e2ac1096425,541442,Titular,332.0,1.0,0.0017556521358919237,0.14396348,atl_a4d16e2ac1096425
B,2026,16,152,atletico_goianiense_saf,1,atl_8905915467081403,183760,Titular,1170.0,2.0,0.0014734745970431619,0.12082492,atl_8905915467081403
B,2026,16,152,atletico_goianiense_saf,8,atl_7d0f9bfb2bd45f67,559119,Titular,2135.0,3.0,0.0013133596117882657,0.10769549,atl_7d0f9bfb2bd45f67
B,2026,16,152,gremio_novorizontino_saf,6,atl_6b27324eb49579d0,383906,Titular,621.0,1.0,0.0013030353051401253,0.1068489,atl_6b27324eb49579d0
B,2026,16,153,athletic_saf,11,atl_f2d90fd58a0dc3a1,636772,Titular,496.0,2.0,0.002470584916728996,0.20258796,atl_f2d90fd58a0dc3a1
B,2026,16,153,operario,14,atl_3b277f839ec70110,943431,Titular,533.0,2.0,0.0023820934918316362,0.19533167,atl_3b277f839ec70110
B,2026,16,153,operario,10,atl_5ecf50141655fa5a,373841,Titular,1060.0,3.0,0.002218399087860308,0.18190873,atl_5ecf50141655fa5a
B,2026,16,153,athletic_saf,5,atl_06e8f34df7caec2e,610404,Titular,980.0,2.0,0.0016626368763932974,0.13633622,atl_06e8f34df7caec2e
B,2026,16,153,athletic_saf,4,atl_eb7c41b2f7ffa311,582823,Titular,990.0,2.0,0.0016514782396389802,0.13542122,atl_eb7c41b2f7ffa311
B,2026,16,154,londrina_saf,11,atl_3efe4d51477c6b76,442914,Titular,1273.0,5.0,0.0030799224912927696,0.25255364,atl_3efe4d51477c6b76
B,2026,16,154,londrina_saf,15,atl_ad0be9a2181b5938,409030,Titular,1389.0,4.0,0.0023614095167083537,0.19363558,atl_ad0be9a2181b5938
B,2026,16,154,crb,27,atl_4fb70cea490aa9b3,378811,Titular,4249.0,9.0,0.001992146257540973,0.16335599,atl_4fb70cea490aa9b3
B,2026,16,154,crb,10,atl_fd0fc6ffc1669f02,308495,Titular,3494.0,5.0,0.0013672264839915073,0.11211257,atl_fd0fc6ffc1669f02
B,2026,16,154,londrina_saf,7,atl_4e7e7fe901aafc9b,610030,Titular,616.0,1.0,0.0013088732769373482,0.10732761,atl_4e7e7fe901aafc9b
B,2026,16,155,ponte_preta,23,atl_ff44aeb1b94f6ce0,882719,Titular,194.0,1.0,0.0021047587565736032,0.17259022,atl_ff44aeb1b94f6ce0
B,2026,16,155,ponte_preta,3,atl_31b597f6db177a48,351971,Titular,895.0,2.0,0.0017639444996860791,0.14464345,atl_31b597f6db177a48
B,2026,16,155,ponte_preta,14,atl_309adcb39818005d,313755,Titular,1505.0,3.0,0.0017260361980359503,0.14153497,atl_309adcb39818005d
B,2026,16,155,fortaleza_saf,32,atl_14e3b735d8a2696d,451607,Titular,3595.0,6.0,0.001577705147023707,0.12937182,atl_14e3b735d8a2696d
B,2026,16,155,fortaleza_saf,5,atl_ebc3cdd5853feb0c,548055,Titular,1069.0,2.0,0.0015683254155908733,0.12860268,atl_ebc3cdd5853feb0c
B,2026,16,156,ceara,26,atl_6f27226dd5d3f780,328312,Titular,1860.0,6.0,0.0027375858377381695,0.22448204,atl_6f27226dd5d3f780
B,2026,16,156,goias,3,atl_9cc3cc9282d1d56e,354299,Titular,2206.0,5.0,0.002017997995957901,0.16547584,atl_9cc3cc9282d1d56e
B,2026,16,156,ceara,31,atl_02d62a800c3c4502,424585,Titular,866.0,2.0,0.0018013928089766326,0.14771421,atl_02d62a800c3c4502
B,2026,16,156,goias,5,atl_81e066a83aaadb08,383537,Titular,2830.0,4.0,0.0013395503234420662,0.10984313,atl_81e066a83aaadb08
B,2026,16,156,goias,4,atl_f7052bef488a9dd0,402095,Titular,2564.0,3.0,0.0011294721204510706,0.09261671,atl_f7052bef488a9dd0
B,2026,16,157,sport_recife,3,atl_db8436f4b7b81e08,566865,Titular,421.0,1.0,0.0015859962834550278,0.1300517,atl_db8436f4b7b81e08
B,2026,16,157,sport_recife,4,atl_1ccf08389b4c55e6,406610,Titular,4279.0,6.0,0.0013518942408583554,0.11085533,atl_1ccf08389b4c55e6
B,2026,16,157,sport_recife,30,atl_ca2338a246799190,546794,Titular,3376.0,4.0,0.001150852058065552,0.09436987,atl_ca2338a246799190
B,2026,16,157,criciuma,97,atl_fbaaeba59862b526,447189,Titular,5097.0,5.0,0.0009756481288301019,0.08000315,atl_fbaaeba59862b526
B,2026,16,157,criciuma,22,atl_127c6107d2f86526,363926,Titular,6380.0,5.0,0.000793706769921814,0.06508396,atl_127c6107d2f86526
B,2026,16,158,juventude,97,atl_77f7e8661716656e,438425,Titular,547.0,2.0,0.0023502412388367528,0.19271978,atl_77f7e8661716656e
B,2026,16,158,nautico,23,atl_c1ad64554912b5a6,320984,Titular,1045.0,2.0,0.0015926877521437414,0.1306004,atl_c1ad64554912b5a6
B,2026,16,158,juventude,47,atl_072759f846d26718,599081,Titular,1132.0,2.0,0.001507783441827255,0.12363824,atl_072759f846d26718
B,2026,16,158,nautico,11,atl_87f9ff6fddc8c0f4,316763,Titular,1512.0,2.0,0.0012230132092753878,0.10028708,atl_87f9ff6fddc8c0f4
B,2026,16,158,nautico,8,atl_a516feda88cfcf4f,442409,Titular,1962.0,2.0,0.0009994730207400814,0.08195679,atl_a516feda88cfcf4f
B,2026,16,159,cuiaba,8,atl_d9c9df89a68bb17d,321898,Titular,738.0,2.0,0.001987643438660808,0.16298676,atl_d9c9df89a68bb17d
B,2026,16,159,america,8,atl_67a835638bc6356c,600810,Titular,5000.0,10.0,0.0019019459231021966,0.15595957,atl_67a835638bc6356c
B,2026,16,159,america,29,atl_8bbd91c7b7c3f717,350158,Titular,734.0,1.0,0.0011837135956742953,0.09706451,atl_8bbd91c7b7c3f717
B,2026,16,159,america,7,atl_582aa60ad579ed00,539977,Titular,1752.0,2.0,0.0010926743237398226,0.08959929,atl_582aa60ad579ed00
B,2026,16,159,america,21,atl_8808ef5622ebf69a,465413,Titular,2770.0,2.0,0.0007525084333523182,0.06170569,atl_8808ef5622ebf69a
B,2026,16,160,sao_bernardo_saf,35,atl_228646934bd2ab37,335312,Titular,560.0,2.0,0.0023214175255302644,0.19035624,atl_228646934bd2ab37
B,2026,16,160,sao_bernardo_saf,3,atl_f041d4813572c535,294095,Titular,270.0,1.0,0.0018970163338468578,0.15555534,atl_f041d4813572c535
B,2026,16,160,sao_bernardo_saf,8,atl_6606a278ba0b003e,340535,Titular,921.0,2.0,0.0017316696531049123,0.14199691,atl_6606a278ba0b003e
B,2026,16,160,sao_bernardo_saf,6,atl_57329b265317e212,393868,Titular,1080.0,2.0,0.0015574066943430888,0.12770735,atl_57329b265317e212
B,2026,16,160,sao_bernardo_saf,1,atl_c9761335c93638cf,173056,Titular,1170.0,2.0,0.0014734745970431619,0.12082492,atl_c9761335c93638cf
B,2026,17,161,ponte_preta,23,atl_ff44aeb1b94f6ce0,882719,Titular,284.0,2.0,0.0031378541817479156,0.25730404,atl_ff44aeb1b94f6ce0
B,2026,17,161,criciuma,5,atl_ca7ecbe9da8d6e30,392562,Titular,2056.0,6.0,0.0025274169321167317,0.20724819,atl_ca7ecbe9da8d6e30
B,2026,17,161,ponte_preta,8,atl_0fd24f06513928ea,524492,Titular,1513.0,3.0,0.0017188662088874146,0.14094703,atl_0fd24f06513928ea
B,2026,17,161,ponte_preta,3,atl_31b597f6db177a48,351971,Titular,985.0,2.0,0.0016566179653133776,0.13584267,atl_31b597f6db177a48
B,2026,17,161,ponte_preta,14,atl_309adcb39818005d,313755,Titular,1595.0,3.0,0.0016515883906875254,0.13543025,atl_309adcb39818005d
B,2026,17,162,sao_bernardo_saf,35,atl_228646934bd2ab37,335312,Titular,650.0,2.0,0.00213919798129597,0.17541423,atl_228646934bd2ab37
B,2026,17,162,cuiaba,8,atl_d9c9df89a68bb17d,321898,Titular,817.0,2.0,0.0018679405303647424,0.15317112,atl_d9c9df89a68bb17d
B,2026,17,162,sao_bernardo_saf,26,atl_7d2d5622794070b0,439838,Titular,975.0,2.0,0.0016678492735527903,0.13676364,atl_7d2d5622794070b0
B,2026,17,162,sao_bernardo_saf,8,atl_6606a278ba0b003e,340535,Titular,1005.0,2.0,0.0016346031086314722,0.13403745,atl_6606a278ba0b003e
B,2026,17,162,sao_bernardo_saf,6,atl_57329b265317e212,393868,Titular,1170.0,2.0,0.001473100406281656,0.12079423,atl_57329b265317e212
B,2026,17,163,londrina_saf,15,atl_ad0be9a2181b5938,409030,Titular,1479.0,4.0,0.002253702717781893,0.18480362,atl_ad0be9a2181b5938
B,2026,17,163,londrina_saf,32,atl_18cf3eab065507f0,694242,Titular,721.0,2.0,0.002014805633489243,0.16521406,atl_18cf3eab065507f0
B,2026,17,163,londrina_saf,5,atl_c3d08438b8bd3ddc,294486,Titular,2820.0,6.0,0.0019458065296657728,0.15955614,atl_c3d08438b8bd3ddc
B,2026,17,163,america,8,atl_67a835638bc6356c,600810,Titular,5065.0,10.0,0.00187961863045649,0.15412873,atl_67a835638bc6356c
B,2026,17,163,londrina_saf,18,atl_d1fa367b58911e26,360467,Titular,3643.0,7.0,0.0018006463139006435,0.147653,atl_d1fa367b58911e26
B,2026,17,164,operario,14,atl_3b277f839ec70110,943431,Titular,605.0,2.0,0.0022263146411677518,0.1825578,atl_3b277f839ec70110
B,2026,17,164,operario,10,atl_5ecf50141655fa5a,373841,Titular,1150.0,3.0,0.002097016774842646,0.17195538,atl_5ecf50141655fa5a
B,2026,17,164,operario,44,atl_1c88362231a0a1b9,360293,Titular,284.0,1.0,0.001862343977666283,0.15271221,atl_1c88362231a0a1b9
B,2026,17,164,gremio_novorizontino_saf,26,atl_a4d16e2ac1096425,541442,Titular,406.0,1.0,0.0016115647665456577,0.13214831,atl_a4d16e2ac1096425
B,2026,17,164,operario,88,atl_f999a2d02c77c1c3,310743,Titular,2692.0,4.0,0.0013972674431360797,0.11457593,atl_f999a2d02c77c1c3
B,2026,17,165,ceara,26,atl_6f27226dd5d3f780,328312,Titular,1934.0,6.0,0.0026540992927240616,0.21763614,atl_6f27226dd5d3f780
B,2026,17,165,athletic_saf,11,atl_f2d90fd58a0dc3a1,636772,Titular,568.0,2.0,0.0023034435191857357,0.18888237,atl_f2d90fd58a0dc3a1
B,2026,17,165,athletic_saf,15,atl_4cbdc6ff9b48d069,616854,Titular,812.0,2.0,0.0018750592061664373,0.15375485,atl_4cbdc6ff9b48d069
B,2026,17,165,ceara,31,atl_02d62a800c3c4502,424585,Titular,940.0,2.0,0.0017083872767294206,0.14008776,atl_02d62a800c3c4502
B,2026,17,165,athletic_saf,5,atl_06e8f34df7caec2e,610404,Titular,1070.0,2.0,0.0015669284576371755,0.12848813,atl_06e8f34df7caec2e
B,2026,17,166,atletico_goianiense_saf,5,atl_9b25372db780c18d,315023,Titular,3326.0,8.0,0.0022112069206718155,0.18131897,atl_9b25372db780c18d
B,2026,17,166,fortaleza_saf,32,atl_14e3b735d8a2696d,451607,Titular,3685.0,7.0,0.001782575311467232,0.14617118,atl_14e3b735d8a2696d
B,2026,17,166,fortaleza_saf,5,atl_ebc3cdd5853feb0c,548055,Titular,1132.0,2.0,0.0015074005382906652,0.12360684,atl_ebc3cdd5853feb0c
B,2026,17,166,atletico_goianiense_saf,1,atl_8905915467081403,183760,Titular,1260.0,2.0,0.0013977714082331622,0.11461726,atl_8905915467081403
B,2026,17,166,atletico_goianiense_saf,9,atl_d19dd8329860275e,436949,Titular,4120.0,5.0,0.001181834995344235,0.09691047,atl_d19dd8329860275e
B,2026,17,168,botafogo,20,atl_e3eb6a1d0c3a879c,714856,Titular,236.0,1.0,0.001983801193601041,0.1626717,atl_e3eb6a1d0c3a879c
B,2026,17,168,botafogo,16,atl_6ac115ee5160b0fa,338849,Titular,2651.0,4.0,0.0014154483270359779,0.11606676,atl_6ac115ee5160b0fa
B,2026,17,168,botafogo,8,atl_288845d890d175fa,433565,Titular,1383.0,2.0,0.0013064671686087975,0.10713031,atl_288845d890d175fa
B,2026,17,168,sport_recife,30,atl_ca2338a246799190,546794,Titular,3466.0,4.0,0.0011245783354741216,0.09221542,atl_ca2338a246799190
B,2026,17,168,sport_recife,47,atl_9d10843d685260f3,733551,Titular,1879.0,2.0,0.0010340805710342016,0.08479461,atl_9d10843d685260f3
B,2026,17,169,crb,27,atl_4fb70cea490aa9b3,378811,Titular,4314.0,9.0,0.001965117922411792,0.16113967,atl_4fb70cea490aa9b3
B,2026,17,169,goias,3,atl_9cc3cc9282d1d56e,354299,Titular,2296.0,5.0,0.0019528174815773842,0.16013103,atl_9cc3cc9282d1d56e
B,2026,17,169,goias,55,atl_af4ff1051cd04a59,695324,Titular,575.0,1.0,0.0013582117939445265,0.11137337,atl_af4ff1051cd04a59
B,2026,17,169,goias,4,atl_f7052bef488a9dd0,402095,Titular,2654.0,3.0,0.0010970442861415236,0.08995763,atl_f7052bef488a9dd0
B,2026,17,169,crb,17,atl_dbf1deca9e9e7877,621119,Titular,911.0,1.0,0.001034782195953484,0.08485214,atl_dbf1deca9e9e7877
B,2026,17,170,vila_nova,11,atl_f599554e9518fbd3,618785,Titular,1005.0,2.0,0.0016346031086314722,0.13403745,atl_f599554e9518fbd3
B,2026,17,170,juventude,47,atl_072759f846d26718,599081,Titular,1222.0,2.0,0.0014286165380315713,0.11714656,atl_072759f846d26718
B,2026,17,170,juventude,5,atl_458af74a4e200cc2,524196,Titular,593.0,1.0,0.0013358441706224757,0.10953922,atl_458af74a4e200cc2
B,2026,17,170,vila_nova,14,atl_82cc94b1829859f0,366405,Titular,650.0,1.0,0.001269632763904666,0.10410989,atl_82cc94b1829859f0
B,2026,17,170,juventude,44,atl_1643ff6385932f7d,539820,Titular,3353.0,4.0,0.0011575597400701704,0.0949199,atl_1643ff6385932f7d
B,2026,18,171,ponte_preta,23,atl_ff44aeb1b94f6ce0,882719,Titular,374.0,2.0,0.002812400266828428,0.23061682,atl_ff44aeb1b94f6ce0
B,2026,18,171,ponte_preta,3,atl_31b597f6db177a48,351971,Titular,1075.0,3.0,0.002195579576640029,0.18003753,atl_31b597f6db177a48
B,2026,18,171,goias,3,atl_9cc3cc9282d1d56e,354299,Titular,2386.0,5.0,0.0018912120004185885,0.15507938,atl_9cc3cc9282d1d56e
B,2026,18,171,goias,5,atl_81e066a83aaadb08,383537,Titular,2855.0,5.0,0.0016268369100471078,0.13340063,atl_81e066a83aaadb08
B,2026,18,171,ponte_preta,14,atl_309adcb39818005d,313755,Titular,1685.0,3.0,0.0015826260106215314,0.12977533,atl_309adcb39818005d
B,2026,18,172,avai,36,atl_d75e58d346952cb6,526646,Titular,1147.0,4.0,0.002706762497394078,0.22195452,atl_d75e58d346952cb6
B,2026,18,172,avai,77,atl_dfee252ff684e249,358808,Titular,1926.0,5.0,0.0022498094943149407,0.18448438,atl_dfee252ff684e249
B,2026,18,172,avai,14,atl_74063360e855946f,437504,Titular,736.0,2.0,0.0019887037485501993,0.16307371,atl_74063360e855946f
B,2026,18,172,sao_bernardo_saf,35,atl_228646934bd2ab37,335312,Titular,740.0,2.0,0.0019822885751677793,0.16254766,atl_228646934bd2ab37
B,2026,18,172,avai,8,atl_9ad91091c914ae92,381191,Titular,2766.0,6.0,0.001977353898716487,0.16214302,atl_9ad91091c914ae92
B,2026,18,173,ceara,26,atl_6f27226dd5d3f780,328312,Titular,1993.0,6.0,0.0025904684449290197,0.21241841,atl_6f27226dd5d3f780
B,2026,18,173,america,8,atl_67a835638bc6356c,600810,Titular,5155.0,10.0,0.0018493435602489913,0.15164617,atl_67a835638bc6356c
B,2026,18,173,ceara,31,atl_02d62a800c3c4502,424585,Titular,1030.0,2.0,0.0016065606752993765,0.13173798,atl_02d62a800c3c4502
B,2026,18,173,america,15,atl_0d474145872a55bc,345933,Titular,3705.0,5.0,0.0012979875941041728,0.10643498,atl_0d474145872a55bc
B,2026,18,173,america,20,atl_57c57f6188710a8f,545775,Titular,2656.0,3.0,0.0010957027354905088,0.08984762,atl_57c57f6188710a8f
B,2026,18,174,londrina_saf,15,atl_ad0be9a2181b5938,409030,Titular,1569.0,4.0,0.0021546823746776446,0.17668395,atl_ad0be9a2181b5938
B,2026,18,174,londrina_saf,32,atl_18cf3eab065507f0,694242,Titular,811.0,2.0,0.001874933511218952,0.15374455,atl_18cf3eab065507f0
B,2026,18,174,londrina_saf,18,atl_d1fa367b58911e26,360467,Titular,3697.0,7.0,0.0017769925740309855,0.14571339,atl_d1fa367b58911e26
B,2026,18,174,botafogo,16,atl_6ac115ee5160b0fa,338849,Titular,2719.0,5.0,0.001695569379685631,0.13903669,atl_6ac115ee5160b0fa
B,2026,18,174,botafogo,8,atl_288845d890d175fa,433565,Titular,1473.0,2.0,0.0012458377259037233,0.10215869,atl_288845d890d175fa
B,2026,18,175,fortaleza_saf,32,atl_14e3b735d8a2696d,451607,Titular,3775.0,7.0,0.0017445702533819992,0.14305476,atl_14e3b735d8a2696d
B,2026,18,175,gremio_novorizontino_saf,26,atl_a4d16e2ac1096425,541442,Titular,496.0,1.0,0.0014638934068353876,0.12003926,atl_a4d16e2ac1096425
B,2026,18,175,gremio_novorizontino_saf,17,atl_ac01c67d84ab2827,581520,Titular,2563.0,4.0,0.0014554481988926042,0.11934675,atl_ac01c67d84ab2827
B,2026,18,175,gremio_novorizontino_saf,6,atl_6b27324eb49579d0,383906,Titular,788.0,1.0,0.001132016951248483,0.09282539,atl_6b27324eb49579d0
B,2026,18,175,gremio_novorizontino_saf,20,atl_57b30de83e50ad25,908823,Titular,882.0,1.0,0.0010550201398032172,0.08651165,atl_57b30de83e50ad25
B,2026,18,176,atletico_goianiense_saf,5,atl_9b25372db780c18d,315023,Titular,3416.0,8.0,0.002159866658122586,0.17710907,atl_9b25372db780c18d
B,2026,18,176,athletic_saf,11,atl_f2d90fd58a0dc3a1,636772,Titular,646.0,2.0,0.0021448846712112096,0.17588054,atl_f2d90fd58a0dc3a1
B,2026,18,176,athletic_saf,15,atl_4cbdc6ff9b48d069,616854,Titular,896.0,2.0,0.001760772086825248,0.14438331,atl_4cbdc6ff9b48d069
B,2026,18,176,athletic_saf,3,atl_677e316026036bba,441948,Titular,1046.0,2.0,0.0015899339153997711,0.13037458,atl_677e316026036bba
B,2026,18,176,athletic_saf,4,atl_eb7c41b2f7ffa311,582823,Titular,1170.0,2.0,0.0014718789420407462,0.12069407,atl_eb7c41b2f7ffa311
B,2026,18,177,criciuma,5,atl_ca7ecbe9da8d6e30,392562,Titular,2145.0,6.0,0.002441602205371662,0.20021138,atl_ca7ecbe9da8d6e30
B,2026,18,177,vila_nova,10,atl_ce155b70c2cd7558,190389,Titular,3756.0,4.0,0.0010474712953966274,0.08589265,atl_ce155b70c2cd7558
B,2026,18,177,vila_nova,16,Igor Carius,421778,Titular,1027.0,1.0,0.0009548381356961664,0.07829673,atl_a231b288f7af4409
B,2026,18,177,criciuma,97,atl_fbaaeba59862b526,447189,Titular,5277.0,5.0,0.0009447875771521632,0.07747258,atl_fbaaeba59862b526
B,2026,18,177,vila_nova,21,atl_584905ec08dbe1af,427004,Titular,0.0,0.0,0.0009160756664160925,0.0751182,atl_584905ec08dbe1af
B,2026,18,178,sport_recife,68,atl_a76342a447495f42,712776,Titular,538.0,2.0,0.002368051862435497,0.19418025,atl_a76342a447495f42
B,2026,18,178,operario,14,atl_3b277f839ec70110,943431,Titular,679.0,2.0,0.0020848497313045345,0.17095768,atl_3b277f839ec70110
B,2026,18,178,sport_recife,23,atl_243733f337379a15,372403,Titular,1066.0,2.0,0.0015696282459821496,0.12870952,atl_243733f337379a15
B,2026,18,178,operario,22,atl_3d4df1fd77a592d1,943436,Titular,1080.0,2.0,0.0015557201476000292,0.12756905,atl_3d4df1fd77a592d1
B,2026,18,178,operario,11,atl_b36618bb7e0071c5,355362,Titular,5016.0,8.0,0.0015333643642509148,0.12573588,atl_b36618bb7e0071c5
B,2026,18,179,crb,22,atl_6903bb5e55a2f2c8,295548,Titular,452.0,2.0,0.002581972513873998,0.21172175,atl_6903bb5e55a2f2c8
B,2026,18,179,nautico,27,atl_75f491958c738eea,509192,Titular,2747.0,6.0,0.0019889244943665065,0.16309181,atl_75f491958c738eea
B,2026,18,179,crb,27,atl_4fb70cea490aa9b3,378811,Titular,4395.0,9.0,0.00193218341842861,0.15843904,atl_4fb70cea490aa9b3
B,2026,18,179,crb,10,atl_fd0fc6ffc1669f02,308495,Titular,3584.0,6.0,0.0015813021139099036,0.12966677,atl_fd0fc6ffc1669f02
B,2026,18,179,nautico,23,atl_c1ad64554912b5a6,320984,Titular,1135.0,2.0,0.0015033870539498753,0.12327774,atl_c1ad64554912b5a6
B,2026,18,180,cuiaba,8,atl_d9c9df89a68bb17d,321898,Titular,891.0,2.0,0.001767101246015849,0.1449023,atl_d9c9df89a68bb17d
B,2026,18,180,juventude,47,atl_072759f846d26718,599081,Titular,1312.0,2.0,0.0013565330205342419,0.11123571,atl_072759f846d26718
B,2026,18,180,juventude,5,atl_458af74a4e200cc2,524196,Titular,662.0,1.0,0.0012547657772874752,0.10289079,atl_458af74a4e200cc2
B,2026,18,180,juventude,11,atl_a6f45333b6501499,431346,Titular,2327.0,2.0,0.0008694863223233273,0.07129788,atl_a6f45333b6501499
B,2026,18,180,juventude,75,atl_add99cce2ed6af0c,613097,Titular,1226.0,1.0,0.0008447496136778946,0.06926947,atl_add99cce2ed6af0c
B,2026,19,181,juventude,97,atl_77f7e8661716656e,438425,Titular,651.0,2.0,0.0021352974166286877,0.17509439,atl_77f7e8661716656e
B,2026,19,181,botafogo,20,atl_e3eb6a1d0c3a879c,714856,Titular,328.0,1.0,0.0017605402494439849,0.1443643,atl_e3eb6a1d0c3a879c
B,2026,19,181,juventude,47,atl_072759f846d26718,599081,Titular,1402.0,2.0,0.001292180508170147,0.1059588,atl_072759f846d26718
B,2026,19,181,botafogo,8,atl_288845d890d175fa,433565,Titular,1493.0,2.0,0.0012331797925437128,0.10112074,atl_288845d890d175fa
B,2026,19,181,juventude,5,atl_458af74a4e200cc2,524196,Titular,743.0,1.0,0.0011727492570712949,0.09616544,atl_458af74a4e200cc2
B,2026,19,182,criciuma,5,atl_ca7ecbe9da8d6e30,392562,Titular,2202.0,6.0,0.0023899805057511544,0.1959784,atl_ca7ecbe9da8d6e30
B,2026,19,182,gremio_novorizontino_saf,17,atl_ac01c67d84ab2827,581520,Titular,2653.0,4.0,0.001413805051233625,0.11593201,atl_ac01c67d84ab2827
B,2026,19,182,gremio_novorizontino_saf,22,atl_0fcff1b4740348d1,778423,Titular,1670.0,2.0,0.001132593238036691,0.09287265,atl_0fcff1b4740348d1
B,2026,19,182,gremio_novorizontino_saf,6,atl_6b27324eb49579d0,383906,Titular,849.0,1.0,0.0010805984629648773,0.08860907,atl_6b27324eb49579d0
B,2026,19,182,criciuma,8,atl_629fa9300b4a8d1d,605512,Titular,1054.0,1.0,0.0009380484726767179,0.07691997,atl_629fa9300b4a8d1d
B,2026,19,183,athletic_saf,11,atl_f2d90fd58a0dc3a1,636772,Titular,721.0,2.0,0.002012880693316642,0.16505622,atl_f2d90fd58a0dc3a1
B,2026,19,183,sao_bernardo_saf,35,atl_228646934bd2ab37,335312,Titular,830.0,2.0,0.001847915283112496,0.15152905,atl_228646934bd2ab37
B,2026,19,183,sao_bernardo_saf,14,atl_3de67f7ef2964f19,583991,Titular,3150.0,6.0,0.0017692403634355122,0.14507771,atl_3de67f7ef2964f19
B,2026,19,183,sao_bernardo_saf,26,atl_7d2d5622794070b0,439838,Titular,1131.0,2.0,0.0015068837072591168,0.12356446,atl_7d2d5622794070b0
B,2026,19,183,athletic_saf,3,atl_677e316026036bba,441948,Titular,1136.0,2.0,0.0015022783169557578,0.12318682,atl_677e316026036bba
B,2026,19,184,ponte_preta,23,atl_ff44aeb1b94f6ce0,882719,Titular,464.0,3.0,0.0035868540731738793,0.29412203,atl_ff44aeb1b94f6ce0
B,2026,19,184,ponte_preta,3,atl_31b597f6db177a48,351971,Titular,1165.0,3.0,0.0020767131090328045,0.17029047,atl_31b597f6db177a48
B,2026,19,184,operario,14,atl_3b277f839ec70110,943431,Titular,710.0,2.0,0.0020311796087104294,0.16655673,atl_3b277f839ec70110
B,2026,19,184,operario,10,atl_5ecf50141655fa5a,373841,Titular,1240.0,3.0,0.0019871996129538043,0.16295037,atl_5ecf50141655fa5a
B,2026,19,184,operario,44,atl_1c88362231a0a1b9,360293,Titular,374.0,1.0,0.0016678802363153543,0.13676618,atl_1c88362231a0a1b9
B,2026,19,185,crb,22,atl_6903bb5e55a2f2c8,295548,Titular,537.0,2.0,0.002370035994734445,0.19434295,atl_6903bb5e55a2f2c8
B,2026,19,185,crb,10,atl_fd0fc6ffc1669f02,308495,Titular,3658.0,6.0,0.0015530849751177536,0.12735297,atl_fd0fc6ffc1669f02
B,2026,19,185,ceara,31,atl_02d62a800c3c4502,424585,Titular,1120.0,2.0,0.001517115633666432,0.12440348,atl_02d62a800c3c4502
B,2026,19,185,crb,2,atl_db413a380be08634,502001,Titular,1676.0,2.0,0.001129470278740634,0.09261656,atl_db413a380be08634
B,2026,19,185,crb,17,atl_dbf1deca9e9e7877,621119,Titular,1070.0,1.0,0.0009284887430188659,0.07613608,atl_dbf1deca9e9e7877
B,2026,19,186,sport_recife,68,atl_a76342a447495f42,712776,Titular,628.0,2.0,0.0021788362823932797,0.17866458,atl_a76342a447495f42
B,2026,19,186,sport_recife,23,atl_243733f337379a15,372403,Titular,1156.0,3.0,0.002087999593321026,0.17121597,atl_243733f337379a15
B,2026,19,186,goias,3,atl_9cc3cc9282d1d56e,354299,Titular,2476.0,5.0,0.0018339137521974527,0.15038093,atl_9cc3cc9282d1d56e
B,2026,19,186,goias,5,atl_81e066a83aaadb08,383537,Titular,2945.0,5.0,0.0015842459583569287,0.12990817,atl_81e066a83aaadb08
B,2026,19,186,sport_recife,3,atl_db8436f4b7b81e08,566865,Titular,497.0,1.0,0.0014621136675422462,0.11989332,atl_db8436f4b7b81e08
B,2026,19,187,avai,77,atl_dfee252ff684e249,358808,Titular,2004.0,6.0,0.002578964587276206,0.2114751,atl_dfee252ff684e249
B,2026,19,187,avai,8,atl_9ad91091c914ae92,381191,Titular,2856.0,6.0,0.001924233410768659,0.15778714,atl_9ad91091c914ae92
B,2026,19,187,avai,14,atl_74063360e855946f,437504,Titular,826.0,2.0,0.0018534896881897583,0.15198615,atl_74063360e855946f
B,2026,19,187,america,8,atl_67a835638bc6356c,600810,Titular,5245.0,10.0,0.0018203180725047208,0.14926608,atl_67a835638bc6356c
B,2026,19,187,avai,10,atl_3836099510840481,308283,Titular,4312.0,5.0,0.0011341910487405694,0.09300367,atl_3836099510840481
B,2026,19,188,londrina_saf,15,atl_ad0be9a2181b5938,409030,Titular,1659.0,4.0,0.0020647185393884294,0.16930692,atl_ad0be9a2181b5938
B,2026,19,188,nautico,27,atl_75f491958c738eea,509192,Titular,2818.0,6.0,0.0019462710447678178,0.15959423,atl_75f491958c738eea
B,2026,19,188,londrina_saf,5,atl_c3d08438b8bd3ddc,294486,Titular,2874.0,6.0,0.0019139677909127504,0.15694536,atl_c3d08438b8bd3ddc
B,2026,19,188,londrina_saf,32,atl_18cf3eab065507f0,694242,Titular,891.0,2.0,0.0017668780205173397,0.144884,atl_18cf3eab065507f0
B,2026,19,188,londrina_saf,18,atl_d1fa367b58911e26,360467,Titular,3787.0,7.0,0.0017396144918450243,0.14264839,atl_d1fa367b58911e26
B,2026,19,189,atletico_goianiense_saf,5,atl_9b25372db780c18d,315023,Titular,3506.0,8.0,0.002111264934233555,0.17312372,atl_9b25372db780c18d
B,2026,19,189,cuiaba,20,atl_eb520254df7b4e69,771631,Titular,908.0,2.0,0.0017455449762355253,0.14313469,atl_eb520254df7b4e69
B,2026,19,189,cuiaba,8,atl_d9c9df89a68bb17d,321898,Titular,981.0,2.0,0.0016595052846317484,0.13607943,atl_d9c9df89a68bb17d
B,2026,19,189,atletico_goianiense_saf,8,atl_817365742dda981d,305811,Titular,2554.0,4.0,0.0014596356668433593,0.11969012,atl_817365742dda981d
B,2026,19,189,atletico_goianiense_saf,9,atl_d19dd8329860275e,436949,Titular,4210.0,6.0,0.001371067372938348,0.11242752,atl_d19dd8329860275e
B,2026,19,190,fortaleza_saf,23,atl_97fe2da6e6bffebe,333318,Titular,73.0,1.0,0.0025440267478876433,0.20861019,atl_97fe2da6e6bffebe
B,2026,19,190,fortaleza_saf,32,atl_14e3b735d8a2696d,451607,Titular,3865.0,7.0,0.0017085285971453882,0.14009934,atl_14e3b735d8a2696d
B,2026,19,190,vila_nova,4,atl_0608f46e64f2b066,652912,Titular,661.0,1.0,0.0012555790926267179,0.10295749,atl_0608f46e64f2b066
B,2026,19,190,fortaleza_saf,1,atl_e04870c34ded2a89,298660,Titular,810.0,1.0,0.0011127689515569616,0.09124705,atl_e04870c34ded2a89
B,2026,19,190,vila_nova,10,atl_ce155b70c2cd7558,190389,Titular,3846.0,4.0,0.001025708082498762,0.08410806,atl_ce155b70c2cd7558
B,2026,20,191,ponte_preta,23,atl_ff44aeb1b94f6ce0,882719,Titular,554.0,3.0,0.003279775829000918,0.26894162,atl_ff44aeb1b94f6ce0
B,2026,20,191,ponte_preta,3,atl_31b597f6db177a48,351971,Titular,1255.0,3.0,0.0019697343155367334,0.16151821,atl_31b597f6db177a48
B,2026,20,191,athletic_saf,11,atl_f2d90fd58a0dc3a1,636772,Titular,797.0,2.0,0.0018942819766900286,0.15533112,atl_f2d90fd58a0dc3a1
B,2026,20,191,ponte_preta,8,atl_0fd24f06513928ea,524492,Titular,1603.0,3.0,0.0016437868396419245,0.13479052,atl_0fd24f06513928ea
B,2026,20,191,ponte_preta,14,atl_309adcb39818005d,313755,Titular,1865.0,3.0,0.0014616844497957577,0.11985812,atl_309adcb39818005d
B,2026,20,192,sao_bernardo_saf,14,atl_3de67f7ef2964f19,583991,Titular,3229.0,6.0,0.001731532240216403,0.14198564,atl_3de67f7ef2964f19
B,2026,20,192,sao_bernardo_saf,35,atl_228646934bd2ab37,335312,Titular,920.0,2.0,0.0017301998054696953,0.14187638,atl_228646934bd2ab37
B,2026,20,192,sao_bernardo_saf,3,atl_f041d4813572c535,294095,Titular,360.0,1.0,0.0016940508415894968,0.13891217,atl_f041d4813572c535
B,2026,20,192,ceara,31,atl_02d62a800c3c4502,424585,Titular,1190.0,2.0,0.0014537773513414007,0.11920974,atl_02d62a800c3c4502
B,2026,20,192,sao_bernardo_saf,26,atl_7d2d5622794070b0,439838,Titular,1195.0,2.0,0.001449488922576382,0.11885809,atl_7d2d5622794070b0
B,2026,20,193,goias,14,atl_eaa92f43d6513457,540238,Titular,1279.0,3.0,0.001943161171313641,0.15933922,atl_eaa92f43d6513457
B,2026,20,193,america,8,atl_67a835638bc6356c,600810,Titular,5298.0,10.0,0.0018035328947511155,0.1478897,atl_67a835638bc6356c
B,2026,20,193,goias,5,atl_81e066a83aaadb08,383537,Titular,3035.0,5.0,0.0015436729062990005,0.12658118,atl_81e066a83aaadb08
B,2026,20,193,goias,4,atl_f7052bef488a9dd0,402095,Titular,2800.0,4.0,0.0013505708253839293,0.11074681,atl_f7052bef488a9dd0
B,2026,20,193,goias,97,atl_a7e338192c18e204,533963,Titular,5107.0,7.0,0.0013299239742762558,0.10905377,atl_a7e338192c18e204
B,2026,20,194,londrina_saf,5,atl_c3d08438b8bd3ddc,294486,Titular,2961.0,6.0,0.0018656121709814987,0.1529802,atl_c3d08438b8bd3ddc
B,2026,20,194,londrina_saf,18,atl_d1fa367b58911e26,360467,Titular,3877.0,7.0,0.001703651753202414,0.13969944,atl_d1fa367b58911e26
B,2026,20,194,gremio_novorizontino_saf,17,atl_ac01c67d84ab2827,581520,Titular,2737.0,4.0,0.0013768562631346823,0.11290221,atl_ac01c67d84ab2827
B,2026,20,194,gremio_novorizontino_saf,11,atl_1ceb4bddfa8e0ebd,302768,Titular,1443.0,2.0,0.0012644795284441415,0.10368732,atl_1ceb4bddfa8e0ebd
B,2026,20,194,gremio_novorizontino_saf,22,atl_0fcff1b4740348d1,778423,Titular,1760.0,2.0,0.0010871166919322864,0.08914357,atl_0fcff1b4740348d1
B,2026,20,195,fortaleza_saf,23,atl_97fe2da6e6bffebe,333318,Titular,163.0,1.0,0.0021974113480648073,0.18018773,atl_97fe2da6e6bffebe
B,2026,20,195,botafogo,16,atl_6ac115ee5160b0fa,338849,Titular,2809.0,5.0,0.0016491035732145562,0.13522649,atl_6ac115ee5160b0fa
B,2026,20,195,botafogo,8,atl_288845d890d175fa,433565,Titular,1583.0,2.0,0.001179492906273148,0.09671842,atl_288845d890d175fa
B,2026,20,195,botafogo,10,atl_4db7df2f4c23062f,313001,Titular,3685.0,4.0,0.001064966242238224,0.08732723,atl_4db7df2f4c23062f
B,2026,20,195,fortaleza_saf,1,atl_e04870c34ded2a89,298660,Titular,900.0,1.0,0.0010406312312621195,0.08533176,atl_e04870c34ded2a89
B,2026,20,196,atletico_goianiense_saf,5,atl_9b25372db780c18d,315023,Titular,3591.0,8.0,0.0020671923059806816,0.16950977,atl_9b25372db780c18d
B,2026,20,196,operario,14,atl_3b277f839ec70110,943431,Titular,787.0,2.0,0.0019090005623674958,0.15653805,atl_3b277f839ec70110
B,2026,20,196,operario,10,atl_5ecf50141655fa5a,373841,Titular,1330.0,3.0,0.0018890074993262115,0.15489861,atl_5ecf50141655fa5a
B,2026,20,196,atletico_goianiense_saf,9,atl_d19dd8329860275e,436949,Titular,4300.0,7.0,0.0015535174424514515,0.12738843,atl_d19dd8329860275e
B,2026,20,196,operario,44,atl_1c88362231a0a1b9,360293,Titular,464.0,1.0,0.001511290169882746,0.12392579,atl_1c88362231a0a1b9
B,2026,20,197,criciuma,5,atl_ca7ecbe9da8d6e30,392562,Titular,2282.0,6.0,0.002320950296106027,0.19031792,atl_ca7ecbe9da8d6e30
B,2026,20,197,nautico,27,atl_75f491958c738eea,509192,Titular,2908.0,6.0,0.0018946255058001663,0.15535929,atl_75f491958c738eea
B,2026,20,197,criciuma,4,atl_fcde76ac1f829e4d,292282,Titular,1260.0,2.0,0.0013959566612312313,0.11446845,atl_fcde76ac1f829e4d
B,2026,20,197,nautico,8,atl_a516feda88cfcf4f,442409,Titular,2232.0,3.0,0.0012653307920084068,0.10375712,atl_a516feda88cfcf4f
B,2026,20,197,nautico,2,atl_474caf681d87f447,322785,Titular,2700.0,3.0,0.0010802761636771773,0.08858265,atl_474caf681d87f447
B,2026,20,198,cuiaba,20,atl_eb520254df7b4e69,771631,Titular,966.0,3.0,0.0023580380107550937,0.19335912,atl_eb520254df7b4e69
B,2026,20,198,sport_recife,68,atl_a76342a447495f42,712776,Titular,718.0,2.0,0.002017145914422797,0.16540596,atl_a76342a447495f42
B,2026,20,198,sport_recife,23,atl_243733f337379a15,372403,Titular,1246.0,3.0,0.0019798875852044488,0.16235078,atl_243733f337379a15
B,2026,20,198,sport_recife,5,atl_6c042c86ff02625f,402719,Titular,1170.0,2.0,0.0014711878585430941,0.1206374,atl_6c042c86ff02625f
B,2026,20,198,sport_recife,48,atl_c1b37667844ce46e,501375,Titular,832.0,1.0,0.0010937565493746,0.08968804,atl_c1b37667844ce46e
B,2026,20,199,crb,22,atl_6903bb5e55a2f2c8,295548,Titular,627.0,2.0,0.0021800210503699798,0.17876173,atl_6903bb5e55a2f2c8
B,2026,20,199,crb,10,atl_fd0fc6ffc1669f02,308495,Titular,3721.0,6.0,0.0015297047438443418,0.12543579,atl_fd0fc6ffc1669f02
B,2026,20,199,vila_nova,4,atl_0608f46e64f2b066,652912,Titular,751.0,1.0,0.0011645753187585668,0.09549518,atl_0608f46e64f2b066
B,2026,20,199,crb,2,atl_db413a380be08634,502001,Titular,1766.0,2.0,0.001084238183480568,0.08890753,atl_db413a380be08634
B,2026,20,199,vila_nova,10,atl_ce155b70c2cd7558,190389,Titular,3930.0,4.0,0.001006068560669744,0.08249762,atl_ce155b70c2cd7558
B,2026,20,200,avai,36,atl_d75e58d346952cb6,526646,Titular,1237.0,5.0,0.003141556547937229,0.25760764,atl_d75e58d346952cb6
B,2026,20,200,avai,77,atl_dfee252ff684e249,358808,Titular,2079.0,6.0,0.0025036385125114255,0.20529836,atl_dfee252ff684e249
B,2026,20,200,avai,8,atl_9ad91091c914ae92,381191,Titular,2946.0,6.0,0.0018737329436352196,0.1536461,atl_9ad91091c914ae92
B,2026,20,200,avai,14,atl_74063360e855946f,437504,Titular,916.0,2.0,0.0017350873755416435,0.14227716,atl_74063360e855946f
B,2026,20,200,juventude,47,atl_072759f846d26718,599081,Titular,1492.0,2.0,0.001233375363336831,0.10113678,atl_072759f846d26718
B,2026,21,201,botafogo,13,atl_b3d08b6ece84291d,315653,Titular,768.0,2.0,0.0019363224940393085,0.15877844,atl_b3d08b6ece84291d
B,2026,21,201,america,8,atl_67a835638bc6356c,600810,Titular,5377.0,10.0,0.0017790125782613314,0.14587903,atl_67a835638bc6356c
B,2026,21,201,botafogo,16,atl_6ac115ee5160b0fa,338849,Titular,2897.0,5.0,0.0016059043045162918,0.13168415,atl_6ac115ee5160b0fa
B,2026,21,201,botafogo,8,atl_288845d890d175fa,433565,Titular,1673.0,2.0,0.0011298927392737429,0.0926512,atl_288845d890d175fa
B,2026,21,201,botafogo,22,atl_17552f38301d5d70,356403,Titular,878.0,1.0,0.0010560645300739066,0.08659729,atl_17552f38301d5d70
B,2026,21,202,juventude,97,atl_77f7e8661716656e,438425,Titular,741.0,2.0,0.0019784503806944747,0.16223293,atl_77f7e8661716656e
B,2026,21,202,gremio_novorizontino_saf,8,atl_6d445d1ad14e74c8,837571,Titular,339.0,1.0,0.0017345136143526142,0.14223012,atl_6d445d1ad14e74c8
B,2026,21,202,gremio_novorizontino_saf,22,atl_0fcff1b4740348d1,778423,Titular,1850.0,3.0,0.0014703220946561035,0.12056641,atl_0fcff1b4740348d1
B,2026,21,202,gremio_novorizontino_saf,17,atl_ac01c67d84ab2827,581520,Titular,2817.0,4.0,0.0013431585536454154,0.110139,atl_ac01c67d84ab2827
B,2026,21,202,gremio_novorizontino_saf,11,atl_1ceb4bddfa8e0ebd,302768,Titular,1518.0,2.0,0.0012166783560167707,0.09976763,atl_1ceb4bddfa8e0ebd
B,2026,21,203,criciuma,5,atl_ca7ecbe9da8d6e30,392562,Titular,2340.0,6.0,0.0022729777895921983,0.18638418,atl_ca7ecbe9da8d6e30
B,2026,21,203,athletic_saf,3,atl_677e316026036bba,441948,Titular,1316.0,2.0,0.0013520137238115877,0.11086513,atl_677e316026036bba
B,2026,21,203,criciuma,4,atl_fcde76ac1f829e4d,292282,Titular,1342.0,2.0,0.0013329299253213047,0.10930025,atl_fcde76ac1f829e4d
B,2026,21,203,athletic_saf,4,atl_eb7c41b2f7ffa311,582823,Titular,1350.0,2.0,0.001327165904022618,0.1088276,atl_eb7c41b2f7ffa311
B,2026,21,203,athletic_saf,6,atl_52c2933b02b80fdc,294382,Titular,3137.0,3.0,0.0009500293985267647,0.07790241,atl_52c2933b02b80fdc
B,2026,21,204,operario,14,atl_3b277f839ec70110,943431,Titular,851.0,2.0,0.0018173626368925562,0.14902374,atl_3b277f839ec70110
B,2026,21,204,operario,10,atl_5ecf50141655fa5a,373841,Titular,1420.0,3.0,0.00179961298043846,0.14756826,atl_5ecf50141655fa5a
B,2026,21,204,sao_bernardo_saf,35,atl_228646934bd2ab37,335312,Titular,1010.0,2.0,0.0016259979618820153,0.13333183,atl_228646934bd2ab37
B,2026,21,204,sao_bernardo_saf,3,atl_f041d4813572c535,294095,Titular,450.0,1.0,0.0015318493920440455,0.12561165,atl_f041d4813572c535
B,2026,21,204,operario,11,atl_b36618bb7e0071c5,355362,Titular,5215.0,8.0,0.0014794850257990979,0.12131777,atl_b36618bb7e0071c5
B,2026,21,205,ponte_preta,23,atl_ff44aeb1b94f6ce0,882719,Titular,644.0,3.0,0.003020329477658954,0.24766702,atl_ff44aeb1b94f6ce0
B,2026,21,205,ponte_preta,3,atl_31b597f6db177a48,351971,Titular,1345.0,4.0,0.002414773399697476,0.19801142,atl_31b597f6db177a48
B,2026,21,205,ponte_preta,8,atl_0fd24f06513928ea,524492,Titular,1693.0,3.0,0.0015755845519570648,0.12919793,atl_0fd24f06513928ea
B,2026,21,205,ceara,31,atl_02d62a800c3c4502,424585,Titular,1280.0,2.0,0.0013793578215965411,0.11310734,atl_02d62a800c3c4502
B,2026,21,205,ponte_preta,16,atl_6ecbee28d54f550c,349707,Titular,957.0,1.0,0.0009988036530143055,0.0819019,atl_6ecbee28d54f550c
B,2026,21,206,londrina_saf,23,atl_0f0a52a1c5d55fc2,301087,Titular,1944.0,5.0,0.002232101850426286,0.18303235,atl_0f0a52a1c5d55fc2
B,2026,21,206,londrina_saf,15,atl_ad0be9a2181b5938,409030,Titular,1749.0,4.0,0.0019809946298096235,0.16244156,atl_ad0be9a2181b5938
B,2026,21,206,londrina_saf,28,atl_ecb9230dae466c7f,385655,Titular,842.0,2.0,0.0018295506128478713,0.15002315,atl_ecb9230dae466c7f
B,2026,21,206,londrina_saf,5,atl_c3d08438b8bd3ddc,294486,Titular,3035.0,6.0,0.0018260981393046233,0.14974005,atl_c3d08438b8bd3ddc
B,2026,21,206,goias,3,atl_9cc3cc9282d1d56e,354299,Titular,2566.0,5.0,0.0017792749257801185,0.14590054,atl_9cc3cc9282d1d56e
B,2026,21,207,avai,36,atl_d75e58d346952cb6,526646,Titular,1327.0,5.0,0.002985909645562038,0.24484459,atl_d75e58d346952cb6
B,2026,21,207,avai,100,atl_dfee252ff684e249,358808,Titular,2144.0,6.0,0.0024414738738433596,0.20020086,atl_dfee252ff684e249
B,2026,21,207,crb,22,atl_6903bb5e55a2f2c8,295548,Titular,717.0,2.0,0.0020174666577172087,0.16543227,atl_6903bb5e55a2f2c8
B,2026,21,207,avai,8,atl_9ad91091c914ae92,381191,Titular,3036.0,6.0,0.001825581708835363,0.1496977,atl_9ad91091c914ae92
B,2026,21,207,avai,11,atl_35523eff84985558,399284,Titular,1547.0,3.0,0.001687961369048287,0.13841283,atl_35523eff84985558
B,2026,21,208,atletico_goianiense_saf,5,atl_9b25372db780c18d,315023,Titular,3662.0,8.0,0.002031536982806786,0.16658603,atl_9b25372db780c18d
B,2026,21,208,atletico_goianiense_saf,9,atl_d19dd8329860275e,436949,Titular,4384.0,7.0,0.0015264653813353488,0.12517016,atl_d19dd8329860275e
B,2026,21,208,nautico,5,atl_069e79f222be3f81,341763,Titular,535.0,1.0,0.0014060453356926023,0.11529572,atl_069e79f222be3f81
B,2026,21,208,nautico,23,atl_c1ad64554912b5a6,320984,Titular,1315.0,2.0,0.0013527586349541835,0.11092621,atl_c1ad64554912b5a6
B,2026,21,208,nautico,3,atl_6893b437cf879902,537346,Titular,716.0,1.0,0.0011967573375344105,0.0981341,atl_6893b437cf879902
B,2026,21,209,fortaleza_saf,23,atl_97fe2da6e6bffebe,333318,Titular,253.0,1.0,0.0019326121147966045,0.15847419,atl_97fe2da6e6bffebe
B,2026,21,209,fortaleza_saf,32,atl_14e3b735d8a2696d,451607,Titular,3964.0,7.0,0.0016700844360308788,0.13694692,atl_14e3b735d8a2696d
B,2026,21,209,cuiaba,8,atl_d9c9df89a68bb17d,321898,Titular,1071.0,2.0,0.0015628624585880607,0.12815472,atl_d9c9df89a68bb17d
B,2026,21,209,fortaleza_saf,5,atl_ebc3cdd5853feb0c,548055,Titular,1248.0,2.0,0.0014046092233648989,0.11517796,atl_ebc3cdd5853feb0c
B,2026,21,209,cuiaba,2,atl_dadb4d91e57b3746,382612,Titular,3309.0,4.0,0.0011696657711845217,0.09591259,atl_dadb4d91e57b3746
B,2026,21,210,sport_recife,23,atl_243733f337379a15,372403,Titular,1336.0,3.0,0.0018819482148376052,0.15431975,atl_243733f337379a15
B,2026,21,210,sport_recife,68,atl_a76342a447495f42,712776,Titular,808.0,2.0,0.0018771077388699108,0.15392283,atl_a76342a447495f42
B,2026,21,210,sport_recife,3,atl_db8436f4b7b81e08,566865,Titular,587.0,1.0,0.0013387828173338024,0.10978019,atl_db8436f4b7b81e08
B,2026,21,210,vila_nova,17,atl_937312a7dca8a77d,415027,Titular,2586.0,3.0,0.0011196555160213361,0.09181175,atl_937312a7dca8a77d
B,2026,21,210,vila_nova,4,atl_0608f46e64f2b066,652912,Titular,841.0,1.0,0.0010852027758701292,0.08898663,atl_0608f46e64f2b066
B,2026,22,211,ponte_preta,23,atl_ff44aeb1b94f6ce0,882719,Titular,707.0,3.0,0.0028624567184899873,0.23472145,atl_ff44aeb1b94f6ce0
B,2026,22,211,nautico,46,atl_b592ed58df03f24a,655771,Titular,341.0,1.0,0.0017300657065605408,0.14186539,atl_b592ed58df03f24a
B,2026,22,211,ponte_preta,26,atl_5a9fcc70425c4535,516417,Titular,358.0,1.0,0.0016957870154049124,0.13905454,atl_5a9fcc70425c4535
B,2026,22,211,ponte_preta,8,atl_0fd24f06513928ea,524492,Titular,1775.0,3.0,0.0015186748392164461,0.12453134,atl_0fd24f06513928ea
B,2026,22,211,nautico,2,atl_474caf681d87f447,322785,Titular,2860.0,4.0,0.0013258884700051829,0.10872285,atl_474caf681d87f447
B,2026,22,212,botafogo,13,atl_b3d08b6ece84291d,315653,Titular,858.0,2.0,0.0018077947416917635,0.14823917,atl_b3d08b6ece84291d
B,2026,22,212,botafogo,16,atl_6ac115ee5160b0fa,338849,Titular,2986.0,5.0,0.0015648265230113064,0.12831577,atl_6ac115ee5160b0fa
B,2026,22,212,sao_bernardo_saf,35,atl_228646934bd2ab37,335312,Titular,1100.0,2.0,0.0015343657870108842,0.12581799,atl_228646934bd2ab37
B,2026,22,212,sao_bernardo_saf,42,atl_e1148c529558a7b6,304434,Titular,530.0,1.0,0.001412607047783898,0.11583378,atl_e1148c529558a7b6
B,2026,22,212,sao_bernardo_saf,3,atl_f041d4813572c535,294095,Titular,540.0,1.0,0.0013990242877090528,0.11471999,atl_f041d4813572c535
B,2026,22,213,athletic_saf,11,atl_f2d90fd58a0dc3a1,636772,Titular,866.0,3.0,0.0025292717856642863,0.20740029,atl_f2d90fd58a0dc3a1
B,2026,22,213,america,8,atl_67a835638bc6356c,600810,Titular,5467.0,10.0,0.0017521342817525415,0.14367501,atl_67a835638bc6356c
B,2026,22,213,athletic_saf,15,atl_4cbdc6ff9b48d069,616854,Titular,973.0,2.0,0.0016666566593465139,0.13666585,atl_4cbdc6ff9b48d069
B,2026,22,213,athletic_saf,3,atl_677e316026036bba,441948,Titular,1406.0,2.0,0.0012880300415621273,0.10561846,atl_677e316026036bba
B,2026,22,213,athletic_saf,4,atl_eb7c41b2f7ffa311,582823,Titular,1440.0,2.0,0.0012654563191842345,0.10376742,atl_eb7c41b2f7ffa311
B,2026,22,215,ceara,26,atl_6f27226dd5d3f780,328312,Titular,2110.0,6.0,0.002473174428818933,0.2028003,atl_6f27226dd5d3f780
B,2026,22,215,cuiaba,8,atl_d9c9df89a68bb17d,321898,Titular,1140.0,3.0,0.0021066983287911065,0.17274926,atl_d9c9df89a68bb17d
B,2026,22,215,ceara,18,atl_7ca7062a533a893e,606805,Titular,1398.0,2.0,0.0012934590406835694,0.10606364,atl_7ca7062a533a893e
B,2026,22,215,cuiaba,2,atl_dadb4d91e57b3746,382612,Titular,3397.0,4.0,0.001143183284377063,0.09374103,atl_dadb4d91e57b3746
B,2026,22,215,ceara,1,atl_2e3a000d5245276a,291617,Titular,2610.0,2.0,0.0007893843277226414,0.06472951,atl_2e3a000d5245276a
B,2026,22,216,atletico_goianiense_saf,6,atl_46d993cc12727711,542286,Titular,2208.0,4.0,0.0016451201104938752,0.13489985,atl_46d993cc12727711
B,2026,22,216,atletico_goianiense_saf,9,atl_d19dd8329860275e,436949,Titular,4462.0,7.0,0.0015024154089515144,0.12319806,atl_d19dd8329860275e
B,2026,22,216,atletico_goianiense_saf,5,atl_7d0f9bfb2bd45f67,559119,Titular,2332.0,3.0,0.0012199806706276182,0.10003841,atl_7d0f9bfb2bd45f67
B,2026,22,216,atletico_goianiense_saf,7,atl_97fd4c0325afca25,420539,Titular,5077.0,6.0,0.0011574296681401137,0.09490923,atl_97fd4c0325afca25
B,2026,22,216,atletico_goianiense_saf,1,atl_8905915467081403,183760,Titular,1710.0,2.0,0.0011108530584694185,0.09108995,atl_8905915467081403
B,2026,22,217,criciuma,5,atl_ca7ecbe9da8d6e30,392562,Titular,2399.0,6.0,0.002226624787587932,0.18258323,atl_ca7ecbe9da8d6e30
B,2026,22,217,goias,3,atl_9cc3cc9282d1d56e,354299,Titular,2656.0,5.0,0.0017284490681930972,0.14173282,atl_9cc3cc9282d1d56e
B,2026,22,217,goias,5,atl_81e066a83aaadb08,383537,Titular,3215.0,5.0,0.0014683674991163968,0.12040613,atl_81e066a83aaadb08
B,2026,22,217,goias,97,atl_a7e338192c18e204,533963,Titular,5282.0,7.0,0.0012893436975471141,0.10572618,atl_a7e338192c18e204
B,2026,22,217,goias,4,atl_f7052bef488a9dd0,402095,Titular,2957.0,4.0,0.001288685351234427,0.1056722,atl_f7052bef488a9dd0
B,2026,22,218,londrina_saf,23,atl_0f0a52a1c5d55fc2,301087,Titular,2034.0,5.0,0.0021527171504409684,0.17652281,atl_0f0a52a1c5d55fc2
B,2026,22,218,londrina_saf,15,atl_ad0be9a2181b5938,409030,Titular,1839.0,4.0,0.0019046538089856411,0.15618161,atl_ad0be9a2181b5938
B,2026,22,218,sport_recife,23,atl_243733f337379a15,372403,Titular,1426.0,3.0,0.0017938656589913888,0.14709698,atl_243733f337379a15
B,2026,22,218,londrina_saf,18,atl_d1fa367b58911e26,360467,Titular,3967.0,7.0,0.0016689020056452684,0.13684996,atl_d1fa367b58911e26
B,2026,22,218,londrina_saf,32,atl_18cf3eab065507f0,694242,Titular,1010.0,2.0,0.001625818052461864,0.13331708,atl_18cf3eab065507f0
B,2026,22,219,crb,22,atl_6903bb5e55a2f2c8,295548,Titular,807.0,3.0,0.0026434470231196747,0.21676266,atl_6903bb5e55a2f2c8
B,2026,22,219,crb,10,atl_fd0fc6ffc1669f02,308495,Titular,3879.0,6.0,0.0014740774741304897,0.12087435,atl_fd0fc6ffc1669f02
B,2026,22,219,gremio_novorizontino_saf,26,atl_a4d16e2ac1096425,541442,Titular,586.0,1.0,0.0013397654320602347,0.10986077,atl_a4d16e2ac1096425
B,2026,22,219,gremio_novorizontino_saf,11,atl_1ceb4bddfa8e0ebd,302768,Titular,1608.0,2.0,0.001164604012911487,0.09549753,atl_1ceb4bddfa8e0ebd
B,2026,22,219,gremio_novorizontino_saf,18,atl_1b93d2582891b2fb,465048,Titular,5834.0,6.0,0.0010191009250422188,0.08356628,atl_1b93d2582891b2fb
B,2026,22,220,juventude,3,atl_af207c035ce3f3db,170255,Titular,135.0,1.0,0.0022913153688463228,0.18788786,atl_af207c035ce3f3db
B,2026,22,220,fortaleza_saf,5,atl_ebc3cdd5853feb0c,548055,Titular,1338.0,3.0,0.00187975258934571,0.15413971,atl_ebc3cdd5853feb0c
B,2026,22,220,juventude,8,atl_3e7bcea86957ecc6,389361,Titular,1050.0,2.0,0.0015838614575596226,0.12987664,atl_3e7bcea86957ecc6
B,2026,22,220,juventude,47,atl_072759f846d26718,599081,Titular,1652.0,2.0,0.0011407924066995422,0.09354498,atl_072759f846d26718
B,2026,22,220,fortaleza_saf,1,atl_e04870c34ded2a89,298660,Titular,1080.0,1.0,0.000920876746340136,0.07551189,atl_e04870c34ded2a89
B,2026,23,221,criciuma,5,atl_ca7ecbe9da8d6e30,392562,Titular,2474.0,6.0,0.002169837433103754,0.17792667,atl_ca7ecbe9da8d6e30
B,2026,23,221,botafogo,16,atl_6ac115ee5160b0fa,338849,Titular,3069.0,5.0,0.0015279060033764537,0.12528829,atl_6ac115ee5160b0fa
B,2026,23,221,criciuma,9,atl_386ba804b1bbe48f,179934,Titular,1825.0,2.0,0.0010550952800217478,0.08651781,atl_386ba804b1bbe48f
B,2026,23,221,botafogo,8,atl_288845d890d175fa,433565,Titular,1853.0,2.0,0.0010425399600724878,0.08548828,atl_288845d890d175fa
B,2026,23,221,botafogo,10,atl_4db7df2f4c23062f,313001,Titular,3922.0,4.0,0.001007032231128576,0.08257664,atl_4db7df2f4c23062f
B,2026,23,222,gremio_novorizontino_saf,26,atl_a4d16e2ac1096425,541442,Titular,676.0,1.0,0.0012356262976620438,0.10132136,atl_a4d16e2ac1096425
B,2026,23,222,america,15,atl_0d474145872a55bc,345933,Titular,3968.0,5.0,0.0012204781839862497,0.10007921,atl_0d474145872a55bc
B,2026,23,222,america,88,atl_7bb46689dc99cda7,360443,Titular,774.0,1.0,0.0011405781209188096,0.09352741,atl_7bb46689dc99cda7
B,2026,23,222,gremio_novorizontino_saf,11,atl_1ceb4bddfa8e0ebd,302768,Titular,1692.0,2.0,0.0011191133786727023,0.0917673,atl_1ceb4bddfa8e0ebd
B,2026,23,222,gremio_novorizontino_saf,18,atl_1b93d2582891b2fb,465048,Titular,5918.0,6.0,0.001005468452173662,0.08244841,atl_1b93d2582891b2fb
B,2026,23,223,crb,22,atl_6903bb5e55a2f2c8,295548,Titular,897.0,4.0,0.003187613833966044,0.26138433,atl_6903bb5e55a2f2c8
B,2026,23,223,athletic_saf,11,atl_f2d90fd58a0dc3a1,636772,Titular,944.0,3.0,0.002391341084522551,0.19608997,atl_f2d90fd58a0dc3a1
B,2026,23,223,athletic_saf,15,atl_4cbdc6ff9b48d069,616854,Titular,1045.0,2.0,0.0015877647417803,0.13019671,atl_4cbdc6ff9b48d069
B,2026,23,223,crb,10,atl_fd0fc6ffc1669f02,308495,Titular,3956.0,6.0,0.0014481814466002162,0.11875088,atl_fd0fc6ffc1669f02
B,2026,23,223,athletic_saf,3,atl_677e316026036bba,441948,Titular,1496.0,2.0,0.0012290062755764347,0.10077851,atl_677e316026036bba
B,2026,23,224,londrina_saf,23,atl_0f0a52a1c5d55fc2,301087,Titular,2103.0,5.0,0.0020949275935653335,0.17178406,atl_0f0a52a1c5d55fc2
B,2026,23,224,londrina_saf,15,atl_ad0be9a2181b5938,409030,Titular,1929.0,4.0,0.0018333044569989968,0.15033097,atl_ad0be9a2181b5938
B,2026,23,224,atletico_goianiense_saf,2,atl_e63422ca8c60f17a,581767,Titular,2098.0,4.0,0.0017140479315052208,0.14055193,atl_e63422ca8c60f17a
B,2026,23,224,londrina_saf,18,atl_d1fa367b58911e26,360467,Titular,4057.0,7.0,0.0016355269971583418,0.13411321,atl_d1fa367b58911e26
B,2026,23,224,atletico_goianiense_saf,6,atl_46d993cc12727711,542286,Titular,2298.0,4.0,0.0015915284224626747,0.13050533,atl_46d993cc12727711
B,2026,23,225,fortaleza_saf,5,atl_ebc3cdd5853feb0c,548055,Titular,1419.0,3.0,0.0017994249744922165,0.14755285,atl_ebc3cdd5853feb0c
B,2026,23,225,sao_bernardo_saf,35,atl_228646934bd2ab37,335312,Titular,1190.0,2.0,0.001451536405947079,0.11902599,atl_228646934bd2ab37
B,2026,23,225,sao_bernardo_saf,42,atl_e1148c529558a7b6,304434,Titular,599.0,1.0,0.0013221988408103399,0.1084203,atl_e1148c529558a7b6
B,2026,23,225,sao_bernardo_saf,3,atl_f041d4813572c535,294095,Titular,630.0,1.0,0.0012859261292482863,0.10544594,atl_f041d4813572c535
B,2026,23,225,sao_bernardo_saf,26,atl_7d2d5622794070b0,439838,Titular,1450.0,2.0,0.0012579982184874685,0.10315585,atl_7d2d5622794070b0
B,2026,23,226,juventude,3,atl_af207c035ce3f3db,170255,Titular,225.0,1.0,0.00200427107041457,0.16435023,atl_af207c035ce3f3db
B,2026,23,226,juventude,97,atl_77f7e8661716656e,438425,Titular,831.0,2.0,0.0018430477280620312,0.15112991,atl_77f7e8661716656e
B,2026,23,226,goias,5,atl_81e066a83aaadb08,383537,Titular,3305.0,6.0,0.0016959517808280062,0.13906805,atl_81e066a83aaadb08
B,2026,23,226,goias,3,atl_9cc3cc9282d1d56e,354299,Titular,2746.0,5.0,0.0016799434769102168,0.13775537,atl_9cc3cc9282d1d56e
B,2026,23,226,goias,97,atl_a7e338192c18e204,533963,Titular,5359.0,7.0,0.001272076553345377,0.10431028,atl_a7e338192c18e204
B,2026,23,227,sport_recife,68,atl_a76342a447495f42,712776,Titular,898.0,3.0,0.002470026127360918,0.20254214,atl_a76342a447495f42
B,2026,23,227,avai,25,atl_1a439198ea9c14c6,657735,Titular,781.0,2.0,0.0019149855784938044,0.15702882,atl_1a439198ea9c14c6
B,2026,23,227,avai,8,atl_9ad91091c914ae92,381191,Titular,3112.0,6.0,0.0017865715742111194,0.14649887,atl_9ad91091c914ae92
B,2026,23,227,sport_recife,23,atl_243733f337379a15,372403,Titular,1516.0,3.0,0.0017128454990330175,0.14045333,atl_243733f337379a15
B,2026,23,227,avai,11,atl_35523eff84985558,399284,Titular,1637.0,3.0,0.001615861734230493,0.13250066,atl_35523eff84985558
B,2026,23,228,nautico,24,atl_d72184aa5d195a9f,836673,Titular,247.0,1.0,0.0019452430067611291,0.15950993,atl_d72184aa5d195a9f
B,2026,23,228,nautico,15,atl_0f4379f99a697bda,320581,Titular,515.0,1.0,0.0014316221931532644,0.11739302,atl_0f4379f99a697bda
B,2026,23,228,nautico,23,atl_c1ad64554912b5a6,320984,Titular,1469.0,2.0,0.0012458590787458423,0.10216044,atl_c1ad64554912b5a6
B,2026,23,228,ceara,18,atl_7ca7062a533a893e,606805,Titular,1488.0,2.0,0.0012339519748745288,0.10118406,atl_7ca7062a533a893e
B,2026,23,228,nautico,8,atl_a516feda88cfcf4f,442409,Titular,2412.0,3.0,0.001185816114715166,0.09723692,atl_a516feda88cfcf4f
B,2026,23,229,cuiaba,20,atl_eb520254df7b4e69,771631,Titular,1035.0,4.0,0.002901040082117631,0.23788529,atl_eb520254df7b4e69
B,2026,23,229,operario,14,atl_3b277f839ec70110,943431,Titular,931.0,3.0,0.0024130653571282764,0.19787136,atl_3b277f839ec70110
B,2026,23,229,cuiaba,8,atl_d9c9df89a68bb17d,321898,Titular,1230.0,3.0,0.0019960095526303837,0.16367278,atl_d9c9df89a68bb17d
B,2026,23,229,operario,10,atl_5ecf50141655fa5a,373841,Titular,1510.0,3.0,0.0017179584706719221,0.14087259,atl_5ecf50141655fa5a
B,2026,23,229,operario,44,atl_1c88362231a0a1b9,360293,Titular,644.0,1.0,0.0012701892710232198,0.10415552,atl_1c88362231a0a1b9
B,2026,23,230,ponte_preta,3,atl_31b597f6db177a48,351971,Titular,1435.0,5.0,0.002818137739561015,0.23108729,atl_31b597f6db177a48
B,2026,23,230,ponte_preta,23,atl_ff44aeb1b94f6ce0,882719,Titular,797.0,3.0,0.002662372032421406,0.21831451,atl_ff44aeb1b94f6ce0
B,2026,23,230,ponte_preta,7,atl_5a9fcc70425c4535,516417,Titular,448.0,1.0,0.0015328022426693707,0.12568978,atl_5a9fcc70425c4535
B,2026,23,230,ponte_preta,8,atl_0fd24f06513928ea,524492,Titular,1865.0,3.0,0.0014600830976957985,0.11972681,atl_0fd24f06513928ea
B,2026,23,230,ponte_preta,2,atl_51aead8253af2c4e,798761,Titular,568.0,1.0,0.0013605772715829245,0.11156734,atl_51aead8253af2c4e
B,2026,24,231,ponte_preta,3,atl_31b597f6db177a48,351971,Titular,1525.0,5.0,0.0026918710321569093,0.22073342,atl_31b597f6db177a48
B,2026,24,231,avai,25,atl_1a439198ea9c14c6,657735,Titular,850.0,2.0,0.001815584326013142,0.14887791,atl_1a439198ea9c14c6
B,2026,24,231,avai,8,atl_9ad91091c914ae92,381191,Titular,3202.0,6.0,0.0017425820745860998,0.14289173,atl_9ad91091c914ae92
B,2026,24,231,avai,11,atl_35523eff84985558,399284,Titular,1725.0,3.0,0.001551028692187749,0.12718435,atl_35523eff84985558
B,2026,24,231,ponte_preta,8,atl_0fd24f06513928ea,524492,Titular,1955.0,3.0,0.0014057184684797318,0.11526891,atl_0fd24f06513928ea
B,2026,24,232,nautico,24,atl_d72184aa5d195a9f,836673,Titular,312.0,1.0,0.001786993645465199,0.14653348,atl_d72184aa5d195a9f
B,2026,24,232,sao_bernardo_saf,14,atl_3de67f7ef2964f19,583991,Titular,3372.0,6.0,0.0016660740806089208,0.13661807,atl_3de67f7ef2964f19
B,2026,24,232,nautico,19,atl_94bca7b72f0eed1a,646223,Titular,432.0,1.0,0.0015569086267357742,0.12766651,atl_94bca7b72f0eed1a
B,2026,24,232,sao_bernardo_saf,35,atl_228646934bd2ab37,335312,Titular,1280.0,2.0,0.0013769881124256977,0.11291303,atl_228646934bd2ab37
B,2026,24,232,nautico,15,atl_0f4379f99a697bda,320581,Titular,605.0,1.0,0.0013131573213735219,0.1076789,atl_0f4379f99a697bda
B,2026,24,233,athletic_saf,11,atl_f2d90fd58a0dc3a1,636772,Titular,1034.0,3.0,0.0022496993742618914,0.18447535,atl_f2d90fd58a0dc3a1
B,2026,24,233,athletic_saf,15,atl_4cbdc6ff9b48d069,616854,Titular,1135.0,2.0,0.0014991063242310346,0.12292672,atl_4cbdc6ff9b48d069
B,2026,24,233,athletic_saf,4,atl_eb7c41b2f7ffa311,582823,Titular,1620.0,2.0,0.0011561503962819535,0.09480433,atl_eb7c41b2f7ffa311
B,2026,24,233,gremio_novorizontino_saf,26,atl_a4d16e2ac1096425,541442,Titular,766.0,1.0,0.0011461602212620393,0.09398514,atl_a4d16e2ac1096425
B,2026,24,233,gremio_novorizontino_saf,11,atl_1ceb4bddfa8e0ebd,302768,Titular,1772.0,2.0,0.001078802306389851,0.08846179,atl_1ceb4bddfa8e0ebd
B,2026,24,234,operario,14,atl_3b277f839ec70110,943431,Titular,1012.0,3.0,0.002282433095315967,0.18715951,atl_3b277f839ec70110
B,2026,24,234,operario,22,atl_3d4df1fd77a592d1,943436,Titular,1170.0,2.0,0.0014676879282142165,0.12035041,atl_3d4df1fd77a592d1
B,2026,24,234,operario,77,atl_763bc6bee2e02bbf,427774,Titular,784.0,1.0,0.0011300925546088331,0.09266759,atl_763bc6bee2e02bbf
B,2026,24,234,vila_nova,17,atl_937312a7dca8a77d,415027,Titular,2670.0,3.0,0.0010886557855261014,0.08926977,atl_937312a7dca8a77d
B,2026,24,234,operario,43,atl_8fc5da13fd0cb103,382807,Titular,1942.0,2.0,0.001003701408729624,0.08230352,atl_8fc5da13fd0cb103
B,2026,24,235,ceara,26,atl_6f27226dd5d3f780,328312,Titular,2200.0,6.0,0.0023892736444880523,0.19592044,atl_6f27226dd5d3f780
B,2026,24,235,londrina_saf,23,atl_0f0a52a1c5d55fc2,301087,Titular,2164.0,5.0,0.0020461857507949478,0.16778723,atl_0f0a52a1c5d55fc2
B,2026,24,235,londrina_saf,15,atl_ad0be9a2181b5938,409030,Titular,2019.0,4.0,0.0017669864391098614,0.14489289,atl_ad0be9a2181b5938
B,2026,24,235,londrina_saf,32,atl_18cf3eab065507f0,694242,Titular,1169.0,2.0,0.0014685673098368734,0.12042252,atl_18cf3eab065507f0
B,2026,24,235,ceara,18,atl_7ca7062a533a893e,606805,Titular,1571.0,2.0,0.0011835049928139746,0.09704741,atl_7ca7062a533a893e
B,2026,24,236,atletico_goianiense_saf,5,atl_9b25372db780c18d,315023,Titular,3752.0,8.0,0.0019875444120690832,0.16297864,atl_9b25372db780c18d
B,2026,24,236,atletico_goianiense_saf,2,atl_e63422ca8c60f17a,581767,Titular,2188.0,4.0,0.0016558924256390407,0.13578318,atl_e63422ca8c60f17a
B,2026,24,236,atletico_goianiense_saf,6,atl_46d993cc12727711,542286,Titular,2388.0,4.0,0.0015412184349438162,0.12637991,atl_46d993cc12727711
B,2026,24,236,botafogo,16,atl_6ac115ee5160b0fa,338849,Titular,3144.0,5.0,0.001495894302996087,0.12266333,atl_6ac115ee5160b0fa
B,2026,24,236,atletico_goianiense_saf,9,atl_d19dd8329860275e,436949,Titular,4626.0,7.0,0.0014535776121962038,0.11919336,atl_d19dd8329860275e
B,2026,24,237,criciuma,5,atl_ca7ecbe9da8d6e30,392562,Titular,2564.0,6.0,0.0021054304308478267,0.1726453,atl_ca7ecbe9da8d6e30
B,2026,24,237,fortaleza_saf,32,atl_14e3b735d8a2696d,451607,Titular,4080.0,8.0,0.001845204986925271,0.15130681,atl_14e3b735d8a2696d
B,2026,24,237,criciuma,91,atl_553bd79f3a0d751b,554728,Titular,1122.0,1.0,0.0008945985450787556,0.07335708,atl_553bd79f3a0d751b
B,2026,24,237,criciuma,97,atl_fbaaeba59862b526,447189,Titular,5727.0,5.0,0.0008753876409374886,0.07178179,atl_fbaaeba59862b526
B,2026,24,237,fortaleza_saf,22,atl_1696541fe8db3638,532045,Titular,3443.0,3.0,0.0008752317626471574,0.071769,atl_1696541fe8db3638
B,2026,24,238,america,8,atl_67a835638bc6356c,600810,Titular,5530.0,10.0,0.0017331739370012838,0.14212026,atl_67a835638bc6356c
B,2026,24,238,sport_recife,23,atl_243733f337379a15,372403,Titular,1606.0,3.0,0.0016386699145858222,0.13437093,atl_243733f337379a15
B,2026,24,238,america,4,atl_96e70943de303621,612799,Titular,845.0,1.0,0.0010788392863328934,0.08846482,atl_96e70943de303621
B,2026,24,238,america,88,atl_7bb46689dc99cda7,360443,Titular,857.0,1.0,0.0010692990715679748,0.08768252,atl_7bb46689dc99cda7
B,2026,24,238,sport_recife,3,atl_db8436f4b7b81e08,566865,Titular,857.0,1.0,0.0010692990715679748,0.08768252,atl_db8436f4b7b81e08
B,2026,24,239,cuiaba,8,atl_d9c9df89a68bb17d,321898,Titular,1309.0,4.0,0.002460496871264644,0.20176074,atl_d9c9df89a68bb17d
B,2026,24,239,goias,14,atl_eaa92f43d6513457,540238,Titular,1392.0,3.0,0.0018240163002736479,0.14956934,atl_eaa92f43d6513457
B,2026,24,239,goias,5,atl_81e066a83aaadb08,383537,Titular,3395.0,6.0,0.0016562359024692532,0.13581134,atl_81e066a83aaadb08
B,2026,24,239,goias,3,atl_9cc3cc9282d1d56e,354299,Titular,2836.0,5.0,0.0016340044484765412,0.13398836,atl_9cc3cc9282d1d56e
B,2026,24,239,goias,97,atl_a7e338192c18e204,533963,Titular,5449.0,7.0,0.001252485937152083,0.10270385,atl_a7e338192c18e204
B,2026,24,240,crb,22,atl_6903bb5e55a2f2c8,295548,Titular,987.0,4.0,0.0029933011702204045,0.2454507,atl_6903bb5e55a2f2c8
B,2026,24,240,juventude,8,atl_3e7bcea86957ecc6,389361,Titular,1108.0,3.0,0.002146168432909043,0.17598581,atl_3e7bcea86957ecc6
B,2026,24,240,juventude,3,atl_af207c035ce3f3db,170255,Titular,315.0,1.0,0.0017804157547456952,0.14599409,atl_af207c035ce3f3db
B,2026,24,240,crb,10,atl_fd0fc6ffc1669f02,308495,Titular,4035.0,6.0,0.001422500295505566,0.11664502,atl_fd0fc6ffc1669f02
B,2026,24,240,juventude,47,atl_072759f846d26718,599081,Titular,1742.0,2.0,0.0010932376628535868,0.08964549,atl_072759f846d26718
B,2026,25,241,botafogo,16,atl_6ac115ee5160b0fa,338849,Titular,3234.0,5.0,0.0014597111873555584,0.11969632,atl_6ac115ee5160b0fa
B,2026,25,241,cuiaba,2,atl_dadb4d91e57b3746,382612,Titular,3667.0,4.0,0.00106804933371386,0.08758005,atl_dadb4d91e57b3746
B,2026,25,241,botafogo,10,atl_4db7df2f4c23062f,313001,Titular,4079.0,4.0,0.000971950551121567,0.07969995,atl_4db7df2f4c23062f
B,2026,25,241,botafogo,8,atl_288845d890d175fa,433565,Titular,2033.0,2.0,0.0009674542335513835,0.07933125,atl_288845d890d175fa
B,2026,25,241,botafogo,26,atl_21fc9b08b46da456,533292,Titular,2157.0,2.0,0.0009223039418839497,0.07562892,atl_21fc9b08b46da456
B,2026,25,242,sport_recife,23,atl_243733f337379a15,372403,Titular,1696.0,3.0,0.0015712939770426478,0.12884611,atl_243733f337379a15
B,2026,25,242,gremio_novorizontino_saf,26,atl_a4d16e2ac1096425,541442,Titular,856.0,1.0,0.0010697356737357335,0.08771833,atl_a4d16e2ac1096425
B,2026,25,242,gremio_novorizontino_saf,11,atl_1ceb4bddfa8e0ebd,302768,Titular,1851.0,2.0,0.0010423486063741618,0.08547259,atl_1ceb4bddfa8e0ebd
B,2026,25,242,sport_recife,3,atl_db8436f4b7b81e08,566865,Titular,947.0,1.0,0.0010024613500937488,0.08220183,atl_db8436f4b7b81e08
B,2026,25,242,gremio_novorizontino_saf,18,atl_1b93d2582891b2fb,465048,Titular,6079.0,6.0,0.0009804775153648966,0.08039916,atl_1b93d2582891b2fb
B,2026,25,243,america,20,atl_57c57f6188710a8f,545775,Titular,3161.0,4.0,0.0012156682801381193,0.0996848,atl_57c57f6188710a8f
B,2026,25,243,america,15,atl_0d474145872a55bc,345933,Titular,4071.0,5.0,0.0011924221337969055,0.09777861,atl_0d474145872a55bc
B,2026,25,243,ponte_preta,2,atl_51aead8253af2c4e,798761,Titular,732.0,1.0,0.0011774038746636807,0.09654712,atl_51aead8253af2c4e
B,2026,25,243,america,4,atl_96e70943de303621,612799,Titular,935.0,1.0,0.001010844302150282,0.08288923,atl_96e70943de303621
B,2026,25,243,america,88,atl_7bb46689dc99cda7,360443,Titular,943.0,1.0,0.0010052401757350343,0.08242969,atl_7bb46689dc99cda7
B,2026,25,244,londrina_saf,33,atl_a6a0cd0e0d1a1c0c,387358,Titular,588.0,2.0,0.002252354387486815,0.18469306,atl_a6a0cd0e0d1a1c0c
B,2026,25,244,londrina_saf,44,atl_03c37a42036362e3,618296,Titular,180.0,1.0,0.0021331787846847862,0.17492066,atl_03c37a42036362e3
B,2026,25,244,juventude,8,atl_3e7bcea86957ecc6,389361,Titular,1198.0,3.0,0.002032132846634661,0.16663489,atl_3e7bcea86957ecc6
B,2026,25,244,londrina_saf,23,atl_0f0a52a1c5d55fc2,301087,Titular,2254.0,5.0,0.001979143636015125,0.16228978,atl_0f0a52a1c5d55fc2
B,2026,25,244,londrina_saf,15,atl_ad0be9a2181b5938,409030,Titular,2109.0,4.0,0.001705849587422635,0.13987967,atl_ad0be9a2181b5938
B,2026,25,245,operario,14,atl_3b277f839ec70110,943431,Titular,1086.0,3.0,0.002175637814366743,0.1784023,atl_3b277f839ec70110
B,2026,25,245,operario,10,atl_5ecf50141655fa5a,373841,Titular,1600.0,4.0,0.002119315035040788,0.17378383,atl_5ecf50141655fa5a
B,2026,25,245,fortaleza_saf,32,atl_14e3b735d8a2696d,451607,Titular,4157.0,8.0,0.0018145934235743299,0.14879666,atl_14e3b735d8a2696d
B,2026,25,245,fortaleza_saf,5,atl_ebc3cdd5853feb0c,548055,Titular,1499.0,3.0,0.0017261438587221883,0.1415438,atl_ebc3cdd5853feb0c
B,2026,25,245,operario,22,atl_3d4df1fd77a592d1,943436,Titular,1260.0,2.0,0.0013923645304463946,0.11417389,atl_3d4df1fd77a592d1
B,2026,25,246,goias,14,atl_eaa92f43d6513457,540238,Titular,1482.0,4.0,0.002245490198580048,0.1841302,atl_eaa92f43d6513457
B,2026,25,246,goias,35,atl_188e3f40b91bf930,730802,Titular,669.0,2.0,0.0020962887712452135,0.17189568,atl_188e3f40b91bf930
B,2026,25,246,goias,5,atl_81e066a83aaadb08,383537,Titular,3485.0,6.0,0.001618710557988872,0.13273427,atl_81e066a83aaadb08
B,2026,25,246,goias,3,atl_9cc3cc9282d1d56e,354299,Titular,2926.0,5.0,0.0015909403308773074,0.13045711,atl_9cc3cc9282d1d56e
B,2026,25,246,sao_bernardo_saf,35,atl_228646934bd2ab37,335312,Titular,1370.0,2.0,0.001310460734537783,0.10745778,atl_228646934bd2ab37
B,2026,25,247,avai,36,atl_d75e58d346952cb6,526646,Titular,1499.0,5.0,0.002726644108847251,0.22358482,atl_d75e58d346952cb6
B,2026,25,247,atletico_goianiense_saf,5,atl_9b25372db780c18d,315023,Titular,3823.0,8.0,0.001954791018641141,0.16029286,atl_9b25372db780c18d
B,2026,25,247,avai,40,atl_ab5a52f54667d30d,352000,Titular,295.0,1.0,0.0018246057529379303,0.14961767,atl_ab5a52f54667d30d
B,2026,25,247,avai,8,atl_9ad91091c914ae92,381191,Titular,3272.0,6.0,0.0017101170661679892,0.1402296,atl_9ad91091c914ae92
B,2026,25,247,avai,25,atl_1a439198ea9c14c6,657735,Titular,940.0,2.0,0.0017017788705455934,0.13954587,atl_1a439198ea9c14c6
B,2026,25,248,athletic_saf,11,atl_f2d90fd58a0dc3a1,636772,Titular,1094.0,3.0,0.0021647186785355424,0.17750693,atl_f2d90fd58a0dc3a1
B,2026,25,248,nautico,24,atl_d72184aa5d195a9f,836673,Titular,396.0,1.0,0.001618930327662561,0.13275229,atl_d72184aa5d195a9f
B,2026,25,248,nautico,2,atl_474caf681d87f447,322785,Titular,3028.0,5.0,0.0015449437566852763,0.12668539,atl_474caf681d87f447
B,2026,25,248,nautico,19,atl_94bca7b72f0eed1a,646223,Titular,505.0,1.0,0.0014433448493389597,0.11835428,atl_94bca7b72f0eed1a
B,2026,25,248,nautico,15,atl_0f4379f99a697bda,320581,Titular,666.0,1.0,0.0012440493770031343,0.10201205,atl_0f4379f99a697bda
B,2026,25,249,crb,22,atl_6903bb5e55a2f2c8,295548,Titular,1077.0,4.0,0.0028221696725337065,0.23141791,atl_6903bb5e55a2f2c8
B,2026,25,249,criciuma,5,atl_ca7ecbe9da8d6e30,392562,Titular,2648.0,6.0,0.0020490983397667265,0.16802606,atl_ca7ecbe9da8d6e30
B,2026,25,249,criciuma,77,atl_2628d4ab4be3dbb1,376405,Titular,429.0,1.0,0.0015614225765184656,0.12803665,atl_2628d4ab4be3dbb1
B,2026,25,249,crb,10,atl_fd0fc6ffc1669f02,308495,Titular,4106.0,6.0,0.0014004692951770854,0.11483848,atl_fd0fc6ffc1669f02
B,2026,25,249,criciuma,8,atl_629fa9300b4a8d1d,605512,Titular,1412.0,2.0,0.0012816744631724134,0.10509731,atl_629fa9300b4a8d1d
B,2026,25,250,ceara,26,atl_6f27226dd5d3f780,328312,Titular,2258.0,6.0,0.00233885481275767,0.19178609,atl_6f27226dd5d3f780
B,2026,25,250,ceara,18,atl_7ca7062a533a893e,606805,Titular,1649.0,2.0,0.0011403264651399043,0.09350677,atl_7ca7062a533a893e
B,2026,25,250,vila_nova,5,atl_a7ea415e016a4c72,331982,Titular,1781.0,2.0,0.001074336507490423,0.08809559,atl_a7ea415e016a4c72
B,2026,25,250,vila_nova,17,atl_937312a7dca8a77d,415027,Titular,2753.0,3.0,0.001060732116073057,0.08698003,atl_937312a7dca8a77d
B,2026,25,250,vila_nova,10,atl_ce155b70c2cd7558,190389,Titular,4350.0,4.0,0.0009176415615640526,0.07524661,atl_ce155b70c2cd7558
B,2026,26,251,ponte_preta,3,atl_31b597f6db177a48,351971,Titular,1615.0,5.0,0.002575676265790446,0.21120545,atl_31b597f6db177a48
B,2026,26,251,ponte_preta,23,atl_ff44aeb1b94f6ce0,882719,Titular,887.0,3.0,0.002485620261100788,0.20382086,atl_ff44aeb1b94f6ce0
B,2026,26,251,ponte_preta,14,atl_309adcb39818005d,313755,Titular,1952.0,3.0,0.001406017659929361,0.11529345,atl_309adcb39818005d
B,2026,26,251,ponte_preta,8,atl_0fd24f06513928ea,524492,Titular,2045.0,3.0,0.001354638625597954,0.11108037,atl_0fd24f06513928ea
B,2026,26,251,sao_bernardo_saf,35,atl_228646934bd2ab37,335312,Titular,1460.0,2.0,0.0012487527051769354,0.10239772,atl_228646934bd2ab37
B,2026,26,252,avai,36,atl_d75e58d346952cb6,526646,Titular,1589.0,5.0,0.0026077335098835773,0.21383415,atl_d75e58d346952cb6
B,2026,26,252,avai,8,atl_9ad91091c914ae92,381191,Titular,3341.0,6.0,0.0016786137209442314,0.13764633,atl_9ad91091c914ae92
B,2026,26,252,avai,40,atl_ab5a52f54667d30d,352000,Titular,385.0,1.0,0.0016356557086404442,0.13412377,atl_ab5a52f54667d30d
B,2026,26,252,avai,25,atl_1a439198ea9c14c6,657735,Titular,1030.0,2.0,0.0015997093478083617,0.13117617,atl_1a439198ea9c14c6
B,2026,26,252,avai,11,atl_35523eff84985558,399284,Titular,1877.0,3.0,0.0014503808591278054,0.11893123,atl_35523eff84985558
B,2026,26,253,vila_nova,8,atl_e1125573fb09ee77,421180,Titular,2197.0,5.0,0.0020198573608256557,0.1656283,atl_e1125573fb09ee77
B,2026,26,253,athletic_saf,3,atl_677e316026036bba,441948,Titular,1569.0,2.0,0.0011829653466151732,0.09700316,atl_677e316026036bba
B,2026,26,253,athletic_saf,21,atl_f00c684ae362a388,943816,Titular,786.0,1.0,0.0011256262069570709,0.09230135,atl_f00c684ae362a388
B,2026,26,253,athletic_saf,4,atl_eb7c41b2f7ffa311,582823,Titular,1800.0,2.0,0.001064154479194258,0.08726067,atl_eb7c41b2f7ffa311
B,2026,26,253,vila_nova,17,atl_937312a7dca8a77d,415027,Titular,2825.0,3.0,0.0010368587374877574,0.08502242,atl_937312a7dca8a77d
B,2026,26,254,operario,14,atl_3b277f839ec70110,943431,Titular,1159.0,3.0,0.0020780924063573195,0.17040358,atl_3b277f839ec70110
B,2026,26,254,londrina_saf,33,atl_a6a0cd0e0d1a1c0c,387358,Titular,678.0,2.0,0.0020777209695643406,0.17037312,atl_a6a0cd0e0d1a1c0c
B,2026,26,254,operario,10,atl_5ecf50141655fa5a,373841,Titular,1690.0,4.0,0.0020308471699300424,0.16652947,atl_5ecf50141655fa5a
B,2026,26,254,londrina_saf,32,atl_18cf3eab065507f0,694242,Titular,1259.0,3.0,0.0019599518488611673,0.16071605,atl_18cf3eab065507f0
B,2026,26,254,londrina_saf,23,atl_0f0a52a1c5d55fc2,301087,Titular,2320.0,5.0,0.0019317571993428344,0.15840409,atl_0f0a52a1c5d55fc2
B,2026,26,255,sport_recife,23,atl_243733f337379a15,372403,Titular,1756.0,3.0,0.0015281716764835077,0.12531008,atl_243733f337379a15
B,2026,26,255,sport_recife,5,atl_6c042c86ff02625f,402719,Titular,1269.0,2.0,0.001383581290077328,0.11345367,atl_6c042c86ff02625f
B,2026,26,255,ceara,9,atl_69b113762dabe91f,515843,Titular,555.0,1.0,0.0013720903337884295,0.11251141,atl_69b113762dabe91f
B,2026,26,255,ceara,18,atl_7ca7062a533a893e,606805,Titular,1720.0,2.0,0.0011025023883544113,0.0904052,atl_7ca7062a533a893e
B,2026,26,255,sport_recife,30,atl_ca2338a246799190,546794,Titular,3867.0,4.0,0.0010184463709976628,0.0835126,atl_ca2338a246799190
B,2026,26,256,goias,14,atl_eaa92f43d6513457,540238,Titular,1572.0,4.0,0.00214650352420212,0.17601329,atl_eaa92f43d6513457
B,2026,26,256,goias,35,atl_188e3f40b91bf930,730802,Titular,759.0,2.0,0.0019440471025788668,0.15941186,atl_188e3f40b91bf930
B,2026,26,256,fortaleza_saf,5,atl_ebc3cdd5853feb0c,548055,Titular,1589.0,3.0,0.0016503376266858753,0.13532769,atl_ebc3cdd5853feb0c
B,2026,26,256,fortaleza_saf,6,atl_8f22b3382cb3547b,837078,Titular,386.0,1.0,0.0016338095961024753,0.13397239,atl_8f22b3382cb3547b
B,2026,26,256,goias,5,atl_81e066a83aaadb08,383537,Titular,3550.0,6.0,0.0015919889634930355,0.1305431,atl_81e066a83aaadb08
B,2026,26,257,cuiaba,20,atl_eb520254df7b4e69,771631,Titular,1095.0,4.0,0.0027884359261108422,0.22865175,atl_eb520254df7b4e69
B,2026,26,257,criciuma,77,atl_2628d4ab4be3dbb1,376405,Titular,512.0,2.0,0.0024185329072596773,0.1983197,atl_2628d4ab4be3dbb1
B,2026,26,257,criciuma,8,atl_629fa9300b4a8d1d,605512,Titular,1487.0,2.0,0.0012317842486898808,0.10100631,atl_629fa9300b4a8d1d
B,2026,26,257,cuiaba,2,atl_dadb4d91e57b3746,382612,Titular,3757.0,4.0,0.0010447628146926927,0.08567055,atl_dadb4d91e57b3746
B,2026,26,257,criciuma,13,atl_6868e3077ea23a25,300229,Titular,3108.0,3.0,0.0009555308487103085,0.07835353,atl_6868e3077ea23a25
B,2026,26,258,botafogo,13,atl_b3d08b6ece84291d,315653,Titular,915.0,2.0,0.0017297210615878397,0.14183713,atl_b3d08b6ece84291d
B,2026,26,258,nautico,2,atl_474caf681d87f447,322785,Titular,3097.0,5.0,0.001514471866040254,0.12418669,atl_474caf681d87f447
B,2026,26,258,nautico,24,atl_d72184aa5d195a9f,836673,Titular,486.0,1.0,0.0014681088257066867,0.12038492,atl_d72184aa5d195a9f
B,2026,26,258,nautico,15,atl_0f4379f99a697bda,320581,Titular,756.0,1.0,0.0011525121832378926,0.094506,atl_0f4379f99a697bda
B,2026,26,258,nautico,23,atl_c1ad64554912b5a6,320984,Titular,1739.0,2.0,0.0010931466289177281,0.08963802,atl_c1ad64554912b5a6
B,2026,26,259,crb,22,atl_6903bb5e55a2f2c8,295548,Titular,1167.0,4.0,0.0026679995813718017,0.21877597,atl_6903bb5e55a2f2c8
B,2026,26,259,crb,10,atl_fd0fc6ffc1669f02,308495,Titular,4175.0,6.0,0.0013791562143629504,0.11309081,atl_fd0fc6ffc1669f02
B,2026,26,259,america,20,atl_57c57f6188710a8f,545775,Titular,3232.0,4.0,0.0011917350756020346,0.09772228,atl_57c57f6188710a8f
B,2026,26,259,america,15,atl_0d474145872a55bc,345933,Titular,4161.0,5.0,0.0011687524784695974,0.0958377,atl_0d474145872a55bc
B,2026,26,259,america,4,atl_96e70943de303621,612799,Titular,1025.0,1.0,0.0009492165915716675,0.07783576,atl_96e70943de303621
B,2026,26,260,atletico_goianiense_saf,5,atl_9b25372db780c18d,315023,Titular,3900.0,8.0,0.0019198989323060893,0.15743171,atl_9b25372db780c18d
B,2026,26,260,atletico_goianiense_saf,2,atl_e63422ca8c60f17a,581767,Titular,2368.0,4.0,0.0015507515000511831,0.12716162,atl_e63422ca8c60f17a
B,2026,26,260,juventude,3,atl_af207c035ce3f3db,170255,Titular,495.0,1.0,0.001454829449393762,0.11929601,atl_af207c035ce3f3db
B,2026,26,260,atletico_goianiense_saf,6,atl_46d993cc12727711,542286,Titular,2568.0,4.0,0.0014496594857062559,0.11887208,atl_46d993cc12727711
B,2026,26,260,atletico_goianiense_saf,9,atl_d19dd8329860275e,436949,Titular,4713.0,7.0,0.001428650547121963,0.11714934,atl_d19dd8329860275e
B,2026,27,261,botafogo,26,atl_21fc9b08b46da456,533292,Titular,2216.0,3.0,0.0012690982597271443,0.10406606,atl_21fc9b08b46da456
B,2026,27,261,botafogo,5,atl_8fd3d13a5579b1ea,836672,Titular,688.0,1.0,0.0012179047756051549,0.09986819,atl_8fd3d13a5579b1ea
B,2026,27,261,gremio_novorizontino_saf,11,atl_1ceb4bddfa8e0ebd,302768,Titular,2011.0,2.0,0.0009744607221899338,0.07990578,atl_1ceb4bddfa8e0ebd
B,2026,27,261,gremio_novorizontino_saf,18,atl_1b93d2582891b2fb,465048,Titular,6243.0,6.0,0.0009560834752215519,0.07839884,atl_1b93d2582891b2fb
B,2026,27,261,gremio_novorizontino_saf,26,atl_a4d16e2ac1096425,541442,Titular,1036.0,1.0,0.000941973224882112,0.0772418,atl_a4d16e2ac1096425
B,2026,27,262,londrina_saf,23,atl_0f0a52a1c5d55fc2,301087,Titular,2410.0,5.0,0.0018717769324463657,0.15348571,atl_0f0a52a1c5d55fc2
B,2026,27,262,londrina_saf,44,atl_03c37a42036362e3,618296,Titular,360.0,1.0,0.001682407992347586,0.13795746,atl_03c37a42036362e3
B,2026,27,262,londrina_saf,15,atl_ad0be9a2181b5938,409030,Titular,2289.0,4.0,0.0015944320091139923,0.13074342,atl_ad0be9a2181b5938
B,2026,27,262,sao_bernardo_saf,97,atl_6afde0c1e7bf09e2,339225,Titular,4327.0,5.0,0.0011284174173231665,0.09253023,atl_6afde0c1e7bf09e2
B,2026,27,262,sao_bernardo_saf,8,atl_6606a278ba0b003e,340535,Titular,1726.0,2.0,0.0010992232135754376,0.0901363,atl_6606a278ba0b003e
B,2026,27,263,america,88,atl_7bb46689dc99cda7,360443,Titular,1116.0,2.0,0.0015141527682047797,0.12416053,atl_7bb46689dc99cda7
B,2026,27,263,nautico,2,atl_474caf681d87f447,322785,Titular,3166.0,5.0,0.0014857803800924507,0.12183399,atl_474caf681d87f447
B,2026,27,263,nautico,19,atl_94bca7b72f0eed1a,646223,Titular,597.0,1.0,0.0013189342510655643,0.10815261,atl_94bca7b72f0eed1a
B,2026,27,263,america,20,atl_57c57f6188710a8f,545775,Titular,3322.0,4.0,0.0011634931641598442,0.09540644,atl_57c57f6188710a8f
B,2026,27,263,nautico,15,atl_0f4379f99a697bda,320581,Titular,846.0,1.0,0.0010749412135356048,0.08814518,atl_0f4379f99a697bda
B,2026,27,264,operario,14,atl_3b277f839ec70110,943431,Titular,1236.0,4.0,0.0025615615630293345,0.21004805,atl_3b277f839ec70110
B,2026,27,264,crb,22,atl_6903bb5e55a2f2c8,295548,Titular,1257.0,4.0,0.002530945289367629,0.20753751,atl_6903bb5e55a2f2c8
B,2026,27,264,operario,10,atl_5ecf50141655fa5a,373841,Titular,1780.0,4.0,0.0019503819620258441,0.15993132,atl_5ecf50141655fa5a
B,2026,27,264,crb,10,atl_fd0fc6ffc1669f02,308495,Titular,4263.0,6.0,0.0013535315711566082,0.11098959,atl_fd0fc6ffc1669f02
B,2026,27,264,operario,22,atl_3d4df1fd77a592d1,943436,Titular,1440.0,2.0,0.0012612736460922288,0.10342444,atl_3d4df1fd77a592d1
B,2026,27,265,avai,36,atl_d75e58d346952cb6,526646,Titular,1659.0,6.0,0.0029860448695780105,0.24485568,atl_d75e58d346952cb6
B,2026,27,265,fortaleza_saf,6,atl_8f22b3382cb3547b,837078,Titular,476.0,2.0,0.002507039829322668,0.20557727,atl_8f22b3382cb3547b
B,2026,27,265,avai,77,atl_dfee252ff684e249,358808,Titular,2254.0,6.0,0.0023409117187432552,0.19195476,atl_dfee252ff684e249
B,2026,27,265,avai,25,atl_1a439198ea9c14c6,657735,Titular,1120.0,2.0,0.0015104141193943974,0.12385396,atl_1a439198ea9c14c6
B,2026,27,265,avai,40,atl_ab5a52f54667d30d,352000,Titular,475.0,1.0,0.0014839701265835117,0.12168555,atl_ab5a52f54667d30d
B,2026,27,266,atletico_goianiense_saf,2,atl_e63422ca8c60f17a,581767,Titular,2430.0,5.0,0.001859000298095196,0.15243802,atl_e63422ca8c60f17a
B,2026,27,266,atletico_goianiense_saf,6,atl_46d993cc12727711,542286,Titular,2658.0,4.0,0.0014081288389546942,0.11546656,atl_46d993cc12727711
B,2026,27,266,ceara,31,atl_02d62a800c3c4502,424585,Titular,1370.0,2.0,0.001308487098084986,0.10729594,atl_02d62a800c3c4502
B,2026,27,266,ceara,18,atl_7ca7062a533a893e,606805,Titular,1810.0,2.0,0.0010592514603545125,0.08685862,atl_7ca7062a533a893e
B,2026,27,266,atletico_goianiense_saf,20,atl_0f3cd3f0527a13ad,190009,Titular,882.0,1.0,0.0010469398505202055,0.08584907,atl_0f3cd3f0527a13ad
B,2026,27,267,criciuma,77,atl_2628d4ab4be3dbb1,376405,Titular,596.0,2.0,0.002232546417353033,0.18306881,atl_2628d4ab4be3dbb1
B,2026,27,267,juventude,8,atl_3e7bcea86957ecc6,389361,Titular,1293.0,3.0,0.0019224042796536108,0.15763715,atl_3e7bcea86957ecc6
B,2026,27,267,juventude,97,atl_77f7e8661716656e,438425,Titular,921.0,2.0,0.0017219358715122618,0.14119874,atl_77f7e8661716656e
B,2026,27,267,juventude,44,atl_1643ff6385932f7d,539820,Titular,3497.0,5.0,0.0013627397731846196,0.11174466,atl_1643ff6385932f7d
B,2026,27,267,criciuma,4,atl_fcde76ac1f829e4d,292282,Titular,1522.0,2.0,0.00121012407191836,0.09923017,atl_fcde76ac1f829e4d
B,2026,27,268,ponte_preta,3,atl_31b597f6db177a48,351971,Titular,1705.0,5.0,0.002470236223772755,0.20255937,atl_31b597f6db177a48
B,2026,27,268,sport_recife,23,atl_243733f337379a15,372403,Titular,1838.0,3.0,0.001474281810700994,0.12089111,atl_243733f337379a15
B,2026,27,268,ponte_preta,14,atl_309adcb39818005d,313755,Titular,2039.0,3.0,0.0013575702534143065,0.11132076,atl_309adcb39818005d
B,2026,27,268,sport_recife,5,atl_6c042c86ff02625f,402719,Titular,1359.0,2.0,0.0013162296252925895,0.10793083,atl_6c042c86ff02625f
B,2026,27,268,ponte_preta,8,atl_0fd24f06513928ea,524492,Titular,2135.0,3.0,0.0013081103883942785,0.10726505,atl_0fd24f06513928ea
B,2026,27,269,cuiaba,20,atl_eb520254df7b4e69,771631,Titular,1185.0,4.0,0.002639092506480074,0.21640559,atl_eb520254df7b4e69
B,2026,27,269,athletic_saf,11,atl_f2d90fd58a0dc3a1,636772,Titular,1163.0,3.0,0.002072682425387206,0.16995996,atl_f2d90fd58a0dc3a1
B,2026,27,269,athletic_saf,3,atl_677e316026036bba,441948,Titular,1659.0,2.0,0.0011333352818058934,0.09293349,atl_677e316026036bba
B,2026,27,269,cuiaba,2,atl_dadb4d91e57b3746,382612,Titular,3820.0,4.0,0.001029368257735862,0.0844082,atl_dadb4d91e57b3746
B,2026,27,269,athletic_saf,4,atl_eb7c41b2f7ffa311,582823,Titular,1890.0,2.0,0.0010237953445267464,0.08395122,atl_eb7c41b2f7ffa311
B,2026,27,270,goias,14,atl_eaa92f43d6513457,540238,Titular,1662.0,4.0,0.0020568320413593545,0.16866023,atl_eaa92f43d6513457
B,2026,27,270,goias,35,atl_188e3f40b91bf930,730802,Titular,849.0,2.0,0.0018138405288502032,0.14873492,atl_188e3f40b91bf930
B,2026,27,270,vila_nova,11,atl_f599554e9518fbd3,618785,Titular,1046.0,2.0,0.0015827107848764062,0.12978228,atl_f599554e9518fbd3
B,2026,27,270,goias,5,atl_81e066a83aaadb08,383537,Titular,3623.0,6.0,0.001563635913999254,0.12821814,atl_81e066a83aaadb08
B,2026,27,270,goias,25,atl_772341e7ae219de5,548978,Titular,1145.0,2.0,0.0014874594975191027,0.12197168,atl_772341e7ae219de5
B,2026,28,271,botafogo,20,atl_e3eb6a1d0c3a879c,714856,Titular,419.0,2.0,0.002662618611845547,0.21833473,atl_e3eb6a1d0c3a879c
B,2026,28,271,goias,14,atl_eaa92f43d6513457,540238,Titular,1752.0,5.0,0.002418715143999138,0.19833464,atl_eaa92f43d6513457
B,2026,28,271,goias,25,atl_772341e7ae219de5,548978,Titular,1235.0,3.0,0.001986712682585624,0.16291044,atl_772341e7ae219de5
B,2026,28,271,goias,3,atl_9cc3cc9282d1d56e,354299,Titular,3106.0,6.0,0.0017878387421758342,0.14660278,atl_9cc3cc9282d1d56e
B,2026,28,271,goias,35,atl_188e3f40b91bf930,730802,Titular,926.0,2.0,0.0017159512652777404,0.140708,atl_188e3f40b91bf930
B,2026,28,272,cuiaba,20,atl_eb520254df7b4e69,771631,Titular,1244.0,4.0,0.002549854646953015,0.20908808,atl_eb520254df7b4e69
B,2026,28,272,cuiaba,2,atl_dadb4d91e57b3746,382612,Titular,3905.0,4.0,0.0010095224754338382,0.08278084,atl_dadb4d91e57b3746
B,2026,28,272,gremio_novorizontino_saf,18,atl_1b93d2582891b2fb,465048,Titular,6304.0,6.0,0.000947523001805711,0.07769689,atl_1b93d2582891b2fb
B,2026,28,272,gremio_novorizontino_saf,11,atl_1ceb4bddfa8e0ebd,302768,Titular,2098.0,2.0,0.0009418577768614541,0.07723234,atl_1ceb4bddfa8e0ebd
B,2026,28,272,gremio_novorizontino_saf,26,atl_a4d16e2ac1096425,541442,Titular,1119.0,1.0,0.0008937285387807645,0.07328574,atl_a4d16e2ac1096425
B,2026,28,273,sao_bernardo_saf,14,atl_3de67f7ef2964f19,583991,Titular,3501.0,6.0,0.0016113337926233586,0.13212937,atl_3de67f7ef2964f19
B,2026,28,273,america,88,atl_7bb46689dc99cda7,360443,Titular,1204.0,2.0,0.0014360014696514424,0.11775212,atl_7bb46689dc99cda7
B,2026,28,273,sao_bernardo_saf,35,atl_228646934bd2ab37,335312,Titular,1550.0,2.0,0.00119363244111515,0.09787786,atl_228646934bd2ab37
B,2026,28,273,america,20,atl_57c57f6188710a8f,545775,Titular,3412.0,4.0,0.0011367450164330413,0.09321309,atl_57c57f6188710a8f
B,2026,28,273,sao_bernardo_saf,97,atl_6afde0c1e7bf09e2,339225,Titular,4417.0,5.0,0.0011077784226735932,0.09083783,atl_6afde0c1e7bf09e2
B,2026,28,274,ponte_preta,3,atl_31b597f6db177a48,351971,Titular,1795.0,6.0,0.002809127017118108,0.23034842,atl_31b597f6db177a48
B,2026,28,274,ponte_preta,23,atl_ff44aeb1b94f6ce0,882719,Titular,977.0,3.0,0.0023337484795437086,0.19136738,atl_ff44aeb1b94f6ce0
B,2026,28,274,londrina_saf,5,atl_c3d08438b8bd3ddc,294486,Titular,3118.0,6.0,0.0017819089287689491,0.14611653,atl_c3d08438b8bd3ddc
B,2026,28,274,londrina_saf,44,atl_03c37a42036362e3,618296,Titular,428.0,1.0,0.001559209595135838,0.12785519,atl_03c37a42036362e3
B,2026,28,274,ponte_preta,14,atl_309adcb39818005d,313755,Titular,2121.0,3.0,0.001315126480078618,0.10784037,atl_309adcb39818005d
B,2026,28,275,fortaleza_saf,6,atl_8f22b3382cb3547b,837078,Titular,566.0,2.0,0.0022954470021445197,0.18822665,atl_8f22b3382cb3547b
B,2026,28,275,fortaleza_saf,32,atl_14e3b735d8a2696d,451607,Titular,4235.0,8.0,0.0017839380156887132,0.14628292,atl_14e3b735d8a2696d
B,2026,28,275,fortaleza_saf,5,atl_ebc3cdd5853feb0c,548055,Titular,1604.0,3.0,0.0016382825590713203,0.13433917,atl_ebc3cdd5853feb0c
B,2026,28,275,ceara,11,atl_ab781df30eb7308d,926305,Titular,618.0,1.0,0.0012942276424741123,0.10612667,atl_ab781df30eb7308d
B,2026,28,275,ceara,18,atl_7ca7062a533a893e,606805,Titular,1900.0,2.0,0.0010195610434525241,0.08360401,atl_7ca7062a533a893e
B,2026,28,276,criciuma,77,atl_2628d4ab4be3dbb1,376405,Titular,686.0,2.0,0.0020631926680320894,0.1691818,atl_2628d4ab4be3dbb1
B,2026,28,276,atletico_goianiense_saf,5,atl_9b25372db780c18d,315023,Titular,3962.0,8.0,0.0018930852766217072,0.15523299,atl_9b25372db780c18d
B,2026,28,276,atletico_goianiense_saf,2,atl_e63422ca8c60f17a,581767,Titular,2520.0,5.0,0.0018036246702933967,0.14789722,atl_e63422ca8c60f17a
B,2026,28,276,atletico_goianiense_saf,9,atl_d19dd8329860275e,436949,Titular,4807.0,7.0,0.001403230922232157,0.11506494,atl_d19dd8329860275e
B,2026,28,276,atletico_goianiense_saf,6,atl_46d993cc12727711,542286,Titular,2748.0,4.0,0.001369133775950141,0.11226897,atl_46d993cc12727711
B,2026,28,277,avai,36,atl_d75e58d346952cb6,526646,Titular,1749.0,6.0,0.0028665835946136316,0.23505985,atl_d75e58d346952cb6
B,2026,28,277,avai,77,atl_dfee252ff684e249,358808,Titular,2328.0,6.0,0.002279684053849384,0.18693409,atl_dfee252ff684e249
B,2026,28,277,vila_nova,4,atl_0608f46e64f2b066,652912,Titular,1010.0,2.0,0.001620494373699376,0.13288054,atl_0608f46e64f2b066
B,2026,28,277,avai,14,atl_74063360e855946f,437504,Titular,1096.0,2.0,0.001533174501432367,0.12572031,atl_74063360e855946f
B,2026,28,277,avai,25,atl_1a439198ea9c14c6,657735,Titular,1210.0,2.0,0.0014309628680035426,0.11733896,atl_1a439198ea9c14c6
B,2026,28,278,operario,5,atl_4634da8634cd899d,338081,Titular,702.0,2.0,0.002035729204896887,0.16692979,atl_4634da8634cd899d
B,2026,28,278,operario,10,atl_5ecf50141655fa5a,373841,Titular,1870.0,4.0,0.0018763487359856783,0.1538606,atl_5ecf50141655fa5a
B,2026,28,278,operario,77,atl_763bc6bee2e02bbf,427774,Titular,902.0,2.0,0.0017453256093338501,0.1431167,atl_763bc6bee2e02bbf
B,2026,28,278,nautico,24,atl_d72184aa5d195a9f,836673,Titular,542.0,1.0,0.0013886242843436254,0.11386719,atl_d72184aa5d195a9f
B,2026,28,278,nautico,19,atl_94bca7b72f0eed1a,646223,Titular,687.0,1.0,0.0012189945276209417,0.09995755,atl_94bca7b72f0eed1a
B,2026,28,279,crb,22,atl_6903bb5e55a2f2c8,295548,Titular,1347.0,4.0,0.002407659179364406,0.19742805,atl_6903bb5e55a2f2c8
B,2026,28,279,sport_recife,23,atl_243733f337379a15,372403,Titular,1900.0,3.0,0.0014362277101191909,0.11777067,atl_243733f337379a15
B,2026,28,279,crb,10,atl_fd0fc6ffc1669f02,308495,Titular,4277.0,6.0,0.0013495805954126141,0.11066561,atl_fd0fc6ffc1669f02
B,2026,28,279,sport_recife,5,atl_6c042c86ff02625f,402719,Titular,1449.0,2.0,0.0012554882012755556,0.10295003,atl_6c042c86ff02625f
B,2026,28,279,sport_recife,30,atl_ca2338a246799190,546794,Titular,4039.0,4.0,0.0009797194325371354,0.08033699,atl_ca2338a246799190
B,2026,28,280,athletic_saf,11,atl_f2d90fd58a0dc3a1,636772,Titular,1231.0,3.0,0.001991303584220715,0.16328689,atl_f2d90fd58a0dc3a1
B,2026,28,280,juventude,97,atl_77f7e8661716656e,438425,Titular,1011.0,2.0,0.001619421908859072,0.1327926,atl_77f7e8661716656e
B,2026,28,280,juventude,44,atl_1643ff6385932f7d,539820,Titular,3587.0,6.0,0.0015774275762872663,0.12934906,atl_1643ff6385932f7d
B,2026,28,280,athletic_saf,6,atl_ed97db77e8189432,528636,Titular,595.0,1.0,0.0013214123326813312,0.10835581,atl_ed97db77e8189432
B,2026,28,280,athletic_saf,3,atl_677e316026036bba,441948,Titular,1749.0,2.0,0.00108801534205694,0.08921726,atl_677e316026036bba
